{"event":"version","sid":"20261006T113531.419940Z-Ha9d4ceab-P0000926d","thread":"main","time":"2026-10-06T11:35:31.420630Z","file":"common-init.c","line":57,"evt":"4","exe":"2.50.1 (Apple Git-155)"}
{"event":"start","sid":"20261006T113531.419940Z-Ha9d4ceab-P0000926d","thread":"main","time":"2026-10-06T11:35:31.420713Z","file":"common-init.c","line":58,"t_abs":0.001114,"argv":["/Library/Developer/CommandLineTools/usr/bin/git","-C","/var/folders/f1/2xjyyqkn5plc19fx4nt4tpt00000gn/T/flow-dashboard-fanout-research-99GFF9/repo-0","rev-parse","--show-toplevel"]}
{"event":"cmd_name","sid":"20261006T113531.419940Z-Ha9d4ceab-P0000926d","thread":"main","time":"2026-10-06T11:35:31.420919Z","file":"git.c","line":477,"name":"rev-parse","hierarchy":"rev-parse"}
{"event":"version","sid":"20261006T113531.419401Z-Ha9d4ceab-P00009272","thread":"main","time":"2026-10-06T11:35:31.421065Z","file":"common-init.c","line":57,"evt":"4","exe":"2.50.1 (Apple Git-155)"}
{"event":"start","sid":"20261006T113531.419401Z-Ha9d4ceab-P00009272","thread":"main","time":"2026-10-06T11:35:31.421091Z","file":"common-init.c","line":58,"t_abs":0.002185,"argv":["/Library/Developer/CommandLineTools/usr/bin/git","-C","/var/folders/f1/2xjyyqkn5plc19fx4nt4tpt00000gn/T/flow-dashboard-fanout-research-99GFF9/repo-0","branch","--show-current"]}
{"event":"def_repo","sid":"20261006T113531.419401Z-Ha9d4ceab-P00009272","thread":"main","time":"2026-10-06T11:35:31.421339Z","file":"repository.c","line":241,"repo":1,"worktree":"/private/var/folders/f1/2xjyyqkn5plc19fx4nt4tpt00000gn/T/flow-dashboard-fanout-research-99GFF9/repo-0"}
{"event":"version","sid":"20261006T113531.419452Z-Ha9d4ceab-P00009277","thread":"main","time":"2026-10-06T11:35:31.421339Z","file":"common-init.c","line":57,"evt":"4","exe":"2.50.1 (Apple Git-155)"}
{"event":"cmd_name","sid":"20261006T113531.419401Z-Ha9d4ceab-P00009272","thread":"main","time":"2026-10-06T11:35:31.421381Z","file":"git.c","line":477,"name":"branch","hierarchy":"branch"}
{"event":"start","sid":"20261006T113531.419452Z-Ha9d4ceab-P00009277","thread":"main","time":"2026-10-06T11:35:31.421380Z","file":"common-init.c","line":58,"t_abs":0.002286,"argv":["/Library/Developer/CommandLineTools/usr/bin/git","-C","/var/folders/f1/2xjyyqkn5plc19fx4nt4tpt00000gn/T/flow-dashboard-fanout-research-99GFF9/repo-0","rev-parse","HEAD"]}
{"event":"def_repo","sid":"20261006T113531.419940Z-Ha9d4ceab-P0000926d","thread":"main","time":"2026-10-06T11:35:31.421598Z","file":"repository.c","line":241,"repo":1,"worktree":"/private/var/folders/f1/2xjyyqkn5plc19fx4nt4tpt00000gn/T/flow-dashboard-fanout-research-99GFF9/repo-0"}
{"event":"cmd_name","sid":"20261006T113531.419452Z-Ha9d4ceab-P00009277","thread":"main","time":"2026-10-06T11:35:31.421603Z","file":"git.c","line":477,"name":"rev-parse","hierarchy":"rev-parse"}
{"event":"exit","sid":"20261006T113531.419401Z-Ha9d4ceab-P00009272","thread":"main","time":"2026-10-06T11:35:31.421910Z","file":"git.c","line":747,"t_abs":0.003004,"code":0}
{"event":"atexit","sid":"20261006T113531.419401Z-Ha9d4ceab-P00009272","thread":"main","time":"2026-10-06T11:35:31.421922Z","file":"trace2/tr2_tgt_event.c","line":207,"t_abs":0.003016,"code":0}
{"event":"exit","sid":"20261006T113531.419940Z-Ha9d4ceab-P0000926d","thread":"main","time":"2026-10-06T11:35:31.422030Z","file":"git.c","line":747,"t_abs":0.002432,"code":0}
{"event":"atexit","sid":"20261006T113531.419940Z-Ha9d4ceab-P0000926d","thread":"main","time":"2026-10-06T11:35:31.422050Z","file":"trace2/tr2_tgt_event.c","line":207,"t_abs":0.002452,"code":0}
{"event":"def_repo","sid":"20261006T113531.419452Z-Ha9d4ceab-P00009277","thread":"main","time":"2026-10-06T11:35:31.422128Z","file":"repository.c","line":241,"repo":1,"worktree":"/private/var/folders/f1/2xjyyqkn5plc19fx4nt4tpt00000gn/T/flow-dashboard-fanout-research-99GFF9/repo-0"}
{"event":"exit","sid":"20261006T113531.419452Z-Ha9d4ceab-P00009277","thread":"main","time":"2026-10-06T11:35:31.422387Z","file":"git.c","line":747,"t_abs":0.003294,"code":0}
{"event":"atexit","sid":"20261006T113531.419452Z-Ha9d4ceab-P00009277","thread":"main","time":"2026-10-06T11:35:31.422400Z","file":"trace2/tr2_tgt_event.c","line":207,"t_abs":0.003307,"code":0}
{"event":"version","sid":"20261006T113531.423554Z-Ha9d4ceab-P00009281","thread":"main","time":"2026-10-06T11:35:31.426557Z","file":"common-init.c","line":57,"evt":"4","exe":"2.50.1 (Apple Git-155)"}
{"event":"start","sid":"20261006T113531.423554Z-Ha9d4ceab-P00009281","thread":"main","time":"2026-10-06T11:35:31.426585Z","file":"common-init.c","line":58,"t_abs":0.003403,"argv":["/Library/Developer/CommandLineTools/usr/bin/git","-C","/var/folders/f1/2xjyyqkn5plc19fx4nt4tpt00000gn/T/flow-dashboard-fanout-research-99GFF9/repo-1","rev-parse","--show-toplevel"]}
{"event":"cmd_name","sid":"20261006T113531.423554Z-Ha9d4ceab-P00009281","thread":"main","time":"2026-10-06T11:35:31.426681Z","file":"git.c","line":477,"name":"rev-parse","hierarchy":"rev-parse"}
{"event":"def_repo","sid":"20261006T113531.423554Z-Ha9d4ceab-P00009281","thread":"main","time":"2026-10-06T11:35:31.426878Z","file":"repository.c","line":241,"repo":1,"worktree":"/private/var/folders/f1/2xjyyqkn5plc19fx4nt4tpt00000gn/T/flow-dashboard-fanout-research-99GFF9/repo-1"}
{"event":"exit","sid":"20261006T113531.423554Z-Ha9d4ceab-P00009281","thread":"main","time":"2026-10-06T11:35:31.427131Z","file":"git.c","line":747,"t_abs":0.003949,"code":0}
{"event":"atexit","sid":"20261006T113531.423554Z-Ha9d4ceab-P00009281","thread":"main","time":"2026-10-06T11:35:31.427139Z","file":"trace2/tr2_tgt_event.c","line":207,"t_abs":0.003957,"code":0}
{"event":"version","sid":"20261006T113531.426807Z-Ha9d4ceab-P00009290","thread":"main","time":"2026-10-06T11:35:31.427895Z","file":"common-init.c","line":57,"evt":"4","exe":"2.50.1 (Apple Git-155)"}
{"event":"start","sid":"20261006T113531.426807Z-Ha9d4ceab-P00009290","thread":"main","time":"2026-10-06T11:35:31.427914Z","file":"common-init.c","line":58,"t_abs":0.001974,"argv":["/Library/Developer/CommandLineTools/usr/bin/git","-C","/var/folders/f1/2xjyyqkn5plc19fx4nt4tpt00000gn/T/flow-dashboard-fanout-research-99GFF9/repo-1","status","--porcelain","--untracked-files=normal"]}
{"event":"version","sid":"20261006T113531.426348Z-Ha9d4ceab-P0000927c","thread":"main","time":"2026-10-06T11:35:31.428062Z","file":"common-init.c","line":57,"evt":"4","exe":"2.50.1 (Apple Git-155)"}
{"event":"start","sid":"20261006T113531.426348Z-Ha9d4ceab-P0000927c","thread":"main","time":"2026-10-06T11:35:31.428084Z","file":"common-init.c","line":58,"t_abs":0.002231,"argv":["/Library/Developer/CommandLineTools/usr/bin/git","-C","/var/folders/f1/2xjyyqkn5plc19fx4nt4tpt00000gn/T/flow-dashboard-fanout-research-99GFF9/repo-0","status","--porcelain","--untracked-files=normal"]}
{"event":"def_repo","sid":"20261006T113531.426807Z-Ha9d4ceab-P00009290","thread":"main","time":"2026-10-06T11:35:31.428092Z","file":"repository.c","line":241,"repo":1,"worktree":"/private/var/folders/f1/2xjyyqkn5plc19fx4nt4tpt00000gn/T/flow-dashboard-fanout-research-99GFF9/repo-1"}
{"event":"version","sid":"20261006T113531.426358Z-Ha9d4ceab-P00009286","thread":"main","time":"2026-10-06T11:35:31.428105Z","file":"common-init.c","line":57,"evt":"4","exe":"2.50.1 (Apple Git-155)"}
{"event":"start","sid":"20261006T113531.426358Z-Ha9d4ceab-P00009286","thread":"main","time":"2026-10-06T11:35:31.428119Z","file":"common-init.c","line":58,"t_abs":0.002245,"argv":["/Library/Developer/CommandLineTools/usr/bin/git","-C","/var/folders/f1/2xjyyqkn5plc19fx4nt4tpt00000gn/T/flow-dashboard-fanout-research-99GFF9/repo-1","branch","--show-current"]}
{"event":"def_repo","sid":"20261006T113531.426358Z-Ha9d4ceab-P00009286","thread":"main","time":"2026-10-06T11:35:31.428391Z","file":"repository.c","line":241,"repo":1,"worktree":"/private/var/folders/f1/2xjyyqkn5plc19fx4nt4tpt00000gn/T/flow-dashboard-fanout-research-99GFF9/repo-1"}
{"event":"cmd_name","sid":"20261006T113531.426807Z-Ha9d4ceab-P00009290","thread":"main","time":"2026-10-06T11:35:31.428400Z","file":"git.c","line":477,"name":"status","hierarchy":"status"}
{"event":"cmd_name","sid":"20261006T113531.426358Z-Ha9d4ceab-P00009286","thread":"main","time":"2026-10-06T11:35:31.428435Z","file":"git.c","line":477,"name":"branch","hierarchy":"branch"}
{"event":"def_repo","sid":"20261006T113531.426348Z-Ha9d4ceab-P0000927c","thread":"main","time":"2026-10-06T11:35:31.428453Z","file":"repository.c","line":241,"repo":1,"worktree":"/private/var/folders/f1/2xjyyqkn5plc19fx4nt4tpt00000gn/T/flow-dashboard-fanout-research-99GFF9/repo-0"}
{"event":"version","sid":"20261006T113531.427281Z-Ha9d4ceab-P0000928b","thread":"main","time":"2026-10-06T11:35:31.429013Z","file":"common-init.c","line":57,"evt":"4","exe":"2.50.1 (Apple Git-155)"}
{"event":"start","sid":"20261006T113531.427281Z-Ha9d4ceab-P0000928b","thread":"main","time":"2026-10-06T11:35:31.429060Z","file":"common-init.c","line":58,"t_abs":0.002096,"argv":["/Library/Developer/CommandLineTools/usr/bin/git","-C","/var/folders/f1/2xjyyqkn5plc19fx4nt4tpt00000gn/T/flow-dashboard-fanout-research-99GFF9/repo-1","rev-parse","HEAD"]}
{"event":"cmd_name","sid":"20261006T113531.426348Z-Ha9d4ceab-P0000927c","thread":"main","time":"2026-10-06T11:35:31.429103Z","file":"git.c","line":477,"name":"status","hierarchy":"status"}
{"event":"exit","sid":"20261006T113531.426358Z-Ha9d4ceab-P00009286","thread":"main","time":"2026-10-06T11:35:31.429308Z","file":"git.c","line":747,"t_abs":0.003434,"code":0}
{"event":"region_enter","sid":"20261006T113531.426807Z-Ha9d4ceab-P00009290","thread":"main","time":"2026-10-06T11:35:31.429309Z","file":"read-cache.c","line":2357,"repo":1,"nesting":1,"category":"index","label":"do_read_index","msg":".git/index"}
{"event":"atexit","sid":"20261006T113531.426358Z-Ha9d4ceab-P00009286","thread":"main","time":"2026-10-06T11:35:31.429327Z","file":"trace2/tr2_tgt_event.c","line":207,"t_abs":0.003453,"code":0}
{"event":"cmd_name","sid":"20261006T113531.427281Z-Ha9d4ceab-P0000928b","thread":"main","time":"2026-10-06T11:35:31.429405Z","file":"git.c","line":477,"name":"rev-parse","hierarchy":"rev-parse"}
{"event":"region_enter","sid":"20261006T113531.426807Z-Ha9d4ceab-P00009290","thread":"main","time":"2026-10-06T11:35:31.429456Z","file":"cache-tree.c","line":643,"repo":1,"nesting":2,"category":"cache_tree","label":"read"}
{"event":"region_leave","sid":"20261006T113531.426807Z-Ha9d4ceab-P00009290","thread":"main","time":"2026-10-06T11:35:31.429473Z","file":"cache-tree.c","line":645,"repo":1,"t_rel":0.000017,"nesting":2,"category":"cache_tree","label":"read"}
{"event":"data","sid":"20261006T113531.426807Z-Ha9d4ceab-P00009290","thread":"main","time":"2026-10-06T11:35:31.429494Z","file":"read-cache.c","line":2306,"repo":1,"t_abs":0.003552,"t_rel":0.000186,"nesting":2,"category":"index","key":"read/version","value":"2"}
{"event":"data","sid":"20261006T113531.426807Z-Ha9d4ceab-P00009290","thread":"main","time":"2026-10-06T11:35:31.429521Z","file":"read-cache.c","line":2308,"repo":1,"t_abs":0.003580,"t_rel":0.000214,"nesting":2,"category":"index","key":"read/cache_nr","value":"1"}
{"event":"region_enter","sid":"20261006T113531.426348Z-Ha9d4ceab-P0000927c","thread":"main","time":"2026-10-06T11:35:31.429532Z","file":"read-cache.c","line":2357,"repo":1,"nesting":1,"category":"index","label":"do_read_index","msg":".git/index"}
{"event":"region_leave","sid":"20261006T113531.426807Z-Ha9d4ceab-P00009290","thread":"main","time":"2026-10-06T11:35:31.429533Z","file":"read-cache.c","line":2362,"repo":1,"t_rel":0.000226,"nesting":1,"category":"index","label":"do_read_index","msg":".git/index"}
{"event":"region_enter","sid":"20261006T113531.426807Z-Ha9d4ceab-P00009290","thread":"main","time":"2026-10-06T11:35:31.429564Z","file":"read-cache.c","line":1513,"nesting":1,"category":"index","label":"refresh"}
{"event":"region_enter","sid":"20261006T113531.426348Z-Ha9d4ceab-P0000927c","thread":"main","time":"2026-10-06T11:35:31.429588Z","file":"cache-tree.c","line":643,"repo":1,"nesting":2,"category":"cache_tree","label":"read"}
{"event":"region_leave","sid":"20261006T113531.426348Z-Ha9d4ceab-P0000927c","thread":"main","time":"2026-10-06T11:35:31.429601Z","file":"cache-tree.c","line":645,"repo":1,"t_rel":0.000014,"nesting":2,"category":"cache_tree","label":"read"}
{"event":"data","sid":"20261006T113531.426348Z-Ha9d4ceab-P0000927c","thread":"main","time":"2026-10-06T11:35:31.429613Z","file":"read-cache.c","line":2306,"repo":1,"t_abs":0.003761,"t_rel":0.000082,"nesting":2,"category":"index","key":"read/version","value":"2"}
{"event":"data","sid":"20261006T113531.426348Z-Ha9d4ceab-P0000927c","thread":"main","time":"2026-10-06T11:35:31.429648Z","file":"read-cache.c","line":2308,"repo":1,"t_abs":0.003796,"t_rel":0.000117,"nesting":2,"category":"index","key":"read/cache_nr","value":"1"}
{"event":"region_leave","sid":"20261006T113531.426348Z-Ha9d4ceab-P0000927c","thread":"main","time":"2026-10-06T11:35:31.429659Z","file":"read-cache.c","line":2362,"repo":1,"t_rel":0.000128,"nesting":1,"category":"index","label":"do_read_index","msg":".git/index"}
{"event":"region_enter","sid":"20261006T113531.426348Z-Ha9d4ceab-P0000927c","thread":"main","time":"2026-10-06T11:35:31.429672Z","file":"read-cache.c","line":1513,"nesting":1,"category":"index","label":"refresh"}
{"event":"data","sid":"20261006T113531.426807Z-Ha9d4ceab-P00009290","thread":"main","time":"2026-10-06T11:35:31.429725Z","file":"read-cache.c","line":1595,"t_abs":0.003784,"t_rel":0.000161,"nesting":2,"category":"index","key":"refresh/sum_lstat","value":"1"}
{"event":"data","sid":"20261006T113531.426807Z-Ha9d4ceab-P00009290","thread":"main","time":"2026-10-06T11:35:31.429740Z","file":"read-cache.c","line":1596,"t_abs":0.003799,"t_rel":0.000176,"nesting":2,"category":"index","key":"refresh/sum_scan","value":"0"}
{"event":"region_leave","sid":"20261006T113531.426807Z-Ha9d4ceab-P00009290","thread":"main","time":"2026-10-06T11:35:31.429748Z","file":"read-cache.c","line":1597,"t_rel":0.000183,"nesting":1,"category":"index","label":"refresh"}
{"event":"data","sid":"20261006T113531.426348Z-Ha9d4ceab-P0000927c","thread":"main","time":"2026-10-06T11:35:31.429778Z","file":"read-cache.c","line":1595,"t_abs":0.003926,"t_rel":0.000107,"nesting":2,"category":"index","key":"refresh/sum_lstat","value":"1"}
{"event":"data","sid":"20261006T113531.426348Z-Ha9d4ceab-P0000927c","thread":"main","time":"2026-10-06T11:35:31.429792Z","file":"read-cache.c","line":1596,"t_abs":0.003938,"t_rel":0.000119,"nesting":2,"category":"index","key":"refresh/sum_scan","value":"0"}
{"event":"region_leave","sid":"20261006T113531.426348Z-Ha9d4ceab-P0000927c","thread":"main","time":"2026-10-06T11:35:31.429798Z","file":"read-cache.c","line":1597,"t_rel":0.000127,"nesting":1,"category":"index","label":"refresh"}
{"event":"def_repo","sid":"20261006T113531.427281Z-Ha9d4ceab-P0000928b","thread":"main","time":"2026-10-06T11:35:31.429893Z","file":"repository.c","line":241,"repo":1,"worktree":"/private/var/folders/f1/2xjyyqkn5plc19fx4nt4tpt00000gn/T/flow-dashboard-fanout-research-99GFF9/repo-1"}
{"event":"region_enter","sid":"20261006T113531.426807Z-Ha9d4ceab-P00009290","thread":"main","time":"2026-10-06T11:35:31.429908Z","file":"wt-status.c","line":841,"repo":1,"nesting":1,"category":"status","label":"worktrees"}
{"event":"region_enter","sid":"20261006T113531.426807Z-Ha9d4ceab-P00009290","thread":"main","time":"2026-10-06T11:35:31.429933Z","file":"diffcore-rename.c","line":1407,"repo":1,"nesting":2,"category":"diff","label":"setup"}
{"event":"region_enter","sid":"20261006T113531.426348Z-Ha9d4ceab-P0000927c","thread":"main","time":"2026-10-06T11:35:31.429940Z","file":"wt-status.c","line":841,"repo":1,"nesting":1,"category":"status","label":"worktrees"}
{"event":"region_leave","sid":"20261006T113531.426807Z-Ha9d4ceab-P00009290","thread":"main","time":"2026-10-06T11:35:31.429940Z","file":"diffcore-rename.c","line":1460,"repo":1,"t_rel":0.000008,"nesting":2,"category":"diff","label":"setup"}
{"event":"region_enter","sid":"20261006T113531.426807Z-Ha9d4ceab-P00009290","thread":"main","time":"2026-10-06T11:35:31.429958Z","file":"diffcore-rename.c","line":1640,"repo":1,"nesting":2,"category":"diff","label":"write back to queue"}
{"event":"region_leave","sid":"20261006T113531.426807Z-Ha9d4ceab-P00009290","thread":"main","time":"2026-10-06T11:35:31.429963Z","file":"diffcore-rename.c","line":1717,"repo":1,"t_rel":0.000005,"nesting":2,"category":"diff","label":"write back to queue"}
{"event":"version","sid":"20261006T113531.428835Z-Ha9d4ceab-P00009295","thread":"main","time":"2026-10-06T11:35:31.429975Z","file":"common-init.c","line":57,"evt":"4","exe":"2.50.1 (Apple Git-155)"}
{"event":"region_enter","sid":"20261006T113531.426348Z-Ha9d4ceab-P0000927c","thread":"main","time":"2026-10-06T11:35:31.429970Z","file":"diffcore-rename.c","line":1407,"repo":1,"nesting":2,"category":"diff","label":"setup"}
{"event":"region_leave","sid":"20261006T113531.426807Z-Ha9d4ceab-P00009290","thread":"main","time":"2026-10-06T11:35:31.429994Z","file":"wt-status.c","line":843,"repo":1,"t_rel":0.000087,"nesting":1,"category":"status","label":"worktrees"}
{"event":"region_enter","sid":"20261006T113531.426807Z-Ha9d4ceab-P00009290","thread":"main","time":"2026-10-06T11:35:31.430004Z","file":"wt-status.c","line":850,"repo":1,"nesting":1,"category":"status","label":"index"}
{"event":"region_leave","sid":"20261006T113531.426348Z-Ha9d4ceab-P0000927c","thread":"main","time":"2026-10-06T11:35:31.430003Z","file":"diffcore-rename.c","line":1460,"repo":1,"t_rel":0.000033,"nesting":2,"category":"diff","label":"setup"}
{"event":"region_enter","sid":"20261006T113531.426348Z-Ha9d4ceab-P0000927c","thread":"main","time":"2026-10-06T11:35:31.430016Z","file":"diffcore-rename.c","line":1640,"repo":1,"nesting":2,"category":"diff","label":"write back to queue"}
{"event":"region_leave","sid":"20261006T113531.426348Z-Ha9d4ceab-P0000927c","thread":"main","time":"2026-10-06T11:35:31.430022Z","file":"diffcore-rename.c","line":1717,"repo":1,"t_rel":0.000006,"nesting":2,"category":"diff","label":"write back to queue"}
{"event":"region_leave","sid":"20261006T113531.426348Z-Ha9d4ceab-P0000927c","thread":"main","time":"2026-10-06T11:35:31.430030Z","file":"wt-status.c","line":843,"repo":1,"t_rel":0.000091,"nesting":1,"category":"status","label":"worktrees"}
{"event":"start","sid":"20261006T113531.428835Z-Ha9d4ceab-P00009295","thread":"main","time":"2026-10-06T11:35:31.430052Z","file":"common-init.c","line":58,"t_abs":0.001823,"argv":["/Library/Developer/CommandLineTools/usr/bin/git","-C","/var/folders/f1/2xjyyqkn5plc19fx4nt4tpt00000gn/T/flow-dashboard-fanout-research-99GFF9/repo-2","rev-parse","--show-toplevel"]}
{"event":"cmd_name","sid":"20261006T113531.428835Z-Ha9d4ceab-P00009295","thread":"main","time":"2026-10-06T11:35:31.430113Z","file":"git.c","line":477,"name":"rev-parse","hierarchy":"rev-parse"}
{"event":"exit","sid":"20261006T113531.427281Z-Ha9d4ceab-P0000928b","thread":"main","time":"2026-10-06T11:35:31.430224Z","file":"git.c","line":747,"t_abs":0.003260,"code":0}
{"event":"atexit","sid":"20261006T113531.427281Z-Ha9d4ceab-P0000928b","thread":"main","time":"2026-10-06T11:35:31.430235Z","file":"trace2/tr2_tgt_event.c","line":207,"t_abs":0.003271,"code":0}
{"event":"def_repo","sid":"20261006T113531.428835Z-Ha9d4ceab-P00009295","thread":"main","time":"2026-10-06T11:35:31.430235Z","file":"repository.c","line":241,"repo":1,"worktree":"/private/var/folders/f1/2xjyyqkn5plc19fx4nt4tpt00000gn/T/flow-dashboard-fanout-research-99GFF9/repo-2"}
{"event":"exit","sid":"20261006T113531.428835Z-Ha9d4ceab-P00009295","thread":"main","time":"2026-10-06T11:35:31.430423Z","file":"git.c","line":747,"t_abs":0.002196,"code":0}
{"event":"atexit","sid":"20261006T113531.428835Z-Ha9d4ceab-P00009295","thread":"main","time":"2026-10-06T11:35:31.430431Z","file":"trace2/tr2_tgt_event.c","line":207,"t_abs":0.002203,"code":0}
{"event":"region_enter","sid":"20261006T113531.426348Z-Ha9d4ceab-P0000927c","thread":"main","time":"2026-10-06T11:35:31.430780Z","file":"wt-status.c","line":850,"repo":1,"nesting":1,"category":"status","label":"index"}
{"event":"region_enter","sid":"20261006T113531.426807Z-Ha9d4ceab-P00009290","thread":"main","time":"2026-10-06T11:35:31.430882Z","file":"unpack-trees.c","line":1905,"repo":1,"nesting":2,"category":"unpack_trees","label":"unpack_trees"}
{"event":"region_leave","sid":"20261006T113531.426807Z-Ha9d4ceab-P00009290","thread":"main","time":"2026-10-06T11:35:31.431125Z","file":"unpack-trees.c","line":2108,"repo":1,"t_rel":0.000243,"nesting":2,"category":"unpack_trees","label":"unpack_trees"}
{"event":"region_enter","sid":"20261006T113531.426807Z-Ha9d4ceab-P00009290","thread":"main","time":"2026-10-06T11:35:31.431156Z","file":"diffcore-rename.c","line":1407,"repo":1,"nesting":2,"category":"diff","label":"setup"}
{"event":"region_leave","sid":"20261006T113531.426807Z-Ha9d4ceab-P00009290","thread":"main","time":"2026-10-06T11:35:31.431163Z","file":"diffcore-rename.c","line":1460,"repo":1,"t_rel":0.000005,"nesting":2,"category":"diff","label":"setup"}
{"event":"region_enter","sid":"20261006T113531.426807Z-Ha9d4ceab-P00009290","thread":"main","time":"2026-10-06T11:35:31.431171Z","file":"diffcore-rename.c","line":1640,"repo":1,"nesting":2,"category":"diff","label":"write back to queue"}
{"event":"region_leave","sid":"20261006T113531.426807Z-Ha9d4ceab-P00009290","thread":"main","time":"2026-10-06T11:35:31.431178Z","file":"diffcore-rename.c","line":1717,"repo":1,"t_rel":0.000008,"nesting":2,"category":"diff","label":"write back to queue"}
{"event":"region_leave","sid":"20261006T113531.426807Z-Ha9d4ceab-P00009290","thread":"main","time":"2026-10-06T11:35:31.431184Z","file":"wt-status.c","line":852,"repo":1,"t_rel":0.001181,"nesting":1,"category":"status","label":"index"}
{"event":"region_enter","sid":"20261006T113531.426807Z-Ha9d4ceab-P00009290","thread":"main","time":"2026-10-06T11:35:31.431188Z","file":"wt-status.c","line":855,"repo":1,"nesting":1,"category":"status","label":"untracked"}
{"event":"version","sid":"20261006T113531.429314Z-Ha9d4ceab-P0000929a","thread":"main","time":"2026-10-06T11:35:31.431227Z","file":"common-init.c","line":57,"evt":"4","exe":"2.50.1 (Apple Git-155)"}
{"event":"start","sid":"20261006T113531.429314Z-Ha9d4ceab-P0000929a","thread":"main","time":"2026-10-06T11:35:31.431237Z","file":"common-init.c","line":58,"t_abs":0.002851,"argv":["/Library/Developer/CommandLineTools/usr/bin/git","-C","/var/folders/f1/2xjyyqkn5plc19fx4nt4tpt00000gn/T/flow-dashboard-fanout-research-99GFF9/repo-2","branch","--show-current"]}
{"event":"region_enter","sid":"20261006T113531.426807Z-Ha9d4ceab-P00009290","thread":"main","time":"2026-10-06T11:35:31.431314Z","file":"dir.c","line":3090,"repo":1,"nesting":2,"category":"dir","label":"read_directory"}
{"event":"region_leave","sid":"20261006T113531.426807Z-Ha9d4ceab-P00009290","thread":"main","time":"2026-10-06T11:35:31.431386Z","file":"dir.c","line":3113,"repo":1,"t_rel":0.000072,"nesting":2,"category":"dir","label":"read_directory"}
{"event":"region_leave","sid":"20261006T113531.426807Z-Ha9d4ceab-P00009290","thread":"main","time":"2026-10-06T11:35:31.431393Z","file":"wt-status.c","line":857,"repo":1,"t_rel":0.000204,"nesting":1,"category":"status","label":"untracked"}
{"event":"data","sid":"20261006T113531.426807Z-Ha9d4ceab-P00009290","thread":"main","time":"2026-10-06T11:35:31.431417Z","file":"wt-status.c","line":2569,"repo":1,"t_abs":0.005476,"t_rel":0.005476,"nesting":1,"category":"status","key":"count/changed","value":"0"}
{"event":"data","sid":"20261006T113531.426807Z-Ha9d4ceab-P00009290","thread":"main","time":"2026-10-06T11:35:31.431424Z","file":"wt-status.c","line":2571,"repo":1,"t_abs":0.005484,"t_rel":0.005484,"nesting":1,"category":"status","key":"count/untracked","value":"0"}
{"event":"def_repo","sid":"20261006T113531.429314Z-Ha9d4ceab-P0000929a","thread":"main","time":"2026-10-06T11:35:31.431427Z","file":"repository.c","line":241,"repo":1,"worktree":"/private/var/folders/f1/2xjyyqkn5plc19fx4nt4tpt00000gn/T/flow-dashboard-fanout-research-99GFF9/repo-2"}
{"event":"data","sid":"20261006T113531.426807Z-Ha9d4ceab-P00009290","thread":"main","time":"2026-10-06T11:35:31.431431Z","file":"wt-status.c","line":2572,"repo":1,"t_abs":0.005490,"t_rel":0.005490,"nesting":1,"category":"status","key":"count/ignored","value":"0"}
{"event":"region_enter","sid":"20261006T113531.426807Z-Ha9d4ceab-P00009290","thread":"main","time":"2026-10-06T11:35:31.431439Z","file":"wt-status.c","line":2574,"repo":1,"nesting":1,"category":"status","label":"print"}
{"event":"region_leave","sid":"20261006T113531.426807Z-Ha9d4ceab-P00009290","thread":"main","time":"2026-10-06T11:35:31.431449Z","file":"wt-status.c","line":2595,"repo":1,"t_rel":0.000010,"nesting":1,"category":"status","label":"print"}
{"event":"cmd_name","sid":"20261006T113531.429314Z-Ha9d4ceab-P0000929a","thread":"main","time":"2026-10-06T11:35:31.431467Z","file":"git.c","line":477,"name":"branch","hierarchy":"branch"}
{"event":"exit","sid":"20261006T113531.426807Z-Ha9d4ceab-P00009290","thread":"main","time":"2026-10-06T11:35:31.431477Z","file":"git.c","line":747,"t_abs":0.005536,"code":0}
{"event":"data_json","sid":"20261006T113531.426807Z-Ha9d4ceab-P00009290","thread":"main","time":"2026-10-06T11:35:31.431550Z","file":"tree-walk.c","line":186,"repo":1,"t_abs":0.005608,"t_rel":0.005608,"nesting":1,"category":"traverse_trees","key":"statistics","value":{"traverse_trees_count":1,"traverse_trees_max_depth":1}}
{"event":"atexit","sid":"20261006T113531.426807Z-Ha9d4ceab-P00009290","thread":"main","time":"2026-10-06T11:35:31.431595Z","file":"trace2/tr2_tgt_event.c","line":207,"t_abs":0.005654,"code":0}
{"event":"exit","sid":"20261006T113531.429314Z-Ha9d4ceab-P0000929a","thread":"main","time":"2026-10-06T11:35:31.431836Z","file":"git.c","line":747,"t_abs":0.003451,"code":0}
{"event":"atexit","sid":"20261006T113531.429314Z-Ha9d4ceab-P0000929a","thread":"main","time":"2026-10-06T11:35:31.431845Z","file":"trace2/tr2_tgt_event.c","line":207,"t_abs":0.003459,"code":0}
{"event":"region_enter","sid":"20261006T113531.426348Z-Ha9d4ceab-P0000927c","thread":"main","time":"2026-10-06T11:35:31.431848Z","file":"unpack-trees.c","line":1905,"repo":1,"nesting":2,"category":"unpack_trees","label":"unpack_trees"}
{"event":"region_leave","sid":"20261006T113531.426348Z-Ha9d4ceab-P0000927c","thread":"main","time":"2026-10-06T11:35:31.431956Z","file":"unpack-trees.c","line":2108,"repo":1,"t_rel":0.000108,"nesting":2,"category":"unpack_trees","label":"unpack_trees"}
{"event":"region_enter","sid":"20261006T113531.426348Z-Ha9d4ceab-P0000927c","thread":"main","time":"2026-10-06T11:35:31.431969Z","file":"diffcore-rename.c","line":1407,"repo":1,"nesting":2,"category":"diff","label":"setup"}
{"event":"region_leave","sid":"20261006T113531.426348Z-Ha9d4ceab-P0000927c","thread":"main","time":"2026-10-06T11:35:31.431978Z","file":"diffcore-rename.c","line":1460,"repo":1,"t_rel":0.000010,"nesting":2,"category":"diff","label":"setup"}
{"event":"region_enter","sid":"20261006T113531.426348Z-Ha9d4ceab-P0000927c","thread":"main","time":"2026-10-06T11:35:31.431986Z","file":"diffcore-rename.c","line":1640,"repo":1,"nesting":2,"category":"diff","label":"write back to queue"}
{"event":"region_leave","sid":"20261006T113531.426348Z-Ha9d4ceab-P0000927c","thread":"main","time":"2026-10-06T11:35:31.431993Z","file":"diffcore-rename.c","line":1717,"repo":1,"t_rel":0.000006,"nesting":2,"category":"diff","label":"write back to queue"}
{"event":"region_leave","sid":"20261006T113531.426348Z-Ha9d4ceab-P0000927c","thread":"main","time":"2026-10-06T11:35:31.432002Z","file":"wt-status.c","line":852,"repo":1,"t_rel":0.001222,"nesting":1,"category":"status","label":"index"}
{"event":"region_enter","sid":"20261006T113531.426348Z-Ha9d4ceab-P0000927c","thread":"main","time":"2026-10-06T11:35:31.432007Z","file":"wt-status.c","line":855,"repo":1,"nesting":1,"category":"status","label":"untracked"}
{"event":"region_enter","sid":"20261006T113531.426348Z-Ha9d4ceab-P0000927c","thread":"main","time":"2026-10-06T11:35:31.432067Z","file":"dir.c","line":3090,"repo":1,"nesting":2,"category":"dir","label":"read_directory"}
{"event":"region_leave","sid":"20261006T113531.426348Z-Ha9d4ceab-P0000927c","thread":"main","time":"2026-10-06T11:35:31.432101Z","file":"dir.c","line":3113,"repo":1,"t_rel":0.000033,"nesting":2,"category":"dir","label":"read_directory"}
{"event":"region_leave","sid":"20261006T113531.426348Z-Ha9d4ceab-P0000927c","thread":"main","time":"2026-10-06T11:35:31.432107Z","file":"wt-status.c","line":857,"repo":1,"t_rel":0.000100,"nesting":1,"category":"status","label":"untracked"}
{"event":"data","sid":"20261006T113531.426348Z-Ha9d4ceab-P0000927c","thread":"main","time":"2026-10-06T11:35:31.432122Z","file":"wt-status.c","line":2569,"repo":1,"t_abs":0.006270,"t_rel":0.006270,"nesting":1,"category":"status","key":"count/changed","value":"0"}
{"event":"data","sid":"20261006T113531.426348Z-Ha9d4ceab-P0000927c","thread":"main","time":"2026-10-06T11:35:31.432142Z","file":"wt-status.c","line":2571,"repo":1,"t_abs":0.006289,"t_rel":0.006289,"nesting":1,"category":"status","key":"count/untracked","value":"0"}
{"event":"data","sid":"20261006T113531.426348Z-Ha9d4ceab-P0000927c","thread":"main","time":"2026-10-06T11:35:31.432147Z","file":"wt-status.c","line":2572,"repo":1,"t_abs":0.006294,"t_rel":0.006294,"nesting":1,"category":"status","key":"count/ignored","value":"0"}
{"event":"region_enter","sid":"20261006T113531.426348Z-Ha9d4ceab-P0000927c","thread":"main","time":"2026-10-06T11:35:31.432151Z","file":"wt-status.c","line":2574,"repo":1,"nesting":1,"category":"status","label":"print"}
{"event":"region_leave","sid":"20261006T113531.426348Z-Ha9d4ceab-P0000927c","thread":"main","time":"2026-10-06T11:35:31.432156Z","file":"wt-status.c","line":2595,"repo":1,"t_rel":0.000005,"nesting":1,"category":"status","label":"print"}
{"event":"exit","sid":"20261006T113531.426348Z-Ha9d4ceab-P0000927c","thread":"main","time":"2026-10-06T11:35:31.432166Z","file":"git.c","line":747,"t_abs":0.006314,"code":0}
{"event":"data_json","sid":"20261006T113531.426348Z-Ha9d4ceab-P0000927c","thread":"main","time":"2026-10-06T11:35:31.432171Z","file":"tree-walk.c","line":186,"repo":1,"t_abs":0.006319,"t_rel":0.006319,"nesting":1,"category":"traverse_trees","key":"statistics","value":{"traverse_trees_count":1,"traverse_trees_max_depth":1}}
{"event":"atexit","sid":"20261006T113531.426348Z-Ha9d4ceab-P0000927c","thread":"main","time":"2026-10-06T11:35:31.432177Z","file":"trace2/tr2_tgt_event.c","line":207,"t_abs":0.006324,"code":0}
{"event":"version","sid":"20261006T113531.432612Z-Ha9d4ceab-P000092a4","thread":"main","time":"2026-10-06T11:35:31.433385Z","file":"common-init.c","line":57,"evt":"4","exe":"2.50.1 (Apple Git-155)"}
{"event":"start","sid":"20261006T113531.432612Z-Ha9d4ceab-P000092a4","thread":"main","time":"2026-10-06T11:35:31.433432Z","file":"common-init.c","line":58,"t_abs":0.001169,"argv":["/Library/Developer/CommandLineTools/usr/bin/git","-C","/var/folders/f1/2xjyyqkn5plc19fx4nt4tpt00000gn/T/flow-dashboard-fanout-research-99GFF9/repo-2","status","--porcelain","--untracked-files=normal"]}
{"event":"version","sid":"20261006T113531.432900Z-Ha9d4ceab-P0000929f","thread":"main","time":"2026-10-06T11:35:31.433522Z","file":"common-init.c","line":57,"evt":"4","exe":"2.50.1 (Apple Git-155)"}
{"event":"start","sid":"20261006T113531.432900Z-Ha9d4ceab-P0000929f","thread":"main","time":"2026-10-06T11:35:31.433548Z","file":"common-init.c","line":58,"t_abs":0.000947,"argv":["/Library/Developer/CommandLineTools/usr/bin/git","-C","/var/folders/f1/2xjyyqkn5plc19fx4nt4tpt00000gn/T/flow-dashboard-fanout-research-99GFF9/repo-2","rev-parse","HEAD"]}
{"event":"cmd_name","sid":"20261006T113531.432900Z-Ha9d4ceab-P0000929f","thread":"main","time":"2026-10-06T11:35:31.433623Z","file":"git.c","line":477,"name":"rev-parse","hierarchy":"rev-parse"}
{"event":"def_repo","sid":"20261006T113531.432612Z-Ha9d4ceab-P000092a4","thread":"main","time":"2026-10-06T11:35:31.433766Z","file":"repository.c","line":241,"repo":1,"worktree":"/private/var/folders/f1/2xjyyqkn5plc19fx4nt4tpt00000gn/T/flow-dashboard-fanout-research-99GFF9/repo-2"}
{"event":"def_repo","sid":"20261006T113531.432900Z-Ha9d4ceab-P0000929f","thread":"main","time":"2026-10-06T11:35:31.433823Z","file":"repository.c","line":241,"repo":1,"worktree":"/private/var/folders/f1/2xjyyqkn5plc19fx4nt4tpt00000gn/T/flow-dashboard-fanout-research-99GFF9/repo-2"}
{"event":"cmd_name","sid":"20261006T113531.432612Z-Ha9d4ceab-P000092a4","thread":"main","time":"2026-10-06T11:35:31.434248Z","file":"git.c","line":477,"name":"status","hierarchy":"status"}
{"event":"exit","sid":"20261006T113531.432900Z-Ha9d4ceab-P0000929f","thread":"main","time":"2026-10-06T11:35:31.434276Z","file":"git.c","line":747,"t_abs":0.001675,"code":0}
{"event":"atexit","sid":"20261006T113531.432900Z-Ha9d4ceab-P0000929f","thread":"main","time":"2026-10-06T11:35:31.434315Z","file":"trace2/tr2_tgt_event.c","line":207,"t_abs":0.001714,"code":0}
{"event":"region_enter","sid":"20261006T113531.432612Z-Ha9d4ceab-P000092a4","thread":"main","time":"2026-10-06T11:35:31.434886Z","file":"read-cache.c","line":2357,"repo":1,"nesting":1,"category":"index","label":"do_read_index","msg":".git/index"}
{"event":"region_enter","sid":"20261006T113531.432612Z-Ha9d4ceab-P000092a4","thread":"main","time":"2026-10-06T11:35:31.435434Z","file":"cache-tree.c","line":643,"repo":1,"nesting":2,"category":"cache_tree","label":"read"}
{"event":"region_leave","sid":"20261006T113531.432612Z-Ha9d4ceab-P000092a4","thread":"main","time":"2026-10-06T11:35:31.435454Z","file":"cache-tree.c","line":645,"repo":1,"t_rel":0.000021,"nesting":2,"category":"cache_tree","label":"read"}
{"event":"data","sid":"20261006T113531.432612Z-Ha9d4ceab-P000092a4","thread":"main","time":"2026-10-06T11:35:31.435468Z","file":"read-cache.c","line":2306,"repo":1,"t_abs":0.003206,"t_rel":0.000585,"nesting":2,"category":"index","key":"read/version","value":"2"}
{"event":"data","sid":"20261006T113531.432612Z-Ha9d4ceab-P000092a4","thread":"main","time":"2026-10-06T11:35:31.435482Z","file":"read-cache.c","line":2308,"repo":1,"t_abs":0.003220,"t_rel":0.000599,"nesting":2,"category":"index","key":"read/cache_nr","value":"1"}
{"event":"region_leave","sid":"20261006T113531.432612Z-Ha9d4ceab-P000092a4","thread":"main","time":"2026-10-06T11:35:31.435490Z","file":"read-cache.c","line":2362,"repo":1,"t_rel":0.000608,"nesting":1,"category":"index","label":"do_read_index","msg":".git/index"}
{"event":"region_enter","sid":"20261006T113531.432612Z-Ha9d4ceab-P000092a4","thread":"main","time":"2026-10-06T11:35:31.435514Z","file":"read-cache.c","line":1513,"nesting":1,"category":"index","label":"refresh"}
{"event":"data","sid":"20261006T113531.432612Z-Ha9d4ceab-P000092a4","thread":"main","time":"2026-10-06T11:35:31.435629Z","file":"read-cache.c","line":1595,"t_abs":0.003367,"t_rel":0.000114,"nesting":2,"category":"index","key":"refresh/sum_lstat","value":"1"}
{"event":"data","sid":"20261006T113531.432612Z-Ha9d4ceab-P000092a4","thread":"main","time":"2026-10-06T11:35:31.435642Z","file":"read-cache.c","line":1596,"t_abs":0.003378,"t_rel":0.000125,"nesting":2,"category":"index","key":"refresh/sum_scan","value":"0"}
{"event":"region_leave","sid":"20261006T113531.432612Z-Ha9d4ceab-P000092a4","thread":"main","time":"2026-10-06T11:35:31.435651Z","file":"read-cache.c","line":1597,"t_rel":0.000137,"nesting":1,"category":"index","label":"refresh"}
{"event":"region_enter","sid":"20261006T113531.432612Z-Ha9d4ceab-P000092a4","thread":"main","time":"2026-10-06T11:35:31.435735Z","file":"wt-status.c","line":841,"repo":1,"nesting":1,"category":"status","label":"worktrees"}
{"event":"region_enter","sid":"20261006T113531.432612Z-Ha9d4ceab-P000092a4","thread":"main","time":"2026-10-06T11:35:31.435759Z","file":"diffcore-rename.c","line":1407,"repo":1,"nesting":2,"category":"diff","label":"setup"}
{"event":"region_leave","sid":"20261006T113531.432612Z-Ha9d4ceab-P000092a4","thread":"main","time":"2026-10-06T11:35:31.435765Z","file":"diffcore-rename.c","line":1460,"repo":1,"t_rel":0.000006,"nesting":2,"category":"diff","label":"setup"}
{"event":"region_enter","sid":"20261006T113531.432612Z-Ha9d4ceab-P000092a4","thread":"main","time":"2026-10-06T11:35:31.435772Z","file":"diffcore-rename.c","line":1640,"repo":1,"nesting":2,"category":"diff","label":"write back to queue"}
{"event":"version","sid":"20261006T113531.434530Z-Ha9d4ceab-P000092ae","thread":"main","time":"2026-10-06T11:35:31.435776Z","file":"common-init.c","line":57,"evt":"4","exe":"2.50.1 (Apple Git-155)"}
{"event":"region_leave","sid":"20261006T113531.432612Z-Ha9d4ceab-P000092a4","thread":"main","time":"2026-10-06T11:35:31.435782Z","file":"diffcore-rename.c","line":1717,"repo":1,"t_rel":0.000009,"nesting":2,"category":"diff","label":"write back to queue"}
{"event":"start","sid":"20261006T113531.434530Z-Ha9d4ceab-P000092ae","thread":"main","time":"2026-10-06T11:35:31.435793Z","file":"common-init.c","line":58,"t_abs":0.001703,"argv":["/Library/Developer/CommandLineTools/usr/bin/git","-C","/var/folders/f1/2xjyyqkn5plc19fx4nt4tpt00000gn/T/flow-dashboard-fanout-research-99GFF9/repo-3","branch","--show-current"]}
{"event":"region_leave","sid":"20261006T113531.432612Z-Ha9d4ceab-P000092a4","thread":"main","time":"2026-10-06T11:35:31.435841Z","file":"wt-status.c","line":843,"repo":1,"t_rel":0.000106,"nesting":1,"category":"status","label":"worktrees"}
{"event":"region_enter","sid":"20261006T113531.432612Z-Ha9d4ceab-P000092a4","thread":"main","time":"2026-10-06T11:35:31.435854Z","file":"wt-status.c","line":850,"repo":1,"nesting":1,"category":"status","label":"index"}
{"event":"version","sid":"20261006T113531.435470Z-Ha9d4ceab-P000092a9","thread":"main","time":"2026-10-06T11:35:31.436165Z","file":"common-init.c","line":57,"evt":"4","exe":"2.50.1 (Apple Git-155)"}
{"event":"start","sid":"20261006T113531.435470Z-Ha9d4ceab-P000092a9","thread":"main","time":"2026-10-06T11:35:31.436177Z","file":"common-init.c","line":58,"t_abs":0.001331,"argv":["/Library/Developer/CommandLineTools/usr/bin/git","-C","/var/folders/f1/2xjyyqkn5plc19fx4nt4tpt00000gn/T/flow-dashboard-fanout-research-99GFF9/repo-3","rev-parse","--show-toplevel"]}
{"event":"cmd_name","sid":"20261006T113531.435470Z-Ha9d4ceab-P000092a9","thread":"main","time":"2026-10-06T11:35:31.436228Z","file":"git.c","line":477,"name":"rev-parse","hierarchy":"rev-parse"}
{"event":"def_repo","sid":"20261006T113531.434530Z-Ha9d4ceab-P000092ae","thread":"main","time":"2026-10-06T11:35:31.436365Z","file":"repository.c","line":241,"repo":1,"worktree":"/private/var/folders/f1/2xjyyqkn5plc19fx4nt4tpt00000gn/T/flow-dashboard-fanout-research-99GFF9/repo-3"}
{"event":"cmd_name","sid":"20261006T113531.434530Z-Ha9d4ceab-P000092ae","thread":"main","time":"2026-10-06T11:35:31.436413Z","file":"git.c","line":477,"name":"branch","hierarchy":"branch"}
{"event":"def_repo","sid":"20261006T113531.435470Z-Ha9d4ceab-P000092a9","thread":"main","time":"2026-10-06T11:35:31.436412Z","file":"repository.c","line":241,"repo":1,"worktree":"/private/var/folders/f1/2xjyyqkn5plc19fx4nt4tpt00000gn/T/flow-dashboard-fanout-research-99GFF9/repo-3"}
{"event":"exit","sid":"20261006T113531.435470Z-Ha9d4ceab-P000092a9","thread":"main","time":"2026-10-06T11:35:31.436927Z","file":"git.c","line":747,"t_abs":0.002081,"code":0}
{"event":"atexit","sid":"20261006T113531.435470Z-Ha9d4ceab-P000092a9","thread":"main","time":"2026-10-06T11:35:31.436937Z","file":"trace2/tr2_tgt_event.c","line":207,"t_abs":0.002091,"code":0}
{"event":"region_enter","sid":"20261006T113531.432612Z-Ha9d4ceab-P000092a4","thread":"main","time":"2026-10-06T11:35:31.437000Z","file":"unpack-trees.c","line":1905,"repo":1,"nesting":2,"category":"unpack_trees","label":"unpack_trees"}
{"event":"exit","sid":"20261006T113531.434530Z-Ha9d4ceab-P000092ae","thread":"main","time":"2026-10-06T11:35:31.437023Z","file":"git.c","line":747,"t_abs":0.002932,"code":0}
{"event":"atexit","sid":"20261006T113531.434530Z-Ha9d4ceab-P000092ae","thread":"main","time":"2026-10-06T11:35:31.437037Z","file":"trace2/tr2_tgt_event.c","line":207,"t_abs":0.002947,"code":0}
{"event":"region_leave","sid":"20261006T113531.432612Z-Ha9d4ceab-P000092a4","thread":"main","time":"2026-10-06T11:35:31.437149Z","file":"unpack-trees.c","line":2108,"repo":1,"t_rel":0.000150,"nesting":2,"category":"unpack_trees","label":"unpack_trees"}
{"event":"region_enter","sid":"20261006T113531.432612Z-Ha9d4ceab-P000092a4","thread":"main","time":"2026-10-06T11:35:31.437160Z","file":"diffcore-rename.c","line":1407,"repo":1,"nesting":2,"category":"diff","label":"setup"}
{"event":"region_leave","sid":"20261006T113531.432612Z-Ha9d4ceab-P000092a4","thread":"main","time":"2026-10-06T11:35:31.437166Z","file":"diffcore-rename.c","line":1460,"repo":1,"t_rel":0.000006,"nesting":2,"category":"diff","label":"setup"}
{"event":"region_enter","sid":"20261006T113531.432612Z-Ha9d4ceab-P000092a4","thread":"main","time":"2026-10-06T11:35:31.437170Z","file":"diffcore-rename.c","line":1640,"repo":1,"nesting":2,"category":"diff","label":"write back to queue"}
{"event":"region_leave","sid":"20261006T113531.432612Z-Ha9d4ceab-P000092a4","thread":"main","time":"2026-10-06T11:35:31.437192Z","file":"diffcore-rename.c","line":1717,"repo":1,"t_rel":0.000022,"nesting":2,"category":"diff","label":"write back to queue"}
{"event":"region_leave","sid":"20261006T113531.432612Z-Ha9d4ceab-P000092a4","thread":"main","time":"2026-10-06T11:35:31.437199Z","file":"wt-status.c","line":852,"repo":1,"t_rel":0.001346,"nesting":1,"category":"status","label":"index"}
{"event":"region_enter","sid":"20261006T113531.432612Z-Ha9d4ceab-P000092a4","thread":"main","time":"2026-10-06T11:35:31.437204Z","file":"wt-status.c","line":855,"repo":1,"nesting":1,"category":"status","label":"untracked"}
{"event":"region_enter","sid":"20261006T113531.432612Z-Ha9d4ceab-P000092a4","thread":"main","time":"2026-10-06T11:35:31.437304Z","file":"dir.c","line":3090,"repo":1,"nesting":2,"category":"dir","label":"read_directory"}
{"event":"region_leave","sid":"20261006T113531.432612Z-Ha9d4ceab-P000092a4","thread":"main","time":"2026-10-06T11:35:31.437361Z","file":"dir.c","line":3113,"repo":1,"t_rel":0.000058,"nesting":2,"category":"dir","label":"read_directory"}
{"event":"region_leave","sid":"20261006T113531.432612Z-Ha9d4ceab-P000092a4","thread":"main","time":"2026-10-06T11:35:31.437370Z","file":"wt-status.c","line":857,"repo":1,"t_rel":0.000165,"nesting":1,"category":"status","label":"untracked"}
{"event":"data","sid":"20261006T113531.432612Z-Ha9d4ceab-P000092a4","thread":"main","time":"2026-10-06T11:35:31.437391Z","file":"wt-status.c","line":2569,"repo":1,"t_abs":0.005129,"t_rel":0.005129,"nesting":1,"category":"status","key":"count/changed","value":"0"}
{"event":"data","sid":"20261006T113531.432612Z-Ha9d4ceab-P000092a4","thread":"main","time":"2026-10-06T11:35:31.437401Z","file":"wt-status.c","line":2571,"repo":1,"t_abs":0.005140,"t_rel":0.005140,"nesting":1,"category":"status","key":"count/untracked","value":"0"}
{"event":"data","sid":"20261006T113531.432612Z-Ha9d4ceab-P000092a4","thread":"main","time":"2026-10-06T11:35:31.437408Z","file":"wt-status.c","line":2572,"repo":1,"t_abs":0.005147,"t_rel":0.005147,"nesting":1,"category":"status","key":"count/ignored","value":"0"}
{"event":"region_enter","sid":"20261006T113531.432612Z-Ha9d4ceab-P000092a4","thread":"main","time":"2026-10-06T11:35:31.437416Z","file":"wt-status.c","line":2574,"repo":1,"nesting":1,"category":"status","label":"print"}
{"event":"region_leave","sid":"20261006T113531.432612Z-Ha9d4ceab-P000092a4","thread":"main","time":"2026-10-06T11:35:31.437426Z","file":"wt-status.c","line":2595,"repo":1,"t_rel":0.000010,"nesting":1,"category":"status","label":"print"}
{"event":"exit","sid":"20261006T113531.432612Z-Ha9d4ceab-P000092a4","thread":"main","time":"2026-10-06T11:35:31.437433Z","file":"git.c","line":747,"t_abs":0.005172,"code":0}
{"event":"data_json","sid":"20261006T113531.432612Z-Ha9d4ceab-P000092a4","thread":"main","time":"2026-10-06T11:35:31.437440Z","file":"tree-walk.c","line":186,"repo":1,"t_abs":0.005179,"t_rel":0.005179,"nesting":1,"category":"traverse_trees","key":"statistics","value":{"traverse_trees_count":1,"traverse_trees_max_depth":1}}
{"event":"atexit","sid":"20261006T113531.432612Z-Ha9d4ceab-P000092a4","thread":"main","time":"2026-10-06T11:35:31.437452Z","file":"trace2/tr2_tgt_event.c","line":207,"t_abs":0.005191,"code":0}
{"event":"version","sid":"20261006T113531.439782Z-Ha9d4ceab-P000092b8","thread":"main","time":"2026-10-06T11:35:31.440975Z","file":"common-init.c","line":57,"evt":"4","exe":"2.50.1 (Apple Git-155)"}
{"event":"start","sid":"20261006T113531.439782Z-Ha9d4ceab-P000092b8","thread":"main","time":"2026-10-06T11:35:31.440994Z","file":"common-init.c","line":58,"t_abs":0.001635,"argv":["/Library/Developer/CommandLineTools/usr/bin/git","-C","/var/folders/f1/2xjyyqkn5plc19fx4nt4tpt00000gn/T/flow-dashboard-fanout-research-99GFF9/repo-3","status","--porcelain","--untracked-files=normal"]}
{"event":"def_repo","sid":"20261006T113531.439782Z-Ha9d4ceab-P000092b8","thread":"main","time":"2026-10-06T11:35:31.441226Z","file":"repository.c","line":241,"repo":1,"worktree":"/private/var/folders/f1/2xjyyqkn5plc19fx4nt4tpt00000gn/T/flow-dashboard-fanout-research-99GFF9/repo-3"}
{"event":"version","sid":"20261006T113531.439829Z-Ha9d4ceab-P000092b3","thread":"main","time":"2026-10-06T11:35:31.441246Z","file":"common-init.c","line":57,"evt":"4","exe":"2.50.1 (Apple Git-155)"}
{"event":"start","sid":"20261006T113531.439829Z-Ha9d4ceab-P000092b3","thread":"main","time":"2026-10-06T11:35:31.441256Z","file":"common-init.c","line":58,"t_abs":0.001906,"argv":["/Library/Developer/CommandLineTools/usr/bin/git","-C","/var/folders/f1/2xjyyqkn5plc19fx4nt4tpt00000gn/T/flow-dashboard-fanout-research-99GFF9/repo-3","rev-parse","HEAD"]}
{"event":"cmd_name","sid":"20261006T113531.439829Z-Ha9d4ceab-P000092b3","thread":"main","time":"2026-10-06T11:35:31.441307Z","file":"git.c","line":477,"name":"rev-parse","hierarchy":"rev-parse"}
{"event":"cmd_name","sid":"20261006T113531.439782Z-Ha9d4ceab-P000092b8","thread":"main","time":"2026-10-06T11:35:31.441541Z","file":"git.c","line":477,"name":"status","hierarchy":"status"}
{"event":"def_repo","sid":"20261006T113531.439829Z-Ha9d4ceab-P000092b3","thread":"main","time":"2026-10-06T11:35:31.441617Z","file":"repository.c","line":241,"repo":1,"worktree":"/private/var/folders/f1/2xjyyqkn5plc19fx4nt4tpt00000gn/T/flow-dashboard-fanout-research-99GFF9/repo-3"}
{"event":"region_enter","sid":"20261006T113531.439782Z-Ha9d4ceab-P000092b8","thread":"main","time":"2026-10-06T11:35:31.441863Z","file":"read-cache.c","line":2357,"repo":1,"nesting":1,"category":"index","label":"do_read_index","msg":".git/index"}
{"event":"region_enter","sid":"20261006T113531.439782Z-Ha9d4ceab-P000092b8","thread":"main","time":"2026-10-06T11:35:31.441926Z","file":"cache-tree.c","line":643,"repo":1,"nesting":2,"category":"cache_tree","label":"read"}
{"event":"region_leave","sid":"20261006T113531.439782Z-Ha9d4ceab-P000092b8","thread":"main","time":"2026-10-06T11:35:31.441935Z","file":"cache-tree.c","line":645,"repo":1,"t_rel":0.000009,"nesting":2,"category":"cache_tree","label":"read"}
{"event":"data","sid":"20261006T113531.439782Z-Ha9d4ceab-P000092b8","thread":"main","time":"2026-10-06T11:35:31.441948Z","file":"read-cache.c","line":2306,"repo":1,"t_abs":0.002588,"t_rel":0.000084,"nesting":2,"category":"index","key":"read/version","value":"2"}
{"event":"data","sid":"20261006T113531.439782Z-Ha9d4ceab-P000092b8","thread":"main","time":"2026-10-06T11:35:31.441956Z","file":"read-cache.c","line":2308,"repo":1,"t_abs":0.002597,"t_rel":0.000093,"nesting":2,"category":"index","key":"read/cache_nr","value":"1"}
{"event":"region_leave","sid":"20261006T113531.439782Z-Ha9d4ceab-P000092b8","thread":"main","time":"2026-10-06T11:35:31.441964Z","file":"read-cache.c","line":2362,"repo":1,"t_rel":0.000100,"nesting":1,"category":"index","label":"do_read_index","msg":".git/index"}
{"event":"region_enter","sid":"20261006T113531.439782Z-Ha9d4ceab-P000092b8","thread":"main","time":"2026-10-06T11:35:31.441975Z","file":"read-cache.c","line":1513,"nesting":1,"category":"index","label":"refresh"}
{"event":"exit","sid":"20261006T113531.439829Z-Ha9d4ceab-P000092b3","thread":"main","time":"2026-10-06T11:35:31.442078Z","file":"git.c","line":747,"t_abs":0.002726,"code":0}
{"event":"atexit","sid":"20261006T113531.439829Z-Ha9d4ceab-P000092b3","thread":"main","time":"2026-10-06T11:35:31.442096Z","file":"trace2/tr2_tgt_event.c","line":207,"t_abs":0.002745,"code":0}
{"event":"data","sid":"20261006T113531.439782Z-Ha9d4ceab-P000092b8","thread":"main","time":"2026-10-06T11:35:31.442105Z","file":"read-cache.c","line":1595,"t_abs":0.002746,"t_rel":0.000130,"nesting":2,"category":"index","key":"refresh/sum_lstat","value":"1"}
{"event":"data","sid":"20261006T113531.439782Z-Ha9d4ceab-P000092b8","thread":"main","time":"2026-10-06T11:35:31.442117Z","file":"read-cache.c","line":1596,"t_abs":0.002757,"t_rel":0.000141,"nesting":2,"category":"index","key":"refresh/sum_scan","value":"0"}
{"event":"region_leave","sid":"20261006T113531.439782Z-Ha9d4ceab-P000092b8","thread":"main","time":"2026-10-06T11:35:31.442146Z","file":"read-cache.c","line":1597,"t_rel":0.000169,"nesting":1,"category":"index","label":"refresh"}
{"event":"region_enter","sid":"20261006T113531.439782Z-Ha9d4ceab-P000092b8","thread":"main","time":"2026-10-06T11:35:31.442207Z","file":"wt-status.c","line":841,"repo":1,"nesting":1,"category":"status","label":"worktrees"}
{"event":"region_enter","sid":"20261006T113531.439782Z-Ha9d4ceab-P000092b8","thread":"main","time":"2026-10-06T11:35:31.442225Z","file":"diffcore-rename.c","line":1407,"repo":1,"nesting":2,"category":"diff","label":"setup"}
{"event":"region_leave","sid":"20261006T113531.439782Z-Ha9d4ceab-P000092b8","thread":"main","time":"2026-10-06T11:35:31.442230Z","file":"diffcore-rename.c","line":1460,"repo":1,"t_rel":0.000006,"nesting":2,"category":"diff","label":"setup"}
{"event":"region_enter","sid":"20261006T113531.439782Z-Ha9d4ceab-P000092b8","thread":"main","time":"2026-10-06T11:35:31.442235Z","file":"diffcore-rename.c","line":1640,"repo":1,"nesting":2,"category":"diff","label":"write back to queue"}
{"event":"region_leave","sid":"20261006T113531.439782Z-Ha9d4ceab-P000092b8","thread":"main","time":"2026-10-06T11:35:31.442240Z","file":"diffcore-rename.c","line":1717,"repo":1,"t_rel":0.000005,"nesting":2,"category":"diff","label":"write back to queue"}
{"event":"region_leave","sid":"20261006T113531.439782Z-Ha9d4ceab-P000092b8","thread":"main","time":"2026-10-06T11:35:31.442248Z","file":"wt-status.c","line":843,"repo":1,"t_rel":0.000042,"nesting":1,"category":"status","label":"worktrees"}
{"event":"region_enter","sid":"20261006T113531.439782Z-Ha9d4ceab-P000092b8","thread":"main","time":"2026-10-06T11:35:31.442252Z","file":"wt-status.c","line":850,"repo":1,"nesting":1,"category":"status","label":"index"}
{"event":"region_enter","sid":"20261006T113531.439782Z-Ha9d4ceab-P000092b8","thread":"main","time":"2026-10-06T11:35:31.443060Z","file":"unpack-trees.c","line":1905,"repo":1,"nesting":2,"category":"unpack_trees","label":"unpack_trees"}
{"event":"region_leave","sid":"20261006T113531.439782Z-Ha9d4ceab-P000092b8","thread":"main","time":"2026-10-06T11:35:31.443185Z","file":"unpack-trees.c","line":2108,"repo":1,"t_rel":0.000125,"nesting":2,"category":"unpack_trees","label":"unpack_trees"}
{"event":"region_enter","sid":"20261006T113531.439782Z-Ha9d4ceab-P000092b8","thread":"main","time":"2026-10-06T11:35:31.443194Z","file":"diffcore-rename.c","line":1407,"repo":1,"nesting":2,"category":"diff","label":"setup"}
{"event":"region_leave","sid":"20261006T113531.439782Z-Ha9d4ceab-P000092b8","thread":"main","time":"2026-10-06T11:35:31.443202Z","file":"diffcore-rename.c","line":1460,"repo":1,"t_rel":0.000008,"nesting":2,"category":"diff","label":"setup"}
{"event":"region_enter","sid":"20261006T113531.439782Z-Ha9d4ceab-P000092b8","thread":"main","time":"2026-10-06T11:35:31.443208Z","file":"diffcore-rename.c","line":1640,"repo":1,"nesting":2,"category":"diff","label":"write back to queue"}
{"event":"region_leave","sid":"20261006T113531.439782Z-Ha9d4ceab-P000092b8","thread":"main","time":"2026-10-06T11:35:31.443213Z","file":"diffcore-rename.c","line":1717,"repo":1,"t_rel":0.000006,"nesting":2,"category":"diff","label":"write back to queue"}
{"event":"region_leave","sid":"20261006T113531.439782Z-Ha9d4ceab-P000092b8","thread":"main","time":"2026-10-06T11:35:31.443219Z","file":"wt-status.c","line":852,"repo":1,"t_rel":0.000967,"nesting":1,"category":"status","label":"index"}
{"event":"region_enter","sid":"20261006T113531.439782Z-Ha9d4ceab-P000092b8","thread":"main","time":"2026-10-06T11:35:31.443283Z","file":"wt-status.c","line":855,"repo":1,"nesting":1,"category":"status","label":"untracked"}
{"event":"region_enter","sid":"20261006T113531.439782Z-Ha9d4ceab-P000092b8","thread":"main","time":"2026-10-06T11:35:31.443619Z","file":"dir.c","line":3090,"repo":1,"nesting":2,"category":"dir","label":"read_directory"}
{"event":"region_leave","sid":"20261006T113531.439782Z-Ha9d4ceab-P000092b8","thread":"main","time":"2026-10-06T11:35:31.443740Z","file":"dir.c","line":3113,"repo":1,"t_rel":0.000121,"nesting":2,"category":"dir","label":"read_directory"}
{"event":"region_leave","sid":"20261006T113531.439782Z-Ha9d4ceab-P000092b8","thread":"main","time":"2026-10-06T11:35:31.443815Z","file":"wt-status.c","line":857,"repo":1,"t_rel":0.000535,"nesting":1,"category":"status","label":"untracked"}
{"event":"data","sid":"20261006T113531.439782Z-Ha9d4ceab-P000092b8","thread":"main","time":"2026-10-06T11:35:31.443846Z","file":"wt-status.c","line":2569,"repo":1,"t_abs":0.004486,"t_rel":0.004486,"nesting":1,"category":"status","key":"count/changed","value":"0"}
{"event":"data","sid":"20261006T113531.439782Z-Ha9d4ceab-P000092b8","thread":"main","time":"2026-10-06T11:35:31.443853Z","file":"wt-status.c","line":2571,"repo":1,"t_abs":0.004493,"t_rel":0.004493,"nesting":1,"category":"status","key":"count/untracked","value":"0"}
{"event":"data","sid":"20261006T113531.439782Z-Ha9d4ceab-P000092b8","thread":"main","time":"2026-10-06T11:35:31.443858Z","file":"wt-status.c","line":2572,"repo":1,"t_abs":0.004499,"t_rel":0.004499,"nesting":1,"category":"status","key":"count/ignored","value":"0"}
{"event":"region_enter","sid":"20261006T113531.439782Z-Ha9d4ceab-P000092b8","thread":"main","time":"2026-10-06T11:35:31.443862Z","file":"wt-status.c","line":2574,"repo":1,"nesting":1,"category":"status","label":"print"}
{"event":"region_leave","sid":"20261006T113531.439782Z-Ha9d4ceab-P000092b8","thread":"main","time":"2026-10-06T11:35:31.443869Z","file":"wt-status.c","line":2595,"repo":1,"t_rel":0.000007,"nesting":1,"category":"status","label":"print"}
{"event":"exit","sid":"20261006T113531.439782Z-Ha9d4ceab-P000092b8","thread":"main","time":"2026-10-06T11:35:31.443876Z","file":"git.c","line":747,"t_abs":0.004516,"code":0}
{"event":"data_json","sid":"20261006T113531.439782Z-Ha9d4ceab-P000092b8","thread":"main","time":"2026-10-06T11:35:31.443881Z","file":"tree-walk.c","line":186,"repo":1,"t_abs":0.004521,"t_rel":0.004521,"nesting":1,"category":"traverse_trees","key":"statistics","value":{"traverse_trees_count":1,"traverse_trees_max_depth":1}}
{"event":"atexit","sid":"20261006T113531.439782Z-Ha9d4ceab-P000092b8","thread":"main","time":"2026-10-06T11:35:31.443887Z","file":"trace2/tr2_tgt_event.c","line":207,"t_abs":0.004527,"code":0}
{"event":"version","sid":"20261006T113531.443487Z-Ha9d4ceab-P000092bd","thread":"main","time":"2026-10-06T11:35:31.444853Z","file":"common-init.c","line":57,"evt":"4","exe":"2.50.1 (Apple Git-155)"}
{"event":"start","sid":"20261006T113531.443487Z-Ha9d4ceab-P000092bd","thread":"main","time":"2026-10-06T11:35:31.444876Z","file":"common-init.c","line":58,"t_abs":0.001791,"argv":["/Library/Developer/CommandLineTools/usr/bin/git","-C","/var/folders/f1/2xjyyqkn5plc19fx4nt4tpt00000gn/T/flow-dashboard-fanout-research-99GFF9/repo-4","rev-parse","--show-toplevel"]}
{"event":"cmd_name","sid":"20261006T113531.443487Z-Ha9d4ceab-P000092bd","thread":"main","time":"2026-10-06T11:35:31.444952Z","file":"git.c","line":477,"name":"rev-parse","hierarchy":"rev-parse"}
{"event":"def_repo","sid":"20261006T113531.443487Z-Ha9d4ceab-P000092bd","thread":"main","time":"2026-10-06T11:35:31.445123Z","file":"repository.c","line":241,"repo":1,"worktree":"/private/var/folders/f1/2xjyyqkn5plc19fx4nt4tpt00000gn/T/flow-dashboard-fanout-research-99GFF9/repo-4"}
{"event":"exit","sid":"20261006T113531.443487Z-Ha9d4ceab-P000092bd","thread":"main","time":"2026-10-06T11:35:31.445402Z","file":"git.c","line":747,"t_abs":0.002317,"code":0}
{"event":"atexit","sid":"20261006T113531.443487Z-Ha9d4ceab-P000092bd","thread":"main","time":"2026-10-06T11:35:31.445414Z","file":"trace2/tr2_tgt_event.c","line":207,"t_abs":0.002329,"code":0}
{"event":"version","sid":"20261006T113531.445493Z-Ha9d4ceab-P000092c2","thread":"main","time":"2026-10-06T11:35:31.446266Z","file":"common-init.c","line":57,"evt":"4","exe":"2.50.1 (Apple Git-155)"}
{"event":"start","sid":"20261006T113531.445493Z-Ha9d4ceab-P000092c2","thread":"main","time":"2026-10-06T11:35:31.446290Z","file":"common-init.c","line":58,"t_abs":0.001226,"argv":["/Library/Developer/CommandLineTools/usr/bin/git","-C","/var/folders/f1/2xjyyqkn5plc19fx4nt4tpt00000gn/T/flow-dashboard-fanout-research-99GFF9/repo-4","branch","--show-current"]}
{"event":"def_repo","sid":"20261006T113531.445493Z-Ha9d4ceab-P000092c2","thread":"main","time":"2026-10-06T11:35:31.446488Z","file":"repository.c","line":241,"repo":1,"worktree":"/private/var/folders/f1/2xjyyqkn5plc19fx4nt4tpt00000gn/T/flow-dashboard-fanout-research-99GFF9/repo-4"}
{"event":"cmd_name","sid":"20261006T113531.445493Z-Ha9d4ceab-P000092c2","thread":"main","time":"2026-10-06T11:35:31.446516Z","file":"git.c","line":477,"name":"branch","hierarchy":"branch"}
{"event":"exit","sid":"20261006T113531.445493Z-Ha9d4ceab-P000092c2","thread":"main","time":"2026-10-06T11:35:31.446832Z","file":"git.c","line":747,"t_abs":0.001768,"code":0}
{"event":"atexit","sid":"20261006T113531.445493Z-Ha9d4ceab-P000092c2","thread":"main","time":"2026-10-06T11:35:31.446841Z","file":"trace2/tr2_tgt_event.c","line":207,"t_abs":0.001778,"code":0}
{"event":"version","sid":"20261006T113531.448749Z-Ha9d4ceab-P000092d6","thread":"main","time":"2026-10-06T11:35:31.449478Z","file":"common-init.c","line":57,"evt":"4","exe":"2.50.1 (Apple Git-155)"}
{"event":"start","sid":"20261006T113531.448749Z-Ha9d4ceab-P000092d6","thread":"main","time":"2026-10-06T11:35:31.449528Z","file":"common-init.c","line":58,"t_abs":0.001153,"argv":["/Library/Developer/CommandLineTools/usr/bin/git","-C","/var/folders/f1/2xjyyqkn5plc19fx4nt4tpt00000gn/T/flow-dashboard-fanout-research-99GFF9/repo-5","rev-parse","--show-toplevel"]}
{"event":"cmd_name","sid":"20261006T113531.448749Z-Ha9d4ceab-P000092d6","thread":"main","time":"2026-10-06T11:35:31.449756Z","file":"git.c","line":477,"name":"rev-parse","hierarchy":"rev-parse"}
{"event":"def_repo","sid":"20261006T113531.448749Z-Ha9d4ceab-P000092d6","thread":"main","time":"2026-10-06T11:35:31.449984Z","file":"repository.c","line":241,"repo":1,"worktree":"/private/var/folders/f1/2xjyyqkn5plc19fx4nt4tpt00000gn/T/flow-dashboard-fanout-research-99GFF9/repo-5"}
{"event":"version","sid":"20261006T113531.449116Z-Ha9d4ceab-P000092c8","thread":"main","time":"2026-10-06T11:35:31.450077Z","file":"common-init.c","line":57,"evt":"4","exe":"2.50.1 (Apple Git-155)"}
{"event":"start","sid":"20261006T113531.449116Z-Ha9d4ceab-P000092c8","thread":"main","time":"2026-10-06T11:35:31.450098Z","file":"common-init.c","line":58,"t_abs":0.001271,"argv":["/Library/Developer/CommandLineTools/usr/bin/git","-C","/var/folders/f1/2xjyyqkn5plc19fx4nt4tpt00000gn/T/flow-dashboard-fanout-research-99GFF9/repo-4","rev-parse","HEAD"]}
{"event":"cmd_name","sid":"20261006T113531.449116Z-Ha9d4ceab-P000092c8","thread":"main","time":"2026-10-06T11:35:31.450166Z","file":"git.c","line":477,"name":"rev-parse","hierarchy":"rev-parse"}
{"event":"exit","sid":"20261006T113531.448749Z-Ha9d4ceab-P000092d6","thread":"main","time":"2026-10-06T11:35:31.450358Z","file":"git.c","line":747,"t_abs":0.001984,"code":0}
{"event":"atexit","sid":"20261006T113531.448749Z-Ha9d4ceab-P000092d6","thread":"main","time":"2026-10-06T11:35:31.450373Z","file":"trace2/tr2_tgt_event.c","line":207,"t_abs":0.001999,"code":0}
{"event":"def_repo","sid":"20261006T113531.449116Z-Ha9d4ceab-P000092c8","thread":"main","time":"2026-10-06T11:35:31.450413Z","file":"repository.c","line":241,"repo":1,"worktree":"/private/var/folders/f1/2xjyyqkn5plc19fx4nt4tpt00000gn/T/flow-dashboard-fanout-research-99GFF9/repo-4"}
{"event":"exit","sid":"20261006T113531.449116Z-Ha9d4ceab-P000092c8","thread":"main","time":"2026-10-06T11:35:31.450776Z","file":"git.c","line":747,"t_abs":0.001949,"code":0}
{"event":"atexit","sid":"20261006T113531.449116Z-Ha9d4ceab-P000092c8","thread":"main","time":"2026-10-06T11:35:31.450786Z","file":"trace2/tr2_tgt_event.c","line":207,"t_abs":0.001959,"code":0}
{"event":"version","sid":"20261006T113531.451485Z-Ha9d4ceab-P000092dd","thread":"main","time":"2026-10-06T11:35:31.452242Z","file":"common-init.c","line":57,"evt":"4","exe":"2.50.1 (Apple Git-155)"}
{"event":"start","sid":"20261006T113531.451485Z-Ha9d4ceab-P000092dd","thread":"main","time":"2026-10-06T11:35:31.452261Z","file":"common-init.c","line":58,"t_abs":0.001159,"argv":["/Library/Developer/CommandLineTools/usr/bin/git","-C","/var/folders/f1/2xjyyqkn5plc19fx4nt4tpt00000gn/T/flow-dashboard-fanout-research-99GFF9/repo-5","branch","--show-current"]}
{"event":"def_repo","sid":"20261006T113531.451485Z-Ha9d4ceab-P000092dd","thread":"main","time":"2026-10-06T11:35:31.452526Z","file":"repository.c","line":241,"repo":1,"worktree":"/private/var/folders/f1/2xjyyqkn5plc19fx4nt4tpt00000gn/T/flow-dashboard-fanout-research-99GFF9/repo-5"}
{"event":"cmd_name","sid":"20261006T113531.451485Z-Ha9d4ceab-P000092dd","thread":"main","time":"2026-10-06T11:35:31.452563Z","file":"git.c","line":477,"name":"branch","hierarchy":"branch"}
{"event":"version","sid":"20261006T113531.451893Z-Ha9d4ceab-P000092d1","thread":"main","time":"2026-10-06T11:35:31.452747Z","file":"common-init.c","line":57,"evt":"4","exe":"2.50.1 (Apple Git-155)"}
{"event":"start","sid":"20261006T113531.451893Z-Ha9d4ceab-P000092d1","thread":"main","time":"2026-10-06T11:35:31.452799Z","file":"common-init.c","line":58,"t_abs":0.001224,"argv":["/Library/Developer/CommandLineTools/usr/bin/git","-C","/var/folders/f1/2xjyyqkn5plc19fx4nt4tpt00000gn/T/flow-dashboard-fanout-research-99GFF9/repo-4","status","--porcelain","--untracked-files=normal"]}
{"event":"exit","sid":"20261006T113531.451485Z-Ha9d4ceab-P000092dd","thread":"main","time":"2026-10-06T11:35:31.452919Z","file":"git.c","line":747,"t_abs":0.001816,"code":0}
{"event":"atexit","sid":"20261006T113531.451485Z-Ha9d4ceab-P000092dd","thread":"main","time":"2026-10-06T11:35:31.452934Z","file":"trace2/tr2_tgt_event.c","line":207,"t_abs":0.001831,"code":0}
{"event":"def_repo","sid":"20261006T113531.451893Z-Ha9d4ceab-P000092d1","thread":"main","time":"2026-10-06T11:35:31.453449Z","file":"repository.c","line":241,"repo":1,"worktree":"/private/var/folders/f1/2xjyyqkn5plc19fx4nt4tpt00000gn/T/flow-dashboard-fanout-research-99GFF9/repo-4"}
{"event":"version","sid":"20261006T113531.453152Z-Ha9d4ceab-P000092e3","thread":"main","time":"2026-10-06T11:35:31.453656Z","file":"common-init.c","line":57,"evt":"4","exe":"2.50.1 (Apple Git-155)"}
{"event":"start","sid":"20261006T113531.453152Z-Ha9d4ceab-P000092e3","thread":"main","time":"2026-10-06T11:35:31.453675Z","file":"common-init.c","line":58,"t_abs":0.000887,"argv":["/Library/Developer/CommandLineTools/usr/bin/git","-C","/var/folders/f1/2xjyyqkn5plc19fx4nt4tpt00000gn/T/flow-dashboard-fanout-research-99GFF9/repo-5","rev-parse","HEAD"]}
{"event":"cmd_name","sid":"20261006T113531.451893Z-Ha9d4ceab-P000092d1","thread":"main","time":"2026-10-06T11:35:31.453739Z","file":"git.c","line":477,"name":"status","hierarchy":"status"}
{"event":"cmd_name","sid":"20261006T113531.453152Z-Ha9d4ceab-P000092e3","thread":"main","time":"2026-10-06T11:35:31.453747Z","file":"git.c","line":477,"name":"rev-parse","hierarchy":"rev-parse"}
{"event":"version","sid":"20261006T113531.453389Z-Ha9d4ceab-P000092e8","thread":"main","time":"2026-10-06T11:35:31.453923Z","file":"common-init.c","line":57,"evt":"4","exe":"2.50.1 (Apple Git-155)"}
{"event":"def_repo","sid":"20261006T113531.453152Z-Ha9d4ceab-P000092e3","thread":"main","time":"2026-10-06T11:35:31.453947Z","file":"repository.c","line":241,"repo":1,"worktree":"/private/var/folders/f1/2xjyyqkn5plc19fx4nt4tpt00000gn/T/flow-dashboard-fanout-research-99GFF9/repo-5"}
{"event":"start","sid":"20261006T113531.453389Z-Ha9d4ceab-P000092e8","thread":"main","time":"2026-10-06T11:35:31.453961Z","file":"common-init.c","line":58,"t_abs":0.000978,"argv":["/Library/Developer/CommandLineTools/usr/bin/git","-C","/var/folders/f1/2xjyyqkn5plc19fx4nt4tpt00000gn/T/flow-dashboard-fanout-research-99GFF9/repo-5","status","--porcelain","--untracked-files=normal"]}
{"event":"region_enter","sid":"20261006T113531.451893Z-Ha9d4ceab-P000092d1","thread":"main","time":"2026-10-06T11:35:31.454112Z","file":"read-cache.c","line":2357,"repo":1,"nesting":1,"category":"index","label":"do_read_index","msg":".git/index"}
{"event":"region_enter","sid":"20261006T113531.451893Z-Ha9d4ceab-P000092d1","thread":"main","time":"2026-10-06T11:35:31.454189Z","file":"cache-tree.c","line":643,"repo":1,"nesting":2,"category":"cache_tree","label":"read"}
{"event":"region_leave","sid":"20261006T113531.451893Z-Ha9d4ceab-P000092d1","thread":"main","time":"2026-10-06T11:35:31.454223Z","file":"cache-tree.c","line":645,"repo":1,"t_rel":0.000034,"nesting":2,"category":"cache_tree","label":"read"}
{"event":"data","sid":"20261006T113531.451893Z-Ha9d4ceab-P000092d1","thread":"main","time":"2026-10-06T11:35:31.454237Z","file":"read-cache.c","line":2306,"repo":1,"t_abs":0.002663,"t_rel":0.000125,"nesting":2,"category":"index","key":"read/version","value":"2"}
{"event":"data","sid":"20261006T113531.451893Z-Ha9d4ceab-P000092d1","thread":"main","time":"2026-10-06T11:35:31.454244Z","file":"read-cache.c","line":2308,"repo":1,"t_abs":0.002670,"t_rel":0.000132,"nesting":2,"category":"index","key":"read/cache_nr","value":"1"}
{"event":"region_leave","sid":"20261006T113531.451893Z-Ha9d4ceab-P000092d1","thread":"main","time":"2026-10-06T11:35:31.454252Z","file":"read-cache.c","line":2362,"repo":1,"t_rel":0.000140,"nesting":1,"category":"index","label":"do_read_index","msg":".git/index"}
{"event":"region_enter","sid":"20261006T113531.451893Z-Ha9d4ceab-P000092d1","thread":"main","time":"2026-10-06T11:35:31.454266Z","file":"read-cache.c","line":1513,"nesting":1,"category":"index","label":"refresh"}
{"event":"exit","sid":"20261006T113531.453152Z-Ha9d4ceab-P000092e3","thread":"main","time":"2026-10-06T11:35:31.454332Z","file":"git.c","line":747,"t_abs":0.001544,"code":0}
{"event":"atexit","sid":"20261006T113531.453152Z-Ha9d4ceab-P000092e3","thread":"main","time":"2026-10-06T11:35:31.454344Z","file":"trace2/tr2_tgt_event.c","line":207,"t_abs":0.001557,"code":0}
{"event":"data","sid":"20261006T113531.451893Z-Ha9d4ceab-P000092d1","thread":"main","time":"2026-10-06T11:35:31.454372Z","file":"read-cache.c","line":1595,"t_abs":0.002799,"t_rel":0.000106,"nesting":2,"category":"index","key":"refresh/sum_lstat","value":"1"}
{"event":"data","sid":"20261006T113531.451893Z-Ha9d4ceab-P000092d1","thread":"main","time":"2026-10-06T11:35:31.454386Z","file":"read-cache.c","line":1596,"t_abs":0.002812,"t_rel":0.000119,"nesting":2,"category":"index","key":"refresh/sum_scan","value":"0"}
{"event":"region_leave","sid":"20261006T113531.451893Z-Ha9d4ceab-P000092d1","thread":"main","time":"2026-10-06T11:35:31.454396Z","file":"read-cache.c","line":1597,"t_rel":0.000129,"nesting":1,"category":"index","label":"refresh"}
{"event":"region_enter","sid":"20261006T113531.451893Z-Ha9d4ceab-P000092d1","thread":"main","time":"2026-10-06T11:35:31.454473Z","file":"wt-status.c","line":841,"repo":1,"nesting":1,"category":"status","label":"worktrees"}
{"event":"region_enter","sid":"20261006T113531.451893Z-Ha9d4ceab-P000092d1","thread":"main","time":"2026-10-06T11:35:31.454495Z","file":"diffcore-rename.c","line":1407,"repo":1,"nesting":2,"category":"diff","label":"setup"}
{"event":"region_leave","sid":"20261006T113531.451893Z-Ha9d4ceab-P000092d1","thread":"main","time":"2026-10-06T11:35:31.454502Z","file":"diffcore-rename.c","line":1460,"repo":1,"t_rel":0.000008,"nesting":2,"category":"diff","label":"setup"}
{"event":"region_enter","sid":"20261006T113531.451893Z-Ha9d4ceab-P000092d1","thread":"main","time":"2026-10-06T11:35:31.454509Z","file":"diffcore-rename.c","line":1640,"repo":1,"nesting":2,"category":"diff","label":"write back to queue"}
{"event":"region_leave","sid":"20261006T113531.451893Z-Ha9d4ceab-P000092d1","thread":"main","time":"2026-10-06T11:35:31.454514Z","file":"diffcore-rename.c","line":1717,"repo":1,"t_rel":0.000004,"nesting":2,"category":"diff","label":"write back to queue"}
{"event":"region_leave","sid":"20261006T113531.451893Z-Ha9d4ceab-P000092d1","thread":"main","time":"2026-10-06T11:35:31.454522Z","file":"wt-status.c","line":843,"repo":1,"t_rel":0.000048,"nesting":1,"category":"status","label":"worktrees"}
{"event":"region_enter","sid":"20261006T113531.451893Z-Ha9d4ceab-P000092d1","thread":"main","time":"2026-10-06T11:35:31.454526Z","file":"wt-status.c","line":850,"repo":1,"nesting":1,"category":"status","label":"index"}
{"event":"def_repo","sid":"20261006T113531.453389Z-Ha9d4ceab-P000092e8","thread":"main","time":"2026-10-06T11:35:31.454618Z","file":"repository.c","line":241,"repo":1,"worktree":"/private/var/folders/f1/2xjyyqkn5plc19fx4nt4tpt00000gn/T/flow-dashboard-fanout-research-99GFF9/repo-5"}
{"event":"cmd_name","sid":"20261006T113531.453389Z-Ha9d4ceab-P000092e8","thread":"main","time":"2026-10-06T11:35:31.454821Z","file":"git.c","line":477,"name":"status","hierarchy":"status"}
{"event":"region_enter","sid":"20261006T113531.453389Z-Ha9d4ceab-P000092e8","thread":"main","time":"2026-10-06T11:35:31.455066Z","file":"read-cache.c","line":2357,"repo":1,"nesting":1,"category":"index","label":"do_read_index","msg":".git/index"}
{"event":"region_enter","sid":"20261006T113531.453389Z-Ha9d4ceab-P000092e8","thread":"main","time":"2026-10-06T11:35:31.455119Z","file":"cache-tree.c","line":643,"repo":1,"nesting":2,"category":"cache_tree","label":"read"}
{"event":"region_leave","sid":"20261006T113531.453389Z-Ha9d4ceab-P000092e8","thread":"main","time":"2026-10-06T11:35:31.455131Z","file":"cache-tree.c","line":645,"repo":1,"t_rel":0.000012,"nesting":2,"category":"cache_tree","label":"read"}
{"event":"data","sid":"20261006T113531.453389Z-Ha9d4ceab-P000092e8","thread":"main","time":"2026-10-06T11:35:31.455142Z","file":"read-cache.c","line":2306,"repo":1,"t_abs":0.002161,"t_rel":0.000077,"nesting":2,"category":"index","key":"read/version","value":"2"}
{"event":"data","sid":"20261006T113531.453389Z-Ha9d4ceab-P000092e8","thread":"main","time":"2026-10-06T11:35:31.455150Z","file":"read-cache.c","line":2308,"repo":1,"t_abs":0.002168,"t_rel":0.000084,"nesting":2,"category":"index","key":"read/cache_nr","value":"1"}
{"event":"region_leave","sid":"20261006T113531.453389Z-Ha9d4ceab-P000092e8","thread":"main","time":"2026-10-06T11:35:31.455159Z","file":"read-cache.c","line":2362,"repo":1,"t_rel":0.000093,"nesting":1,"category":"index","label":"do_read_index","msg":".git/index"}
{"event":"region_enter","sid":"20261006T113531.453389Z-Ha9d4ceab-P000092e8","thread":"main","time":"2026-10-06T11:35:31.455168Z","file":"read-cache.c","line":1513,"nesting":1,"category":"index","label":"refresh"}
{"event":"data","sid":"20261006T113531.453389Z-Ha9d4ceab-P000092e8","thread":"main","time":"2026-10-06T11:35:31.455253Z","file":"read-cache.c","line":1595,"t_abs":0.002271,"t_rel":0.000084,"nesting":2,"category":"index","key":"refresh/sum_lstat","value":"1"}
{"event":"data","sid":"20261006T113531.453389Z-Ha9d4ceab-P000092e8","thread":"main","time":"2026-10-06T11:35:31.455261Z","file":"read-cache.c","line":1596,"t_abs":0.002280,"t_rel":0.000093,"nesting":2,"category":"index","key":"refresh/sum_scan","value":"0"}
{"event":"region_leave","sid":"20261006T113531.453389Z-Ha9d4ceab-P000092e8","thread":"main","time":"2026-10-06T11:35:31.455271Z","file":"read-cache.c","line":1597,"t_rel":0.000101,"nesting":1,"category":"index","label":"refresh"}
{"event":"region_enter","sid":"20261006T113531.453389Z-Ha9d4ceab-P000092e8","thread":"main","time":"2026-10-06T11:35:31.455346Z","file":"wt-status.c","line":841,"repo":1,"nesting":1,"category":"status","label":"worktrees"}
{"event":"region_enter","sid":"20261006T113531.453389Z-Ha9d4ceab-P000092e8","thread":"main","time":"2026-10-06T11:35:31.455366Z","file":"diffcore-rename.c","line":1407,"repo":1,"nesting":2,"category":"diff","label":"setup"}
{"event":"region_leave","sid":"20261006T113531.453389Z-Ha9d4ceab-P000092e8","thread":"main","time":"2026-10-06T11:35:31.455371Z","file":"diffcore-rename.c","line":1460,"repo":1,"t_rel":0.000005,"nesting":2,"category":"diff","label":"setup"}
{"event":"region_enter","sid":"20261006T113531.453389Z-Ha9d4ceab-P000092e8","thread":"main","time":"2026-10-06T11:35:31.455378Z","file":"diffcore-rename.c","line":1640,"repo":1,"nesting":2,"category":"diff","label":"write back to queue"}
{"event":"region_leave","sid":"20261006T113531.453389Z-Ha9d4ceab-P000092e8","thread":"main","time":"2026-10-06T11:35:31.455387Z","file":"diffcore-rename.c","line":1717,"repo":1,"t_rel":0.000009,"nesting":2,"category":"diff","label":"write back to queue"}
{"event":"region_leave","sid":"20261006T113531.453389Z-Ha9d4ceab-P000092e8","thread":"main","time":"2026-10-06T11:35:31.455415Z","file":"wt-status.c","line":843,"repo":1,"t_rel":0.000068,"nesting":1,"category":"status","label":"worktrees"}
{"event":"region_enter","sid":"20261006T113531.453389Z-Ha9d4ceab-P000092e8","thread":"main","time":"2026-10-06T11:35:31.455423Z","file":"wt-status.c","line":850,"repo":1,"nesting":1,"category":"status","label":"index"}
{"event":"region_enter","sid":"20261006T113531.451893Z-Ha9d4ceab-P000092d1","thread":"main","time":"2026-10-06T11:35:31.455662Z","file":"unpack-trees.c","line":1905,"repo":1,"nesting":2,"category":"unpack_trees","label":"unpack_trees"}
{"event":"region_leave","sid":"20261006T113531.451893Z-Ha9d4ceab-P000092d1","thread":"main","time":"2026-10-06T11:35:31.455793Z","file":"unpack-trees.c","line":2108,"repo":1,"t_rel":0.000132,"nesting":2,"category":"unpack_trees","label":"unpack_trees"}
{"event":"region_enter","sid":"20261006T113531.451893Z-Ha9d4ceab-P000092d1","thread":"main","time":"2026-10-06T11:35:31.455806Z","file":"diffcore-rename.c","line":1407,"repo":1,"nesting":2,"category":"diff","label":"setup"}
{"event":"region_leave","sid":"20261006T113531.451893Z-Ha9d4ceab-P000092d1","thread":"main","time":"2026-10-06T11:35:31.455812Z","file":"diffcore-rename.c","line":1460,"repo":1,"t_rel":0.000006,"nesting":2,"category":"diff","label":"setup"}
{"event":"region_enter","sid":"20261006T113531.451893Z-Ha9d4ceab-P000092d1","thread":"main","time":"2026-10-06T11:35:31.455816Z","file":"diffcore-rename.c","line":1640,"repo":1,"nesting":2,"category":"diff","label":"write back to queue"}
{"event":"region_leave","sid":"20261006T113531.451893Z-Ha9d4ceab-P000092d1","thread":"main","time":"2026-10-06T11:35:31.455823Z","file":"diffcore-rename.c","line":1717,"repo":1,"t_rel":0.000005,"nesting":2,"category":"diff","label":"write back to queue"}
{"event":"region_leave","sid":"20261006T113531.451893Z-Ha9d4ceab-P000092d1","thread":"main","time":"2026-10-06T11:35:31.455830Z","file":"wt-status.c","line":852,"repo":1,"t_rel":0.001304,"nesting":1,"category":"status","label":"index"}
{"event":"region_enter","sid":"20261006T113531.451893Z-Ha9d4ceab-P000092d1","thread":"main","time":"2026-10-06T11:35:31.455839Z","file":"wt-status.c","line":855,"repo":1,"nesting":1,"category":"status","label":"untracked"}
{"event":"region_enter","sid":"20261006T113531.451893Z-Ha9d4ceab-P000092d1","thread":"main","time":"2026-10-06T11:35:31.455936Z","file":"dir.c","line":3090,"repo":1,"nesting":2,"category":"dir","label":"read_directory"}
{"event":"region_leave","sid":"20261006T113531.451893Z-Ha9d4ceab-P000092d1","thread":"main","time":"2026-10-06T11:35:31.455984Z","file":"dir.c","line":3113,"repo":1,"t_rel":0.000047,"nesting":2,"category":"dir","label":"read_directory"}
{"event":"region_leave","sid":"20261006T113531.451893Z-Ha9d4ceab-P000092d1","thread":"main","time":"2026-10-06T11:35:31.455993Z","file":"wt-status.c","line":857,"repo":1,"t_rel":0.000154,"nesting":1,"category":"status","label":"untracked"}
{"event":"data","sid":"20261006T113531.451893Z-Ha9d4ceab-P000092d1","thread":"main","time":"2026-10-06T11:35:31.456027Z","file":"wt-status.c","line":2569,"repo":1,"t_abs":0.004454,"t_rel":0.004454,"nesting":1,"category":"status","key":"count/changed","value":"0"}
{"event":"data","sid":"20261006T113531.451893Z-Ha9d4ceab-P000092d1","thread":"main","time":"2026-10-06T11:35:31.456036Z","file":"wt-status.c","line":2571,"repo":1,"t_abs":0.004462,"t_rel":0.004462,"nesting":1,"category":"status","key":"count/untracked","value":"0"}
{"event":"data","sid":"20261006T113531.451893Z-Ha9d4ceab-P000092d1","thread":"main","time":"2026-10-06T11:35:31.456044Z","file":"wt-status.c","line":2572,"repo":1,"t_abs":0.004471,"t_rel":0.004471,"nesting":1,"category":"status","key":"count/ignored","value":"0"}
{"event":"region_enter","sid":"20261006T113531.451893Z-Ha9d4ceab-P000092d1","thread":"main","time":"2026-10-06T11:35:31.456050Z","file":"wt-status.c","line":2574,"repo":1,"nesting":1,"category":"status","label":"print"}
{"event":"region_leave","sid":"20261006T113531.451893Z-Ha9d4ceab-P000092d1","thread":"main","time":"2026-10-06T11:35:31.456086Z","file":"wt-status.c","line":2595,"repo":1,"t_rel":0.000037,"nesting":1,"category":"status","label":"print"}
{"event":"exit","sid":"20261006T113531.451893Z-Ha9d4ceab-P000092d1","thread":"main","time":"2026-10-06T11:35:31.456102Z","file":"git.c","line":747,"t_abs":0.004528,"code":0}
{"event":"data_json","sid":"20261006T113531.451893Z-Ha9d4ceab-P000092d1","thread":"main","time":"2026-10-06T11:35:31.456108Z","file":"tree-walk.c","line":186,"repo":1,"t_abs":0.004535,"t_rel":0.004535,"nesting":1,"category":"traverse_trees","key":"statistics","value":{"traverse_trees_count":1,"traverse_trees_max_depth":1}}
{"event":"atexit","sid":"20261006T113531.451893Z-Ha9d4ceab-P000092d1","thread":"main","time":"2026-10-06T11:35:31.456116Z","file":"trace2/tr2_tgt_event.c","line":207,"t_abs":0.004542,"code":0}
{"event":"region_enter","sid":"20261006T113531.453389Z-Ha9d4ceab-P000092e8","thread":"main","time":"2026-10-06T11:35:31.456347Z","file":"unpack-trees.c","line":1905,"repo":1,"nesting":2,"category":"unpack_trees","label":"unpack_trees"}
{"event":"region_leave","sid":"20261006T113531.453389Z-Ha9d4ceab-P000092e8","thread":"main","time":"2026-10-06T11:35:31.456469Z","file":"unpack-trees.c","line":2108,"repo":1,"t_rel":0.000120,"nesting":2,"category":"unpack_trees","label":"unpack_trees"}
{"event":"region_enter","sid":"20261006T113531.453389Z-Ha9d4ceab-P000092e8","thread":"main","time":"2026-10-06T11:35:31.456521Z","file":"diffcore-rename.c","line":1407,"repo":1,"nesting":2,"category":"diff","label":"setup"}
{"event":"region_leave","sid":"20261006T113531.453389Z-Ha9d4ceab-P000092e8","thread":"main","time":"2026-10-06T11:35:31.456535Z","file":"diffcore-rename.c","line":1460,"repo":1,"t_rel":0.000014,"nesting":2,"category":"diff","label":"setup"}
{"event":"region_enter","sid":"20261006T113531.453389Z-Ha9d4ceab-P000092e8","thread":"main","time":"2026-10-06T11:35:31.456547Z","file":"diffcore-rename.c","line":1640,"repo":1,"nesting":2,"category":"diff","label":"write back to queue"}
{"event":"region_leave","sid":"20261006T113531.453389Z-Ha9d4ceab-P000092e8","thread":"main","time":"2026-10-06T11:35:31.456559Z","file":"diffcore-rename.c","line":1717,"repo":1,"t_rel":0.000013,"nesting":2,"category":"diff","label":"write back to queue"}
{"event":"region_leave","sid":"20261006T113531.453389Z-Ha9d4ceab-P000092e8","thread":"main","time":"2026-10-06T11:35:31.456576Z","file":"wt-status.c","line":852,"repo":1,"t_rel":0.001152,"nesting":1,"category":"status","label":"index"}
{"event":"region_enter","sid":"20261006T113531.453389Z-Ha9d4ceab-P000092e8","thread":"main","time":"2026-10-06T11:35:31.456590Z","file":"wt-status.c","line":855,"repo":1,"nesting":1,"category":"status","label":"untracked"}
{"event":"region_enter","sid":"20261006T113531.453389Z-Ha9d4ceab-P000092e8","thread":"main","time":"2026-10-06T11:35:31.456839Z","file":"dir.c","line":3090,"repo":1,"nesting":2,"category":"dir","label":"read_directory"}
{"event":"region_leave","sid":"20261006T113531.453389Z-Ha9d4ceab-P000092e8","thread":"main","time":"2026-10-06T11:35:31.456955Z","file":"dir.c","line":3113,"repo":1,"t_rel":0.000117,"nesting":2,"category":"dir","label":"read_directory"}
{"event":"region_leave","sid":"20261006T113531.453389Z-Ha9d4ceab-P000092e8","thread":"main","time":"2026-10-06T11:35:31.456974Z","file":"wt-status.c","line":857,"repo":1,"t_rel":0.000383,"nesting":1,"category":"status","label":"untracked"}
{"event":"data","sid":"20261006T113531.453389Z-Ha9d4ceab-P000092e8","thread":"main","time":"2026-10-06T11:35:31.457044Z","file":"wt-status.c","line":2569,"repo":1,"t_abs":0.004062,"t_rel":0.004062,"nesting":1,"category":"status","key":"count/changed","value":"0"}
{"event":"data","sid":"20261006T113531.453389Z-Ha9d4ceab-P000092e8","thread":"main","time":"2026-10-06T11:35:31.457061Z","file":"wt-status.c","line":2571,"repo":1,"t_abs":0.004080,"t_rel":0.004080,"nesting":1,"category":"status","key":"count/untracked","value":"0"}
{"event":"data","sid":"20261006T113531.453389Z-Ha9d4ceab-P000092e8","thread":"main","time":"2026-10-06T11:35:31.457114Z","file":"wt-status.c","line":2572,"repo":1,"t_abs":0.004133,"t_rel":0.004133,"nesting":1,"category":"status","key":"count/ignored","value":"0"}
{"event":"region_enter","sid":"20261006T113531.453389Z-Ha9d4ceab-P000092e8","thread":"main","time":"2026-10-06T11:35:31.457129Z","file":"wt-status.c","line":2574,"repo":1,"nesting":1,"category":"status","label":"print"}
{"event":"region_leave","sid":"20261006T113531.453389Z-Ha9d4ceab-P000092e8","thread":"main","time":"2026-10-06T11:35:31.457143Z","file":"wt-status.c","line":2595,"repo":1,"t_rel":0.000014,"nesting":1,"category":"status","label":"print"}
{"event":"exit","sid":"20261006T113531.453389Z-Ha9d4ceab-P000092e8","thread":"main","time":"2026-10-06T11:35:31.457157Z","file":"git.c","line":747,"t_abs":0.004175,"code":0}
{"event":"data_json","sid":"20261006T113531.453389Z-Ha9d4ceab-P000092e8","thread":"main","time":"2026-10-06T11:35:31.457169Z","file":"tree-walk.c","line":186,"repo":1,"t_abs":0.004187,"t_rel":0.004187,"nesting":1,"category":"traverse_trees","key":"statistics","value":{"traverse_trees_count":1,"traverse_trees_max_depth":1}}
{"event":"atexit","sid":"20261006T113531.453389Z-Ha9d4ceab-P000092e8","thread":"main","time":"2026-10-06T11:35:31.457185Z","file":"trace2/tr2_tgt_event.c","line":207,"t_abs":0.004202,"code":0}
{"event":"version","sid":"20261006T113531.456551Z-Ha9d4ceab-P000092f4","thread":"main","time":"2026-10-06T11:35:31.459241Z","file":"common-init.c","line":57,"evt":"4","exe":"2.50.1 (Apple Git-155)"}
{"event":"start","sid":"20261006T113531.456551Z-Ha9d4ceab-P000092f4","thread":"main","time":"2026-10-06T11:35:31.459285Z","file":"common-init.c","line":58,"t_abs":0.003014,"argv":["/Library/Developer/CommandLineTools/usr/bin/git","-C","/var/folders/f1/2xjyyqkn5plc19fx4nt4tpt00000gn/T/flow-dashboard-fanout-research-99GFF9/repo-6","branch","--show-current"]}
{"event":"def_repo","sid":"20261006T113531.456551Z-Ha9d4ceab-P000092f4","thread":"main","time":"2026-10-06T11:35:31.459544Z","file":"repository.c","line":241,"repo":1,"worktree":"/private/var/folders/f1/2xjyyqkn5plc19fx4nt4tpt00000gn/T/flow-dashboard-fanout-research-99GFF9/repo-6"}
{"event":"cmd_name","sid":"20261006T113531.456551Z-Ha9d4ceab-P000092f4","thread":"main","time":"2026-10-06T11:35:31.459584Z","file":"git.c","line":477,"name":"branch","hierarchy":"branch"}
{"event":"version","sid":"20261006T113531.458329Z-Ha9d4ceab-P000092ee","thread":"main","time":"2026-10-06T11:35:31.460131Z","file":"common-init.c","line":57,"evt":"4","exe":"2.50.1 (Apple Git-155)"}
{"event":"exit","sid":"20261006T113531.456551Z-Ha9d4ceab-P000092f4","thread":"main","time":"2026-10-06T11:35:31.460144Z","file":"git.c","line":747,"t_abs":0.003872,"code":0}
{"event":"start","sid":"20261006T113531.458329Z-Ha9d4ceab-P000092ee","thread":"main","time":"2026-10-06T11:35:31.460147Z","file":"common-init.c","line":58,"t_abs":0.002587,"argv":["/Library/Developer/CommandLineTools/usr/bin/git","-C","/var/folders/f1/2xjyyqkn5plc19fx4nt4tpt00000gn/T/flow-dashboard-fanout-research-99GFF9/repo-6","rev-parse","--show-toplevel"]}
{"event":"atexit","sid":"20261006T113531.456551Z-Ha9d4ceab-P000092f4","thread":"main","time":"2026-10-06T11:35:31.460167Z","file":"trace2/tr2_tgt_event.c","line":207,"t_abs":0.003897,"code":0}
{"event":"cmd_name","sid":"20261006T113531.458329Z-Ha9d4ceab-P000092ee","thread":"main","time":"2026-10-06T11:35:31.460223Z","file":"git.c","line":477,"name":"rev-parse","hierarchy":"rev-parse"}
{"event":"def_repo","sid":"20261006T113531.458329Z-Ha9d4ceab-P000092ee","thread":"main","time":"2026-10-06T11:35:31.460421Z","file":"repository.c","line":241,"repo":1,"worktree":"/private/var/folders/f1/2xjyyqkn5plc19fx4nt4tpt00000gn/T/flow-dashboard-fanout-research-99GFF9/repo-6"}
{"event":"exit","sid":"20261006T113531.458329Z-Ha9d4ceab-P000092ee","thread":"main","time":"2026-10-06T11:35:31.460701Z","file":"git.c","line":747,"t_abs":0.003141,"code":0}
{"event":"atexit","sid":"20261006T113531.458329Z-Ha9d4ceab-P000092ee","thread":"main","time":"2026-10-06T11:35:31.460742Z","file":"trace2/tr2_tgt_event.c","line":207,"t_abs":0.003182,"code":0}
{"event":"version","sid":"20261006T113531.460435Z-Ha9d4ceab-P000092f9","thread":"main","time":"2026-10-06T11:35:31.461236Z","file":"common-init.c","line":57,"evt":"4","exe":"2.50.1 (Apple Git-155)"}
{"event":"start","sid":"20261006T113531.460435Z-Ha9d4ceab-P000092f9","thread":"main","time":"2026-10-06T11:35:31.461253Z","file":"common-init.c","line":58,"t_abs":0.001242,"argv":["/Library/Developer/CommandLineTools/usr/bin/git","-C","/var/folders/f1/2xjyyqkn5plc19fx4nt4tpt00000gn/T/flow-dashboard-fanout-research-99GFF9/repo-6","rev-parse","HEAD"]}
{"event":"cmd_name","sid":"20261006T113531.460435Z-Ha9d4ceab-P000092f9","thread":"main","time":"2026-10-06T11:35:31.461319Z","file":"git.c","line":477,"name":"rev-parse","hierarchy":"rev-parse"}
{"event":"def_repo","sid":"20261006T113531.460435Z-Ha9d4ceab-P000092f9","thread":"main","time":"2026-10-06T11:35:31.461455Z","file":"repository.c","line":241,"repo":1,"worktree":"/private/var/folders/f1/2xjyyqkn5plc19fx4nt4tpt00000gn/T/flow-dashboard-fanout-research-99GFF9/repo-6"}
{"event":"exit","sid":"20261006T113531.460435Z-Ha9d4ceab-P000092f9","thread":"main","time":"2026-10-06T11:35:31.461716Z","file":"git.c","line":747,"t_abs":0.001706,"code":0}
{"event":"atexit","sid":"20261006T113531.460435Z-Ha9d4ceab-P000092f9","thread":"main","time":"2026-10-06T11:35:31.461725Z","file":"trace2/tr2_tgt_event.c","line":207,"t_abs":0.001714,"code":0}
{"event":"version","sid":"20261006T113531.463832Z-Ha9d4ceab-P000092fe","thread":"main","time":"2026-10-06T11:35:31.464188Z","file":"common-init.c","line":57,"evt":"4","exe":"2.50.1 (Apple Git-155)"}
{"event":"start","sid":"20261006T113531.463832Z-Ha9d4ceab-P000092fe","thread":"main","time":"2026-10-06T11:35:31.464207Z","file":"common-init.c","line":58,"t_abs":0.000696,"argv":["/Library/Developer/CommandLineTools/usr/bin/git","-C","/var/folders/f1/2xjyyqkn5plc19fx4nt4tpt00000gn/T/flow-dashboard-fanout-research-99GFF9/repo-6","status","--porcelain","--untracked-files=normal"]}
{"event":"def_repo","sid":"20261006T113531.463832Z-Ha9d4ceab-P000092fe","thread":"main","time":"2026-10-06T11:35:31.464444Z","file":"repository.c","line":241,"repo":1,"worktree":"/private/var/folders/f1/2xjyyqkn5plc19fx4nt4tpt00000gn/T/flow-dashboard-fanout-research-99GFF9/repo-6"}
{"event":"cmd_name","sid":"20261006T113531.463832Z-Ha9d4ceab-P000092fe","thread":"main","time":"2026-10-06T11:35:31.464669Z","file":"git.c","line":477,"name":"status","hierarchy":"status"}
{"event":"version","sid":"20261006T113531.464464Z-Ha9d4ceab-P00009305","thread":"main","time":"2026-10-06T11:35:31.464855Z","file":"common-init.c","line":57,"evt":"4","exe":"2.50.1 (Apple Git-155)"}
{"event":"start","sid":"20261006T113531.464464Z-Ha9d4ceab-P00009305","thread":"main","time":"2026-10-06T11:35:31.464868Z","file":"common-init.c","line":58,"t_abs":0.000769,"argv":["/Library/Developer/CommandLineTools/usr/bin/git","-C","/var/folders/f1/2xjyyqkn5plc19fx4nt4tpt00000gn/T/flow-dashboard-fanout-research-99GFF9/repo-7","rev-parse","--show-toplevel"]}
{"event":"region_enter","sid":"20261006T113531.463832Z-Ha9d4ceab-P000092fe","thread":"main","time":"2026-10-06T11:35:31.464876Z","file":"read-cache.c","line":2357,"repo":1,"nesting":1,"category":"index","label":"do_read_index","msg":".git/index"}
{"event":"cmd_name","sid":"20261006T113531.464464Z-Ha9d4ceab-P00009305","thread":"main","time":"2026-10-06T11:35:31.464928Z","file":"git.c","line":477,"name":"rev-parse","hierarchy":"rev-parse"}
{"event":"region_enter","sid":"20261006T113531.463832Z-Ha9d4ceab-P000092fe","thread":"main","time":"2026-10-06T11:35:31.464940Z","file":"cache-tree.c","line":643,"repo":1,"nesting":2,"category":"cache_tree","label":"read"}
{"event":"region_leave","sid":"20261006T113531.463832Z-Ha9d4ceab-P000092fe","thread":"main","time":"2026-10-06T11:35:31.464953Z","file":"cache-tree.c","line":645,"repo":1,"t_rel":0.000012,"nesting":2,"category":"cache_tree","label":"read"}
{"event":"data","sid":"20261006T113531.463832Z-Ha9d4ceab-P000092fe","thread":"main","time":"2026-10-06T11:35:31.464984Z","file":"read-cache.c","line":2306,"repo":1,"t_abs":0.001473,"t_rel":0.000109,"nesting":2,"category":"index","key":"read/version","value":"2"}
{"event":"data","sid":"20261006T113531.463832Z-Ha9d4ceab-P000092fe","thread":"main","time":"2026-10-06T11:35:31.464991Z","file":"read-cache.c","line":2308,"repo":1,"t_abs":0.001480,"t_rel":0.000116,"nesting":2,"category":"index","key":"read/cache_nr","value":"1"}
{"event":"region_leave","sid":"20261006T113531.463832Z-Ha9d4ceab-P000092fe","thread":"main","time":"2026-10-06T11:35:31.464999Z","file":"read-cache.c","line":2362,"repo":1,"t_rel":0.000124,"nesting":1,"category":"index","label":"do_read_index","msg":".git/index"}
{"event":"region_enter","sid":"20261006T113531.463832Z-Ha9d4ceab-P000092fe","thread":"main","time":"2026-10-06T11:35:31.465010Z","file":"read-cache.c","line":1513,"nesting":1,"category":"index","label":"refresh"}
{"event":"def_repo","sid":"20261006T113531.464464Z-Ha9d4ceab-P00009305","thread":"main","time":"2026-10-06T11:35:31.465089Z","file":"repository.c","line":241,"repo":1,"worktree":"/private/var/folders/f1/2xjyyqkn5plc19fx4nt4tpt00000gn/T/flow-dashboard-fanout-research-99GFF9/repo-7"}
{"event":"data","sid":"20261006T113531.463832Z-Ha9d4ceab-P000092fe","thread":"main","time":"2026-10-06T11:35:31.465128Z","file":"read-cache.c","line":1595,"t_abs":0.001616,"t_rel":0.000118,"nesting":2,"category":"index","key":"refresh/sum_lstat","value":"1"}
{"event":"data","sid":"20261006T113531.463832Z-Ha9d4ceab-P000092fe","thread":"main","time":"2026-10-06T11:35:31.465139Z","file":"read-cache.c","line":1596,"t_abs":0.001627,"t_rel":0.000129,"nesting":2,"category":"index","key":"refresh/sum_scan","value":"0"}
{"event":"region_leave","sid":"20261006T113531.463832Z-Ha9d4ceab-P000092fe","thread":"main","time":"2026-10-06T11:35:31.465145Z","file":"read-cache.c","line":1597,"t_rel":0.000135,"nesting":1,"category":"index","label":"refresh"}
{"event":"region_enter","sid":"20261006T113531.463832Z-Ha9d4ceab-P000092fe","thread":"main","time":"2026-10-06T11:35:31.465228Z","file":"wt-status.c","line":841,"repo":1,"nesting":1,"category":"status","label":"worktrees"}
{"event":"region_enter","sid":"20261006T113531.463832Z-Ha9d4ceab-P000092fe","thread":"main","time":"2026-10-06T11:35:31.465245Z","file":"diffcore-rename.c","line":1407,"repo":1,"nesting":2,"category":"diff","label":"setup"}
{"event":"region_leave","sid":"20261006T113531.463832Z-Ha9d4ceab-P000092fe","thread":"main","time":"2026-10-06T11:35:31.465250Z","file":"diffcore-rename.c","line":1460,"repo":1,"t_rel":0.000005,"nesting":2,"category":"diff","label":"setup"}
{"event":"region_enter","sid":"20261006T113531.463832Z-Ha9d4ceab-P000092fe","thread":"main","time":"2026-10-06T11:35:31.465254Z","file":"diffcore-rename.c","line":1640,"repo":1,"nesting":2,"category":"diff","label":"write back to queue"}
{"event":"region_leave","sid":"20261006T113531.463832Z-Ha9d4ceab-P000092fe","thread":"main","time":"2026-10-06T11:35:31.465258Z","file":"diffcore-rename.c","line":1717,"repo":1,"t_rel":0.000004,"nesting":2,"category":"diff","label":"write back to queue"}
{"event":"region_leave","sid":"20261006T113531.463832Z-Ha9d4ceab-P000092fe","thread":"main","time":"2026-10-06T11:35:31.465265Z","file":"wt-status.c","line":843,"repo":1,"t_rel":0.000038,"nesting":1,"category":"status","label":"worktrees"}
{"event":"region_enter","sid":"20261006T113531.463832Z-Ha9d4ceab-P000092fe","thread":"main","time":"2026-10-06T11:35:31.465270Z","file":"wt-status.c","line":850,"repo":1,"nesting":1,"category":"status","label":"index"}
{"event":"exit","sid":"20261006T113531.464464Z-Ha9d4ceab-P00009305","thread":"main","time":"2026-10-06T11:35:31.465326Z","file":"git.c","line":747,"t_abs":0.001227,"code":0}
{"event":"atexit","sid":"20261006T113531.464464Z-Ha9d4ceab-P00009305","thread":"main","time":"2026-10-06T11:35:31.465391Z","file":"trace2/tr2_tgt_event.c","line":207,"t_abs":0.001291,"code":0}
{"event":"version","sid":"20261006T113531.465471Z-Ha9d4ceab-P0000930f","thread":"main","time":"2026-10-06T11:35:31.465919Z","file":"common-init.c","line":57,"evt":"4","exe":"2.50.1 (Apple Git-155)"}
{"event":"version","sid":"20261006T113531.465479Z-Ha9d4ceab-P0000930a","thread":"main","time":"2026-10-06T11:35:31.465951Z","file":"common-init.c","line":57,"evt":"4","exe":"2.50.1 (Apple Git-155)"}
{"event":"start","sid":"20261006T113531.465471Z-Ha9d4ceab-P0000930f","thread":"main","time":"2026-10-06T11:35:31.465956Z","file":"common-init.c","line":58,"t_abs":0.000917,"argv":["/Library/Developer/CommandLineTools/usr/bin/git","-C","/var/folders/f1/2xjyyqkn5plc19fx4nt4tpt00000gn/T/flow-dashboard-fanout-research-99GFF9/repo-7","rev-parse","HEAD"]}
{"event":"start","sid":"20261006T113531.465479Z-Ha9d4ceab-P0000930a","thread":"main","time":"2026-10-06T11:35:31.465962Z","file":"common-init.c","line":58,"t_abs":0.000929,"argv":["/Library/Developer/CommandLineTools/usr/bin/git","-C","/var/folders/f1/2xjyyqkn5plc19fx4nt4tpt00000gn/T/flow-dashboard-fanout-research-99GFF9/repo-7","branch","--show-current"]}
{"event":"cmd_name","sid":"20261006T113531.465471Z-Ha9d4ceab-P0000930f","thread":"main","time":"2026-10-06T11:35:31.466017Z","file":"git.c","line":477,"name":"rev-parse","hierarchy":"rev-parse"}
{"event":"def_repo","sid":"20261006T113531.465479Z-Ha9d4ceab-P0000930a","thread":"main","time":"2026-10-06T11:35:31.466231Z","file":"repository.c","line":241,"repo":1,"worktree":"/private/var/folders/f1/2xjyyqkn5plc19fx4nt4tpt00000gn/T/flow-dashboard-fanout-research-99GFF9/repo-7"}
{"event":"def_repo","sid":"20261006T113531.465471Z-Ha9d4ceab-P0000930f","thread":"main","time":"2026-10-06T11:35:31.466231Z","file":"repository.c","line":241,"repo":1,"worktree":"/private/var/folders/f1/2xjyyqkn5plc19fx4nt4tpt00000gn/T/flow-dashboard-fanout-research-99GFF9/repo-7"}
{"event":"region_enter","sid":"20261006T113531.463832Z-Ha9d4ceab-P000092fe","thread":"main","time":"2026-10-06T11:35:31.466257Z","file":"unpack-trees.c","line":1905,"repo":1,"nesting":2,"category":"unpack_trees","label":"unpack_trees"}
{"event":"cmd_name","sid":"20261006T113531.465479Z-Ha9d4ceab-P0000930a","thread":"main","time":"2026-10-06T11:35:31.466262Z","file":"git.c","line":477,"name":"branch","hierarchy":"branch"}
{"event":"region_leave","sid":"20261006T113531.463832Z-Ha9d4ceab-P000092fe","thread":"main","time":"2026-10-06T11:35:31.466422Z","file":"unpack-trees.c","line":2108,"repo":1,"t_rel":0.000166,"nesting":2,"category":"unpack_trees","label":"unpack_trees"}
{"event":"region_enter","sid":"20261006T113531.463832Z-Ha9d4ceab-P000092fe","thread":"main","time":"2026-10-06T11:35:31.466437Z","file":"diffcore-rename.c","line":1407,"repo":1,"nesting":2,"category":"diff","label":"setup"}
{"event":"region_leave","sid":"20261006T113531.463832Z-Ha9d4ceab-P000092fe","thread":"main","time":"2026-10-06T11:35:31.466442Z","file":"diffcore-rename.c","line":1460,"repo":1,"t_rel":0.000005,"nesting":2,"category":"diff","label":"setup"}
{"event":"region_enter","sid":"20261006T113531.463832Z-Ha9d4ceab-P000092fe","thread":"main","time":"2026-10-06T11:35:31.466446Z","file":"diffcore-rename.c","line":1640,"repo":1,"nesting":2,"category":"diff","label":"write back to queue"}
{"event":"region_leave","sid":"20261006T113531.463832Z-Ha9d4ceab-P000092fe","thread":"main","time":"2026-10-06T11:35:31.466452Z","file":"diffcore-rename.c","line":1717,"repo":1,"t_rel":0.000004,"nesting":2,"category":"diff","label":"write back to queue"}
{"event":"region_leave","sid":"20261006T113531.463832Z-Ha9d4ceab-P000092fe","thread":"main","time":"2026-10-06T11:35:31.466459Z","file":"wt-status.c","line":852,"repo":1,"t_rel":0.001189,"nesting":1,"category":"status","label":"index"}
{"event":"region_enter","sid":"20261006T113531.463832Z-Ha9d4ceab-P000092fe","thread":"main","time":"2026-10-06T11:35:31.466463Z","file":"wt-status.c","line":855,"repo":1,"nesting":1,"category":"status","label":"untracked"}
{"event":"region_enter","sid":"20261006T113531.463832Z-Ha9d4ceab-P000092fe","thread":"main","time":"2026-10-06T11:35:31.466551Z","file":"dir.c","line":3090,"repo":1,"nesting":2,"category":"dir","label":"read_directory"}
{"event":"region_leave","sid":"20261006T113531.463832Z-Ha9d4ceab-P000092fe","thread":"main","time":"2026-10-06T11:35:31.466616Z","file":"dir.c","line":3113,"repo":1,"t_rel":0.000064,"nesting":2,"category":"dir","label":"read_directory"}
{"event":"region_leave","sid":"20261006T113531.463832Z-Ha9d4ceab-P000092fe","thread":"main","time":"2026-10-06T11:35:31.466622Z","file":"wt-status.c","line":857,"repo":1,"t_rel":0.000159,"nesting":1,"category":"status","label":"untracked"}
{"event":"data","sid":"20261006T113531.463832Z-Ha9d4ceab-P000092fe","thread":"main","time":"2026-10-06T11:35:31.466656Z","file":"wt-status.c","line":2569,"repo":1,"t_abs":0.003144,"t_rel":0.003144,"nesting":1,"category":"status","key":"count/changed","value":"0"}
{"event":"exit","sid":"20261006T113531.465471Z-Ha9d4ceab-P0000930f","thread":"main","time":"2026-10-06T11:35:31.466660Z","file":"git.c","line":747,"t_abs":0.001621,"code":0}
{"event":"data","sid":"20261006T113531.463832Z-Ha9d4ceab-P000092fe","thread":"main","time":"2026-10-06T11:35:31.466662Z","file":"wt-status.c","line":2571,"repo":1,"t_abs":0.003150,"t_rel":0.003150,"nesting":1,"category":"status","key":"count/untracked","value":"0"}
{"event":"atexit","sid":"20261006T113531.465471Z-Ha9d4ceab-P0000930f","thread":"main","time":"2026-10-06T11:35:31.466671Z","file":"trace2/tr2_tgt_event.c","line":207,"t_abs":0.001632,"code":0}
{"event":"data","sid":"20261006T113531.463832Z-Ha9d4ceab-P000092fe","thread":"main","time":"2026-10-06T11:35:31.466675Z","file":"wt-status.c","line":2572,"repo":1,"t_abs":0.003164,"t_rel":0.003164,"nesting":1,"category":"status","key":"count/ignored","value":"0"}
{"event":"region_enter","sid":"20261006T113531.463832Z-Ha9d4ceab-P000092fe","thread":"main","time":"2026-10-06T11:35:31.466687Z","file":"wt-status.c","line":2574,"repo":1,"nesting":1,"category":"status","label":"print"}
{"event":"region_leave","sid":"20261006T113531.463832Z-Ha9d4ceab-P000092fe","thread":"main","time":"2026-10-06T11:35:31.466693Z","file":"wt-status.c","line":2595,"repo":1,"t_rel":0.000006,"nesting":1,"category":"status","label":"print"}
{"event":"exit","sid":"20261006T113531.465479Z-Ha9d4ceab-P0000930a","thread":"main","time":"2026-10-06T11:35:31.466696Z","file":"git.c","line":747,"t_abs":0.001661,"code":0}
{"event":"exit","sid":"20261006T113531.463832Z-Ha9d4ceab-P000092fe","thread":"main","time":"2026-10-06T11:35:31.466699Z","file":"git.c","line":747,"t_abs":0.003187,"code":0}
{"event":"atexit","sid":"20261006T113531.465479Z-Ha9d4ceab-P0000930a","thread":"main","time":"2026-10-06T11:35:31.466707Z","file":"trace2/tr2_tgt_event.c","line":207,"t_abs":0.001673,"code":0}
{"event":"data_json","sid":"20261006T113531.463832Z-Ha9d4ceab-P000092fe","thread":"main","time":"2026-10-06T11:35:31.466709Z","file":"tree-walk.c","line":186,"repo":1,"t_abs":0.003197,"t_rel":0.003197,"nesting":1,"category":"traverse_trees","key":"statistics","value":{"traverse_trees_count":1,"traverse_trees_max_depth":1}}
{"event":"atexit","sid":"20261006T113531.463832Z-Ha9d4ceab-P000092fe","thread":"main","time":"2026-10-06T11:35:31.466717Z","file":"trace2/tr2_tgt_event.c","line":207,"t_abs":0.003205,"code":0}
{"event":"version","sid":"20261006T113531.468829Z-Ha9d4ceab-P00009314","thread":"main","time":"2026-10-06T11:35:31.469219Z","file":"common-init.c","line":57,"evt":"4","exe":"2.50.1 (Apple Git-155)"}
{"event":"start","sid":"20261006T113531.468829Z-Ha9d4ceab-P00009314","thread":"main","time":"2026-10-06T11:35:31.469233Z","file":"common-init.c","line":58,"t_abs":0.000675,"argv":["/Library/Developer/CommandLineTools/usr/bin/git","-C","/var/folders/f1/2xjyyqkn5plc19fx4nt4tpt00000gn/T/flow-dashboard-fanout-research-99GFF9/repo-7","status","--porcelain","--untracked-files=normal"]}
{"event":"def_repo","sid":"20261006T113531.468829Z-Ha9d4ceab-P00009314","thread":"main","time":"2026-10-06T11:35:31.469374Z","file":"repository.c","line":241,"repo":1,"worktree":"/private/var/folders/f1/2xjyyqkn5plc19fx4nt4tpt00000gn/T/flow-dashboard-fanout-research-99GFF9/repo-7"}
{"event":"cmd_name","sid":"20261006T113531.468829Z-Ha9d4ceab-P00009314","thread":"main","time":"2026-10-06T11:35:31.469525Z","file":"git.c","line":477,"name":"status","hierarchy":"status"}
{"event":"region_enter","sid":"20261006T113531.468829Z-Ha9d4ceab-P00009314","thread":"main","time":"2026-10-06T11:35:31.469711Z","file":"read-cache.c","line":2357,"repo":1,"nesting":1,"category":"index","label":"do_read_index","msg":".git/index"}
{"event":"region_enter","sid":"20261006T113531.468829Z-Ha9d4ceab-P00009314","thread":"main","time":"2026-10-06T11:35:31.469747Z","file":"cache-tree.c","line":643,"repo":1,"nesting":2,"category":"cache_tree","label":"read"}
{"event":"region_leave","sid":"20261006T113531.468829Z-Ha9d4ceab-P00009314","thread":"main","time":"2026-10-06T11:35:31.469753Z","file":"cache-tree.c","line":645,"repo":1,"t_rel":0.000007,"nesting":2,"category":"cache_tree","label":"read"}
{"event":"data","sid":"20261006T113531.468829Z-Ha9d4ceab-P00009314","thread":"main","time":"2026-10-06T11:35:31.469760Z","file":"read-cache.c","line":2306,"repo":1,"t_abs":0.001203,"t_rel":0.000050,"nesting":2,"category":"index","key":"read/version","value":"2"}
{"event":"data","sid":"20261006T113531.468829Z-Ha9d4ceab-P00009314","thread":"main","time":"2026-10-06T11:35:31.469767Z","file":"read-cache.c","line":2308,"repo":1,"t_abs":0.001209,"t_rel":0.000056,"nesting":2,"category":"index","key":"read/cache_nr","value":"1"}
{"event":"region_leave","sid":"20261006T113531.468829Z-Ha9d4ceab-P00009314","thread":"main","time":"2026-10-06T11:35:31.469772Z","file":"read-cache.c","line":2362,"repo":1,"t_rel":0.000061,"nesting":1,"category":"index","label":"do_read_index","msg":".git/index"}
{"event":"region_enter","sid":"20261006T113531.468829Z-Ha9d4ceab-P00009314","thread":"main","time":"2026-10-06T11:35:31.469781Z","file":"read-cache.c","line":1513,"nesting":1,"category":"index","label":"refresh"}
{"event":"data","sid":"20261006T113531.468829Z-Ha9d4ceab-P00009314","thread":"main","time":"2026-10-06T11:35:31.469848Z","file":"read-cache.c","line":1595,"t_abs":0.001290,"t_rel":0.000066,"nesting":2,"category":"index","key":"refresh/sum_lstat","value":"1"}
{"event":"data","sid":"20261006T113531.468829Z-Ha9d4ceab-P00009314","thread":"main","time":"2026-10-06T11:35:31.469855Z","file":"read-cache.c","line":1596,"t_abs":0.001297,"t_rel":0.000073,"nesting":2,"category":"index","key":"refresh/sum_scan","value":"0"}
{"event":"region_leave","sid":"20261006T113531.468829Z-Ha9d4ceab-P00009314","thread":"main","time":"2026-10-06T11:35:31.469859Z","file":"read-cache.c","line":1597,"t_rel":0.000077,"nesting":1,"category":"index","label":"refresh"}
{"event":"region_enter","sid":"20261006T113531.468829Z-Ha9d4ceab-P00009314","thread":"main","time":"2026-10-06T11:35:31.469904Z","file":"wt-status.c","line":841,"repo":1,"nesting":1,"category":"status","label":"worktrees"}
{"event":"region_enter","sid":"20261006T113531.468829Z-Ha9d4ceab-P00009314","thread":"main","time":"2026-10-06T11:35:31.469920Z","file":"diffcore-rename.c","line":1407,"repo":1,"nesting":2,"category":"diff","label":"setup"}
{"event":"region_leave","sid":"20261006T113531.468829Z-Ha9d4ceab-P00009314","thread":"main","time":"2026-10-06T11:35:31.469924Z","file":"diffcore-rename.c","line":1460,"repo":1,"t_rel":0.000004,"nesting":2,"category":"diff","label":"setup"}
{"event":"region_enter","sid":"20261006T113531.468829Z-Ha9d4ceab-P00009314","thread":"main","time":"2026-10-06T11:35:31.469929Z","file":"diffcore-rename.c","line":1640,"repo":1,"nesting":2,"category":"diff","label":"write back to queue"}
{"event":"region_leave","sid":"20261006T113531.468829Z-Ha9d4ceab-P00009314","thread":"main","time":"2026-10-06T11:35:31.469933Z","file":"diffcore-rename.c","line":1717,"repo":1,"t_rel":0.000005,"nesting":2,"category":"diff","label":"write back to queue"}
{"event":"region_leave","sid":"20261006T113531.468829Z-Ha9d4ceab-P00009314","thread":"main","time":"2026-10-06T11:35:31.469939Z","file":"wt-status.c","line":843,"repo":1,"t_rel":0.000037,"nesting":1,"category":"status","label":"worktrees"}
{"event":"region_enter","sid":"20261006T113531.468829Z-Ha9d4ceab-P00009314","thread":"main","time":"2026-10-06T11:35:31.469943Z","file":"wt-status.c","line":850,"repo":1,"nesting":1,"category":"status","label":"index"}
{"event":"region_enter","sid":"20261006T113531.468829Z-Ha9d4ceab-P00009314","thread":"main","time":"2026-10-06T11:35:31.470679Z","file":"unpack-trees.c","line":1905,"repo":1,"nesting":2,"category":"unpack_trees","label":"unpack_trees"}
{"event":"region_leave","sid":"20261006T113531.468829Z-Ha9d4ceab-P00009314","thread":"main","time":"2026-10-06T11:35:31.470754Z","file":"unpack-trees.c","line":2108,"repo":1,"t_rel":0.000074,"nesting":2,"category":"unpack_trees","label":"unpack_trees"}
{"event":"region_enter","sid":"20261006T113531.468829Z-Ha9d4ceab-P00009314","thread":"main","time":"2026-10-06T11:35:31.470760Z","file":"diffcore-rename.c","line":1407,"repo":1,"nesting":2,"category":"diff","label":"setup"}
{"event":"region_leave","sid":"20261006T113531.468829Z-Ha9d4ceab-P00009314","thread":"main","time":"2026-10-06T11:35:31.470763Z","file":"diffcore-rename.c","line":1460,"repo":1,"t_rel":0.000004,"nesting":2,"category":"diff","label":"setup"}
{"event":"region_enter","sid":"20261006T113531.468829Z-Ha9d4ceab-P00009314","thread":"main","time":"2026-10-06T11:35:31.470767Z","file":"diffcore-rename.c","line":1640,"repo":1,"nesting":2,"category":"diff","label":"write back to queue"}
{"event":"region_leave","sid":"20261006T113531.468829Z-Ha9d4ceab-P00009314","thread":"main","time":"2026-10-06T11:35:31.470771Z","file":"diffcore-rename.c","line":1717,"repo":1,"t_rel":0.000003,"nesting":2,"category":"diff","label":"write back to queue"}
{"event":"region_leave","sid":"20261006T113531.468829Z-Ha9d4ceab-P00009314","thread":"main","time":"2026-10-06T11:35:31.470775Z","file":"wt-status.c","line":852,"repo":1,"t_rel":0.000831,"nesting":1,"category":"status","label":"index"}
{"event":"region_enter","sid":"20261006T113531.468829Z-Ha9d4ceab-P00009314","thread":"main","time":"2026-10-06T11:35:31.470779Z","file":"wt-status.c","line":855,"repo":1,"nesting":1,"category":"status","label":"untracked"}
{"event":"region_enter","sid":"20261006T113531.468829Z-Ha9d4ceab-P00009314","thread":"main","time":"2026-10-06T11:35:31.470828Z","file":"dir.c","line":3090,"repo":1,"nesting":2,"category":"dir","label":"read_directory"}
{"event":"region_leave","sid":"20261006T113531.468829Z-Ha9d4ceab-P00009314","thread":"main","time":"2026-10-06T11:35:31.470858Z","file":"dir.c","line":3113,"repo":1,"t_rel":0.000030,"nesting":2,"category":"dir","label":"read_directory"}
{"event":"region_leave","sid":"20261006T113531.468829Z-Ha9d4ceab-P00009314","thread":"main","time":"2026-10-06T11:35:31.470863Z","file":"wt-status.c","line":857,"repo":1,"t_rel":0.000084,"nesting":1,"category":"status","label":"untracked"}
{"event":"data","sid":"20261006T113531.468829Z-Ha9d4ceab-P00009314","thread":"main","time":"2026-10-06T11:35:31.470883Z","file":"wt-status.c","line":2569,"repo":1,"t_abs":0.002326,"t_rel":0.002326,"nesting":1,"category":"status","key":"count/changed","value":"0"}
{"event":"data","sid":"20261006T113531.468829Z-Ha9d4ceab-P00009314","thread":"main","time":"2026-10-06T11:35:31.470888Z","file":"wt-status.c","line":2571,"repo":1,"t_abs":0.002330,"t_rel":0.002330,"nesting":1,"category":"status","key":"count/untracked","value":"0"}
{"event":"data","sid":"20261006T113531.468829Z-Ha9d4ceab-P00009314","thread":"main","time":"2026-10-06T11:35:31.470892Z","file":"wt-status.c","line":2572,"repo":1,"t_abs":0.002335,"t_rel":0.002335,"nesting":1,"category":"status","key":"count/ignored","value":"0"}
{"event":"region_enter","sid":"20261006T113531.468829Z-Ha9d4ceab-P00009314","thread":"main","time":"2026-10-06T11:35:31.470896Z","file":"wt-status.c","line":2574,"repo":1,"nesting":1,"category":"status","label":"print"}
{"event":"region_leave","sid":"20261006T113531.468829Z-Ha9d4ceab-P00009314","thread":"main","time":"2026-10-06T11:35:31.470901Z","file":"wt-status.c","line":2595,"repo":1,"t_rel":0.000005,"nesting":1,"category":"status","label":"print"}
{"event":"exit","sid":"20261006T113531.468829Z-Ha9d4ceab-P00009314","thread":"main","time":"2026-10-06T11:35:31.470907Z","file":"git.c","line":747,"t_abs":0.002350,"code":0}
{"event":"data_json","sid":"20261006T113531.468829Z-Ha9d4ceab-P00009314","thread":"main","time":"2026-10-06T11:35:31.470924Z","file":"tree-walk.c","line":186,"repo":1,"t_abs":0.002367,"t_rel":0.002367,"nesting":1,"category":"traverse_trees","key":"statistics","value":{"traverse_trees_count":1,"traverse_trees_max_depth":1}}
{"event":"atexit","sid":"20261006T113531.468829Z-Ha9d4ceab-P00009314","thread":"main","time":"2026-10-06T11:35:31.470930Z","file":"trace2/tr2_tgt_event.c","line":207,"t_abs":0.002372,"code":0}
