{"event":"version","sid":"20261006T103658.268720Z-Ha9d4ceab-P00007512","thread":"main","time":"2026-10-06T10:36:58.269452Z","file":"common-init.c","line":57,"evt":"4","exe":"2.50.1 (Apple Git-155)"}
{"event":"start","sid":"20261006T103658.268720Z-Ha9d4ceab-P00007512","thread":"main","time":"2026-10-06T10:36:58.269492Z","file":"common-init.c","line":58,"t_abs":0.001627,"argv":["/Library/Developer/CommandLineTools/usr/bin/git","-C","/var/folders/f1/2xjyyqkn5plc19fx4nt4tpt00000gn/T/flow-dperf02-TxkS4x/main","branch","--show-current"]}
{"event":"version","sid":"20261006T103658.268919Z-Ha9d4ceab-P0000751c","thread":"main","time":"2026-10-06T10:36:58.269631Z","file":"common-init.c","line":57,"evt":"4","exe":"2.50.1 (Apple Git-155)"}
{"event":"start","sid":"20261006T103658.268919Z-Ha9d4ceab-P0000751c","thread":"main","time":"2026-10-06T10:36:58.269644Z","file":"common-init.c","line":58,"t_abs":0.001621,"argv":["/Library/Developer/CommandLineTools/usr/bin/git","-C","/var/folders/f1/2xjyyqkn5plc19fx4nt4tpt00000gn/T/flow-dperf02-TxkS4x/main","status","--porcelain","--untracked-files=normal"]}
{"event":"def_repo","sid":"20261006T103658.268720Z-Ha9d4ceab-P00007512","thread":"main","time":"2026-10-06T10:36:58.269674Z","file":"repository.c","line":241,"repo":1,"worktree":"/private/var/folders/f1/2xjyyqkn5plc19fx4nt4tpt00000gn/T/flow-dperf02-TxkS4x/main"}
{"event":"version","sid":"20261006T103658.268906Z-Ha9d4ceab-P00007521","thread":"main","time":"2026-10-06T10:36:58.269681Z","file":"common-init.c","line":57,"evt":"4","exe":"2.50.1 (Apple Git-155)"}
{"event":"start","sid":"20261006T103658.268906Z-Ha9d4ceab-P00007521","thread":"main","time":"2026-10-06T10:36:58.269700Z","file":"common-init.c","line":58,"t_abs":0.001684,"argv":["/Library/Developer/CommandLineTools/usr/bin/git","-C","/var/folders/f1/2xjyyqkn5plc19fx4nt4tpt00000gn/T/flow-dperf02-TxkS4x/worker","rev-parse","--show-toplevel"]}
{"event":"cmd_name","sid":"20261006T103658.268720Z-Ha9d4ceab-P00007512","thread":"main","time":"2026-10-06T10:36:58.269707Z","file":"git.c","line":477,"name":"branch","hierarchy":"branch"}
{"event":"version","sid":"20261006T103658.268951Z-Ha9d4ceab-P0000750d","thread":"main","time":"2026-10-06T10:36:58.269786Z","file":"common-init.c","line":57,"evt":"4","exe":"2.50.1 (Apple Git-155)"}
{"event":"cmd_name","sid":"20261006T103658.268906Z-Ha9d4ceab-P00007521","thread":"main","time":"2026-10-06T10:36:58.269793Z","file":"git.c","line":477,"name":"rev-parse","hierarchy":"rev-parse"}
{"event":"start","sid":"20261006T103658.268951Z-Ha9d4ceab-P0000750d","thread":"main","time":"2026-10-06T10:36:58.269799Z","file":"common-init.c","line":58,"t_abs":0.001916,"argv":["/Library/Developer/CommandLineTools/usr/bin/git","-C","/var/folders/f1/2xjyyqkn5plc19fx4nt4tpt00000gn/T/flow-dperf02-TxkS4x/main","rev-parse","--show-toplevel"]}
{"event":"def_repo","sid":"20261006T103658.268919Z-Ha9d4ceab-P0000751c","thread":"main","time":"2026-10-06T10:36:58.269835Z","file":"repository.c","line":241,"repo":1,"worktree":"/private/var/folders/f1/2xjyyqkn5plc19fx4nt4tpt00000gn/T/flow-dperf02-TxkS4x/main"}
{"event":"cmd_name","sid":"20261006T103658.268951Z-Ha9d4ceab-P0000750d","thread":"main","time":"2026-10-06T10:36:58.269881Z","file":"git.c","line":477,"name":"rev-parse","hierarchy":"rev-parse"}
{"event":"version","sid":"20261006T103658.268952Z-Ha9d4ceab-P00007517","thread":"main","time":"2026-10-06T10:36:58.269892Z","file":"common-init.c","line":57,"evt":"4","exe":"2.50.1 (Apple Git-155)"}
{"event":"start","sid":"20261006T103658.268952Z-Ha9d4ceab-P00007517","thread":"main","time":"2026-10-06T10:36:58.269905Z","file":"common-init.c","line":58,"t_abs":0.002024,"argv":["/Library/Developer/CommandLineTools/usr/bin/git","-C","/var/folders/f1/2xjyyqkn5plc19fx4nt4tpt00000gn/T/flow-dperf02-TxkS4x/main","rev-parse","HEAD"]}
{"event":"version","sid":"20261006T103658.269323Z-Ha9d4ceab-P00007526","thread":"main","time":"2026-10-06T10:36:58.269933Z","file":"common-init.c","line":57,"evt":"4","exe":"2.50.1 (Apple Git-155)"}
{"event":"start","sid":"20261006T103658.269323Z-Ha9d4ceab-P00007526","thread":"main","time":"2026-10-06T10:36:58.269947Z","file":"common-init.c","line":58,"t_abs":0.001704,"argv":["/Library/Developer/CommandLineTools/usr/bin/git","-C","/var/folders/f1/2xjyyqkn5plc19fx4nt4tpt00000gn/T/flow-dperf02-TxkS4x/worker","branch","--show-current"]}
{"event":"cmd_name","sid":"20261006T103658.268952Z-Ha9d4ceab-P00007517","thread":"main","time":"2026-10-06T10:36:58.270020Z","file":"git.c","line":477,"name":"rev-parse","hierarchy":"rev-parse"}
{"event":"version","sid":"20261006T103658.269349Z-Ha9d4ceab-P0000752b","thread":"main","time":"2026-10-06T10:36:58.270240Z","file":"common-init.c","line":57,"evt":"4","exe":"2.50.1 (Apple Git-155)"}
{"event":"cmd_name","sid":"20261006T103658.268919Z-Ha9d4ceab-P0000751c","thread":"main","time":"2026-10-06T10:36:58.270172Z","file":"git.c","line":477,"name":"status","hierarchy":"status"}
{"event":"def_repo","sid":"20261006T103658.268951Z-Ha9d4ceab-P0000750d","thread":"main","time":"2026-10-06T10:36:58.270202Z","file":"repository.c","line":241,"repo":1,"worktree":"/private/var/folders/f1/2xjyyqkn5plc19fx4nt4tpt00000gn/T/flow-dperf02-TxkS4x/main"}
{"event":"version","sid":"20261006T103658.269355Z-Ha9d4ceab-P00007530","thread":"main","time":"2026-10-06T10:36:58.270219Z","file":"common-init.c","line":57,"evt":"4","exe":"2.50.1 (Apple Git-155)"}
{"event":"def_repo","sid":"20261006T103658.268906Z-Ha9d4ceab-P00007521","thread":"main","time":"2026-10-06T10:36:58.270304Z","file":"repository.c","line":241,"repo":1,"worktree":"/private/var/folders/f1/2xjyyqkn5plc19fx4nt4tpt00000gn/T/flow-dperf02-TxkS4x/worker"}
{"event":"exit","sid":"20261006T103658.268720Z-Ha9d4ceab-P00007512","thread":"main","time":"2026-10-06T10:36:58.270204Z","file":"git.c","line":747,"t_abs":0.002339,"code":0}
{"event":"start","sid":"20261006T103658.269349Z-Ha9d4ceab-P0000752b","thread":"main","time":"2026-10-06T10:36:58.270286Z","file":"common-init.c","line":58,"t_abs":0.001953,"argv":["/Library/Developer/CommandLineTools/usr/bin/git","-C","/var/folders/f1/2xjyyqkn5plc19fx4nt4tpt00000gn/T/flow-dperf02-TxkS4x/worker","rev-parse","HEAD"]}
{"event":"start","sid":"20261006T103658.269355Z-Ha9d4ceab-P00007530","thread":"main","time":"2026-10-06T10:36:58.270322Z","file":"common-init.c","line":58,"t_abs":0.001902,"argv":["/Library/Developer/CommandLineTools/usr/bin/git","-C","/var/folders/f1/2xjyyqkn5plc19fx4nt4tpt00000gn/T/flow-dperf02-TxkS4x/worker","status","--porcelain","--untracked-files=normal"]}
{"event":"atexit","sid":"20261006T103658.268720Z-Ha9d4ceab-P00007512","thread":"main","time":"2026-10-06T10:36:58.270325Z","file":"trace2/tr2_tgt_event.c","line":207,"t_abs":0.002460,"code":0}
{"event":"cmd_name","sid":"20261006T103658.269349Z-Ha9d4ceab-P0000752b","thread":"main","time":"2026-10-06T10:36:58.270506Z","file":"git.c","line":477,"name":"rev-parse","hierarchy":"rev-parse"}
{"event":"def_repo","sid":"20261006T103658.268952Z-Ha9d4ceab-P00007517","thread":"main","time":"2026-10-06T10:36:58.270679Z","file":"repository.c","line":241,"repo":1,"worktree":"/private/var/folders/f1/2xjyyqkn5plc19fx4nt4tpt00000gn/T/flow-dperf02-TxkS4x/main"}
{"event":"region_enter","sid":"20261006T103658.268919Z-Ha9d4ceab-P0000751c","thread":"main","time":"2026-10-06T10:36:58.271257Z","file":"read-cache.c","line":2357,"repo":1,"nesting":1,"category":"index","label":"do_read_index","msg":".git/index"}
{"event":"def_repo","sid":"20261006T103658.269323Z-Ha9d4ceab-P00007526","thread":"main","time":"2026-10-06T10:36:58.271277Z","file":"repository.c","line":241,"repo":1,"worktree":"/private/var/folders/f1/2xjyyqkn5plc19fx4nt4tpt00000gn/T/flow-dperf02-TxkS4x/worker"}
{"event":"exit","sid":"20261006T103658.268951Z-Ha9d4ceab-P0000750d","thread":"main","time":"2026-10-06T10:36:58.271316Z","file":"git.c","line":747,"t_abs":0.003434,"code":0}
{"event":"atexit","sid":"20261006T103658.268951Z-Ha9d4ceab-P0000750d","thread":"main","time":"2026-10-06T10:36:58.271327Z","file":"trace2/tr2_tgt_event.c","line":207,"t_abs":0.003445,"code":0}
{"event":"region_enter","sid":"20261006T103658.268919Z-Ha9d4ceab-P0000751c","thread":"main","time":"2026-10-06T10:36:58.271401Z","file":"cache-tree.c","line":643,"repo":1,"nesting":2,"category":"cache_tree","label":"read"}
{"event":"region_leave","sid":"20261006T103658.268919Z-Ha9d4ceab-P0000751c","thread":"main","time":"2026-10-06T10:36:58.271438Z","file":"cache-tree.c","line":645,"repo":1,"t_rel":0.000037,"nesting":2,"category":"cache_tree","label":"read"}
{"event":"def_repo","sid":"20261006T103658.269355Z-Ha9d4ceab-P00007530","thread":"main","time":"2026-10-06T10:36:58.271440Z","file":"repository.c","line":241,"repo":1,"worktree":"/private/var/folders/f1/2xjyyqkn5plc19fx4nt4tpt00000gn/T/flow-dperf02-TxkS4x/worker"}
{"event":"data","sid":"20261006T103658.268919Z-Ha9d4ceab-P0000751c","thread":"main","time":"2026-10-06T10:36:58.271449Z","file":"read-cache.c","line":2306,"repo":1,"t_abs":0.003426,"t_rel":0.000192,"nesting":2,"category":"index","key":"read/version","value":"2"}
{"event":"cmd_name","sid":"20261006T103658.269323Z-Ha9d4ceab-P00007526","thread":"main","time":"2026-10-06T10:36:58.271458Z","file":"git.c","line":477,"name":"branch","hierarchy":"branch"}
{"event":"data","sid":"20261006T103658.268919Z-Ha9d4ceab-P0000751c","thread":"main","time":"2026-10-06T10:36:58.271459Z","file":"read-cache.c","line":2308,"repo":1,"t_abs":0.003437,"t_rel":0.000203,"nesting":2,"category":"index","key":"read/cache_nr","value":"389"}
{"event":"region_leave","sid":"20261006T103658.268919Z-Ha9d4ceab-P0000751c","thread":"main","time":"2026-10-06T10:36:58.271475Z","file":"read-cache.c","line":2362,"repo":1,"t_rel":0.000219,"nesting":1,"category":"index","label":"do_read_index","msg":".git/index"}
{"event":"def_repo","sid":"20261006T103658.269349Z-Ha9d4ceab-P0000752b","thread":"main","time":"2026-10-06T10:36:58.271482Z","file":"repository.c","line":241,"repo":1,"worktree":"/private/var/folders/f1/2xjyyqkn5plc19fx4nt4tpt00000gn/T/flow-dperf02-TxkS4x/worker"}
{"event":"region_enter","sid":"20261006T103658.268919Z-Ha9d4ceab-P0000751c","thread":"main","time":"2026-10-06T10:36:58.271486Z","file":"read-cache.c","line":1513,"nesting":1,"category":"index","label":"refresh"}
{"event":"exit","sid":"20261006T103658.268906Z-Ha9d4ceab-P00007521","thread":"main","time":"2026-10-06T10:36:58.271503Z","file":"git.c","line":747,"t_abs":0.003488,"code":0}
{"event":"atexit","sid":"20261006T103658.268906Z-Ha9d4ceab-P00007521","thread":"main","time":"2026-10-06T10:36:58.271515Z","file":"trace2/tr2_tgt_event.c","line":207,"t_abs":0.003499,"code":0}
{"event":"exit","sid":"20261006T103658.268952Z-Ha9d4ceab-P00007517","thread":"main","time":"2026-10-06T10:36:58.271694Z","file":"git.c","line":747,"t_abs":0.003813,"code":0}
{"event":"atexit","sid":"20261006T103658.268952Z-Ha9d4ceab-P00007517","thread":"main","time":"2026-10-06T10:36:58.271706Z","file":"trace2/tr2_tgt_event.c","line":207,"t_abs":0.003825,"code":0}
{"event":"cmd_name","sid":"20261006T103658.269355Z-Ha9d4ceab-P00007530","thread":"main","time":"2026-10-06T10:36:58.271896Z","file":"git.c","line":477,"name":"status","hierarchy":"status"}
{"event":"exit","sid":"20261006T103658.269323Z-Ha9d4ceab-P00007526","thread":"main","time":"2026-10-06T10:36:58.272019Z","file":"git.c","line":747,"t_abs":0.003775,"code":0}
{"event":"atexit","sid":"20261006T103658.269323Z-Ha9d4ceab-P00007526","thread":"main","time":"2026-10-06T10:36:58.272027Z","file":"trace2/tr2_tgt_event.c","line":207,"t_abs":0.003783,"code":0}
{"event":"exit","sid":"20261006T103658.269349Z-Ha9d4ceab-P0000752b","thread":"main","time":"2026-10-06T10:36:58.272097Z","file":"git.c","line":747,"t_abs":0.003766,"code":0}
{"event":"atexit","sid":"20261006T103658.269349Z-Ha9d4ceab-P0000752b","thread":"main","time":"2026-10-06T10:36:58.272108Z","file":"trace2/tr2_tgt_event.c","line":207,"t_abs":0.003776,"code":0}
{"event":"region_enter","sid":"20261006T103658.269355Z-Ha9d4ceab-P00007530","thread":"main","time":"2026-10-06T10:36:58.272241Z","file":"read-cache.c","line":2357,"repo":1,"nesting":1,"category":"index","label":"do_read_index","msg":"/private/var/folders/f1/2xjyyqkn5plc19fx4nt4tpt00000gn/T/flow-dperf02-TxkS4x/main/.git/worktrees/worker/index"}
{"event":"region_enter","sid":"20261006T103658.269355Z-Ha9d4ceab-P00007530","thread":"main","time":"2026-10-06T10:36:58.272295Z","file":"cache-tree.c","line":643,"repo":1,"nesting":2,"category":"cache_tree","label":"read"}
{"event":"data","sid":"20261006T103658.268919Z-Ha9d4ceab-P0000751c","thread":"main","time":"2026-10-06T10:36:58.272423Z","file":"read-cache.c","line":1595,"t_abs":0.004398,"t_rel":0.000935,"nesting":2,"category":"index","key":"refresh/sum_lstat","value":"389"}
{"event":"data","sid":"20261006T103658.268919Z-Ha9d4ceab-P0000751c","thread":"main","time":"2026-10-06T10:36:58.272561Z","file":"read-cache.c","line":1596,"t_abs":0.004538,"t_rel":0.001075,"nesting":2,"category":"index","key":"refresh/sum_scan","value":"0"}
{"event":"region_leave","sid":"20261006T103658.268919Z-Ha9d4ceab-P0000751c","thread":"main","time":"2026-10-06T10:36:58.272568Z","file":"read-cache.c","line":1597,"t_rel":0.001082,"nesting":1,"category":"index","label":"refresh"}
{"event":"region_leave","sid":"20261006T103658.269355Z-Ha9d4ceab-P00007530","thread":"main","time":"2026-10-06T10:36:58.272593Z","file":"cache-tree.c","line":645,"repo":1,"t_rel":0.000297,"nesting":2,"category":"cache_tree","label":"read"}
{"event":"data","sid":"20261006T103658.269355Z-Ha9d4ceab-P00007530","thread":"main","time":"2026-10-06T10:36:58.272611Z","file":"read-cache.c","line":2306,"repo":1,"t_abs":0.004192,"t_rel":0.000370,"nesting":2,"category":"index","key":"read/version","value":"2"}
{"event":"data","sid":"20261006T103658.269355Z-Ha9d4ceab-P00007530","thread":"main","time":"2026-10-06T10:36:58.272622Z","file":"read-cache.c","line":2308,"repo":1,"t_abs":0.004203,"t_rel":0.000381,"nesting":2,"category":"index","key":"read/cache_nr","value":"389"}
{"event":"region_leave","sid":"20261006T103658.269355Z-Ha9d4ceab-P00007530","thread":"main","time":"2026-10-06T10:36:58.272627Z","file":"read-cache.c","line":2362,"repo":1,"t_rel":0.000386,"nesting":1,"category":"index","label":"do_read_index","msg":"/private/var/folders/f1/2xjyyqkn5plc19fx4nt4tpt00000gn/T/flow-dperf02-TxkS4x/main/.git/worktrees/worker/index"}
{"event":"region_enter","sid":"20261006T103658.269355Z-Ha9d4ceab-P00007530","thread":"main","time":"2026-10-06T10:36:58.272642Z","file":"read-cache.c","line":1513,"nesting":1,"category":"index","label":"refresh"}
{"event":"region_enter","sid":"20261006T103658.268919Z-Ha9d4ceab-P0000751c","thread":"main","time":"2026-10-06T10:36:58.272647Z","file":"wt-status.c","line":841,"repo":1,"nesting":1,"category":"status","label":"worktrees"}
{"event":"region_enter","sid":"20261006T103658.268919Z-Ha9d4ceab-P0000751c","thread":"main","time":"2026-10-06T10:36:58.272676Z","file":"diffcore-rename.c","line":1407,"repo":1,"nesting":2,"category":"diff","label":"setup"}
{"event":"region_leave","sid":"20261006T103658.268919Z-Ha9d4ceab-P0000751c","thread":"main","time":"2026-10-06T10:36:58.272681Z","file":"diffcore-rename.c","line":1460,"repo":1,"t_rel":0.000005,"nesting":2,"category":"diff","label":"setup"}
{"event":"region_enter","sid":"20261006T103658.268919Z-Ha9d4ceab-P0000751c","thread":"main","time":"2026-10-06T10:36:58.272685Z","file":"diffcore-rename.c","line":1640,"repo":1,"nesting":2,"category":"diff","label":"write back to queue"}
{"event":"region_leave","sid":"20261006T103658.268919Z-Ha9d4ceab-P0000751c","thread":"main","time":"2026-10-06T10:36:58.272689Z","file":"diffcore-rename.c","line":1717,"repo":1,"t_rel":0.000004,"nesting":2,"category":"diff","label":"write back to queue"}
{"event":"region_leave","sid":"20261006T103658.268919Z-Ha9d4ceab-P0000751c","thread":"main","time":"2026-10-06T10:36:58.272696Z","file":"wt-status.c","line":843,"repo":1,"t_rel":0.000049,"nesting":1,"category":"status","label":"worktrees"}
{"event":"region_enter","sid":"20261006T103658.268919Z-Ha9d4ceab-P0000751c","thread":"main","time":"2026-10-06T10:36:58.272700Z","file":"wt-status.c","line":850,"repo":1,"nesting":1,"category":"status","label":"index"}
{"event":"region_enter","sid":"20261006T103658.268919Z-Ha9d4ceab-P0000751c","thread":"main","time":"2026-10-06T10:36:58.273548Z","file":"unpack-trees.c","line":1905,"repo":1,"nesting":2,"category":"unpack_trees","label":"unpack_trees"}
{"event":"region_leave","sid":"20261006T103658.268919Z-Ha9d4ceab-P0000751c","thread":"main","time":"2026-10-06T10:36:58.273979Z","file":"unpack-trees.c","line":2108,"repo":1,"t_rel":0.000431,"nesting":2,"category":"unpack_trees","label":"unpack_trees"}
{"event":"region_enter","sid":"20261006T103658.268919Z-Ha9d4ceab-P0000751c","thread":"main","time":"2026-10-06T10:36:58.273986Z","file":"diffcore-rename.c","line":1407,"repo":1,"nesting":2,"category":"diff","label":"setup"}
{"event":"region_leave","sid":"20261006T103658.268919Z-Ha9d4ceab-P0000751c","thread":"main","time":"2026-10-06T10:36:58.273991Z","file":"diffcore-rename.c","line":1460,"repo":1,"t_rel":0.000004,"nesting":2,"category":"diff","label":"setup"}
{"event":"region_enter","sid":"20261006T103658.268919Z-Ha9d4ceab-P0000751c","thread":"main","time":"2026-10-06T10:36:58.273995Z","file":"diffcore-rename.c","line":1640,"repo":1,"nesting":2,"category":"diff","label":"write back to queue"}
{"event":"region_leave","sid":"20261006T103658.268919Z-Ha9d4ceab-P0000751c","thread":"main","time":"2026-10-06T10:36:58.273999Z","file":"diffcore-rename.c","line":1717,"repo":1,"t_rel":0.000004,"nesting":2,"category":"diff","label":"write back to queue"}
{"event":"region_leave","sid":"20261006T103658.268919Z-Ha9d4ceab-P0000751c","thread":"main","time":"2026-10-06T10:36:58.274004Z","file":"wt-status.c","line":852,"repo":1,"t_rel":0.001304,"nesting":1,"category":"status","label":"index"}
{"event":"region_enter","sid":"20261006T103658.268919Z-Ha9d4ceab-P0000751c","thread":"main","time":"2026-10-06T10:36:58.274008Z","file":"wt-status.c","line":855,"repo":1,"nesting":1,"category":"status","label":"untracked"}
{"event":"region_enter","sid":"20261006T103658.268919Z-Ha9d4ceab-P0000751c","thread":"main","time":"2026-10-06T10:36:58.274067Z","file":"dir.c","line":3090,"repo":1,"nesting":2,"category":"dir","label":"read_directory"}
{"event":"region_leave","sid":"20261006T103658.268919Z-Ha9d4ceab-P0000751c","thread":"main","time":"2026-10-06T10:36:58.278075Z","file":"dir.c","line":3113,"repo":1,"t_rel":0.004002,"nesting":2,"category":"dir","label":"read_directory"}
{"event":"region_leave","sid":"20261006T103658.268919Z-Ha9d4ceab-P0000751c","thread":"main","time":"2026-10-06T10:36:58.278097Z","file":"wt-status.c","line":857,"repo":1,"t_rel":0.004090,"nesting":1,"category":"status","label":"untracked"}
{"event":"data","sid":"20261006T103658.268919Z-Ha9d4ceab-P0000751c","thread":"main","time":"2026-10-06T10:36:58.278133Z","file":"wt-status.c","line":2569,"repo":1,"t_abs":0.010111,"t_rel":0.010111,"nesting":1,"category":"status","key":"count/changed","value":"0"}
{"event":"data","sid":"20261006T103658.268919Z-Ha9d4ceab-P0000751c","thread":"main","time":"2026-10-06T10:36:58.278139Z","file":"wt-status.c","line":2571,"repo":1,"t_abs":0.010117,"t_rel":0.010117,"nesting":1,"category":"status","key":"count/untracked","value":"0"}
{"event":"data","sid":"20261006T103658.268919Z-Ha9d4ceab-P0000751c","thread":"main","time":"2026-10-06T10:36:58.278146Z","file":"wt-status.c","line":2572,"repo":1,"t_abs":0.010124,"t_rel":0.010124,"nesting":1,"category":"status","key":"count/ignored","value":"0"}
{"event":"region_enter","sid":"20261006T103658.268919Z-Ha9d4ceab-P0000751c","thread":"main","time":"2026-10-06T10:36:58.278151Z","file":"wt-status.c","line":2574,"repo":1,"nesting":1,"category":"status","label":"print"}
{"event":"region_leave","sid":"20261006T103658.268919Z-Ha9d4ceab-P0000751c","thread":"main","time":"2026-10-06T10:36:58.278156Z","file":"wt-status.c","line":2595,"repo":1,"t_rel":0.000006,"nesting":1,"category":"status","label":"print"}
{"event":"exit","sid":"20261006T103658.268919Z-Ha9d4ceab-P0000751c","thread":"main","time":"2026-10-06T10:36:58.278164Z","file":"git.c","line":747,"t_abs":0.010141,"code":0}
{"event":"data_json","sid":"20261006T103658.268919Z-Ha9d4ceab-P0000751c","thread":"main","time":"2026-10-06T10:36:58.278169Z","file":"tree-walk.c","line":186,"repo":1,"t_abs":0.010147,"t_rel":0.010147,"nesting":1,"category":"traverse_trees","key":"statistics","value":{"traverse_trees_count":1,"traverse_trees_max_depth":1}}
{"event":"atexit","sid":"20261006T103658.268919Z-Ha9d4ceab-P0000751c","thread":"main","time":"2026-10-06T10:36:58.278198Z","file":"trace2/tr2_tgt_event.c","line":207,"t_abs":0.010175,"code":0}
{"event":"data","sid":"20261006T103658.269355Z-Ha9d4ceab-P00007530","thread":"main","time":"2026-10-06T10:36:58.280565Z","file":"read-cache.c","line":1595,"t_abs":0.012146,"t_rel":0.007923,"nesting":2,"category":"index","key":"refresh/sum_lstat","value":"389"}
{"event":"data","sid":"20261006T103658.269355Z-Ha9d4ceab-P00007530","thread":"main","time":"2026-10-06T10:36:58.280576Z","file":"read-cache.c","line":1596,"t_abs":0.012157,"t_rel":0.007934,"nesting":2,"category":"index","key":"refresh/sum_scan","value":"0"}
{"event":"region_leave","sid":"20261006T103658.269355Z-Ha9d4ceab-P00007530","thread":"main","time":"2026-10-06T10:36:58.280580Z","file":"read-cache.c","line":1597,"t_rel":0.007938,"nesting":1,"category":"index","label":"refresh"}
{"event":"region_enter","sid":"20261006T103658.269355Z-Ha9d4ceab-P00007530","thread":"main","time":"2026-10-06T10:36:58.280652Z","file":"wt-status.c","line":841,"repo":1,"nesting":1,"category":"status","label":"worktrees"}
{"event":"region_enter","sid":"20261006T103658.269355Z-Ha9d4ceab-P00007530","thread":"main","time":"2026-10-06T10:36:58.280674Z","file":"diffcore-rename.c","line":1407,"repo":1,"nesting":2,"category":"diff","label":"setup"}
{"event":"region_leave","sid":"20261006T103658.269355Z-Ha9d4ceab-P00007530","thread":"main","time":"2026-10-06T10:36:58.280678Z","file":"diffcore-rename.c","line":1460,"repo":1,"t_rel":0.000005,"nesting":2,"category":"diff","label":"setup"}
{"event":"region_enter","sid":"20261006T103658.269355Z-Ha9d4ceab-P00007530","thread":"main","time":"2026-10-06T10:36:58.280682Z","file":"diffcore-rename.c","line":1640,"repo":1,"nesting":2,"category":"diff","label":"write back to queue"}
{"event":"region_leave","sid":"20261006T103658.269355Z-Ha9d4ceab-P00007530","thread":"main","time":"2026-10-06T10:36:58.280689Z","file":"diffcore-rename.c","line":1717,"repo":1,"t_rel":0.000007,"nesting":2,"category":"diff","label":"write back to queue"}
{"event":"region_leave","sid":"20261006T103658.269355Z-Ha9d4ceab-P00007530","thread":"main","time":"2026-10-06T10:36:58.280694Z","file":"wt-status.c","line":843,"repo":1,"t_rel":0.000042,"nesting":1,"category":"status","label":"worktrees"}
{"event":"region_enter","sid":"20261006T103658.269355Z-Ha9d4ceab-P00007530","thread":"main","time":"2026-10-06T10:36:58.280698Z","file":"wt-status.c","line":850,"repo":1,"nesting":1,"category":"status","label":"index"}
{"event":"region_enter","sid":"20261006T103658.269355Z-Ha9d4ceab-P00007530","thread":"main","time":"2026-10-06T10:36:58.281430Z","file":"unpack-trees.c","line":1905,"repo":1,"nesting":2,"category":"unpack_trees","label":"unpack_trees"}
{"event":"region_leave","sid":"20261006T103658.269355Z-Ha9d4ceab-P00007530","thread":"main","time":"2026-10-06T10:36:58.281512Z","file":"unpack-trees.c","line":2108,"repo":1,"t_rel":0.000081,"nesting":2,"category":"unpack_trees","label":"unpack_trees"}
{"event":"region_enter","sid":"20261006T103658.269355Z-Ha9d4ceab-P00007530","thread":"main","time":"2026-10-06T10:36:58.281517Z","file":"diffcore-rename.c","line":1407,"repo":1,"nesting":2,"category":"diff","label":"setup"}
{"event":"region_leave","sid":"20261006T103658.269355Z-Ha9d4ceab-P00007530","thread":"main","time":"2026-10-06T10:36:58.281524Z","file":"diffcore-rename.c","line":1460,"repo":1,"t_rel":0.000007,"nesting":2,"category":"diff","label":"setup"}
{"event":"region_enter","sid":"20261006T103658.269355Z-Ha9d4ceab-P00007530","thread":"main","time":"2026-10-06T10:36:58.281527Z","file":"diffcore-rename.c","line":1640,"repo":1,"nesting":2,"category":"diff","label":"write back to queue"}
{"event":"region_leave","sid":"20261006T103658.269355Z-Ha9d4ceab-P00007530","thread":"main","time":"2026-10-06T10:36:58.281531Z","file":"diffcore-rename.c","line":1717,"repo":1,"t_rel":0.000003,"nesting":2,"category":"diff","label":"write back to queue"}
{"event":"region_leave","sid":"20261006T103658.269355Z-Ha9d4ceab-P00007530","thread":"main","time":"2026-10-06T10:36:58.281827Z","file":"wt-status.c","line":852,"repo":1,"t_rel":0.001128,"nesting":1,"category":"status","label":"index"}
{"event":"region_enter","sid":"20261006T103658.269355Z-Ha9d4ceab-P00007530","thread":"main","time":"2026-10-06T10:36:58.281831Z","file":"wt-status.c","line":855,"repo":1,"nesting":1,"category":"status","label":"untracked"}
{"event":"region_enter","sid":"20261006T103658.269355Z-Ha9d4ceab-P00007530","thread":"main","time":"2026-10-06T10:36:58.281887Z","file":"dir.c","line":3090,"repo":1,"nesting":2,"category":"dir","label":"read_directory"}
{"event":"region_leave","sid":"20261006T103658.269355Z-Ha9d4ceab-P00007530","thread":"main","time":"2026-10-06T10:36:58.284112Z","file":"dir.c","line":3113,"repo":1,"t_rel":0.002224,"nesting":2,"category":"dir","label":"read_directory"}
{"event":"region_leave","sid":"20261006T103658.269355Z-Ha9d4ceab-P00007530","thread":"main","time":"2026-10-06T10:36:58.284123Z","file":"wt-status.c","line":857,"repo":1,"t_rel":0.002292,"nesting":1,"category":"status","label":"untracked"}
{"event":"data","sid":"20261006T103658.269355Z-Ha9d4ceab-P00007530","thread":"main","time":"2026-10-06T10:36:58.284158Z","file":"wt-status.c","line":2569,"repo":1,"t_abs":0.015740,"t_rel":0.015740,"nesting":1,"category":"status","key":"count/changed","value":"0"}
{"event":"data","sid":"20261006T103658.269355Z-Ha9d4ceab-P00007530","thread":"main","time":"2026-10-06T10:36:58.284163Z","file":"wt-status.c","line":2571,"repo":1,"t_abs":0.015745,"t_rel":0.015745,"nesting":1,"category":"status","key":"count/untracked","value":"0"}
{"event":"data","sid":"20261006T103658.269355Z-Ha9d4ceab-P00007530","thread":"main","time":"2026-10-06T10:36:58.284167Z","file":"wt-status.c","line":2572,"repo":1,"t_abs":0.015749,"t_rel":0.015749,"nesting":1,"category":"status","key":"count/ignored","value":"0"}
{"event":"region_enter","sid":"20261006T103658.269355Z-Ha9d4ceab-P00007530","thread":"main","time":"2026-10-06T10:36:58.284171Z","file":"wt-status.c","line":2574,"repo":1,"nesting":1,"category":"status","label":"print"}
{"event":"region_leave","sid":"20261006T103658.269355Z-Ha9d4ceab-P00007530","thread":"main","time":"2026-10-06T10:36:58.284176Z","file":"wt-status.c","line":2595,"repo":1,"t_rel":0.000005,"nesting":1,"category":"status","label":"print"}
{"event":"exit","sid":"20261006T103658.269355Z-Ha9d4ceab-P00007530","thread":"main","time":"2026-10-06T10:36:58.284185Z","file":"git.c","line":747,"t_abs":0.015767,"code":0}
{"event":"data_json","sid":"20261006T103658.269355Z-Ha9d4ceab-P00007530","thread":"main","time":"2026-10-06T10:36:58.284190Z","file":"tree-walk.c","line":186,"repo":1,"t_abs":0.015771,"t_rel":0.015771,"nesting":1,"category":"traverse_trees","key":"statistics","value":{"traverse_trees_count":1,"traverse_trees_max_depth":1}}
{"event":"atexit","sid":"20261006T103658.269355Z-Ha9d4ceab-P00007530","thread":"main","time":"2026-10-06T10:36:58.284194Z","file":"trace2/tr2_tgt_event.c","line":207,"t_abs":0.015776,"code":0}
{"event":"version","sid":"20261006T103658.312667Z-Ha9d4ceab-P00007535","thread":"main","time":"2026-10-06T10:36:58.313159Z","file":"common-init.c","line":57,"evt":"4","exe":"2.50.1 (Apple Git-155)"}
{"event":"start","sid":"20261006T103658.312667Z-Ha9d4ceab-P00007535","thread":"main","time":"2026-10-06T10:36:58.313189Z","file":"common-init.c","line":58,"t_abs":0.000889,"argv":["/Library/Developer/CommandLineTools/usr/bin/git","-C","/var/folders/f1/2xjyyqkn5plc19fx4nt4tpt00000gn/T/flow-dperf02-TxkS4x/worker","cat-file","-t","e0ef529332efc4ec97e5a135bd44fbeab0e3205c"]}
{"event":"def_repo","sid":"20261006T103658.312667Z-Ha9d4ceab-P00007535","thread":"main","time":"2026-10-06T10:36:58.313847Z","file":"repository.c","line":241,"repo":1,"worktree":"/private/var/folders/f1/2xjyyqkn5plc19fx4nt4tpt00000gn/T/flow-dperf02-TxkS4x/worker"}
{"event":"cmd_name","sid":"20261006T103658.312667Z-Ha9d4ceab-P00007535","thread":"main","time":"2026-10-06T10:36:58.314215Z","file":"git.c","line":477,"name":"cat-file","hierarchy":"cat-file"}
{"event":"version","sid":"20261006T103658.314012Z-Ha9d4ceab-P0000753a","thread":"main","time":"2026-10-06T10:36:58.314407Z","file":"common-init.c","line":57,"evt":"4","exe":"2.50.1 (Apple Git-155)"}
{"event":"start","sid":"20261006T103658.314012Z-Ha9d4ceab-P0000753a","thread":"main","time":"2026-10-06T10:36:58.314421Z","file":"common-init.c","line":58,"t_abs":0.001010,"argv":["/Library/Developer/CommandLineTools/usr/bin/git","-C","/var/folders/f1/2xjyyqkn5plc19fx4nt4tpt00000gn/T/flow-dperf02-TxkS4x/worker","cat-file","-t","e0ef529332efc4ec97e5a135bd44fbeab0e3205c"]}
{"event":"def_repo","sid":"20261006T103658.314012Z-Ha9d4ceab-P0000753a","thread":"main","time":"2026-10-06T10:36:58.315159Z","file":"repository.c","line":241,"repo":1,"worktree":"/private/var/folders/f1/2xjyyqkn5plc19fx4nt4tpt00000gn/T/flow-dperf02-TxkS4x/worker"}
{"event":"version","sid":"20261006T103658.314517Z-Ha9d4ceab-P00007544","thread":"main","time":"2026-10-06T10:36:58.315359Z","file":"common-init.c","line":57,"evt":"4","exe":"2.50.1 (Apple Git-155)"}
{"event":"start","sid":"20261006T103658.314517Z-Ha9d4ceab-P00007544","thread":"main","time":"2026-10-06T10:36:58.315374Z","file":"common-init.c","line":58,"t_abs":0.001853,"argv":["/Library/Developer/CommandLineTools/usr/bin/git","-C","/var/folders/f1/2xjyyqkn5plc19fx4nt4tpt00000gn/T/flow-dperf02-TxkS4x/worker","cat-file","-t","e0ef529332efc4ec97e5a135bd44fbeab0e3205c"]}
{"event":"cmd_name","sid":"20261006T103658.314012Z-Ha9d4ceab-P0000753a","thread":"main","time":"2026-10-06T10:36:58.315781Z","file":"git.c","line":477,"name":"cat-file","hierarchy":"cat-file"}
{"event":"exit","sid":"20261006T103658.312667Z-Ha9d4ceab-P00007535","thread":"main","time":"2026-10-06T10:36:58.315829Z","file":"git.c","line":747,"t_abs":0.003527,"code":0}
{"event":"atexit","sid":"20261006T103658.312667Z-Ha9d4ceab-P00007535","thread":"main","time":"2026-10-06T10:36:58.315865Z","file":"trace2/tr2_tgt_event.c","line":207,"t_abs":0.003564,"code":0}
{"event":"def_repo","sid":"20261006T103658.314517Z-Ha9d4ceab-P00007544","thread":"main","time":"2026-10-06T10:36:58.316080Z","file":"repository.c","line":241,"repo":1,"worktree":"/private/var/folders/f1/2xjyyqkn5plc19fx4nt4tpt00000gn/T/flow-dperf02-TxkS4x/worker"}
{"event":"version","sid":"20261006T103658.315740Z-Ha9d4ceab-P0000753f","thread":"main","time":"2026-10-06T10:36:58.316146Z","file":"common-init.c","line":57,"evt":"4","exe":"2.50.1 (Apple Git-155)"}
{"event":"start","sid":"20261006T103658.315740Z-Ha9d4ceab-P0000753f","thread":"main","time":"2026-10-06T10:36:58.316161Z","file":"common-init.c","line":58,"t_abs":0.001092,"argv":["/Library/Developer/CommandLineTools/usr/bin/git","-C","/var/folders/f1/2xjyyqkn5plc19fx4nt4tpt00000gn/T/flow-dperf02-TxkS4x/worker","cat-file","-t","e0ef529332efc4ec97e5a135bd44fbeab0e3205c"]}
{"event":"cmd_name","sid":"20261006T103658.314517Z-Ha9d4ceab-P00007544","thread":"main","time":"2026-10-06T10:36:58.316440Z","file":"git.c","line":477,"name":"cat-file","hierarchy":"cat-file"}
{"event":"exit","sid":"20261006T103658.314012Z-Ha9d4ceab-P0000753a","thread":"main","time":"2026-10-06T10:36:58.316994Z","file":"git.c","line":747,"t_abs":0.003583,"code":0}
{"event":"atexit","sid":"20261006T103658.314012Z-Ha9d4ceab-P0000753a","thread":"main","time":"2026-10-06T10:36:58.317004Z","file":"trace2/tr2_tgt_event.c","line":207,"t_abs":0.003593,"code":0}
{"event":"def_repo","sid":"20261006T103658.315740Z-Ha9d4ceab-P0000753f","thread":"main","time":"2026-10-06T10:36:58.317310Z","file":"repository.c","line":241,"repo":1,"worktree":"/private/var/folders/f1/2xjyyqkn5plc19fx4nt4tpt00000gn/T/flow-dperf02-TxkS4x/worker"}
{"event":"cmd_name","sid":"20261006T103658.315740Z-Ha9d4ceab-P0000753f","thread":"main","time":"2026-10-06T10:36:58.317593Z","file":"git.c","line":477,"name":"cat-file","hierarchy":"cat-file"}
{"event":"exit","sid":"20261006T103658.314517Z-Ha9d4ceab-P00007544","thread":"main","time":"2026-10-06T10:36:58.317606Z","file":"git.c","line":747,"t_abs":0.004085,"code":0}
{"event":"atexit","sid":"20261006T103658.314517Z-Ha9d4ceab-P00007544","thread":"main","time":"2026-10-06T10:36:58.317614Z","file":"trace2/tr2_tgt_event.c","line":207,"t_abs":0.004094,"code":0}
{"event":"version","sid":"20261006T103658.317255Z-Ha9d4ceab-P00007549","thread":"main","time":"2026-10-06T10:36:58.317780Z","file":"common-init.c","line":57,"evt":"4","exe":"2.50.1 (Apple Git-155)"}
{"event":"start","sid":"20261006T103658.317255Z-Ha9d4ceab-P00007549","thread":"main","time":"2026-10-06T10:36:58.317794Z","file":"common-init.c","line":58,"t_abs":0.001013,"argv":["/Library/Developer/CommandLineTools/usr/bin/git","-C","/var/folders/f1/2xjyyqkn5plc19fx4nt4tpt00000gn/T/flow-dperf02-TxkS4x/worker","cat-file","-t","e0ef529332efc4ec97e5a135bd44fbeab0e3205c"]}
{"event":"version","sid":"20261006T103658.316952Z-Ha9d4ceab-P0000754e","thread":"main","time":"2026-10-06T10:36:58.317951Z","file":"common-init.c","line":57,"evt":"4","exe":"2.50.1 (Apple Git-155)"}
{"event":"start","sid":"20261006T103658.316952Z-Ha9d4ceab-P0000754e","thread":"main","time":"2026-10-06T10:36:58.318005Z","file":"common-init.c","line":58,"t_abs":0.001592,"argv":["/Library/Developer/CommandLineTools/usr/bin/git","-C","/var/folders/f1/2xjyyqkn5plc19fx4nt4tpt00000gn/T/flow-dperf02-TxkS4x/worker","cat-file","-t","e0ef529332efc4ec97e5a135bd44fbeab0e3205c"]}
{"event":"version","sid":"20261006T103658.317064Z-Ha9d4ceab-P00007553","thread":"main","time":"2026-10-06T10:36:58.317973Z","file":"common-init.c","line":57,"evt":"4","exe":"2.50.1 (Apple Git-155)"}
{"event":"start","sid":"20261006T103658.317064Z-Ha9d4ceab-P00007553","thread":"main","time":"2026-10-06T10:36:58.318043Z","file":"common-init.c","line":58,"t_abs":0.001533,"argv":["/Library/Developer/CommandLineTools/usr/bin/git","-C","/var/folders/f1/2xjyyqkn5plc19fx4nt4tpt00000gn/T/flow-dperf02-TxkS4x/worker","cat-file","-t","e0ef529332efc4ec97e5a135bd44fbeab0e3205c"]}
{"event":"def_repo","sid":"20261006T103658.317255Z-Ha9d4ceab-P00007549","thread":"main","time":"2026-10-06T10:36:58.318139Z","file":"repository.c","line":241,"repo":1,"worktree":"/private/var/folders/f1/2xjyyqkn5plc19fx4nt4tpt00000gn/T/flow-dperf02-TxkS4x/worker"}
{"event":"cmd_name","sid":"20261006T103658.317255Z-Ha9d4ceab-P00007549","thread":"main","time":"2026-10-06T10:36:58.318430Z","file":"git.c","line":477,"name":"cat-file","hierarchy":"cat-file"}
{"event":"exit","sid":"20261006T103658.315740Z-Ha9d4ceab-P0000753f","thread":"main","time":"2026-10-06T10:36:58.318444Z","file":"git.c","line":747,"t_abs":0.003375,"code":0}
{"event":"atexit","sid":"20261006T103658.315740Z-Ha9d4ceab-P0000753f","thread":"main","time":"2026-10-06T10:36:58.318454Z","file":"trace2/tr2_tgt_event.c","line":207,"t_abs":0.003384,"code":0}
{"event":"def_repo","sid":"20261006T103658.316952Z-Ha9d4ceab-P0000754e","thread":"main","time":"2026-10-06T10:36:58.318749Z","file":"repository.c","line":241,"repo":1,"worktree":"/private/var/folders/f1/2xjyyqkn5plc19fx4nt4tpt00000gn/T/flow-dperf02-TxkS4x/worker"}
{"event":"def_repo","sid":"20261006T103658.317064Z-Ha9d4ceab-P00007553","thread":"main","time":"2026-10-06T10:36:58.318819Z","file":"repository.c","line":241,"repo":1,"worktree":"/private/var/folders/f1/2xjyyqkn5plc19fx4nt4tpt00000gn/T/flow-dperf02-TxkS4x/worker"}
{"event":"cmd_name","sid":"20261006T103658.316952Z-Ha9d4ceab-P0000754e","thread":"main","time":"2026-10-06T10:36:58.319197Z","file":"git.c","line":477,"name":"cat-file","hierarchy":"cat-file"}
{"event":"cmd_name","sid":"20261006T103658.317064Z-Ha9d4ceab-P00007553","thread":"main","time":"2026-10-06T10:36:58.319410Z","file":"git.c","line":477,"name":"cat-file","hierarchy":"cat-file"}
{"event":"exit","sid":"20261006T103658.317255Z-Ha9d4ceab-P00007549","thread":"main","time":"2026-10-06T10:36:58.319589Z","file":"git.c","line":747,"t_abs":0.002808,"code":0}
{"event":"atexit","sid":"20261006T103658.317255Z-Ha9d4ceab-P00007549","thread":"main","time":"2026-10-06T10:36:58.319603Z","file":"trace2/tr2_tgt_event.c","line":207,"t_abs":0.002822,"code":0}
{"event":"exit","sid":"20261006T103658.316952Z-Ha9d4ceab-P0000754e","thread":"main","time":"2026-10-06T10:36:58.320445Z","file":"git.c","line":747,"t_abs":0.004032,"code":0}
{"event":"exit","sid":"20261006T103658.317064Z-Ha9d4ceab-P00007553","thread":"main","time":"2026-10-06T10:36:58.320465Z","file":"git.c","line":747,"t_abs":0.003956,"code":0}
{"event":"atexit","sid":"20261006T103658.317064Z-Ha9d4ceab-P00007553","thread":"main","time":"2026-10-06T10:36:58.320706Z","file":"trace2/tr2_tgt_event.c","line":207,"t_abs":0.004195,"code":0}
{"event":"atexit","sid":"20261006T103658.316952Z-Ha9d4ceab-P0000754e","thread":"main","time":"2026-10-06T10:36:58.320712Z","file":"trace2/tr2_tgt_event.c","line":207,"t_abs":0.004297,"code":0}
{"event":"version","sid":"20261006T103658.320722Z-Ha9d4ceab-P0000755d","thread":"main","time":"2026-10-06T10:36:58.321436Z","file":"common-init.c","line":57,"evt":"4","exe":"2.50.1 (Apple Git-155)"}
{"event":"start","sid":"20261006T103658.320722Z-Ha9d4ceab-P0000755d","thread":"main","time":"2026-10-06T10:36:58.321453Z","file":"common-init.c","line":58,"t_abs":0.001354,"argv":["/Library/Developer/CommandLineTools/usr/bin/git","-C","/var/folders/f1/2xjyyqkn5plc19fx4nt4tpt00000gn/T/flow-dperf02-TxkS4x/worker","cat-file","-t","e0ef529332efc4ec97e5a135bd44fbeab0e3205c"]}
{"event":"def_repo","sid":"20261006T103658.320722Z-Ha9d4ceab-P0000755d","thread":"main","time":"2026-10-06T10:36:58.321800Z","file":"repository.c","line":241,"repo":1,"worktree":"/private/var/folders/f1/2xjyyqkn5plc19fx4nt4tpt00000gn/T/flow-dperf02-TxkS4x/worker"}
{"event":"version","sid":"20261006T103658.320722Z-Ha9d4ceab-P00007567","thread":"main","time":"2026-10-06T10:36:58.321865Z","file":"common-init.c","line":57,"evt":"4","exe":"2.50.1 (Apple Git-155)"}
{"event":"start","sid":"20261006T103658.320722Z-Ha9d4ceab-P00007567","thread":"main","time":"2026-10-06T10:36:58.321881Z","file":"common-init.c","line":58,"t_abs":0.001554,"argv":["/Library/Developer/CommandLineTools/usr/bin/git","-C","/var/folders/f1/2xjyyqkn5plc19fx4nt4tpt00000gn/T/flow-dperf02-TxkS4x/worker","cat-file","-t","e0ef529332efc4ec97e5a135bd44fbeab0e3205c"]}
{"event":"cmd_name","sid":"20261006T103658.320722Z-Ha9d4ceab-P0000755d","thread":"main","time":"2026-10-06T10:36:58.322087Z","file":"git.c","line":477,"name":"cat-file","hierarchy":"cat-file"}
{"event":"def_repo","sid":"20261006T103658.320722Z-Ha9d4ceab-P00007567","thread":"main","time":"2026-10-06T10:36:58.322285Z","file":"repository.c","line":241,"repo":1,"worktree":"/private/var/folders/f1/2xjyyqkn5plc19fx4nt4tpt00000gn/T/flow-dperf02-TxkS4x/worker"}
{"event":"version","sid":"20261006T103658.321362Z-Ha9d4ceab-P00007558","thread":"main","time":"2026-10-06T10:36:58.322288Z","file":"common-init.c","line":57,"evt":"4","exe":"2.50.1 (Apple Git-155)"}
{"event":"start","sid":"20261006T103658.321362Z-Ha9d4ceab-P00007558","thread":"main","time":"2026-10-06T10:36:58.322303Z","file":"common-init.c","line":58,"t_abs":0.001356,"argv":["/Library/Developer/CommandLineTools/usr/bin/git","-C","/var/folders/f1/2xjyyqkn5plc19fx4nt4tpt00000gn/T/flow-dperf02-TxkS4x/worker","cat-file","-t","e0ef529332efc4ec97e5a135bd44fbeab0e3205c"]}
{"event":"version","sid":"20261006T103658.321362Z-Ha9d4ceab-P00007562","thread":"main","time":"2026-10-06T10:36:58.322396Z","file":"common-init.c","line":57,"evt":"4","exe":"2.50.1 (Apple Git-155)"}
{"event":"start","sid":"20261006T103658.321362Z-Ha9d4ceab-P00007562","thread":"main","time":"2026-10-06T10:36:58.322447Z","file":"common-init.c","line":58,"t_abs":0.001509,"argv":["/Library/Developer/CommandLineTools/usr/bin/git","-C","/var/folders/f1/2xjyyqkn5plc19fx4nt4tpt00000gn/T/flow-dperf02-TxkS4x/worker","cat-file","-t","e0ef529332efc4ec97e5a135bd44fbeab0e3205c"]}
{"event":"cmd_name","sid":"20261006T103658.320722Z-Ha9d4ceab-P00007567","thread":"main","time":"2026-10-06T10:36:58.322820Z","file":"git.c","line":477,"name":"cat-file","hierarchy":"cat-file"}
{"event":"def_repo","sid":"20261006T103658.321362Z-Ha9d4ceab-P00007558","thread":"main","time":"2026-10-06T10:36:58.323030Z","file":"repository.c","line":241,"repo":1,"worktree":"/private/var/folders/f1/2xjyyqkn5plc19fx4nt4tpt00000gn/T/flow-dperf02-TxkS4x/worker"}
{"event":"def_repo","sid":"20261006T103658.321362Z-Ha9d4ceab-P00007562","thread":"main","time":"2026-10-06T10:36:58.323226Z","file":"repository.c","line":241,"repo":1,"worktree":"/private/var/folders/f1/2xjyyqkn5plc19fx4nt4tpt00000gn/T/flow-dperf02-TxkS4x/worker"}
{"event":"exit","sid":"20261006T103658.320722Z-Ha9d4ceab-P0000755d","thread":"main","time":"2026-10-06T10:36:58.323442Z","file":"git.c","line":747,"t_abs":0.003343,"code":0}
{"event":"version","sid":"20261006T103658.322923Z-Ha9d4ceab-P0000756c","thread":"main","time":"2026-10-06T10:36:58.323429Z","file":"common-init.c","line":57,"evt":"4","exe":"2.50.1 (Apple Git-155)"}
{"event":"atexit","sid":"20261006T103658.320722Z-Ha9d4ceab-P0000755d","thread":"main","time":"2026-10-06T10:36:58.323455Z","file":"trace2/tr2_tgt_event.c","line":207,"t_abs":0.003356,"code":0}
{"event":"start","sid":"20261006T103658.322923Z-Ha9d4ceab-P0000756c","thread":"main","time":"2026-10-06T10:36:58.323484Z","file":"common-init.c","line":58,"t_abs":0.001196,"argv":["/Library/Developer/CommandLineTools/usr/bin/git","-C","/var/folders/f1/2xjyyqkn5plc19fx4nt4tpt00000gn/T/flow-dperf02-TxkS4x/worker","cat-file","-t","e0ef529332efc4ec97e5a135bd44fbeab0e3205c"]}
{"event":"cmd_name","sid":"20261006T103658.321362Z-Ha9d4ceab-P00007558","thread":"main","time":"2026-10-06T10:36:58.323762Z","file":"git.c","line":477,"name":"cat-file","hierarchy":"cat-file"}
{"event":"cmd_name","sid":"20261006T103658.321362Z-Ha9d4ceab-P00007562","thread":"main","time":"2026-10-06T10:36:58.323967Z","file":"git.c","line":477,"name":"cat-file","hierarchy":"cat-file"}
{"event":"version","sid":"20261006T103658.323644Z-Ha9d4ceab-P00007576","thread":"main","time":"2026-10-06T10:36:58.324662Z","file":"common-init.c","line":57,"evt":"4","exe":"2.50.1 (Apple Git-155)"}
{"event":"start","sid":"20261006T103658.323644Z-Ha9d4ceab-P00007576","thread":"main","time":"2026-10-06T10:36:58.324679Z","file":"common-init.c","line":58,"t_abs":0.001971,"argv":["/Library/Developer/CommandLineTools/usr/bin/git","-C","/var/folders/f1/2xjyyqkn5plc19fx4nt4tpt00000gn/T/flow-dperf02-TxkS4x/worker","cat-file","-t","e0ef529332efc4ec97e5a135bd44fbeab0e3205c"]}
{"event":"exit","sid":"20261006T103658.320722Z-Ha9d4ceab-P00007567","thread":"main","time":"2026-10-06T10:36:58.324750Z","file":"git.c","line":747,"t_abs":0.004422,"code":0}
{"event":"atexit","sid":"20261006T103658.320722Z-Ha9d4ceab-P00007567","thread":"main","time":"2026-10-06T10:36:58.324763Z","file":"trace2/tr2_tgt_event.c","line":207,"t_abs":0.004436,"code":0}
{"event":"def_repo","sid":"20261006T103658.322923Z-Ha9d4ceab-P0000756c","thread":"main","time":"2026-10-06T10:36:58.324905Z","file":"repository.c","line":241,"repo":1,"worktree":"/private/var/folders/f1/2xjyyqkn5plc19fx4nt4tpt00000gn/T/flow-dperf02-TxkS4x/worker"}
{"event":"exit","sid":"20261006T103658.321362Z-Ha9d4ceab-P00007558","thread":"main","time":"2026-10-06T10:36:58.325045Z","file":"git.c","line":747,"t_abs":0.004097,"code":0}
{"event":"atexit","sid":"20261006T103658.321362Z-Ha9d4ceab-P00007558","thread":"main","time":"2026-10-06T10:36:58.325061Z","file":"trace2/tr2_tgt_event.c","line":207,"t_abs":0.004113,"code":0}
{"event":"def_repo","sid":"20261006T103658.323644Z-Ha9d4ceab-P00007576","thread":"main","time":"2026-10-06T10:36:58.325362Z","file":"repository.c","line":241,"repo":1,"worktree":"/private/var/folders/f1/2xjyyqkn5plc19fx4nt4tpt00000gn/T/flow-dperf02-TxkS4x/worker"}
{"event":"cmd_name","sid":"20261006T103658.322923Z-Ha9d4ceab-P0000756c","thread":"main","time":"2026-10-06T10:36:58.325413Z","file":"git.c","line":477,"name":"cat-file","hierarchy":"cat-file"}
{"event":"exit","sid":"20261006T103658.321362Z-Ha9d4ceab-P00007562","thread":"main","time":"2026-10-06T10:36:58.325571Z","file":"git.c","line":747,"t_abs":0.004634,"code":0}
{"event":"atexit","sid":"20261006T103658.321362Z-Ha9d4ceab-P00007562","thread":"main","time":"2026-10-06T10:36:58.325585Z","file":"trace2/tr2_tgt_event.c","line":207,"t_abs":0.004648,"code":0}
{"event":"version","sid":"20261006T103658.324846Z-Ha9d4ceab-P00007571","thread":"main","time":"2026-10-06T10:36:58.325606Z","file":"common-init.c","line":57,"evt":"4","exe":"2.50.1 (Apple Git-155)"}
{"event":"start","sid":"20261006T103658.324846Z-Ha9d4ceab-P00007571","thread":"main","time":"2026-10-06T10:36:58.325642Z","file":"common-init.c","line":58,"t_abs":0.001415,"argv":["/Library/Developer/CommandLineTools/usr/bin/git","-C","/var/folders/f1/2xjyyqkn5plc19fx4nt4tpt00000gn/T/flow-dperf02-TxkS4x/worker","cat-file","-t","e0ef529332efc4ec97e5a135bd44fbeab0e3205c"]}
{"event":"version","sid":"20261006T103658.325028Z-Ha9d4ceab-P0000757b","thread":"main","time":"2026-10-06T10:36:58.325687Z","file":"common-init.c","line":57,"evt":"4","exe":"2.50.1 (Apple Git-155)"}
{"event":"cmd_name","sid":"20261006T103658.323644Z-Ha9d4ceab-P00007576","thread":"main","time":"2026-10-06T10:36:58.325692Z","file":"git.c","line":477,"name":"cat-file","hierarchy":"cat-file"}
{"event":"start","sid":"20261006T103658.325028Z-Ha9d4ceab-P0000757b","thread":"main","time":"2026-10-06T10:36:58.325698Z","file":"common-init.c","line":58,"t_abs":0.001444,"argv":["/Library/Developer/CommandLineTools/usr/bin/git","-C","/var/folders/f1/2xjyyqkn5plc19fx4nt4tpt00000gn/T/flow-dperf02-TxkS4x/worker","cat-file","-t","e0ef529332efc4ec97e5a135bd44fbeab0e3205c"]}
{"event":"version","sid":"20261006T103658.325244Z-Ha9d4ceab-P00007580","thread":"main","time":"2026-10-06T10:36:58.325836Z","file":"common-init.c","line":57,"evt":"4","exe":"2.50.1 (Apple Git-155)"}
{"event":"start","sid":"20261006T103658.325244Z-Ha9d4ceab-P00007580","thread":"main","time":"2026-10-06T10:36:58.325856Z","file":"common-init.c","line":58,"t_abs":0.001290,"argv":["/Library/Developer/CommandLineTools/usr/bin/git","-C","/var/folders/f1/2xjyyqkn5plc19fx4nt4tpt00000gn/T/flow-dperf02-TxkS4x/worker","cat-file","-t","e0ef529332efc4ec97e5a135bd44fbeab0e3205c"]}
{"event":"def_repo","sid":"20261006T103658.324846Z-Ha9d4ceab-P00007571","thread":"main","time":"2026-10-06T10:36:58.326312Z","file":"repository.c","line":241,"repo":1,"worktree":"/private/var/folders/f1/2xjyyqkn5plc19fx4nt4tpt00000gn/T/flow-dperf02-TxkS4x/worker"}
{"event":"def_repo","sid":"20261006T103658.325028Z-Ha9d4ceab-P0000757b","thread":"main","time":"2026-10-06T10:36:58.326354Z","file":"repository.c","line":241,"repo":1,"worktree":"/private/var/folders/f1/2xjyyqkn5plc19fx4nt4tpt00000gn/T/flow-dperf02-TxkS4x/worker"}
{"event":"def_repo","sid":"20261006T103658.325244Z-Ha9d4ceab-P00007580","thread":"main","time":"2026-10-06T10:36:58.326634Z","file":"repository.c","line":241,"repo":1,"worktree":"/private/var/folders/f1/2xjyyqkn5plc19fx4nt4tpt00000gn/T/flow-dperf02-TxkS4x/worker"}
{"event":"exit","sid":"20261006T103658.322923Z-Ha9d4ceab-P0000756c","thread":"main","time":"2026-10-06T10:36:58.326712Z","file":"git.c","line":747,"t_abs":0.004423,"code":0}
{"event":"atexit","sid":"20261006T103658.322923Z-Ha9d4ceab-P0000756c","thread":"main","time":"2026-10-06T10:36:58.326726Z","file":"trace2/tr2_tgt_event.c","line":207,"t_abs":0.004438,"code":0}
{"event":"cmd_name","sid":"20261006T103658.324846Z-Ha9d4ceab-P00007571","thread":"main","time":"2026-10-06T10:36:58.326794Z","file":"git.c","line":477,"name":"cat-file","hierarchy":"cat-file"}
{"event":"cmd_name","sid":"20261006T103658.325028Z-Ha9d4ceab-P0000757b","thread":"main","time":"2026-10-06T10:36:58.326857Z","file":"git.c","line":477,"name":"cat-file","hierarchy":"cat-file"}
{"event":"exit","sid":"20261006T103658.323644Z-Ha9d4ceab-P00007576","thread":"main","time":"2026-10-06T10:36:58.327074Z","file":"git.c","line":747,"t_abs":0.004366,"code":0}
{"event":"atexit","sid":"20261006T103658.323644Z-Ha9d4ceab-P00007576","thread":"main","time":"2026-10-06T10:36:58.327082Z","file":"trace2/tr2_tgt_event.c","line":207,"t_abs":0.004374,"code":0}
{"event":"cmd_name","sid":"20261006T103658.325244Z-Ha9d4ceab-P00007580","thread":"main","time":"2026-10-06T10:36:58.327211Z","file":"git.c","line":477,"name":"cat-file","hierarchy":"cat-file"}
{"event":"exit","sid":"20261006T103658.324846Z-Ha9d4ceab-P00007571","thread":"main","time":"2026-10-06T10:36:58.327950Z","file":"git.c","line":747,"t_abs":0.003723,"code":0}
{"event":"exit","sid":"20261006T103658.325028Z-Ha9d4ceab-P0000757b","thread":"main","time":"2026-10-06T10:36:58.327960Z","file":"git.c","line":747,"t_abs":0.003705,"code":0}
{"event":"atexit","sid":"20261006T103658.325028Z-Ha9d4ceab-P0000757b","thread":"main","time":"2026-10-06T10:36:58.327995Z","file":"trace2/tr2_tgt_event.c","line":207,"t_abs":0.003739,"code":0}
{"event":"atexit","sid":"20261006T103658.324846Z-Ha9d4ceab-P00007571","thread":"main","time":"2026-10-06T10:36:58.327964Z","file":"trace2/tr2_tgt_event.c","line":207,"t_abs":0.003736,"code":0}
{"event":"exit","sid":"20261006T103658.325244Z-Ha9d4ceab-P00007580","thread":"main","time":"2026-10-06T10:36:58.328243Z","file":"git.c","line":747,"t_abs":0.003677,"code":0}
{"event":"atexit","sid":"20261006T103658.325244Z-Ha9d4ceab-P00007580","thread":"main","time":"2026-10-06T10:36:58.328255Z","file":"trace2/tr2_tgt_event.c","line":207,"t_abs":0.003689,"code":0}
{"event":"version","sid":"20261006T103658.335936Z-Ha9d4ceab-P00007585","thread":"main","time":"2026-10-06T10:36:58.336427Z","file":"common-init.c","line":57,"evt":"4","exe":"2.50.1 (Apple Git-155)"}
{"event":"start","sid":"20261006T103658.335936Z-Ha9d4ceab-P00007585","thread":"main","time":"2026-10-06T10:36:58.336450Z","file":"common-init.c","line":58,"t_abs":0.000873,"argv":["/Library/Developer/CommandLineTools/usr/bin/git","-C","/var/folders/f1/2xjyyqkn5plc19fx4nt4tpt00000gn/T/flow-dperf02-TxkS4x/worker","ls-tree","-r","-z","--full-tree","e0ef529332efc4ec97e5a135bd44fbeab0e3205c","--",":(literal)src/shared",":(literal)src/shared/a.txt",":(literal)src/second",":(literal)src/third.txt",":(literal)src/fourth.txt"]}
{"event":"def_repo","sid":"20261006T103658.335936Z-Ha9d4ceab-P00007585","thread":"main","time":"2026-10-06T10:36:58.336819Z","file":"repository.c","line":241,"repo":1,"worktree":"/private/var/folders/f1/2xjyyqkn5plc19fx4nt4tpt00000gn/T/flow-dperf02-TxkS4x/worker"}
{"event":"cmd_name","sid":"20261006T103658.335936Z-Ha9d4ceab-P00007585","thread":"main","time":"2026-10-06T10:36:58.337068Z","file":"git.c","line":477,"name":"ls-tree","hierarchy":"ls-tree"}
{"event":"exit","sid":"20261006T103658.335936Z-Ha9d4ceab-P00007585","thread":"main","time":"2026-10-06T10:36:58.338314Z","file":"git.c","line":747,"t_abs":0.002737,"code":0}
{"event":"atexit","sid":"20261006T103658.335936Z-Ha9d4ceab-P00007585","thread":"main","time":"2026-10-06T10:36:58.338329Z","file":"trace2/tr2_tgt_event.c","line":207,"t_abs":0.002752,"code":0}
{"event":"version","sid":"20261006T103658.339315Z-Ha9d4ceab-P0000758f","thread":"main","time":"2026-10-06T10:36:58.339984Z","file":"common-init.c","line":57,"evt":"4","exe":"2.50.1 (Apple Git-155)"}
{"event":"start","sid":"20261006T103658.339315Z-Ha9d4ceab-P0000758f","thread":"main","time":"2026-10-06T10:36:58.340020Z","file":"common-init.c","line":58,"t_abs":0.001130,"argv":["/Library/Developer/CommandLineTools/usr/bin/git","-C","/var/folders/f1/2xjyyqkn5plc19fx4nt4tpt00000gn/T/flow-dperf02-TxkS4x/worker","ls-tree","-r","-z","--full-tree","e0ef529332efc4ec97e5a135bd44fbeab0e3205c","--",":(literal)src/shared",":(literal)src/shared/a.txt",":(literal)src/second",":(literal)src/third.txt",":(literal)src/fourth.txt"]}
{"event":"version","sid":"20261006T103658.339533Z-Ha9d4ceab-P0000758a","thread":"main","time":"2026-10-06T10:36:58.340343Z","file":"common-init.c","line":57,"evt":"4","exe":"2.50.1 (Apple Git-155)"}
{"event":"start","sid":"20261006T103658.339533Z-Ha9d4ceab-P0000758a","thread":"main","time":"2026-10-06T10:36:58.340369Z","file":"common-init.c","line":58,"t_abs":0.001408,"argv":["/Library/Developer/CommandLineTools/usr/bin/git","-C","/var/folders/f1/2xjyyqkn5plc19fx4nt4tpt00000gn/T/flow-dperf02-TxkS4x/worker","ls-tree","-r","-z","--full-tree","e0ef529332efc4ec97e5a135bd44fbeab0e3205c","--",":(literal)src/shared",":(literal)src/shared/a.txt",":(literal)src/second",":(literal)src/third.txt",":(literal)src/fourth.txt"]}
{"event":"def_repo","sid":"20261006T103658.339533Z-Ha9d4ceab-P0000758a","thread":"main","time":"2026-10-06T10:36:58.340762Z","file":"repository.c","line":241,"repo":1,"worktree":"/private/var/folders/f1/2xjyyqkn5plc19fx4nt4tpt00000gn/T/flow-dperf02-TxkS4x/worker"}
{"event":"cmd_name","sid":"20261006T103658.339533Z-Ha9d4ceab-P0000758a","thread":"main","time":"2026-10-06T10:36:58.341043Z","file":"git.c","line":477,"name":"ls-tree","hierarchy":"ls-tree"}
{"event":"def_repo","sid":"20261006T103658.339315Z-Ha9d4ceab-P0000758f","thread":"main","time":"2026-10-06T10:36:58.341405Z","file":"repository.c","line":241,"repo":1,"worktree":"/private/var/folders/f1/2xjyyqkn5plc19fx4nt4tpt00000gn/T/flow-dperf02-TxkS4x/worker"}
{"event":"cmd_name","sid":"20261006T103658.339315Z-Ha9d4ceab-P0000758f","thread":"main","time":"2026-10-06T10:36:58.342069Z","file":"git.c","line":477,"name":"ls-tree","hierarchy":"ls-tree"}
{"event":"exit","sid":"20261006T103658.339533Z-Ha9d4ceab-P0000758a","thread":"main","time":"2026-10-06T10:36:58.342597Z","file":"git.c","line":747,"t_abs":0.003636,"code":0}
{"event":"atexit","sid":"20261006T103658.339533Z-Ha9d4ceab-P0000758a","thread":"main","time":"2026-10-06T10:36:58.342621Z","file":"trace2/tr2_tgt_event.c","line":207,"t_abs":0.003660,"code":0}
{"event":"version","sid":"20261006T103658.343089Z-Ha9d4ceab-P00007599","thread":"main","time":"2026-10-06T10:36:58.343730Z","file":"common-init.c","line":57,"evt":"4","exe":"2.50.1 (Apple Git-155)"}
{"event":"start","sid":"20261006T103658.343089Z-Ha9d4ceab-P00007599","thread":"main","time":"2026-10-06T10:36:58.343745Z","file":"common-init.c","line":58,"t_abs":0.001088,"argv":["/Library/Developer/CommandLineTools/usr/bin/git","-C","/var/folders/f1/2xjyyqkn5plc19fx4nt4tpt00000gn/T/flow-dperf02-TxkS4x/worker","ls-tree","-r","-z","--full-tree","e0ef529332efc4ec97e5a135bd44fbeab0e3205c","--",":(literal)src/shared",":(literal)src/shared/a.txt",":(literal)src/second",":(literal)src/third.txt",":(literal)src/fourth.txt"]}
{"event":"version","sid":"20261006T103658.342731Z-Ha9d4ceab-P00007594","thread":"main","time":"2026-10-06T10:36:58.343760Z","file":"common-init.c","line":57,"evt":"4","exe":"2.50.1 (Apple Git-155)"}
{"event":"start","sid":"20261006T103658.342731Z-Ha9d4ceab-P00007594","thread":"main","time":"2026-10-06T10:36:58.343799Z","file":"common-init.c","line":58,"t_abs":0.001465,"argv":["/Library/Developer/CommandLineTools/usr/bin/git","-C","/var/folders/f1/2xjyyqkn5plc19fx4nt4tpt00000gn/T/flow-dperf02-TxkS4x/worker","ls-tree","-r","-z","--full-tree","e0ef529332efc4ec97e5a135bd44fbeab0e3205c","--",":(literal)src/shared",":(literal)src/shared/a.txt",":(literal)src/second",":(literal)src/third.txt",":(literal)src/fourth.txt"]}
{"event":"def_repo","sid":"20261006T103658.343089Z-Ha9d4ceab-P00007599","thread":"main","time":"2026-10-06T10:36:58.344468Z","file":"repository.c","line":241,"repo":1,"worktree":"/private/var/folders/f1/2xjyyqkn5plc19fx4nt4tpt00000gn/T/flow-dperf02-TxkS4x/worker"}
{"event":"def_repo","sid":"20261006T103658.342731Z-Ha9d4ceab-P00007594","thread":"main","time":"2026-10-06T10:36:58.344572Z","file":"repository.c","line":241,"repo":1,"worktree":"/private/var/folders/f1/2xjyyqkn5plc19fx4nt4tpt00000gn/T/flow-dperf02-TxkS4x/worker"}
{"event":"cmd_name","sid":"20261006T103658.343089Z-Ha9d4ceab-P00007599","thread":"main","time":"2026-10-06T10:36:58.344835Z","file":"git.c","line":477,"name":"ls-tree","hierarchy":"ls-tree"}
{"event":"exit","sid":"20261006T103658.339315Z-Ha9d4ceab-P0000758f","thread":"main","time":"2026-10-06T10:36:58.344859Z","file":"git.c","line":747,"t_abs":0.005967,"code":0}
{"event":"cmd_name","sid":"20261006T103658.342731Z-Ha9d4ceab-P00007594","thread":"main","time":"2026-10-06T10:36:58.344899Z","file":"git.c","line":477,"name":"ls-tree","hierarchy":"ls-tree"}
{"event":"atexit","sid":"20261006T103658.339315Z-Ha9d4ceab-P0000758f","thread":"main","time":"2026-10-06T10:36:58.344903Z","file":"trace2/tr2_tgt_event.c","line":207,"t_abs":0.006014,"code":0}
{"event":"exit","sid":"20261006T103658.343089Z-Ha9d4ceab-P00007599","thread":"main","time":"2026-10-06T10:36:58.346187Z","file":"git.c","line":747,"t_abs":0.003530,"code":0}
{"event":"atexit","sid":"20261006T103658.343089Z-Ha9d4ceab-P00007599","thread":"main","time":"2026-10-06T10:36:58.346203Z","file":"trace2/tr2_tgt_event.c","line":207,"t_abs":0.003546,"code":0}
{"event":"exit","sid":"20261006T103658.342731Z-Ha9d4ceab-P00007594","thread":"main","time":"2026-10-06T10:36:58.346667Z","file":"git.c","line":747,"t_abs":0.004332,"code":0}
{"event":"atexit","sid":"20261006T103658.342731Z-Ha9d4ceab-P00007594","thread":"main","time":"2026-10-06T10:36:58.346691Z","file":"trace2/tr2_tgt_event.c","line":207,"t_abs":0.004357,"code":0}
{"event":"version","sid":"20261006T103658.347063Z-Ha9d4ceab-P0000759e","thread":"main","time":"2026-10-06T10:36:58.348054Z","file":"common-init.c","line":57,"evt":"4","exe":"2.50.1 (Apple Git-155)"}
{"event":"start","sid":"20261006T103658.347063Z-Ha9d4ceab-P0000759e","thread":"main","time":"2026-10-06T10:36:58.348072Z","file":"common-init.c","line":58,"t_abs":0.001695,"argv":["/Library/Developer/CommandLineTools/usr/bin/git","-C","/var/folders/f1/2xjyyqkn5plc19fx4nt4tpt00000gn/T/flow-dperf02-TxkS4x/worker","ls-tree","-r","-z","--full-tree","e0ef529332efc4ec97e5a135bd44fbeab0e3205c","--",":(literal)src/shared",":(literal)src/shared/a.txt",":(literal)src/second",":(literal)src/third.txt",":(literal)src/fourth.txt"]}
{"event":"def_repo","sid":"20261006T103658.347063Z-Ha9d4ceab-P0000759e","thread":"main","time":"2026-10-06T10:36:58.348435Z","file":"repository.c","line":241,"repo":1,"worktree":"/private/var/folders/f1/2xjyyqkn5plc19fx4nt4tpt00000gn/T/flow-dperf02-TxkS4x/worker"}
{"event":"cmd_name","sid":"20261006T103658.347063Z-Ha9d4ceab-P0000759e","thread":"main","time":"2026-10-06T10:36:58.348664Z","file":"git.c","line":477,"name":"ls-tree","hierarchy":"ls-tree"}
{"event":"exit","sid":"20261006T103658.347063Z-Ha9d4ceab-P0000759e","thread":"main","time":"2026-10-06T10:36:58.349825Z","file":"git.c","line":747,"t_abs":0.003448,"code":0}
{"event":"atexit","sid":"20261006T103658.347063Z-Ha9d4ceab-P0000759e","thread":"main","time":"2026-10-06T10:36:58.349840Z","file":"trace2/tr2_tgt_event.c","line":207,"t_abs":0.003463,"code":0}
{"event":"version","sid":"20261006T103658.349228Z-Ha9d4ceab-P000075a3","thread":"main","time":"2026-10-06T10:36:58.350247Z","file":"common-init.c","line":57,"evt":"4","exe":"2.50.1 (Apple Git-155)"}
{"event":"start","sid":"20261006T103658.349228Z-Ha9d4ceab-P000075a3","thread":"main","time":"2026-10-06T10:36:58.350268Z","file":"common-init.c","line":58,"t_abs":0.001382,"argv":["/Library/Developer/CommandLineTools/usr/bin/git","-C","/var/folders/f1/2xjyyqkn5plc19fx4nt4tpt00000gn/T/flow-dperf02-TxkS4x/worker","ls-tree","-r","-z","--full-tree","e0ef529332efc4ec97e5a135bd44fbeab0e3205c","--",":(literal)src/shared",":(literal)src/shared/a.txt",":(literal)src/second",":(literal)src/third.txt",":(literal)src/fourth.txt"]}
{"event":"def_repo","sid":"20261006T103658.349228Z-Ha9d4ceab-P000075a3","thread":"main","time":"2026-10-06T10:36:58.351041Z","file":"repository.c","line":241,"repo":1,"worktree":"/private/var/folders/f1/2xjyyqkn5plc19fx4nt4tpt00000gn/T/flow-dperf02-TxkS4x/worker"}
{"event":"cmd_name","sid":"20261006T103658.349228Z-Ha9d4ceab-P000075a3","thread":"main","time":"2026-10-06T10:36:58.351295Z","file":"git.c","line":477,"name":"ls-tree","hierarchy":"ls-tree"}
{"event":"version","sid":"20261006T103658.350920Z-Ha9d4ceab-P000075a8","thread":"main","time":"2026-10-06T10:36:58.351509Z","file":"common-init.c","line":57,"evt":"4","exe":"2.50.1 (Apple Git-155)"}
{"event":"start","sid":"20261006T103658.350920Z-Ha9d4ceab-P000075a8","thread":"main","time":"2026-10-06T10:36:58.351526Z","file":"common-init.c","line":58,"t_abs":0.000997,"argv":["/Library/Developer/CommandLineTools/usr/bin/git","-C","/var/folders/f1/2xjyyqkn5plc19fx4nt4tpt00000gn/T/flow-dperf02-TxkS4x/worker","ls-tree","-r","-z","--full-tree","e0ef529332efc4ec97e5a135bd44fbeab0e3205c","--",":(literal)src/shared",":(literal)src/shared/a.txt",":(literal)src/second",":(literal)src/third.txt",":(literal)src/fourth.txt"]}
{"event":"def_repo","sid":"20261006T103658.350920Z-Ha9d4ceab-P000075a8","thread":"main","time":"2026-10-06T10:36:58.352022Z","file":"repository.c","line":241,"repo":1,"worktree":"/private/var/folders/f1/2xjyyqkn5plc19fx4nt4tpt00000gn/T/flow-dperf02-TxkS4x/worker"}
{"event":"cmd_name","sid":"20261006T103658.350920Z-Ha9d4ceab-P000075a8","thread":"main","time":"2026-10-06T10:36:58.352271Z","file":"git.c","line":477,"name":"ls-tree","hierarchy":"ls-tree"}
{"event":"exit","sid":"20261006T103658.349228Z-Ha9d4ceab-P000075a3","thread":"main","time":"2026-10-06T10:36:58.352621Z","file":"git.c","line":747,"t_abs":0.003735,"code":0}
{"event":"atexit","sid":"20261006T103658.349228Z-Ha9d4ceab-P000075a3","thread":"main","time":"2026-10-06T10:36:58.352634Z","file":"trace2/tr2_tgt_event.c","line":207,"t_abs":0.003748,"code":0}
{"event":"version","sid":"20261006T103658.351797Z-Ha9d4ceab-P000075ad","thread":"main","time":"2026-10-06T10:36:58.352824Z","file":"common-init.c","line":57,"evt":"4","exe":"2.50.1 (Apple Git-155)"}
{"event":"start","sid":"20261006T103658.351797Z-Ha9d4ceab-P000075ad","thread":"main","time":"2026-10-06T10:36:58.352836Z","file":"common-init.c","line":58,"t_abs":0.001515,"argv":["/Library/Developer/CommandLineTools/usr/bin/git","-C","/var/folders/f1/2xjyyqkn5plc19fx4nt4tpt00000gn/T/flow-dperf02-TxkS4x/worker","ls-tree","-r","-z","--full-tree","e0ef529332efc4ec97e5a135bd44fbeab0e3205c","--",":(literal)src/shared",":(literal)src/shared/a.txt",":(literal)src/second",":(literal)src/third.txt",":(literal)src/fourth.txt"]}
{"event":"def_repo","sid":"20261006T103658.351797Z-Ha9d4ceab-P000075ad","thread":"main","time":"2026-10-06T10:36:58.353277Z","file":"repository.c","line":241,"repo":1,"worktree":"/private/var/folders/f1/2xjyyqkn5plc19fx4nt4tpt00000gn/T/flow-dperf02-TxkS4x/worker"}
{"event":"exit","sid":"20261006T103658.350920Z-Ha9d4ceab-P000075a8","thread":"main","time":"2026-10-06T10:36:58.353768Z","file":"git.c","line":747,"t_abs":0.003237,"code":0}
{"event":"cmd_name","sid":"20261006T103658.351797Z-Ha9d4ceab-P000075ad","thread":"main","time":"2026-10-06T10:36:58.353779Z","file":"git.c","line":477,"name":"ls-tree","hierarchy":"ls-tree"}
{"event":"atexit","sid":"20261006T103658.350920Z-Ha9d4ceab-P000075a8","thread":"main","time":"2026-10-06T10:36:58.353785Z","file":"trace2/tr2_tgt_event.c","line":207,"t_abs":0.003256,"code":0}
{"event":"version","sid":"20261006T103658.352940Z-Ha9d4ceab-P000075b7","thread":"main","time":"2026-10-06T10:36:58.353897Z","file":"common-init.c","line":57,"evt":"4","exe":"2.50.1 (Apple Git-155)"}
{"event":"start","sid":"20261006T103658.352940Z-Ha9d4ceab-P000075b7","thread":"main","time":"2026-10-06T10:36:58.353910Z","file":"common-init.c","line":58,"t_abs":0.001336,"argv":["/Library/Developer/CommandLineTools/usr/bin/git","-C","/var/folders/f1/2xjyyqkn5plc19fx4nt4tpt00000gn/T/flow-dperf02-TxkS4x/worker","ls-tree","-r","-z","--full-tree","e0ef529332efc4ec97e5a135bd44fbeab0e3205c","--",":(literal)src/shared",":(literal)src/shared/a.txt",":(literal)src/second",":(literal)src/third.txt",":(literal)src/fourth.txt"]}
{"event":"def_repo","sid":"20261006T103658.352940Z-Ha9d4ceab-P000075b7","thread":"main","time":"2026-10-06T10:36:58.354276Z","file":"repository.c","line":241,"repo":1,"worktree":"/private/var/folders/f1/2xjyyqkn5plc19fx4nt4tpt00000gn/T/flow-dperf02-TxkS4x/worker"}
{"event":"cmd_name","sid":"20261006T103658.352940Z-Ha9d4ceab-P000075b7","thread":"main","time":"2026-10-06T10:36:58.354544Z","file":"git.c","line":477,"name":"ls-tree","hierarchy":"ls-tree"}
{"event":"version","sid":"20261006T103658.353696Z-Ha9d4ceab-P000075b2","thread":"main","time":"2026-10-06T10:36:58.354801Z","file":"common-init.c","line":57,"evt":"4","exe":"2.50.1 (Apple Git-155)"}
{"event":"start","sid":"20261006T103658.353696Z-Ha9d4ceab-P000075b2","thread":"main","time":"2026-10-06T10:36:58.354820Z","file":"common-init.c","line":58,"t_abs":0.001631,"argv":["/Library/Developer/CommandLineTools/usr/bin/git","-C","/var/folders/f1/2xjyyqkn5plc19fx4nt4tpt00000gn/T/flow-dperf02-TxkS4x/worker","ls-tree","-r","-z","--full-tree","e0ef529332efc4ec97e5a135bd44fbeab0e3205c","--",":(literal)src/shared",":(literal)src/shared/a.txt",":(literal)src/second",":(literal)src/third.txt",":(literal)src/fourth.txt"]}
{"event":"exit","sid":"20261006T103658.351797Z-Ha9d4ceab-P000075ad","thread":"main","time":"2026-10-06T10:36:58.355104Z","file":"git.c","line":747,"t_abs":0.003784,"code":0}
{"event":"atexit","sid":"20261006T103658.351797Z-Ha9d4ceab-P000075ad","thread":"main","time":"2026-10-06T10:36:58.355146Z","file":"trace2/tr2_tgt_event.c","line":207,"t_abs":0.003825,"code":0}
{"event":"def_repo","sid":"20261006T103658.353696Z-Ha9d4ceab-P000075b2","thread":"main","time":"2026-10-06T10:36:58.355289Z","file":"repository.c","line":241,"repo":1,"worktree":"/private/var/folders/f1/2xjyyqkn5plc19fx4nt4tpt00000gn/T/flow-dperf02-TxkS4x/worker"}
{"event":"cmd_name","sid":"20261006T103658.353696Z-Ha9d4ceab-P000075b2","thread":"main","time":"2026-10-06T10:36:58.355545Z","file":"git.c","line":477,"name":"ls-tree","hierarchy":"ls-tree"}
{"event":"version","sid":"20261006T103658.356109Z-Ha9d4ceab-P000075bc","thread":"main","time":"2026-10-06T10:36:58.357298Z","file":"common-init.c","line":57,"evt":"4","exe":"2.50.1 (Apple Git-155)"}
{"event":"start","sid":"20261006T103658.356109Z-Ha9d4ceab-P000075bc","thread":"main","time":"2026-10-06T10:36:58.357343Z","file":"common-init.c","line":58,"t_abs":0.001674,"argv":["/Library/Developer/CommandLineTools/usr/bin/git","-C","/var/folders/f1/2xjyyqkn5plc19fx4nt4tpt00000gn/T/flow-dperf02-TxkS4x/worker","ls-tree","-r","-z","--full-tree","e0ef529332efc4ec97e5a135bd44fbeab0e3205c","--",":(literal)src/shared",":(literal)src/shared/a.txt",":(literal)src/second",":(literal)src/third.txt",":(literal)src/fourth.txt"]}
{"event":"exit","sid":"20261006T103658.353696Z-Ha9d4ceab-P000075b2","thread":"main","time":"2026-10-06T10:36:58.357494Z","file":"git.c","line":747,"t_abs":0.004304,"code":0}
{"event":"atexit","sid":"20261006T103658.353696Z-Ha9d4ceab-P000075b2","thread":"main","time":"2026-10-06T10:36:58.357510Z","file":"trace2/tr2_tgt_event.c","line":207,"t_abs":0.004319,"code":0}
{"event":"exit","sid":"20261006T103658.352940Z-Ha9d4ceab-P000075b7","thread":"main","time":"2026-10-06T10:36:58.357631Z","file":"git.c","line":747,"t_abs":0.005055,"code":0}
{"event":"atexit","sid":"20261006T103658.352940Z-Ha9d4ceab-P000075b7","thread":"main","time":"2026-10-06T10:36:58.357646Z","file":"trace2/tr2_tgt_event.c","line":207,"t_abs":0.005069,"code":0}
{"event":"version","sid":"20261006T103658.356115Z-Ha9d4ceab-P000075c6","thread":"main","time":"2026-10-06T10:36:58.357729Z","file":"common-init.c","line":57,"evt":"4","exe":"2.50.1 (Apple Git-155)"}
{"event":"start","sid":"20261006T103658.356115Z-Ha9d4ceab-P000075c6","thread":"main","time":"2026-10-06T10:36:58.357751Z","file":"common-init.c","line":58,"t_abs":0.002303,"argv":["/Library/Developer/CommandLineTools/usr/bin/git","-C","/var/folders/f1/2xjyyqkn5plc19fx4nt4tpt00000gn/T/flow-dperf02-TxkS4x/worker","ls-tree","-r","-z","--full-tree","e0ef529332efc4ec97e5a135bd44fbeab0e3205c","--",":(literal)src/shared",":(literal)src/shared/a.txt",":(literal)src/second",":(literal)src/third.txt",":(literal)src/fourth.txt"]}
{"event":"version","sid":"20261006T103658.357439Z-Ha9d4ceab-P000075c1","thread":"main","time":"2026-10-06T10:36:58.358393Z","file":"common-init.c","line":57,"evt":"4","exe":"2.50.1 (Apple Git-155)"}
{"event":"def_repo","sid":"20261006T103658.356115Z-Ha9d4ceab-P000075c6","thread":"main","time":"2026-10-06T10:36:58.358401Z","file":"repository.c","line":241,"repo":1,"worktree":"/private/var/folders/f1/2xjyyqkn5plc19fx4nt4tpt00000gn/T/flow-dperf02-TxkS4x/worker"}
{"event":"start","sid":"20261006T103658.357439Z-Ha9d4ceab-P000075c1","thread":"main","time":"2026-10-06T10:36:58.358410Z","file":"common-init.c","line":58,"t_abs":0.001782,"argv":["/Library/Developer/CommandLineTools/usr/bin/git","-C","/var/folders/f1/2xjyyqkn5plc19fx4nt4tpt00000gn/T/flow-dperf02-TxkS4x/worker","ls-tree","-r","-z","--full-tree","e0ef529332efc4ec97e5a135bd44fbeab0e3205c","--",":(literal)src/shared",":(literal)src/shared/a.txt",":(literal)src/second",":(literal)src/third.txt",":(literal)src/fourth.txt"]}
{"event":"def_repo","sid":"20261006T103658.356109Z-Ha9d4ceab-P000075bc","thread":"main","time":"2026-10-06T10:36:58.359035Z","file":"repository.c","line":241,"repo":1,"worktree":"/private/var/folders/f1/2xjyyqkn5plc19fx4nt4tpt00000gn/T/flow-dperf02-TxkS4x/worker"}
{"event":"cmd_name","sid":"20261006T103658.356115Z-Ha9d4ceab-P000075c6","thread":"main","time":"2026-10-06T10:36:58.359050Z","file":"git.c","line":477,"name":"ls-tree","hierarchy":"ls-tree"}
{"event":"version","sid":"20261006T103658.357816Z-Ha9d4ceab-P000075cb","thread":"main","time":"2026-10-06T10:36:58.359201Z","file":"common-init.c","line":57,"evt":"4","exe":"2.50.1 (Apple Git-155)"}
{"event":"start","sid":"20261006T103658.357816Z-Ha9d4ceab-P000075cb","thread":"main","time":"2026-10-06T10:36:58.359214Z","file":"common-init.c","line":58,"t_abs":0.002195,"argv":["/Library/Developer/CommandLineTools/usr/bin/git","-C","/var/folders/f1/2xjyyqkn5plc19fx4nt4tpt00000gn/T/flow-dperf02-TxkS4x/worker","ls-tree","-r","-z","--full-tree","e0ef529332efc4ec97e5a135bd44fbeab0e3205c","--",":(literal)src/shared",":(literal)src/shared/a.txt",":(literal)src/second",":(literal)src/third.txt",":(literal)src/fourth.txt"]}
{"event":"def_repo","sid":"20261006T103658.357439Z-Ha9d4ceab-P000075c1","thread":"main","time":"2026-10-06T10:36:58.359413Z","file":"repository.c","line":241,"repo":1,"worktree":"/private/var/folders/f1/2xjyyqkn5plc19fx4nt4tpt00000gn/T/flow-dperf02-TxkS4x/worker"}
{"event":"cmd_name","sid":"20261006T103658.356109Z-Ha9d4ceab-P000075bc","thread":"main","time":"2026-10-06T10:36:58.359684Z","file":"git.c","line":477,"name":"ls-tree","hierarchy":"ls-tree"}
{"event":"version","sid":"20261006T103658.358719Z-Ha9d4ceab-P000075d0","thread":"main","time":"2026-10-06T10:36:58.359799Z","file":"common-init.c","line":57,"evt":"4","exe":"2.50.1 (Apple Git-155)"}
{"event":"start","sid":"20261006T103658.358719Z-Ha9d4ceab-P000075d0","thread":"main","time":"2026-10-06T10:36:58.359835Z","file":"common-init.c","line":58,"t_abs":0.001605,"argv":["/Library/Developer/CommandLineTools/usr/bin/git","-C","/var/folders/f1/2xjyyqkn5plc19fx4nt4tpt00000gn/T/flow-dperf02-TxkS4x/worker","ls-tree","-r","-z","--full-tree","e0ef529332efc4ec97e5a135bd44fbeab0e3205c","--",":(literal)src/shared",":(literal)src/shared/a.txt",":(literal)src/second",":(literal)src/third.txt",":(literal)src/fourth.txt"]}
{"event":"def_repo","sid":"20261006T103658.357816Z-Ha9d4ceab-P000075cb","thread":"main","time":"2026-10-06T10:36:58.360139Z","file":"repository.c","line":241,"repo":1,"worktree":"/private/var/folders/f1/2xjyyqkn5plc19fx4nt4tpt00000gn/T/flow-dperf02-TxkS4x/worker"}
{"event":"cmd_name","sid":"20261006T103658.357439Z-Ha9d4ceab-P000075c1","thread":"main","time":"2026-10-06T10:36:58.360178Z","file":"git.c","line":477,"name":"ls-tree","hierarchy":"ls-tree"}
{"event":"def_repo","sid":"20261006T103658.358719Z-Ha9d4ceab-P000075d0","thread":"main","time":"2026-10-06T10:36:58.360837Z","file":"repository.c","line":241,"repo":1,"worktree":"/private/var/folders/f1/2xjyyqkn5plc19fx4nt4tpt00000gn/T/flow-dperf02-TxkS4x/worker"}
{"event":"exit","sid":"20261006T103658.356115Z-Ha9d4ceab-P000075c6","thread":"main","time":"2026-10-06T10:36:58.361124Z","file":"git.c","line":747,"t_abs":0.005676,"code":0}
{"event":"atexit","sid":"20261006T103658.356115Z-Ha9d4ceab-P000075c6","thread":"main","time":"2026-10-06T10:36:58.361140Z","file":"trace2/tr2_tgt_event.c","line":207,"t_abs":0.005692,"code":0}
{"event":"cmd_name","sid":"20261006T103658.358719Z-Ha9d4ceab-P000075d0","thread":"main","time":"2026-10-06T10:36:58.361209Z","file":"git.c","line":477,"name":"ls-tree","hierarchy":"ls-tree"}
{"event":"cmd_name","sid":"20261006T103658.357816Z-Ha9d4ceab-P000075cb","thread":"main","time":"2026-10-06T10:36:58.361273Z","file":"git.c","line":477,"name":"ls-tree","hierarchy":"ls-tree"}
{"event":"exit","sid":"20261006T103658.356109Z-Ha9d4ceab-P000075bc","thread":"main","time":"2026-10-06T10:36:58.361861Z","file":"git.c","line":747,"t_abs":0.006192,"code":0}
{"event":"atexit","sid":"20261006T103658.356109Z-Ha9d4ceab-P000075bc","thread":"main","time":"2026-10-06T10:36:58.361875Z","file":"trace2/tr2_tgt_event.c","line":207,"t_abs":0.006205,"code":0}
{"event":"exit","sid":"20261006T103658.357816Z-Ha9d4ceab-P000075cb","thread":"main","time":"2026-10-06T10:36:58.362748Z","file":"git.c","line":747,"t_abs":0.005729,"code":0}
{"event":"version","sid":"20261006T103658.362368Z-Ha9d4ceab-P000075d5","thread":"main","time":"2026-10-06T10:36:58.362954Z","file":"common-init.c","line":57,"evt":"4","exe":"2.50.1 (Apple Git-155)"}
{"event":"exit","sid":"20261006T103658.357439Z-Ha9d4ceab-P000075c1","thread":"main","time":"2026-10-06T10:36:58.362957Z","file":"git.c","line":747,"t_abs":0.006328,"code":0}
{"event":"exit","sid":"20261006T103658.358719Z-Ha9d4ceab-P000075d0","thread":"main","time":"2026-10-06T10:36:58.363003Z","file":"git.c","line":747,"t_abs":0.004773,"code":0}
{"event":"start","sid":"20261006T103658.362368Z-Ha9d4ceab-P000075d5","thread":"main","time":"2026-10-06T10:36:58.363016Z","file":"common-init.c","line":58,"t_abs":0.000989,"argv":["/Library/Developer/CommandLineTools/usr/bin/git","-C","/var/folders/f1/2xjyyqkn5plc19fx4nt4tpt00000gn/T/flow-dperf02-TxkS4x/worker","diff","--name-only","-z","--no-renames","e0ef529332efc4ec97e5a135bd44fbeab0e3205c","33fbfd2c9ca677261c07f9845935727ea0f757b0","--"]}
{"event":"atexit","sid":"20261006T103658.358719Z-Ha9d4ceab-P000075d0","thread":"main","time":"2026-10-06T10:36:58.363024Z","file":"trace2/tr2_tgt_event.c","line":207,"t_abs":0.004795,"code":0}
{"event":"atexit","sid":"20261006T103658.357439Z-Ha9d4ceab-P000075c1","thread":"main","time":"2026-10-06T10:36:58.363024Z","file":"trace2/tr2_tgt_event.c","line":207,"t_abs":0.006395,"code":0}
{"event":"cmd_name","sid":"20261006T103658.362368Z-Ha9d4ceab-P000075d5","thread":"main","time":"2026-10-06T10:36:58.363086Z","file":"git.c","line":477,"name":"diff","hierarchy":"diff"}
{"event":"atexit","sid":"20261006T103658.357816Z-Ha9d4ceab-P000075cb","thread":"main","time":"2026-10-06T10:36:58.363345Z","file":"trace2/tr2_tgt_event.c","line":207,"t_abs":0.006325,"code":0}
{"event":"def_repo","sid":"20261006T103658.362368Z-Ha9d4ceab-P000075d5","thread":"main","time":"2026-10-06T10:36:58.363507Z","file":"repository.c","line":241,"repo":1,"worktree":"/private/var/folders/f1/2xjyyqkn5plc19fx4nt4tpt00000gn/T/flow-dperf02-TxkS4x/worker"}
{"event":"version","sid":"20261006T103658.366198Z-Ha9d4ceab-P000075da","thread":"main","time":"2026-10-06T10:36:58.366918Z","file":"common-init.c","line":57,"evt":"4","exe":"2.50.1 (Apple Git-155)"}
{"event":"start","sid":"20261006T103658.366198Z-Ha9d4ceab-P000075da","thread":"main","time":"2026-10-06T10:36:58.366936Z","file":"common-init.c","line":58,"t_abs":0.001140,"argv":["/Library/Developer/CommandLineTools/usr/bin/git","-C","/var/folders/f1/2xjyyqkn5plc19fx4nt4tpt00000gn/T/flow-dperf02-TxkS4x/worker","diff","--name-only","-z","--no-renames","HEAD","--"]}
{"event":"cmd_name","sid":"20261006T103658.366198Z-Ha9d4ceab-P000075da","thread":"main","time":"2026-10-06T10:36:58.367015Z","file":"git.c","line":477,"name":"diff","hierarchy":"diff"}
{"event":"def_repo","sid":"20261006T103658.366198Z-Ha9d4ceab-P000075da","thread":"main","time":"2026-10-06T10:36:58.367859Z","file":"repository.c","line":241,"repo":1,"worktree":"/private/var/folders/f1/2xjyyqkn5plc19fx4nt4tpt00000gn/T/flow-dperf02-TxkS4x/worker"}
{"event":"version","sid":"20261006T103658.366884Z-Ha9d4ceab-P000075df","thread":"main","time":"2026-10-06T10:36:58.368160Z","file":"common-init.c","line":57,"evt":"4","exe":"2.50.1 (Apple Git-155)"}
{"event":"start","sid":"20261006T103658.366884Z-Ha9d4ceab-P000075df","thread":"main","time":"2026-10-06T10:36:58.368197Z","file":"common-init.c","line":58,"t_abs":0.001632,"argv":["/Library/Developer/CommandLineTools/usr/bin/git","-C","/var/folders/f1/2xjyyqkn5plc19fx4nt4tpt00000gn/T/flow-dperf02-TxkS4x/worker","ls-files","--others","--exclude-standard","-z"]}
{"event":"def_repo","sid":"20261006T103658.366884Z-Ha9d4ceab-P000075df","thread":"main","time":"2026-10-06T10:36:58.369205Z","file":"repository.c","line":241,"repo":1,"worktree":"/private/var/folders/f1/2xjyyqkn5plc19fx4nt4tpt00000gn/T/flow-dperf02-TxkS4x/worker"}
{"event":"cmd_name","sid":"20261006T103658.366884Z-Ha9d4ceab-P000075df","thread":"main","time":"2026-10-06T10:36:58.369637Z","file":"git.c","line":477,"name":"ls-files","hierarchy":"ls-files"}
{"event":"region_enter","sid":"20261006T103658.366198Z-Ha9d4ceab-P000075da","thread":"main","time":"2026-10-06T10:36:58.369728Z","file":"read-cache.c","line":2357,"repo":1,"nesting":1,"category":"index","label":"do_read_index","msg":"/private/var/folders/f1/2xjyyqkn5plc19fx4nt4tpt00000gn/T/flow-dperf02-TxkS4x/main/.git/worktrees/worker/index"}
{"event":"version","sid":"20261006T103658.368758Z-Ha9d4ceab-P000075e4","thread":"main","time":"2026-10-06T10:36:58.370054Z","file":"common-init.c","line":57,"evt":"4","exe":"2.50.1 (Apple Git-155)"}
{"event":"start","sid":"20261006T103658.368758Z-Ha9d4ceab-P000075e4","thread":"main","time":"2026-10-06T10:36:58.370076Z","file":"common-init.c","line":58,"t_abs":0.001748,"argv":["/Library/Developer/CommandLineTools/usr/bin/git","-C","/var/folders/f1/2xjyyqkn5plc19fx4nt4tpt00000gn/T/flow-dperf02-TxkS4x/worker","diff","--name-only","-z","--no-renames","e0ef529332efc4ec97e5a135bd44fbeab0e3205c","33fbfd2c9ca677261c07f9845935727ea0f757b0","--"]}
{"event":"cmd_name","sid":"20261006T103658.368758Z-Ha9d4ceab-P000075e4","thread":"main","time":"2026-10-06T10:36:58.370152Z","file":"git.c","line":477,"name":"diff","hierarchy":"diff"}
{"event":"region_enter","sid":"20261006T103658.366884Z-Ha9d4ceab-P000075df","thread":"main","time":"2026-10-06T10:36:58.370442Z","file":"read-cache.c","line":2357,"repo":1,"nesting":1,"category":"index","label":"do_read_index","msg":"/private/var/folders/f1/2xjyyqkn5plc19fx4nt4tpt00000gn/T/flow-dperf02-TxkS4x/main/.git/worktrees/worker/index"}
{"event":"region_enter","sid":"20261006T103658.366884Z-Ha9d4ceab-P000075df","thread":"main","time":"2026-10-06T10:36:58.370590Z","file":"cache-tree.c","line":643,"repo":1,"nesting":2,"category":"cache_tree","label":"read"}
{"event":"def_repo","sid":"20261006T103658.368758Z-Ha9d4ceab-P000075e4","thread":"main","time":"2026-10-06T10:36:58.370612Z","file":"repository.c","line":241,"repo":1,"worktree":"/private/var/folders/f1/2xjyyqkn5plc19fx4nt4tpt00000gn/T/flow-dperf02-TxkS4x/worker"}
{"event":"region_leave","sid":"20261006T103658.366884Z-Ha9d4ceab-P000075df","thread":"main","time":"2026-10-06T10:36:58.370618Z","file":"cache-tree.c","line":645,"repo":1,"t_rel":0.000028,"nesting":2,"category":"cache_tree","label":"read"}
{"event":"data","sid":"20261006T103658.366884Z-Ha9d4ceab-P000075df","thread":"main","time":"2026-10-06T10:36:58.370632Z","file":"read-cache.c","line":2306,"repo":1,"t_abs":0.004068,"t_rel":0.000190,"nesting":2,"category":"index","key":"read/version","value":"2"}
{"event":"data","sid":"20261006T103658.366884Z-Ha9d4ceab-P000075df","thread":"main","time":"2026-10-06T10:36:58.370639Z","file":"read-cache.c","line":2308,"repo":1,"t_abs":0.004076,"t_rel":0.000198,"nesting":2,"category":"index","key":"read/cache_nr","value":"389"}
{"event":"region_leave","sid":"20261006T103658.366884Z-Ha9d4ceab-P000075df","thread":"main","time":"2026-10-06T10:36:58.370646Z","file":"read-cache.c","line":2362,"repo":1,"t_rel":0.000205,"nesting":1,"category":"index","label":"do_read_index","msg":"/private/var/folders/f1/2xjyyqkn5plc19fx4nt4tpt00000gn/T/flow-dperf02-TxkS4x/main/.git/worktrees/worker/index"}
{"event":"region_enter","sid":"20261006T103658.366198Z-Ha9d4ceab-P000075da","thread":"main","time":"2026-10-06T10:36:58.370749Z","file":"cache-tree.c","line":643,"repo":1,"nesting":2,"category":"cache_tree","label":"read"}
{"event":"region_enter","sid":"20261006T103658.366884Z-Ha9d4ceab-P000075df","thread":"main","time":"2026-10-06T10:36:58.370883Z","file":"dir.c","line":3090,"repo":1,"nesting":1,"category":"dir","label":"read_directory"}
{"event":"region_leave","sid":"20261006T103658.366198Z-Ha9d4ceab-P000075da","thread":"main","time":"2026-10-06T10:36:58.370900Z","file":"cache-tree.c","line":645,"repo":1,"t_rel":0.000153,"nesting":2,"category":"cache_tree","label":"read"}
{"event":"data","sid":"20261006T103658.366198Z-Ha9d4ceab-P000075da","thread":"main","time":"2026-10-06T10:36:58.370941Z","file":"read-cache.c","line":2306,"repo":1,"t_abs":0.005145,"t_rel":0.001213,"nesting":2,"category":"index","key":"read/version","value":"2"}
{"event":"version","sid":"20261006T103658.370378Z-Ha9d4ceab-P000075ee","thread":"main","time":"2026-10-06T10:36:58.371192Z","file":"common-init.c","line":57,"evt":"4","exe":"2.50.1 (Apple Git-155)"}
{"event":"start","sid":"20261006T103658.370378Z-Ha9d4ceab-P000075ee","thread":"main","time":"2026-10-06T10:36:58.371302Z","file":"common-init.c","line":58,"t_abs":0.001615,"argv":["/Library/Developer/CommandLineTools/usr/bin/git","-C","/var/folders/f1/2xjyyqkn5plc19fx4nt4tpt00000gn/T/flow-dperf02-TxkS4x/worker","ls-files","--others","--exclude-standard","-z"]}
{"event":"region_enter","sid":"20261006T103658.366884Z-Ha9d4ceab-P000075df","thread":"main","time":"2026-10-06T10:36:58.371517Z","file":"name-hash.c","line":597,"repo":1,"nesting":2,"category":"index","label":"name-hash-init"}
{"event":"region_leave","sid":"20261006T103658.366884Z-Ha9d4ceab-P000075df","thread":"main","time":"2026-10-06T10:36:58.371552Z","file":"name-hash.c","line":618,"repo":1,"t_rel":0.000036,"nesting":2,"category":"index","label":"name-hash-init"}
{"event":"data","sid":"20261006T103658.366198Z-Ha9d4ceab-P000075da","thread":"main","time":"2026-10-06T10:36:58.371858Z","file":"read-cache.c","line":2308,"repo":1,"t_abs":0.006061,"t_rel":0.002129,"nesting":2,"category":"index","key":"read/cache_nr","value":"389"}
{"event":"region_leave","sid":"20261006T103658.366198Z-Ha9d4ceab-P000075da","thread":"main","time":"2026-10-06T10:36:58.371871Z","file":"read-cache.c","line":2362,"repo":1,"t_rel":0.002143,"nesting":1,"category":"index","label":"do_read_index","msg":"/private/var/folders/f1/2xjyyqkn5plc19fx4nt4tpt00000gn/T/flow-dperf02-TxkS4x/main/.git/worktrees/worker/index"}
{"event":"region_enter","sid":"20261006T103658.366198Z-Ha9d4ceab-P000075da","thread":"main","time":"2026-10-06T10:36:58.372025Z","file":"unpack-trees.c","line":1905,"repo":1,"nesting":1,"category":"unpack_trees","label":"unpack_trees"}
{"event":"region_enter","sid":"20261006T103658.366198Z-Ha9d4ceab-P000075da","thread":"main","time":"2026-10-06T10:36:58.372355Z","file":"unpack-trees.c","line":2009,"repo":1,"nesting":2,"category":"unpack_trees","label":"traverse_trees"}
{"event":"def_repo","sid":"20261006T103658.370378Z-Ha9d4ceab-P000075ee","thread":"main","time":"2026-10-06T10:36:58.372481Z","file":"repository.c","line":241,"repo":1,"worktree":"/private/var/folders/f1/2xjyyqkn5plc19fx4nt4tpt00000gn/T/flow-dperf02-TxkS4x/worker"}
{"event":"version","sid":"20261006T103658.371357Z-Ha9d4ceab-P000075e9","thread":"main","time":"2026-10-06T10:36:58.373125Z","file":"common-init.c","line":57,"evt":"4","exe":"2.50.1 (Apple Git-155)"}
{"event":"start","sid":"20261006T103658.371357Z-Ha9d4ceab-P000075e9","thread":"main","time":"2026-10-06T10:36:58.373164Z","file":"common-init.c","line":58,"t_abs":0.003356,"argv":["/Library/Developer/CommandLineTools/usr/bin/git","-C","/var/folders/f1/2xjyyqkn5plc19fx4nt4tpt00000gn/T/flow-dperf02-TxkS4x/worker","diff","--name-only","-z","--no-renames","HEAD","--"]}
{"event":"cmd_name","sid":"20261006T103658.371357Z-Ha9d4ceab-P000075e9","thread":"main","time":"2026-10-06T10:36:58.373371Z","file":"git.c","line":477,"name":"diff","hierarchy":"diff"}
{"event":"cmd_name","sid":"20261006T103658.370378Z-Ha9d4ceab-P000075ee","thread":"main","time":"2026-10-06T10:36:58.374094Z","file":"git.c","line":477,"name":"ls-files","hierarchy":"ls-files"}
{"event":"region_enter","sid":"20261006T103658.370378Z-Ha9d4ceab-P000075ee","thread":"main","time":"2026-10-06T10:36:58.374886Z","file":"read-cache.c","line":2357,"repo":1,"nesting":1,"category":"index","label":"do_read_index","msg":"/private/var/folders/f1/2xjyyqkn5plc19fx4nt4tpt00000gn/T/flow-dperf02-TxkS4x/main/.git/worktrees/worker/index"}
{"event":"def_repo","sid":"20261006T103658.371357Z-Ha9d4ceab-P000075e9","thread":"main","time":"2026-10-06T10:36:58.375129Z","file":"repository.c","line":241,"repo":1,"worktree":"/private/var/folders/f1/2xjyyqkn5plc19fx4nt4tpt00000gn/T/flow-dperf02-TxkS4x/worker"}
{"event":"region_enter","sid":"20261006T103658.370378Z-Ha9d4ceab-P000075ee","thread":"main","time":"2026-10-06T10:36:58.375401Z","file":"cache-tree.c","line":643,"repo":1,"nesting":2,"category":"cache_tree","label":"read"}
{"event":"region_leave","sid":"20261006T103658.370378Z-Ha9d4ceab-P000075ee","thread":"main","time":"2026-10-06T10:36:58.375523Z","file":"cache-tree.c","line":645,"repo":1,"t_rel":0.000126,"nesting":2,"category":"cache_tree","label":"read"}
{"event":"data","sid":"20261006T103658.370378Z-Ha9d4ceab-P000075ee","thread":"main","time":"2026-10-06T10:36:58.375568Z","file":"read-cache.c","line":2306,"repo":1,"t_abs":0.005881,"t_rel":0.000681,"nesting":2,"category":"index","key":"read/version","value":"2"}
{"event":"data","sid":"20261006T103658.370378Z-Ha9d4ceab-P000075ee","thread":"main","time":"2026-10-06T10:36:58.375598Z","file":"read-cache.c","line":2308,"repo":1,"t_abs":0.005912,"t_rel":0.000712,"nesting":2,"category":"index","key":"read/cache_nr","value":"389"}
{"event":"region_leave","sid":"20261006T103658.370378Z-Ha9d4ceab-P000075ee","thread":"main","time":"2026-10-06T10:36:58.375609Z","file":"read-cache.c","line":2362,"repo":1,"t_rel":0.000723,"nesting":1,"category":"index","label":"do_read_index","msg":"/private/var/folders/f1/2xjyyqkn5plc19fx4nt4tpt00000gn/T/flow-dperf02-TxkS4x/main/.git/worktrees/worker/index"}
{"event":"region_enter","sid":"20261006T103658.370378Z-Ha9d4ceab-P000075ee","thread":"main","time":"2026-10-06T10:36:58.375875Z","file":"dir.c","line":3090,"repo":1,"nesting":1,"category":"dir","label":"read_directory"}
{"event":"region_enter","sid":"20261006T103658.370378Z-Ha9d4ceab-P000075ee","thread":"main","time":"2026-10-06T10:36:58.376525Z","file":"name-hash.c","line":597,"repo":1,"nesting":2,"category":"index","label":"name-hash-init"}
{"event":"region_leave","sid":"20261006T103658.370378Z-Ha9d4ceab-P000075ee","thread":"main","time":"2026-10-06T10:36:58.376561Z","file":"name-hash.c","line":618,"repo":1,"t_rel":0.000036,"nesting":2,"category":"index","label":"name-hash-init"}
{"event":"exit","sid":"20261006T103658.362368Z-Ha9d4ceab-P000075d5","thread":"main","time":"2026-10-06T10:36:58.378654Z","file":"git.c","line":747,"t_abs":0.016627,"code":0}
{"event":"atexit","sid":"20261006T103658.362368Z-Ha9d4ceab-P000075d5","thread":"main","time":"2026-10-06T10:36:58.378670Z","file":"trace2/tr2_tgt_event.c","line":207,"t_abs":0.016644,"code":0}
{"event":"version","sid":"20261006T103658.377815Z-Ha9d4ceab-P000075f3","thread":"main","time":"2026-10-06T10:36:58.379306Z","file":"common-init.c","line":57,"evt":"4","exe":"2.50.1 (Apple Git-155)"}
{"event":"start","sid":"20261006T103658.377815Z-Ha9d4ceab-P000075f3","thread":"main","time":"2026-10-06T10:36:58.379323Z","file":"common-init.c","line":58,"t_abs":0.002603,"argv":["/Library/Developer/CommandLineTools/usr/bin/git","-C","/var/folders/f1/2xjyyqkn5plc19fx4nt4tpt00000gn/T/flow-dperf02-TxkS4x/worker","diff","--name-only","-z","--no-renames","e0ef529332efc4ec97e5a135bd44fbeab0e3205c","33fbfd2c9ca677261c07f9845935727ea0f757b0","--"]}
{"event":"cmd_name","sid":"20261006T103658.377815Z-Ha9d4ceab-P000075f3","thread":"main","time":"2026-10-06T10:36:58.379455Z","file":"git.c","line":477,"name":"diff","hierarchy":"diff"}
{"event":"version","sid":"20261006T103658.378096Z-Ha9d4ceab-P000075f8","thread":"main","time":"2026-10-06T10:36:58.379547Z","file":"common-init.c","line":57,"evt":"4","exe":"2.50.1 (Apple Git-155)"}
{"event":"start","sid":"20261006T103658.378096Z-Ha9d4ceab-P000075f8","thread":"main","time":"2026-10-06T10:36:58.379560Z","file":"common-init.c","line":58,"t_abs":0.002606,"argv":["/Library/Developer/CommandLineTools/usr/bin/git","-C","/var/folders/f1/2xjyyqkn5plc19fx4nt4tpt00000gn/T/flow-dperf02-TxkS4x/worker","diff","--name-only","-z","--no-renames","HEAD","--"]}
{"event":"cmd_name","sid":"20261006T103658.378096Z-Ha9d4ceab-P000075f8","thread":"main","time":"2026-10-06T10:36:58.379713Z","file":"git.c","line":477,"name":"diff","hierarchy":"diff"}
{"event":"region_enter","sid":"20261006T103658.371357Z-Ha9d4ceab-P000075e9","thread":"main","time":"2026-10-06T10:36:58.380292Z","file":"read-cache.c","line":2357,"repo":1,"nesting":1,"category":"index","label":"do_read_index","msg":"/private/var/folders/f1/2xjyyqkn5plc19fx4nt4tpt00000gn/T/flow-dperf02-TxkS4x/main/.git/worktrees/worker/index"}
{"event":"region_enter","sid":"20261006T103658.371357Z-Ha9d4ceab-P000075e9","thread":"main","time":"2026-10-06T10:36:58.380465Z","file":"cache-tree.c","line":643,"repo":1,"nesting":2,"category":"cache_tree","label":"read"}
{"event":"def_repo","sid":"20261006T103658.377815Z-Ha9d4ceab-P000075f3","thread":"main","time":"2026-10-06T10:36:58.380465Z","file":"repository.c","line":241,"repo":1,"worktree":"/private/var/folders/f1/2xjyyqkn5plc19fx4nt4tpt00000gn/T/flow-dperf02-TxkS4x/worker"}
{"event":"region_leave","sid":"20261006T103658.371357Z-Ha9d4ceab-P000075e9","thread":"main","time":"2026-10-06T10:36:58.380492Z","file":"cache-tree.c","line":645,"repo":1,"t_rel":0.000028,"nesting":2,"category":"cache_tree","label":"read"}
{"event":"data","sid":"20261006T103658.371357Z-Ha9d4ceab-P000075e9","thread":"main","time":"2026-10-06T10:36:58.380506Z","file":"read-cache.c","line":2306,"repo":1,"t_abs":0.010699,"t_rel":0.000216,"nesting":2,"category":"index","key":"read/version","value":"2"}
{"event":"data","sid":"20261006T103658.371357Z-Ha9d4ceab-P000075e9","thread":"main","time":"2026-10-06T10:36:58.380516Z","file":"read-cache.c","line":2308,"repo":1,"t_abs":0.010708,"t_rel":0.000225,"nesting":2,"category":"index","key":"read/cache_nr","value":"389"}
{"event":"region_leave","sid":"20261006T103658.371357Z-Ha9d4ceab-P000075e9","thread":"main","time":"2026-10-06T10:36:58.380528Z","file":"read-cache.c","line":2362,"repo":1,"t_rel":0.000237,"nesting":1,"category":"index","label":"do_read_index","msg":"/private/var/folders/f1/2xjyyqkn5plc19fx4nt4tpt00000gn/T/flow-dperf02-TxkS4x/main/.git/worktrees/worker/index"}
{"event":"version","sid":"20261006T103658.378283Z-Ha9d4ceab-P000075fd","thread":"main","time":"2026-10-06T10:36:58.380580Z","file":"common-init.c","line":57,"evt":"4","exe":"2.50.1 (Apple Git-155)"}
{"event":"start","sid":"20261006T103658.378283Z-Ha9d4ceab-P000075fd","thread":"main","time":"2026-10-06T10:36:58.380593Z","file":"common-init.c","line":58,"t_abs":0.003655,"argv":["/Library/Developer/CommandLineTools/usr/bin/git","-C","/var/folders/f1/2xjyyqkn5plc19fx4nt4tpt00000gn/T/flow-dperf02-TxkS4x/worker","ls-files","--others","--exclude-standard","-z"]}
{"event":"region_enter","sid":"20261006T103658.371357Z-Ha9d4ceab-P000075e9","thread":"main","time":"2026-10-06T10:36:58.381278Z","file":"unpack-trees.c","line":1905,"repo":1,"nesting":1,"category":"unpack_trees","label":"unpack_trees"}
{"event":"def_repo","sid":"20261006T103658.378283Z-Ha9d4ceab-P000075fd","thread":"main","time":"2026-10-06T10:36:58.381569Z","file":"repository.c","line":241,"repo":1,"worktree":"/private/var/folders/f1/2xjyyqkn5plc19fx4nt4tpt00000gn/T/flow-dperf02-TxkS4x/worker"}
{"event":"def_repo","sid":"20261006T103658.378096Z-Ha9d4ceab-P000075f8","thread":"main","time":"2026-10-06T10:36:58.381742Z","file":"repository.c","line":241,"repo":1,"worktree":"/private/var/folders/f1/2xjyyqkn5plc19fx4nt4tpt00000gn/T/flow-dperf02-TxkS4x/worker"}
{"event":"region_enter","sid":"20261006T103658.371357Z-Ha9d4ceab-P000075e9","thread":"main","time":"2026-10-06T10:36:58.381876Z","file":"unpack-trees.c","line":2009,"repo":1,"nesting":2,"category":"unpack_trees","label":"traverse_trees"}
{"event":"cmd_name","sid":"20261006T103658.378283Z-Ha9d4ceab-P000075fd","thread":"main","time":"2026-10-06T10:36:58.382312Z","file":"git.c","line":477,"name":"ls-files","hierarchy":"ls-files"}
{"event":"region_enter","sid":"20261006T103658.378283Z-Ha9d4ceab-P000075fd","thread":"main","time":"2026-10-06T10:36:58.383207Z","file":"read-cache.c","line":2357,"repo":1,"nesting":1,"category":"index","label":"do_read_index","msg":"/private/var/folders/f1/2xjyyqkn5plc19fx4nt4tpt00000gn/T/flow-dperf02-TxkS4x/main/.git/worktrees/worker/index"}
{"event":"region_enter","sid":"20261006T103658.378283Z-Ha9d4ceab-P000075fd","thread":"main","time":"2026-10-06T10:36:58.383388Z","file":"cache-tree.c","line":643,"repo":1,"nesting":2,"category":"cache_tree","label":"read"}
{"event":"region_leave","sid":"20261006T103658.378283Z-Ha9d4ceab-P000075fd","thread":"main","time":"2026-10-06T10:36:58.383442Z","file":"cache-tree.c","line":645,"repo":1,"t_rel":0.000053,"nesting":2,"category":"cache_tree","label":"read"}
{"event":"data","sid":"20261006T103658.378283Z-Ha9d4ceab-P000075fd","thread":"main","time":"2026-10-06T10:36:58.383455Z","file":"read-cache.c","line":2306,"repo":1,"t_abs":0.006518,"t_rel":0.000248,"nesting":2,"category":"index","key":"read/version","value":"2"}
{"event":"data","sid":"20261006T103658.378283Z-Ha9d4ceab-P000075fd","thread":"main","time":"2026-10-06T10:36:58.383466Z","file":"read-cache.c","line":2308,"repo":1,"t_abs":0.006529,"t_rel":0.000259,"nesting":2,"category":"index","key":"read/cache_nr","value":"389"}
{"event":"region_leave","sid":"20261006T103658.378283Z-Ha9d4ceab-P000075fd","thread":"main","time":"2026-10-06T10:36:58.383477Z","file":"read-cache.c","line":2362,"repo":1,"t_rel":0.000269,"nesting":1,"category":"index","label":"do_read_index","msg":"/private/var/folders/f1/2xjyyqkn5plc19fx4nt4tpt00000gn/T/flow-dperf02-TxkS4x/main/.git/worktrees/worker/index"}
{"event":"region_enter","sid":"20261006T103658.378283Z-Ha9d4ceab-P000075fd","thread":"main","time":"2026-10-06T10:36:58.383917Z","file":"dir.c","line":3090,"repo":1,"nesting":1,"category":"dir","label":"read_directory"}
{"event":"region_enter","sid":"20261006T103658.378283Z-Ha9d4ceab-P000075fd","thread":"main","time":"2026-10-06T10:36:58.384614Z","file":"name-hash.c","line":597,"repo":1,"nesting":2,"category":"index","label":"name-hash-init"}
{"event":"region_leave","sid":"20261006T103658.378283Z-Ha9d4ceab-P000075fd","thread":"main","time":"2026-10-06T10:36:58.384656Z","file":"name-hash.c","line":618,"repo":1,"t_rel":0.000042,"nesting":2,"category":"index","label":"name-hash-init"}
{"event":"region_enter","sid":"20261006T103658.378096Z-Ha9d4ceab-P000075f8","thread":"main","time":"2026-10-06T10:36:58.388195Z","file":"read-cache.c","line":2357,"repo":1,"nesting":1,"category":"index","label":"do_read_index","msg":"/private/var/folders/f1/2xjyyqkn5plc19fx4nt4tpt00000gn/T/flow-dperf02-TxkS4x/main/.git/worktrees/worker/index"}
{"event":"region_enter","sid":"20261006T103658.378096Z-Ha9d4ceab-P000075f8","thread":"main","time":"2026-10-06T10:36:58.388426Z","file":"cache-tree.c","line":643,"repo":1,"nesting":2,"category":"cache_tree","label":"read"}
{"event":"region_leave","sid":"20261006T103658.378096Z-Ha9d4ceab-P000075f8","thread":"main","time":"2026-10-06T10:36:58.388457Z","file":"cache-tree.c","line":645,"repo":1,"t_rel":0.000031,"nesting":2,"category":"cache_tree","label":"read"}
{"event":"data","sid":"20261006T103658.378096Z-Ha9d4ceab-P000075f8","thread":"main","time":"2026-10-06T10:36:58.388468Z","file":"read-cache.c","line":2306,"repo":1,"t_abs":0.011514,"t_rel":0.000274,"nesting":2,"category":"index","key":"read/version","value":"2"}
{"event":"data","sid":"20261006T103658.378096Z-Ha9d4ceab-P000075f8","thread":"main","time":"2026-10-06T10:36:58.388474Z","file":"read-cache.c","line":2308,"repo":1,"t_abs":0.011520,"t_rel":0.000280,"nesting":2,"category":"index","key":"read/cache_nr","value":"389"}
{"event":"region_leave","sid":"20261006T103658.378096Z-Ha9d4ceab-P000075f8","thread":"main","time":"2026-10-06T10:36:58.388482Z","file":"read-cache.c","line":2362,"repo":1,"t_rel":0.000288,"nesting":1,"category":"index","label":"do_read_index","msg":"/private/var/folders/f1/2xjyyqkn5plc19fx4nt4tpt00000gn/T/flow-dperf02-TxkS4x/main/.git/worktrees/worker/index"}
{"event":"region_enter","sid":"20261006T103658.378096Z-Ha9d4ceab-P000075f8","thread":"main","time":"2026-10-06T10:36:58.388697Z","file":"unpack-trees.c","line":1905,"repo":1,"nesting":1,"category":"unpack_trees","label":"unpack_trees"}
{"event":"data","sid":"20261006T103658.366884Z-Ha9d4ceab-P000075df","thread":"main","time":"2026-10-06T10:36:58.389058Z","file":"dir.c","line":3058,"repo":1,"t_abs":0.022493,"t_rel":0.018174,"nesting":2,"category":"read_directory","key":"path","value":""}
{"event":"data","sid":"20261006T103658.366884Z-Ha9d4ceab-P000075df","thread":"main","time":"2026-10-06T10:36:58.389087Z","file":"dir.c","line":3067,"repo":1,"t_abs":0.022524,"t_rel":0.018205,"nesting":2,"category":"read_directory","key":"directories-visited","value":"133"}
{"event":"data","sid":"20261006T103658.366884Z-Ha9d4ceab-P000075df","thread":"main","time":"2026-10-06T10:36:58.389093Z","file":"dir.c","line":3069,"repo":1,"t_abs":0.022530,"t_rel":0.018211,"nesting":2,"category":"read_directory","key":"paths-visited","value":"522"}
{"event":"region_leave","sid":"20261006T103658.366884Z-Ha9d4ceab-P000075df","thread":"main","time":"2026-10-06T10:36:58.389100Z","file":"dir.c","line":3113,"repo":1,"t_rel":0.018217,"nesting":1,"category":"dir","label":"read_directory"}
{"event":"exit","sid":"20261006T103658.366884Z-Ha9d4ceab-P000075df","thread":"main","time":"2026-10-06T10:36:58.389110Z","file":"git.c","line":747,"t_abs":0.022546,"code":0}
{"event":"atexit","sid":"20261006T103658.366884Z-Ha9d4ceab-P000075df","thread":"main","time":"2026-10-06T10:36:58.389120Z","file":"trace2/tr2_tgt_event.c","line":207,"t_abs":0.022556,"code":0}
{"event":"region_enter","sid":"20261006T103658.378096Z-Ha9d4ceab-P000075f8","thread":"main","time":"2026-10-06T10:36:58.389348Z","file":"unpack-trees.c","line":2009,"repo":1,"nesting":2,"category":"unpack_trees","label":"traverse_trees"}
{"event":"version","sid":"20261006T103658.388902Z-Ha9d4ceab-P00007602","thread":"main","time":"2026-10-06T10:36:58.391855Z","file":"common-init.c","line":57,"evt":"4","exe":"2.50.1 (Apple Git-155)"}
{"event":"start","sid":"20261006T103658.388902Z-Ha9d4ceab-P00007602","thread":"main","time":"2026-10-06T10:36:58.391879Z","file":"common-init.c","line":58,"t_abs":0.004964,"argv":["/Library/Developer/CommandLineTools/usr/bin/git","-C","/var/folders/f1/2xjyyqkn5plc19fx4nt4tpt00000gn/T/flow-dperf02-TxkS4x/worker","diff","--name-only","-z","--no-renames","e0ef529332efc4ec97e5a135bd44fbeab0e3205c","33fbfd2c9ca677261c07f9845935727ea0f757b0","--"]}
{"event":"cmd_name","sid":"20261006T103658.388902Z-Ha9d4ceab-P00007602","thread":"main","time":"2026-10-06T10:36:58.391992Z","file":"git.c","line":477,"name":"diff","hierarchy":"diff"}
{"event":"version","sid":"20261006T103658.389400Z-Ha9d4ceab-P0000760c","thread":"main","time":"2026-10-06T10:36:58.392262Z","file":"common-init.c","line":57,"evt":"4","exe":"2.50.1 (Apple Git-155)"}
{"event":"start","sid":"20261006T103658.389400Z-Ha9d4ceab-P0000760c","thread":"main","time":"2026-10-06T10:36:58.392383Z","file":"common-init.c","line":58,"t_abs":0.005148,"argv":["/Library/Developer/CommandLineTools/usr/bin/git","-C","/var/folders/f1/2xjyyqkn5plc19fx4nt4tpt00000gn/T/flow-dperf02-TxkS4x/worker","ls-files","--others","--exclude-standard","-z"]}
{"event":"version","sid":"20261006T103658.391519Z-Ha9d4ceab-P00007611","thread":"main","time":"2026-10-06T10:36:58.393700Z","file":"common-init.c","line":57,"evt":"4","exe":"2.50.1 (Apple Git-155)"}
{"event":"start","sid":"20261006T103658.391519Z-Ha9d4ceab-P00007611","thread":"main","time":"2026-10-06T10:36:58.393715Z","file":"common-init.c","line":58,"t_abs":0.004510,"argv":["/Library/Developer/CommandLineTools/usr/bin/git","-C","/var/folders/f1/2xjyyqkn5plc19fx4nt4tpt00000gn/T/flow-dperf02-TxkS4x/worker","diff","--name-only","-z","--no-renames","e0ef529332efc4ec97e5a135bd44fbeab0e3205c","33fbfd2c9ca677261c07f9845935727ea0f757b0","--"]}
{"event":"cmd_name","sid":"20261006T103658.391519Z-Ha9d4ceab-P00007611","thread":"main","time":"2026-10-06T10:36:58.393812Z","file":"git.c","line":477,"name":"diff","hierarchy":"diff"}
{"event":"def_repo","sid":"20261006T103658.391519Z-Ha9d4ceab-P00007611","thread":"main","time":"2026-10-06T10:36:58.394807Z","file":"repository.c","line":241,"repo":1,"worktree":"/private/var/folders/f1/2xjyyqkn5plc19fx4nt4tpt00000gn/T/flow-dperf02-TxkS4x/worker"}
{"event":"def_repo","sid":"20261006T103658.388902Z-Ha9d4ceab-P00007602","thread":"main","time":"2026-10-06T10:36:58.395262Z","file":"repository.c","line":241,"repo":1,"worktree":"/private/var/folders/f1/2xjyyqkn5plc19fx4nt4tpt00000gn/T/flow-dperf02-TxkS4x/worker"}
{"event":"def_repo","sid":"20261006T103658.389400Z-Ha9d4ceab-P0000760c","thread":"main","time":"2026-10-06T10:36:58.395855Z","file":"repository.c","line":241,"repo":1,"worktree":"/private/var/folders/f1/2xjyyqkn5plc19fx4nt4tpt00000gn/T/flow-dperf02-TxkS4x/worker"}
{"event":"version","sid":"20261006T103658.392769Z-Ha9d4ceab-P00007607","thread":"main","time":"2026-10-06T10:36:58.396237Z","file":"common-init.c","line":57,"evt":"4","exe":"2.50.1 (Apple Git-155)"}
{"event":"start","sid":"20261006T103658.392769Z-Ha9d4ceab-P00007607","thread":"main","time":"2026-10-06T10:36:58.396251Z","file":"common-init.c","line":58,"t_abs":0.006533,"argv":["/Library/Developer/CommandLineTools/usr/bin/git","-C","/var/folders/f1/2xjyyqkn5plc19fx4nt4tpt00000gn/T/flow-dperf02-TxkS4x/worker","diff","--name-only","-z","--no-renames","HEAD","--"]}
{"event":"cmd_name","sid":"20261006T103658.392769Z-Ha9d4ceab-P00007607","thread":"main","time":"2026-10-06T10:36:58.396458Z","file":"git.c","line":477,"name":"diff","hierarchy":"diff"}
{"event":"def_repo","sid":"20261006T103658.392769Z-Ha9d4ceab-P00007607","thread":"main","time":"2026-10-06T10:36:58.397767Z","file":"repository.c","line":241,"repo":1,"worktree":"/private/var/folders/f1/2xjyyqkn5plc19fx4nt4tpt00000gn/T/flow-dperf02-TxkS4x/worker"}
{"event":"cmd_name","sid":"20261006T103658.389400Z-Ha9d4ceab-P0000760c","thread":"main","time":"2026-10-06T10:36:58.399133Z","file":"git.c","line":477,"name":"ls-files","hierarchy":"ls-files"}
{"event":"region_enter","sid":"20261006T103658.389400Z-Ha9d4ceab-P0000760c","thread":"main","time":"2026-10-06T10:36:58.401754Z","file":"read-cache.c","line":2357,"repo":1,"nesting":1,"category":"index","label":"do_read_index","msg":"/private/var/folders/f1/2xjyyqkn5plc19fx4nt4tpt00000gn/T/flow-dperf02-TxkS4x/main/.git/worktrees/worker/index"}
{"event":"region_enter","sid":"20261006T103658.389400Z-Ha9d4ceab-P0000760c","thread":"main","time":"2026-10-06T10:36:58.401953Z","file":"cache-tree.c","line":643,"repo":1,"nesting":2,"category":"cache_tree","label":"read"}
{"event":"region_leave","sid":"20261006T103658.389400Z-Ha9d4ceab-P0000760c","thread":"main","time":"2026-10-06T10:36:58.401983Z","file":"cache-tree.c","line":645,"repo":1,"t_rel":0.000031,"nesting":2,"category":"cache_tree","label":"read"}
{"event":"data","sid":"20261006T103658.389400Z-Ha9d4ceab-P0000760c","thread":"main","time":"2026-10-06T10:36:58.401999Z","file":"read-cache.c","line":2306,"repo":1,"t_abs":0.014765,"t_rel":0.000246,"nesting":2,"category":"index","key":"read/version","value":"2"}
{"event":"data","sid":"20261006T103658.389400Z-Ha9d4ceab-P0000760c","thread":"main","time":"2026-10-06T10:36:58.402005Z","file":"read-cache.c","line":2308,"repo":1,"t_abs":0.014772,"t_rel":0.000253,"nesting":2,"category":"index","key":"read/cache_nr","value":"389"}
{"event":"region_leave","sid":"20261006T103658.389400Z-Ha9d4ceab-P0000760c","thread":"main","time":"2026-10-06T10:36:58.402015Z","file":"read-cache.c","line":2362,"repo":1,"t_rel":0.000263,"nesting":1,"category":"index","label":"do_read_index","msg":"/private/var/folders/f1/2xjyyqkn5plc19fx4nt4tpt00000gn/T/flow-dperf02-TxkS4x/main/.git/worktrees/worker/index"}
{"event":"region_enter","sid":"20261006T103658.389400Z-Ha9d4ceab-P0000760c","thread":"main","time":"2026-10-06T10:36:58.402430Z","file":"dir.c","line":3090,"repo":1,"nesting":1,"category":"dir","label":"read_directory"}
{"event":"version","sid":"20261006T103658.398938Z-Ha9d4ceab-P0000761b","thread":"main","time":"2026-10-06T10:36:58.403131Z","file":"common-init.c","line":57,"evt":"4","exe":"2.50.1 (Apple Git-155)"}
{"event":"start","sid":"20261006T103658.398938Z-Ha9d4ceab-P0000761b","thread":"main","time":"2026-10-06T10:36:58.403173Z","file":"common-init.c","line":58,"t_abs":0.005071,"argv":["/Library/Developer/CommandLineTools/usr/bin/git","-C","/var/folders/f1/2xjyyqkn5plc19fx4nt4tpt00000gn/T/flow-dperf02-TxkS4x/worker","ls-files","--others","--exclude-standard","-z"]}
{"event":"region_enter","sid":"20261006T103658.389400Z-Ha9d4ceab-P0000760c","thread":"main","time":"2026-10-06T10:36:58.403182Z","file":"name-hash.c","line":597,"repo":1,"nesting":2,"category":"index","label":"name-hash-init"}
{"event":"version","sid":"20261006T103658.399056Z-Ha9d4ceab-P00007616","thread":"main","time":"2026-10-06T10:36:58.403349Z","file":"common-init.c","line":57,"evt":"4","exe":"2.50.1 (Apple Git-155)"}
{"event":"start","sid":"20261006T103658.399056Z-Ha9d4ceab-P00007616","thread":"main","time":"2026-10-06T10:36:58.403459Z","file":"common-init.c","line":58,"t_abs":0.006129,"argv":["/Library/Developer/CommandLineTools/usr/bin/git","-C","/var/folders/f1/2xjyyqkn5plc19fx4nt4tpt00000gn/T/flow-dperf02-TxkS4x/worker","diff","--name-only","-z","--no-renames","HEAD","--"]}
{"event":"region_leave","sid":"20261006T103658.389400Z-Ha9d4ceab-P0000760c","thread":"main","time":"2026-10-06T10:36:58.403473Z","file":"name-hash.c","line":618,"repo":1,"t_rel":0.000289,"nesting":2,"category":"index","label":"name-hash-init"}
{"event":"exit","sid":"20261006T103658.368758Z-Ha9d4ceab-P000075e4","thread":"main","time":"2026-10-06T10:36:58.403965Z","file":"git.c","line":747,"t_abs":0.035634,"code":0}
{"event":"atexit","sid":"20261006T103658.368758Z-Ha9d4ceab-P000075e4","thread":"main","time":"2026-10-06T10:36:58.404007Z","file":"trace2/tr2_tgt_event.c","line":207,"t_abs":0.035678,"code":0}
{"event":"cmd_name","sid":"20261006T103658.399056Z-Ha9d4ceab-P00007616","thread":"main","time":"2026-10-06T10:36:58.404313Z","file":"git.c","line":477,"name":"diff","hierarchy":"diff"}
{"event":"data","sid":"20261006T103658.370378Z-Ha9d4ceab-P000075ee","thread":"main","time":"2026-10-06T10:36:58.404360Z","file":"dir.c","line":3058,"repo":1,"t_abs":0.034674,"t_rel":0.028485,"nesting":2,"category":"read_directory","key":"path","value":""}
{"event":"data","sid":"20261006T103658.370378Z-Ha9d4ceab-P000075ee","thread":"main","time":"2026-10-06T10:36:58.404381Z","file":"dir.c","line":3067,"repo":1,"t_abs":0.034695,"t_rel":0.028506,"nesting":2,"category":"read_directory","key":"directories-visited","value":"133"}
{"event":"data","sid":"20261006T103658.370378Z-Ha9d4ceab-P000075ee","thread":"main","time":"2026-10-06T10:36:58.404391Z","file":"dir.c","line":3069,"repo":1,"t_abs":0.034705,"t_rel":0.028516,"nesting":2,"category":"read_directory","key":"paths-visited","value":"522"}
{"event":"region_leave","sid":"20261006T103658.370378Z-Ha9d4ceab-P000075ee","thread":"main","time":"2026-10-06T10:36:58.404400Z","file":"dir.c","line":3113,"repo":1,"t_rel":0.028526,"nesting":1,"category":"dir","label":"read_directory"}
{"event":"exit","sid":"20261006T103658.370378Z-Ha9d4ceab-P000075ee","thread":"main","time":"2026-10-06T10:36:58.404412Z","file":"git.c","line":747,"t_abs":0.034727,"code":0}
{"event":"atexit","sid":"20261006T103658.370378Z-Ha9d4ceab-P000075ee","thread":"main","time":"2026-10-06T10:36:58.404421Z","file":"trace2/tr2_tgt_event.c","line":207,"t_abs":0.034735,"code":0}
{"event":"def_repo","sid":"20261006T103658.398938Z-Ha9d4ceab-P0000761b","thread":"main","time":"2026-10-06T10:36:58.404465Z","file":"repository.c","line":241,"repo":1,"worktree":"/private/var/folders/f1/2xjyyqkn5plc19fx4nt4tpt00000gn/T/flow-dperf02-TxkS4x/worker"}
{"event":"region_enter","sid":"20261006T103658.392769Z-Ha9d4ceab-P00007607","thread":"main","time":"2026-10-06T10:36:58.404473Z","file":"read-cache.c","line":2357,"repo":1,"nesting":1,"category":"index","label":"do_read_index","msg":"/private/var/folders/f1/2xjyyqkn5plc19fx4nt4tpt00000gn/T/flow-dperf02-TxkS4x/main/.git/worktrees/worker/index"}
{"event":"region_enter","sid":"20261006T103658.392769Z-Ha9d4ceab-P00007607","thread":"main","time":"2026-10-06T10:36:58.404799Z","file":"cache-tree.c","line":643,"repo":1,"nesting":2,"category":"cache_tree","label":"read"}
{"event":"region_leave","sid":"20261006T103658.392769Z-Ha9d4ceab-P00007607","thread":"main","time":"2026-10-06T10:36:58.404869Z","file":"cache-tree.c","line":645,"repo":1,"t_rel":0.000072,"nesting":2,"category":"cache_tree","label":"read"}
{"event":"data","sid":"20261006T103658.392769Z-Ha9d4ceab-P00007607","thread":"main","time":"2026-10-06T10:36:58.404896Z","file":"read-cache.c","line":2306,"repo":1,"t_abs":0.015178,"t_rel":0.000424,"nesting":2,"category":"index","key":"read/version","value":"2"}
{"event":"data","sid":"20261006T103658.392769Z-Ha9d4ceab-P00007607","thread":"main","time":"2026-10-06T10:36:58.404967Z","file":"read-cache.c","line":2308,"repo":1,"t_abs":0.015249,"t_rel":0.000495,"nesting":2,"category":"index","key":"read/cache_nr","value":"389"}
{"event":"region_leave","sid":"20261006T103658.392769Z-Ha9d4ceab-P00007607","thread":"main","time":"2026-10-06T10:36:58.404984Z","file":"read-cache.c","line":2362,"repo":1,"t_rel":0.000512,"nesting":1,"category":"index","label":"do_read_index","msg":"/private/var/folders/f1/2xjyyqkn5plc19fx4nt4tpt00000gn/T/flow-dperf02-TxkS4x/main/.git/worktrees/worker/index"}
{"event":"def_repo","sid":"20261006T103658.399056Z-Ha9d4ceab-P00007616","thread":"main","time":"2026-10-06T10:36:58.405135Z","file":"repository.c","line":241,"repo":1,"worktree":"/private/var/folders/f1/2xjyyqkn5plc19fx4nt4tpt00000gn/T/flow-dperf02-TxkS4x/worker"}
{"event":"region_enter","sid":"20261006T103658.392769Z-Ha9d4ceab-P00007607","thread":"main","time":"2026-10-06T10:36:58.405258Z","file":"unpack-trees.c","line":1905,"repo":1,"nesting":1,"category":"unpack_trees","label":"unpack_trees"}
{"event":"cmd_name","sid":"20261006T103658.398938Z-Ha9d4ceab-P0000761b","thread":"main","time":"2026-10-06T10:36:58.405478Z","file":"git.c","line":477,"name":"ls-files","hierarchy":"ls-files"}
{"event":"version","sid":"20261006T103658.403848Z-Ha9d4ceab-P00007620","thread":"main","time":"2026-10-06T10:36:58.406007Z","file":"common-init.c","line":57,"evt":"4","exe":"2.50.1 (Apple Git-155)"}
{"event":"start","sid":"20261006T103658.403848Z-Ha9d4ceab-P00007620","thread":"main","time":"2026-10-06T10:36:58.406043Z","file":"common-init.c","line":58,"t_abs":0.003482,"argv":["/Library/Developer/CommandLineTools/usr/bin/git","-C","/var/folders/f1/2xjyyqkn5plc19fx4nt4tpt00000gn/T/flow-dperf02-TxkS4x/worker","diff","--name-only","-z","--no-renames","e0ef529332efc4ec97e5a135bd44fbeab0e3205c","33fbfd2c9ca677261c07f9845935727ea0f757b0","--"]}
{"event":"region_enter","sid":"20261006T103658.392769Z-Ha9d4ceab-P00007607","thread":"main","time":"2026-10-06T10:36:58.406280Z","file":"unpack-trees.c","line":2009,"repo":1,"nesting":2,"category":"unpack_trees","label":"traverse_trees"}
{"event":"cmd_name","sid":"20261006T103658.403848Z-Ha9d4ceab-P00007620","thread":"main","time":"2026-10-06T10:36:58.406354Z","file":"git.c","line":477,"name":"diff","hierarchy":"diff"}
{"event":"region_enter","sid":"20261006T103658.398938Z-Ha9d4ceab-P0000761b","thread":"main","time":"2026-10-06T10:36:58.406965Z","file":"read-cache.c","line":2357,"repo":1,"nesting":1,"category":"index","label":"do_read_index","msg":"/private/var/folders/f1/2xjyyqkn5plc19fx4nt4tpt00000gn/T/flow-dperf02-TxkS4x/main/.git/worktrees/worker/index"}
{"event":"region_enter","sid":"20261006T103658.398938Z-Ha9d4ceab-P0000761b","thread":"main","time":"2026-10-06T10:36:58.407219Z","file":"cache-tree.c","line":643,"repo":1,"nesting":2,"category":"cache_tree","label":"read"}
{"event":"region_leave","sid":"20261006T103658.398938Z-Ha9d4ceab-P0000761b","thread":"main","time":"2026-10-06T10:36:58.407283Z","file":"cache-tree.c","line":645,"repo":1,"t_rel":0.000064,"nesting":2,"category":"cache_tree","label":"read"}
{"event":"data","sid":"20261006T103658.398938Z-Ha9d4ceab-P0000761b","thread":"main","time":"2026-10-06T10:36:58.407305Z","file":"read-cache.c","line":2306,"repo":1,"t_abs":0.009204,"t_rel":0.000341,"nesting":2,"category":"index","key":"read/version","value":"2"}
{"event":"data","sid":"20261006T103658.398938Z-Ha9d4ceab-P0000761b","thread":"main","time":"2026-10-06T10:36:58.407322Z","file":"read-cache.c","line":2308,"repo":1,"t_abs":0.009222,"t_rel":0.000359,"nesting":2,"category":"index","key":"read/cache_nr","value":"389"}
{"event":"region_leave","sid":"20261006T103658.398938Z-Ha9d4ceab-P0000761b","thread":"main","time":"2026-10-06T10:36:58.407336Z","file":"read-cache.c","line":2362,"repo":1,"t_rel":0.000373,"nesting":1,"category":"index","label":"do_read_index","msg":"/private/var/folders/f1/2xjyyqkn5plc19fx4nt4tpt00000gn/T/flow-dperf02-TxkS4x/main/.git/worktrees/worker/index"}
{"event":"def_repo","sid":"20261006T103658.403848Z-Ha9d4ceab-P00007620","thread":"main","time":"2026-10-06T10:36:58.407577Z","file":"repository.c","line":241,"repo":1,"worktree":"/private/var/folders/f1/2xjyyqkn5plc19fx4nt4tpt00000gn/T/flow-dperf02-TxkS4x/worker"}
{"event":"region_enter","sid":"20261006T103658.398938Z-Ha9d4ceab-P0000761b","thread":"main","time":"2026-10-06T10:36:58.408527Z","file":"dir.c","line":3090,"repo":1,"nesting":1,"category":"dir","label":"read_directory"}
{"event":"region_enter","sid":"20261006T103658.398938Z-Ha9d4ceab-P0000761b","thread":"main","time":"2026-10-06T10:36:58.409167Z","file":"name-hash.c","line":597,"repo":1,"nesting":2,"category":"index","label":"name-hash-init"}
{"event":"region_leave","sid":"20261006T103658.398938Z-Ha9d4ceab-P0000761b","thread":"main","time":"2026-10-06T10:36:58.409204Z","file":"name-hash.c","line":618,"repo":1,"t_rel":0.000036,"nesting":2,"category":"index","label":"name-hash-init"}
{"event":"version","sid":"20261006T103658.409691Z-Ha9d4ceab-P00007625","thread":"main","time":"2026-10-06T10:36:58.412168Z","file":"common-init.c","line":57,"evt":"4","exe":"2.50.1 (Apple Git-155)"}
{"event":"start","sid":"20261006T103658.409691Z-Ha9d4ceab-P00007625","thread":"main","time":"2026-10-06T10:36:58.412188Z","file":"common-init.c","line":58,"t_abs":0.003359,"argv":["/Library/Developer/CommandLineTools/usr/bin/git","-C","/var/folders/f1/2xjyyqkn5plc19fx4nt4tpt00000gn/T/flow-dperf02-TxkS4x/worker","diff","--name-only","-z","--no-renames","HEAD","--"]}
{"event":"cmd_name","sid":"20261006T103658.409691Z-Ha9d4ceab-P00007625","thread":"main","time":"2026-10-06T10:36:58.412361Z","file":"git.c","line":477,"name":"diff","hierarchy":"diff"}
{"event":"def_repo","sid":"20261006T103658.409691Z-Ha9d4ceab-P00007625","thread":"main","time":"2026-10-06T10:36:58.415197Z","file":"repository.c","line":241,"repo":1,"worktree":"/private/var/folders/f1/2xjyyqkn5plc19fx4nt4tpt00000gn/T/flow-dperf02-TxkS4x/worker"}
{"event":"version","sid":"20261006T103658.415371Z-Ha9d4ceab-P0000762f","thread":"main","time":"2026-10-06T10:36:58.416290Z","file":"common-init.c","line":57,"evt":"4","exe":"2.50.1 (Apple Git-155)"}
{"event":"start","sid":"20261006T103658.415371Z-Ha9d4ceab-P0000762f","thread":"main","time":"2026-10-06T10:36:58.416308Z","file":"common-init.c","line":58,"t_abs":0.002894,"argv":["/Library/Developer/CommandLineTools/usr/bin/git","-C","/var/folders/f1/2xjyyqkn5plc19fx4nt4tpt00000gn/T/flow-dperf02-TxkS4x/worker","diff","--name-only","-z","--no-renames","e0ef529332efc4ec97e5a135bd44fbeab0e3205c","33fbfd2c9ca677261c07f9845935727ea0f757b0","--"]}
{"event":"cmd_name","sid":"20261006T103658.415371Z-Ha9d4ceab-P0000762f","thread":"main","time":"2026-10-06T10:36:58.416592Z","file":"git.c","line":477,"name":"diff","hierarchy":"diff"}
{"event":"def_repo","sid":"20261006T103658.415371Z-Ha9d4ceab-P0000762f","thread":"main","time":"2026-10-06T10:36:58.418052Z","file":"repository.c","line":241,"repo":1,"worktree":"/private/var/folders/f1/2xjyyqkn5plc19fx4nt4tpt00000gn/T/flow-dperf02-TxkS4x/worker"}
{"event":"data","sid":"20261006T103658.378283Z-Ha9d4ceab-P000075fd","thread":"main","time":"2026-10-06T10:36:58.419159Z","file":"dir.c","line":3058,"repo":1,"t_abs":0.042220,"t_rel":0.035241,"nesting":2,"category":"read_directory","key":"path","value":""}
{"event":"data","sid":"20261006T103658.378283Z-Ha9d4ceab-P000075fd","thread":"main","time":"2026-10-06T10:36:58.419176Z","file":"dir.c","line":3067,"repo":1,"t_abs":0.042239,"t_rel":0.035260,"nesting":2,"category":"read_directory","key":"directories-visited","value":"133"}
{"event":"data","sid":"20261006T103658.378283Z-Ha9d4ceab-P000075fd","thread":"main","time":"2026-10-06T10:36:58.419184Z","file":"dir.c","line":3069,"repo":1,"t_abs":0.042247,"t_rel":0.035268,"nesting":2,"category":"read_directory","key":"paths-visited","value":"522"}
{"event":"region_leave","sid":"20261006T103658.378283Z-Ha9d4ceab-P000075fd","thread":"main","time":"2026-10-06T10:36:58.419193Z","file":"dir.c","line":3113,"repo":1,"t_rel":0.035277,"nesting":1,"category":"dir","label":"read_directory"}
{"event":"exit","sid":"20261006T103658.378283Z-Ha9d4ceab-P000075fd","thread":"main","time":"2026-10-06T10:36:58.419226Z","file":"git.c","line":747,"t_abs":0.042288,"code":0}
{"event":"atexit","sid":"20261006T103658.378283Z-Ha9d4ceab-P000075fd","thread":"main","time":"2026-10-06T10:36:58.419234Z","file":"trace2/tr2_tgt_event.c","line":207,"t_abs":0.042296,"code":0}
{"event":"region_enter","sid":"20261006T103658.399056Z-Ha9d4ceab-P00007616","thread":"main","time":"2026-10-06T10:36:58.422846Z","file":"read-cache.c","line":2357,"repo":1,"nesting":1,"category":"index","label":"do_read_index","msg":"/private/var/folders/f1/2xjyyqkn5plc19fx4nt4tpt00000gn/T/flow-dperf02-TxkS4x/main/.git/worktrees/worker/index"}
{"event":"version","sid":"20261006T103658.418422Z-Ha9d4ceab-P0000762a","thread":"main","time":"2026-10-06T10:36:58.423007Z","file":"common-init.c","line":57,"evt":"4","exe":"2.50.1 (Apple Git-155)"}
{"event":"start","sid":"20261006T103658.418422Z-Ha9d4ceab-P0000762a","thread":"main","time":"2026-10-06T10:36:58.423019Z","file":"common-init.c","line":58,"t_abs":0.005630,"argv":["/Library/Developer/CommandLineTools/usr/bin/git","-C","/var/folders/f1/2xjyyqkn5plc19fx4nt4tpt00000gn/T/flow-dperf02-TxkS4x/worker","ls-files","--others","--exclude-standard","-z"]}
{"event":"region_enter","sid":"20261006T103658.399056Z-Ha9d4ceab-P00007616","thread":"main","time":"2026-10-06T10:36:58.424044Z","file":"cache-tree.c","line":643,"repo":1,"nesting":2,"category":"cache_tree","label":"read"}
{"event":"region_leave","sid":"20261006T103658.399056Z-Ha9d4ceab-P00007616","thread":"main","time":"2026-10-06T10:36:58.424080Z","file":"cache-tree.c","line":645,"repo":1,"t_rel":0.000037,"nesting":2,"category":"cache_tree","label":"read"}
{"event":"data","sid":"20261006T103658.399056Z-Ha9d4ceab-P00007616","thread":"main","time":"2026-10-06T10:36:58.424097Z","file":"read-cache.c","line":2306,"repo":1,"t_abs":0.026768,"t_rel":0.001251,"nesting":2,"category":"index","key":"read/version","value":"2"}
{"event":"data","sid":"20261006T103658.399056Z-Ha9d4ceab-P00007616","thread":"main","time":"2026-10-06T10:36:58.424110Z","file":"read-cache.c","line":2308,"repo":1,"t_abs":0.026782,"t_rel":0.001265,"nesting":2,"category":"index","key":"read/cache_nr","value":"389"}
{"event":"region_leave","sid":"20261006T103658.399056Z-Ha9d4ceab-P00007616","thread":"main","time":"2026-10-06T10:36:58.424118Z","file":"read-cache.c","line":2362,"repo":1,"t_rel":0.001272,"nesting":1,"category":"index","label":"do_read_index","msg":"/private/var/folders/f1/2xjyyqkn5plc19fx4nt4tpt00000gn/T/flow-dperf02-TxkS4x/main/.git/worktrees/worker/index"}
{"event":"region_enter","sid":"20261006T103658.399056Z-Ha9d4ceab-P00007616","thread":"main","time":"2026-10-06T10:36:58.424345Z","file":"unpack-trees.c","line":1905,"repo":1,"nesting":1,"category":"unpack_trees","label":"unpack_trees"}
{"event":"region_enter","sid":"20261006T103658.399056Z-Ha9d4ceab-P00007616","thread":"main","time":"2026-10-06T10:36:58.425774Z","file":"unpack-trees.c","line":2009,"repo":1,"nesting":2,"category":"unpack_trees","label":"traverse_trees"}
{"event":"version","sid":"20261006T103658.421773Z-Ha9d4ceab-P0000763e","thread":"main","time":"2026-10-06T10:36:58.426765Z","file":"common-init.c","line":57,"evt":"4","exe":"2.50.1 (Apple Git-155)"}
{"event":"start","sid":"20261006T103658.421773Z-Ha9d4ceab-P0000763e","thread":"main","time":"2026-10-06T10:36:58.426784Z","file":"common-init.c","line":58,"t_abs":0.006762,"argv":["/Library/Developer/CommandLineTools/usr/bin/git","-C","/var/folders/f1/2xjyyqkn5plc19fx4nt4tpt00000gn/T/flow-dperf02-TxkS4x/worker","diff","--name-only","-z","--no-renames","e0ef529332efc4ec97e5a135bd44fbeab0e3205c","33fbfd2c9ca677261c07f9845935727ea0f757b0","--"]}
{"event":"cmd_name","sid":"20261006T103658.421773Z-Ha9d4ceab-P0000763e","thread":"main","time":"2026-10-06T10:36:58.426971Z","file":"git.c","line":477,"name":"diff","hierarchy":"diff"}
{"event":"def_repo","sid":"20261006T103658.418422Z-Ha9d4ceab-P0000762a","thread":"main","time":"2026-10-06T10:36:58.428621Z","file":"repository.c","line":241,"repo":1,"worktree":"/private/var/folders/f1/2xjyyqkn5plc19fx4nt4tpt00000gn/T/flow-dperf02-TxkS4x/worker"}
{"event":"version","sid":"20261006T103658.424314Z-Ha9d4ceab-P00007634","thread":"main","time":"2026-10-06T10:36:58.428803Z","file":"common-init.c","line":57,"evt":"4","exe":"2.50.1 (Apple Git-155)"}
{"event":"start","sid":"20261006T103658.424314Z-Ha9d4ceab-P00007634","thread":"main","time":"2026-10-06T10:36:58.428824Z","file":"common-init.c","line":58,"t_abs":0.007766,"argv":["/Library/Developer/CommandLineTools/usr/bin/git","-C","/var/folders/f1/2xjyyqkn5plc19fx4nt4tpt00000gn/T/flow-dperf02-TxkS4x/worker","diff","--name-only","-z","--no-renames","HEAD","--"]}
{"event":"cmd_name","sid":"20261006T103658.424314Z-Ha9d4ceab-P00007634","thread":"main","time":"2026-10-06T10:36:58.428976Z","file":"git.c","line":477,"name":"diff","hierarchy":"diff"}
{"event":"version","sid":"20261006T103658.425348Z-Ha9d4ceab-P00007639","thread":"main","time":"2026-10-06T10:36:58.429763Z","file":"common-init.c","line":57,"evt":"4","exe":"2.50.1 (Apple Git-155)"}
{"event":"exit","sid":"20261006T103658.377815Z-Ha9d4ceab-P000075f3","thread":"main","time":"2026-10-06T10:36:58.430747Z","file":"git.c","line":747,"t_abs":0.054026,"code":0}
{"event":"atexit","sid":"20261006T103658.377815Z-Ha9d4ceab-P000075f3","thread":"main","time":"2026-10-06T10:36:58.430762Z","file":"trace2/tr2_tgt_event.c","line":207,"t_abs":0.054042,"code":0}
{"event":"start","sid":"20261006T103658.425348Z-Ha9d4ceab-P00007639","thread":"main","time":"2026-10-06T10:36:58.430851Z","file":"common-init.c","line":58,"t_abs":0.010992,"argv":["/Library/Developer/CommandLineTools/usr/bin/git","-C","/var/folders/f1/2xjyyqkn5plc19fx4nt4tpt00000gn/T/flow-dperf02-TxkS4x/worker","ls-files","--others","--exclude-standard","-z"]}
{"event":"def_repo","sid":"20261006T103658.421773Z-Ha9d4ceab-P0000763e","thread":"main","time":"2026-10-06T10:36:58.431376Z","file":"repository.c","line":241,"repo":1,"worktree":"/private/var/folders/f1/2xjyyqkn5plc19fx4nt4tpt00000gn/T/flow-dperf02-TxkS4x/worker"}
{"event":"region_enter","sid":"20261006T103658.409691Z-Ha9d4ceab-P00007625","thread":"main","time":"2026-10-06T10:36:58.431904Z","file":"read-cache.c","line":2357,"repo":1,"nesting":1,"category":"index","label":"do_read_index","msg":"/private/var/folders/f1/2xjyyqkn5plc19fx4nt4tpt00000gn/T/flow-dperf02-TxkS4x/main/.git/worktrees/worker/index"}
{"event":"region_enter","sid":"20261006T103658.409691Z-Ha9d4ceab-P00007625","thread":"main","time":"2026-10-06T10:36:58.432058Z","file":"cache-tree.c","line":643,"repo":1,"nesting":2,"category":"cache_tree","label":"read"}
{"event":"region_leave","sid":"20261006T103658.409691Z-Ha9d4ceab-P00007625","thread":"main","time":"2026-10-06T10:36:58.432089Z","file":"cache-tree.c","line":645,"repo":1,"t_rel":0.000031,"nesting":2,"category":"cache_tree","label":"read"}
{"event":"data","sid":"20261006T103658.409691Z-Ha9d4ceab-P00007625","thread":"main","time":"2026-10-06T10:36:58.432104Z","file":"read-cache.c","line":2306,"repo":1,"t_abs":0.023275,"t_rel":0.000200,"nesting":2,"category":"index","key":"read/version","value":"2"}
{"event":"data","sid":"20261006T103658.409691Z-Ha9d4ceab-P00007625","thread":"main","time":"2026-10-06T10:36:58.432115Z","file":"read-cache.c","line":2308,"repo":1,"t_abs":0.023287,"t_rel":0.000212,"nesting":2,"category":"index","key":"read/cache_nr","value":"389"}
{"event":"region_leave","sid":"20261006T103658.409691Z-Ha9d4ceab-P00007625","thread":"main","time":"2026-10-06T10:36:58.432120Z","file":"read-cache.c","line":2362,"repo":1,"t_rel":0.000217,"nesting":1,"category":"index","label":"do_read_index","msg":"/private/var/folders/f1/2xjyyqkn5plc19fx4nt4tpt00000gn/T/flow-dperf02-TxkS4x/main/.git/worktrees/worker/index"}
{"event":"def_repo","sid":"20261006T103658.425348Z-Ha9d4ceab-P00007639","thread":"main","time":"2026-10-06T10:36:58.432323Z","file":"repository.c","line":241,"repo":1,"worktree":"/private/var/folders/f1/2xjyyqkn5plc19fx4nt4tpt00000gn/T/flow-dperf02-TxkS4x/worker"}
{"event":"def_repo","sid":"20261006T103658.424314Z-Ha9d4ceab-P00007634","thread":"main","time":"2026-10-06T10:36:58.432995Z","file":"repository.c","line":241,"repo":1,"worktree":"/private/var/folders/f1/2xjyyqkn5plc19fx4nt4tpt00000gn/T/flow-dperf02-TxkS4x/worker"}
{"event":"region_enter","sid":"20261006T103658.409691Z-Ha9d4ceab-P00007625","thread":"main","time":"2026-10-06T10:36:58.433297Z","file":"unpack-trees.c","line":1905,"repo":1,"nesting":1,"category":"unpack_trees","label":"unpack_trees"}
{"event":"version","sid":"20261006T103658.428418Z-Ha9d4ceab-P00007653","thread":"main","time":"2026-10-06T10:36:58.433458Z","file":"common-init.c","line":57,"evt":"4","exe":"2.50.1 (Apple Git-155)"}
{"event":"start","sid":"20261006T103658.428418Z-Ha9d4ceab-P00007653","thread":"main","time":"2026-10-06T10:36:58.433473Z","file":"common-init.c","line":58,"t_abs":0.006539,"argv":["/Library/Developer/CommandLineTools/usr/bin/git","-C","/var/folders/f1/2xjyyqkn5plc19fx4nt4tpt00000gn/T/flow-dperf02-TxkS4x/worker","diff","--name-only","-z","--no-renames","HEAD","--"]}
{"event":"cmd_name","sid":"20261006T103658.428418Z-Ha9d4ceab-P00007653","thread":"main","time":"2026-10-06T10:36:58.433689Z","file":"git.c","line":477,"name":"diff","hierarchy":"diff"}
{"event":"region_enter","sid":"20261006T103658.409691Z-Ha9d4ceab-P00007625","thread":"main","time":"2026-10-06T10:36:58.434117Z","file":"unpack-trees.c","line":2009,"repo":1,"nesting":2,"category":"unpack_trees","label":"traverse_trees"}
{"event":"cmd_name","sid":"20261006T103658.418422Z-Ha9d4ceab-P0000762a","thread":"main","time":"2026-10-06T10:36:58.435077Z","file":"git.c","line":477,"name":"ls-files","hierarchy":"ls-files"}
{"event":"version","sid":"20261006T103658.432569Z-Ha9d4ceab-P00007648","thread":"main","time":"2026-10-06T10:36:58.437133Z","file":"common-init.c","line":57,"evt":"4","exe":"2.50.1 (Apple Git-155)"}
{"event":"start","sid":"20261006T103658.432569Z-Ha9d4ceab-P00007648","thread":"main","time":"2026-10-06T10:36:58.437152Z","file":"common-init.c","line":58,"t_abs":0.007765,"argv":["/Library/Developer/CommandLineTools/usr/bin/git","-C","/var/folders/f1/2xjyyqkn5plc19fx4nt4tpt00000gn/T/flow-dperf02-TxkS4x/worker","ls-files","--others","--exclude-standard","-z"]}
{"event":"def_repo","sid":"20261006T103658.428418Z-Ha9d4ceab-P00007653","thread":"main","time":"2026-10-06T10:36:58.439182Z","file":"repository.c","line":241,"repo":1,"worktree":"/private/var/folders/f1/2xjyyqkn5plc19fx4nt4tpt00000gn/T/flow-dperf02-TxkS4x/worker"}
{"event":"cmd_name","sid":"20261006T103658.425348Z-Ha9d4ceab-P00007639","thread":"main","time":"2026-10-06T10:36:58.439627Z","file":"git.c","line":477,"name":"ls-files","hierarchy":"ls-files"}
{"event":"region_enter","sid":"20261006T103658.425348Z-Ha9d4ceab-P00007639","thread":"main","time":"2026-10-06T10:36:58.442417Z","file":"read-cache.c","line":2357,"repo":1,"nesting":1,"category":"index","label":"do_read_index","msg":"/private/var/folders/f1/2xjyyqkn5plc19fx4nt4tpt00000gn/T/flow-dperf02-TxkS4x/main/.git/worktrees/worker/index"}
{"event":"region_enter","sid":"20261006T103658.418422Z-Ha9d4ceab-P0000762a","thread":"main","time":"2026-10-06T10:36:58.443016Z","file":"read-cache.c","line":2357,"repo":1,"nesting":1,"category":"index","label":"do_read_index","msg":"/private/var/folders/f1/2xjyyqkn5plc19fx4nt4tpt00000gn/T/flow-dperf02-TxkS4x/main/.git/worktrees/worker/index"}
{"event":"def_repo","sid":"20261006T103658.432569Z-Ha9d4ceab-P00007648","thread":"main","time":"2026-10-06T10:36:58.443118Z","file":"repository.c","line":241,"repo":1,"worktree":"/private/var/folders/f1/2xjyyqkn5plc19fx4nt4tpt00000gn/T/flow-dperf02-TxkS4x/worker"}
{"event":"version","sid":"20261006T103658.438936Z-Ha9d4ceab-P00007643","thread":"main","time":"2026-10-06T10:36:58.443658Z","file":"common-init.c","line":57,"evt":"4","exe":"2.50.1 (Apple Git-155)"}
{"event":"region_enter","sid":"20261006T103658.425348Z-Ha9d4ceab-P00007639","thread":"main","time":"2026-10-06T10:36:58.443653Z","file":"cache-tree.c","line":643,"repo":1,"nesting":2,"category":"cache_tree","label":"read"}
{"event":"start","sid":"20261006T103658.438936Z-Ha9d4ceab-P00007643","thread":"main","time":"2026-10-06T10:36:58.443673Z","file":"common-init.c","line":58,"t_abs":0.009249,"argv":["/Library/Developer/CommandLineTools/usr/bin/git","-C","/var/folders/f1/2xjyyqkn5plc19fx4nt4tpt00000gn/T/flow-dperf02-TxkS4x/worker","diff","--name-only","-z","--no-renames","HEAD","--"]}
{"event":"region_enter","sid":"20261006T103658.418422Z-Ha9d4ceab-P0000762a","thread":"main","time":"2026-10-06T10:36:58.444509Z","file":"cache-tree.c","line":643,"repo":1,"nesting":2,"category":"cache_tree","label":"read"}
{"event":"region_leave","sid":"20261006T103658.418422Z-Ha9d4ceab-P0000762a","thread":"main","time":"2026-10-06T10:36:58.444541Z","file":"cache-tree.c","line":645,"repo":1,"t_rel":0.000032,"nesting":2,"category":"cache_tree","label":"read"}
{"event":"data","sid":"20261006T103658.418422Z-Ha9d4ceab-P0000762a","thread":"main","time":"2026-10-06T10:36:58.444556Z","file":"read-cache.c","line":2306,"repo":1,"t_abs":0.027166,"t_rel":0.001540,"nesting":2,"category":"index","key":"read/version","value":"2"}
{"event":"data","sid":"20261006T103658.418422Z-Ha9d4ceab-P0000762a","thread":"main","time":"2026-10-06T10:36:58.444571Z","file":"read-cache.c","line":2308,"repo":1,"t_abs":0.027181,"t_rel":0.001555,"nesting":2,"category":"index","key":"read/cache_nr","value":"389"}
{"event":"region_leave","sid":"20261006T103658.418422Z-Ha9d4ceab-P0000762a","thread":"main","time":"2026-10-06T10:36:58.444589Z","file":"read-cache.c","line":2362,"repo":1,"t_rel":0.001574,"nesting":1,"category":"index","label":"do_read_index","msg":"/private/var/folders/f1/2xjyyqkn5plc19fx4nt4tpt00000gn/T/flow-dperf02-TxkS4x/main/.git/worktrees/worker/index"}
{"event":"region_enter","sid":"20261006T103658.418422Z-Ha9d4ceab-P0000762a","thread":"main","time":"2026-10-06T10:36:58.445357Z","file":"dir.c","line":3090,"repo":1,"nesting":1,"category":"dir","label":"read_directory"}
{"event":"region_enter","sid":"20261006T103658.424314Z-Ha9d4ceab-P00007634","thread":"main","time":"2026-10-06T10:36:58.445579Z","file":"read-cache.c","line":2357,"repo":1,"nesting":1,"category":"index","label":"do_read_index","msg":"/private/var/folders/f1/2xjyyqkn5plc19fx4nt4tpt00000gn/T/flow-dperf02-TxkS4x/main/.git/worktrees/worker/index"}
{"event":"region_leave","sid":"20261006T103658.425348Z-Ha9d4ceab-P00007639","thread":"main","time":"2026-10-06T10:36:58.445701Z","file":"cache-tree.c","line":645,"repo":1,"t_rel":0.002051,"nesting":2,"category":"cache_tree","label":"read"}
{"event":"cmd_name","sid":"20261006T103658.438936Z-Ha9d4ceab-P00007643","thread":"main","time":"2026-10-06T10:36:58.445753Z","file":"git.c","line":477,"name":"diff","hierarchy":"diff"}
{"event":"data","sid":"20261006T103658.425348Z-Ha9d4ceab-P00007639","thread":"main","time":"2026-10-06T10:36:58.445752Z","file":"read-cache.c","line":2306,"repo":1,"t_abs":0.025893,"t_rel":0.003335,"nesting":2,"category":"index","key":"read/version","value":"2"}
{"event":"data","sid":"20261006T103658.425348Z-Ha9d4ceab-P00007639","thread":"main","time":"2026-10-06T10:36:58.445780Z","file":"read-cache.c","line":2308,"repo":1,"t_abs":0.025922,"t_rel":0.003364,"nesting":2,"category":"index","key":"read/cache_nr","value":"389"}
{"event":"region_leave","sid":"20261006T103658.425348Z-Ha9d4ceab-P00007639","thread":"main","time":"2026-10-06T10:36:58.445799Z","file":"read-cache.c","line":2362,"repo":1,"t_rel":0.003383,"nesting":1,"category":"index","label":"do_read_index","msg":"/private/var/folders/f1/2xjyyqkn5plc19fx4nt4tpt00000gn/T/flow-dperf02-TxkS4x/main/.git/worktrees/worker/index"}
{"event":"region_enter","sid":"20261006T103658.424314Z-Ha9d4ceab-P00007634","thread":"main","time":"2026-10-06T10:36:58.445888Z","file":"cache-tree.c","line":643,"repo":1,"nesting":2,"category":"cache_tree","label":"read"}
{"event":"region_leave","sid":"20261006T103658.424314Z-Ha9d4ceab-P00007634","thread":"main","time":"2026-10-06T10:36:58.445930Z","file":"cache-tree.c","line":645,"repo":1,"t_rel":0.000042,"nesting":2,"category":"cache_tree","label":"read"}
{"event":"data","sid":"20261006T103658.424314Z-Ha9d4ceab-P00007634","thread":"main","time":"2026-10-06T10:36:58.446257Z","file":"read-cache.c","line":2306,"repo":1,"t_abs":0.025199,"t_rel":0.000678,"nesting":2,"category":"index","key":"read/version","value":"2"}
{"event":"data","sid":"20261006T103658.424314Z-Ha9d4ceab-P00007634","thread":"main","time":"2026-10-06T10:36:58.446269Z","file":"read-cache.c","line":2308,"repo":1,"t_abs":0.025212,"t_rel":0.000691,"nesting":2,"category":"index","key":"read/cache_nr","value":"389"}
{"event":"region_leave","sid":"20261006T103658.424314Z-Ha9d4ceab-P00007634","thread":"main","time":"2026-10-06T10:36:58.446281Z","file":"read-cache.c","line":2362,"repo":1,"t_rel":0.000702,"nesting":1,"category":"index","label":"do_read_index","msg":"/private/var/folders/f1/2xjyyqkn5plc19fx4nt4tpt00000gn/T/flow-dperf02-TxkS4x/main/.git/worktrees/worker/index"}
{"event":"region_enter","sid":"20261006T103658.424314Z-Ha9d4ceab-P00007634","thread":"main","time":"2026-10-06T10:36:58.446577Z","file":"unpack-trees.c","line":1905,"repo":1,"nesting":1,"category":"unpack_trees","label":"unpack_trees"}
{"event":"version","sid":"20261006T103658.441746Z-Ha9d4ceab-P0000765d","thread":"main","time":"2026-10-06T10:36:58.447200Z","file":"common-init.c","line":57,"evt":"4","exe":"2.50.1 (Apple Git-155)"}
{"event":"start","sid":"20261006T103658.441746Z-Ha9d4ceab-P0000765d","thread":"main","time":"2026-10-06T10:36:58.447210Z","file":"common-init.c","line":58,"t_abs":0.007424,"argv":["/Library/Developer/CommandLineTools/usr/bin/git","-C","/var/folders/f1/2xjyyqkn5plc19fx4nt4tpt00000gn/T/flow-dperf02-TxkS4x/worker","diff","--name-only","-z","--no-renames","e0ef529332efc4ec97e5a135bd44fbeab0e3205c","33fbfd2c9ca677261c07f9845935727ea0f757b0","--"]}
{"event":"cmd_name","sid":"20261006T103658.441746Z-Ha9d4ceab-P0000765d","thread":"main","time":"2026-10-06T10:36:58.447425Z","file":"git.c","line":477,"name":"diff","hierarchy":"diff"}
{"event":"cmd_name","sid":"20261006T103658.432569Z-Ha9d4ceab-P00007648","thread":"main","time":"2026-10-06T10:36:58.447434Z","file":"git.c","line":477,"name":"ls-files","hierarchy":"ls-files"}
{"event":"region_enter","sid":"20261006T103658.418422Z-Ha9d4ceab-P0000762a","thread":"main","time":"2026-10-06T10:36:58.447648Z","file":"name-hash.c","line":597,"repo":1,"nesting":2,"category":"index","label":"name-hash-init"}
{"event":"region_enter","sid":"20261006T103658.425348Z-Ha9d4ceab-P00007639","thread":"main","time":"2026-10-06T10:36:58.447663Z","file":"dir.c","line":3090,"repo":1,"nesting":1,"category":"dir","label":"read_directory"}
{"event":"region_leave","sid":"20261006T103658.418422Z-Ha9d4ceab-P0000762a","thread":"main","time":"2026-10-06T10:36:58.448135Z","file":"name-hash.c","line":618,"repo":1,"t_rel":0.000488,"nesting":2,"category":"index","label":"name-hash-init"}
{"event":"region_enter","sid":"20261006T103658.424314Z-Ha9d4ceab-P00007634","thread":"main","time":"2026-10-06T10:36:58.448517Z","file":"unpack-trees.c","line":2009,"repo":1,"nesting":2,"category":"unpack_trees","label":"traverse_trees"}
{"event":"region_enter","sid":"20261006T103658.425348Z-Ha9d4ceab-P00007639","thread":"main","time":"2026-10-06T10:36:58.448811Z","file":"name-hash.c","line":597,"repo":1,"nesting":2,"category":"index","label":"name-hash-init"}
{"event":"region_leave","sid":"20261006T103658.425348Z-Ha9d4ceab-P00007639","thread":"main","time":"2026-10-06T10:36:58.448846Z","file":"name-hash.c","line":618,"repo":1,"t_rel":0.000036,"nesting":2,"category":"index","label":"name-hash-init"}
{"event":"def_repo","sid":"20261006T103658.438936Z-Ha9d4ceab-P00007643","thread":"main","time":"2026-10-06T10:36:58.449110Z","file":"repository.c","line":241,"repo":1,"worktree":"/private/var/folders/f1/2xjyyqkn5plc19fx4nt4tpt00000gn/T/flow-dperf02-TxkS4x/worker"}
{"event":"region_enter","sid":"20261006T103658.428418Z-Ha9d4ceab-P00007653","thread":"main","time":"2026-10-06T10:36:58.450704Z","file":"read-cache.c","line":2357,"repo":1,"nesting":1,"category":"index","label":"do_read_index","msg":"/private/var/folders/f1/2xjyyqkn5plc19fx4nt4tpt00000gn/T/flow-dperf02-TxkS4x/main/.git/worktrees/worker/index"}
{"event":"region_enter","sid":"20261006T103658.432569Z-Ha9d4ceab-P00007648","thread":"main","time":"2026-10-06T10:36:58.450704Z","file":"read-cache.c","line":2357,"repo":1,"nesting":1,"category":"index","label":"do_read_index","msg":"/private/var/folders/f1/2xjyyqkn5plc19fx4nt4tpt00000gn/T/flow-dperf02-TxkS4x/main/.git/worktrees/worker/index"}
{"event":"region_enter","sid":"20261006T103658.428418Z-Ha9d4ceab-P00007653","thread":"main","time":"2026-10-06T10:36:58.451081Z","file":"cache-tree.c","line":643,"repo":1,"nesting":2,"category":"cache_tree","label":"read"}
{"event":"region_leave","sid":"20261006T103658.428418Z-Ha9d4ceab-P00007653","thread":"main","time":"2026-10-06T10:36:58.451119Z","file":"cache-tree.c","line":645,"repo":1,"t_rel":0.000040,"nesting":2,"category":"cache_tree","label":"read"}
{"event":"data","sid":"20261006T103658.428418Z-Ha9d4ceab-P00007653","thread":"main","time":"2026-10-06T10:36:58.451136Z","file":"read-cache.c","line":2306,"repo":1,"t_abs":0.024201,"t_rel":0.000432,"nesting":2,"category":"index","key":"read/version","value":"2"}
{"event":"data","sid":"20261006T103658.428418Z-Ha9d4ceab-P00007653","thread":"main","time":"2026-10-06T10:36:58.451148Z","file":"read-cache.c","line":2308,"repo":1,"t_abs":0.024212,"t_rel":0.000443,"nesting":2,"category":"index","key":"read/cache_nr","value":"389"}
{"event":"region_leave","sid":"20261006T103658.428418Z-Ha9d4ceab-P00007653","thread":"main","time":"2026-10-06T10:36:58.451156Z","file":"read-cache.c","line":2362,"repo":1,"t_rel":0.000452,"nesting":1,"category":"index","label":"do_read_index","msg":"/private/var/folders/f1/2xjyyqkn5plc19fx4nt4tpt00000gn/T/flow-dperf02-TxkS4x/main/.git/worktrees/worker/index"}
{"event":"region_enter","sid":"20261006T103658.428418Z-Ha9d4ceab-P00007653","thread":"main","time":"2026-10-06T10:36:58.451480Z","file":"unpack-trees.c","line":1905,"repo":1,"nesting":1,"category":"unpack_trees","label":"unpack_trees"}
{"event":"version","sid":"20261006T103658.447497Z-Ha9d4ceab-P00007662","thread":"main","time":"2026-10-06T10:36:58.452556Z","file":"common-init.c","line":57,"evt":"4","exe":"2.50.1 (Apple Git-155)"}
{"event":"start","sid":"20261006T103658.447497Z-Ha9d4ceab-P00007662","thread":"main","time":"2026-10-06T10:36:58.452570Z","file":"common-init.c","line":58,"t_abs":0.011857,"argv":["/Library/Developer/CommandLineTools/usr/bin/git","-C","/var/folders/f1/2xjyyqkn5plc19fx4nt4tpt00000gn/T/flow-dperf02-TxkS4x/worker","diff","--name-only","-z","--no-renames","HEAD","--"]}
{"event":"def_repo","sid":"20261006T103658.441746Z-Ha9d4ceab-P0000765d","thread":"main","time":"2026-10-06T10:36:58.452575Z","file":"repository.c","line":241,"repo":1,"worktree":"/private/var/folders/f1/2xjyyqkn5plc19fx4nt4tpt00000gn/T/flow-dperf02-TxkS4x/worker"}
{"event":"region_enter","sid":"20261006T103658.432569Z-Ha9d4ceab-P00007648","thread":"main","time":"2026-10-06T10:36:58.452925Z","file":"cache-tree.c","line":643,"repo":1,"nesting":2,"category":"cache_tree","label":"read"}
{"event":"region_leave","sid":"20261006T103658.432569Z-Ha9d4ceab-P00007648","thread":"main","time":"2026-10-06T10:36:58.452958Z","file":"cache-tree.c","line":645,"repo":1,"t_rel":0.000035,"nesting":2,"category":"cache_tree","label":"read"}
{"event":"region_enter","sid":"20261006T103658.428418Z-Ha9d4ceab-P00007653","thread":"main","time":"2026-10-06T10:36:58.452953Z","file":"unpack-trees.c","line":2009,"repo":1,"nesting":2,"category":"unpack_trees","label":"traverse_trees"}
{"event":"data","sid":"20261006T103658.432569Z-Ha9d4ceab-P00007648","thread":"main","time":"2026-10-06T10:36:58.452975Z","file":"read-cache.c","line":2306,"repo":1,"t_abs":0.023587,"t_rel":0.002271,"nesting":2,"category":"index","key":"read/version","value":"2"}
{"event":"data","sid":"20261006T103658.432569Z-Ha9d4ceab-P00007648","thread":"main","time":"2026-10-06T10:36:58.453070Z","file":"read-cache.c","line":2308,"repo":1,"t_abs":0.023682,"t_rel":0.002366,"nesting":2,"category":"index","key":"read/cache_nr","value":"389"}
{"event":"region_leave","sid":"20261006T103658.432569Z-Ha9d4ceab-P00007648","thread":"main","time":"2026-10-06T10:36:58.453091Z","file":"read-cache.c","line":2362,"repo":1,"t_rel":0.002387,"nesting":1,"category":"index","label":"do_read_index","msg":"/private/var/folders/f1/2xjyyqkn5plc19fx4nt4tpt00000gn/T/flow-dperf02-TxkS4x/main/.git/worktrees/worker/index"}
{"event":"data","sid":"20261006T103658.389400Z-Ha9d4ceab-P0000760c","thread":"main","time":"2026-10-06T10:36:58.454197Z","file":"dir.c","line":3058,"repo":1,"t_abs":0.066963,"t_rel":0.051767,"nesting":2,"category":"read_directory","key":"path","value":""}
{"event":"data","sid":"20261006T103658.389400Z-Ha9d4ceab-P0000760c","thread":"main","time":"2026-10-06T10:36:58.454209Z","file":"dir.c","line":3067,"repo":1,"t_abs":0.066976,"t_rel":0.051780,"nesting":2,"category":"read_directory","key":"directories-visited","value":"133"}
{"event":"data","sid":"20261006T103658.389400Z-Ha9d4ceab-P0000760c","thread":"main","time":"2026-10-06T10:36:58.454215Z","file":"dir.c","line":3069,"repo":1,"t_abs":0.066982,"t_rel":0.051786,"nesting":2,"category":"read_directory","key":"paths-visited","value":"522"}
{"event":"region_leave","sid":"20261006T103658.389400Z-Ha9d4ceab-P0000760c","thread":"main","time":"2026-10-06T10:36:58.454221Z","file":"dir.c","line":3113,"repo":1,"t_rel":0.051791,"nesting":1,"category":"dir","label":"read_directory"}
{"event":"exit","sid":"20261006T103658.389400Z-Ha9d4ceab-P0000760c","thread":"main","time":"2026-10-06T10:36:58.454232Z","file":"git.c","line":747,"t_abs":0.066998,"code":0}
{"event":"atexit","sid":"20261006T103658.389400Z-Ha9d4ceab-P0000760c","thread":"main","time":"2026-10-06T10:36:58.454240Z","file":"trace2/tr2_tgt_event.c","line":207,"t_abs":0.067006,"code":0}
{"event":"version","sid":"20261006T103658.450186Z-Ha9d4ceab-P00007667","thread":"main","time":"2026-10-06T10:36:58.455075Z","file":"common-init.c","line":57,"evt":"4","exe":"2.50.1 (Apple Git-155)"}
{"event":"start","sid":"20261006T103658.450186Z-Ha9d4ceab-P00007667","thread":"main","time":"2026-10-06T10:36:58.455112Z","file":"common-init.c","line":58,"t_abs":0.009649,"argv":["/Library/Developer/CommandLineTools/usr/bin/git","-C","/var/folders/f1/2xjyyqkn5plc19fx4nt4tpt00000gn/T/flow-dperf02-TxkS4x/worker","ls-files","--others","--exclude-standard","-z"]}
{"event":"version","sid":"20261006T103658.449935Z-Ha9d4ceab-P0000764d","thread":"main","time":"2026-10-06T10:36:58.455854Z","file":"common-init.c","line":57,"evt":"4","exe":"2.50.1 (Apple Git-155)"}
{"event":"start","sid":"20261006T103658.449935Z-Ha9d4ceab-P0000764d","thread":"main","time":"2026-10-06T10:36:58.455868Z","file":"common-init.c","line":58,"t_abs":0.011361,"argv":["/Library/Developer/CommandLineTools/usr/bin/git","-C","/var/folders/f1/2xjyyqkn5plc19fx4nt4tpt00000gn/T/flow-dperf02-TxkS4x/worker","diff","--name-only","-z","--no-renames","e0ef529332efc4ec97e5a135bd44fbeab0e3205c","33fbfd2c9ca677261c07f9845935727ea0f757b0","--"]}
{"event":"cmd_name","sid":"20261006T103658.447497Z-Ha9d4ceab-P00007662","thread":"main","time":"2026-10-06T10:36:58.457574Z","file":"git.c","line":477,"name":"diff","hierarchy":"diff"}
{"event":"def_repo","sid":"20261006T103658.450186Z-Ha9d4ceab-P00007667","thread":"main","time":"2026-10-06T10:36:58.457697Z","file":"repository.c","line":241,"repo":1,"worktree":"/private/var/folders/f1/2xjyyqkn5plc19fx4nt4tpt00000gn/T/flow-dperf02-TxkS4x/worker"}
{"event":"region_enter","sid":"20261006T103658.432569Z-Ha9d4ceab-P00007648","thread":"main","time":"2026-10-06T10:36:58.458541Z","file":"dir.c","line":3090,"repo":1,"nesting":1,"category":"dir","label":"read_directory"}
{"event":"region_enter","sid":"20261006T103658.438936Z-Ha9d4ceab-P00007643","thread":"main","time":"2026-10-06T10:36:58.458752Z","file":"read-cache.c","line":2357,"repo":1,"nesting":1,"category":"index","label":"do_read_index","msg":"/private/var/folders/f1/2xjyyqkn5plc19fx4nt4tpt00000gn/T/flow-dperf02-TxkS4x/main/.git/worktrees/worker/index"}
{"event":"cmd_name","sid":"20261006T103658.449935Z-Ha9d4ceab-P0000764d","thread":"main","time":"2026-10-06T10:36:58.458753Z","file":"git.c","line":477,"name":"diff","hierarchy":"diff"}
{"event":"region_enter","sid":"20261006T103658.438936Z-Ha9d4ceab-P00007643","thread":"main","time":"2026-10-06T10:36:58.459174Z","file":"cache-tree.c","line":643,"repo":1,"nesting":2,"category":"cache_tree","label":"read"}
{"event":"region_leave","sid":"20261006T103658.438936Z-Ha9d4ceab-P00007643","thread":"main","time":"2026-10-06T10:36:58.459208Z","file":"cache-tree.c","line":645,"repo":1,"t_rel":0.000035,"nesting":2,"category":"cache_tree","label":"read"}
{"event":"data","sid":"20261006T103658.438936Z-Ha9d4ceab-P00007643","thread":"main","time":"2026-10-06T10:36:58.459222Z","file":"read-cache.c","line":2306,"repo":1,"t_abs":0.024798,"t_rel":0.000471,"nesting":2,"category":"index","key":"read/version","value":"2"}
{"event":"data","sid":"20261006T103658.438936Z-Ha9d4ceab-P00007643","thread":"main","time":"2026-10-06T10:36:58.459234Z","file":"read-cache.c","line":2308,"repo":1,"t_abs":0.024810,"t_rel":0.000483,"nesting":2,"category":"index","key":"read/cache_nr","value":"389"}
{"event":"region_leave","sid":"20261006T103658.438936Z-Ha9d4ceab-P00007643","thread":"main","time":"2026-10-06T10:36:58.459244Z","file":"read-cache.c","line":2362,"repo":1,"t_rel":0.000494,"nesting":1,"category":"index","label":"do_read_index","msg":"/private/var/folders/f1/2xjyyqkn5plc19fx4nt4tpt00000gn/T/flow-dperf02-TxkS4x/main/.git/worktrees/worker/index"}
{"event":"def_repo","sid":"20261006T103658.447497Z-Ha9d4ceab-P00007662","thread":"main","time":"2026-10-06T10:36:58.459398Z","file":"repository.c","line":241,"repo":1,"worktree":"/private/var/folders/f1/2xjyyqkn5plc19fx4nt4tpt00000gn/T/flow-dperf02-TxkS4x/worker"}
{"event":"data","sid":"20261006T103658.398938Z-Ha9d4ceab-P0000761b","thread":"main","time":"2026-10-06T10:36:58.459469Z","file":"dir.c","line":3058,"repo":1,"t_abs":0.061367,"t_rel":0.050942,"nesting":2,"category":"read_directory","key":"path","value":""}
{"event":"data","sid":"20261006T103658.398938Z-Ha9d4ceab-P0000761b","thread":"main","time":"2026-10-06T10:36:58.459485Z","file":"dir.c","line":3067,"repo":1,"t_abs":0.061384,"t_rel":0.050959,"nesting":2,"category":"read_directory","key":"directories-visited","value":"133"}
{"event":"data","sid":"20261006T103658.398938Z-Ha9d4ceab-P0000761b","thread":"main","time":"2026-10-06T10:36:58.459492Z","file":"dir.c","line":3069,"repo":1,"t_abs":0.061392,"t_rel":0.050967,"nesting":2,"category":"read_directory","key":"paths-visited","value":"522"}
{"event":"region_leave","sid":"20261006T103658.398938Z-Ha9d4ceab-P0000761b","thread":"main","time":"2026-10-06T10:36:58.459499Z","file":"dir.c","line":3113,"repo":1,"t_rel":0.050974,"nesting":1,"category":"dir","label":"read_directory"}
{"event":"exit","sid":"20261006T103658.398938Z-Ha9d4ceab-P0000761b","thread":"main","time":"2026-10-06T10:36:58.459511Z","file":"git.c","line":747,"t_abs":0.061410,"code":0}
{"event":"atexit","sid":"20261006T103658.398938Z-Ha9d4ceab-P0000761b","thread":"main","time":"2026-10-06T10:36:58.459519Z","file":"trace2/tr2_tgt_event.c","line":207,"t_abs":0.061418,"code":0}
{"event":"region_enter","sid":"20261006T103658.438936Z-Ha9d4ceab-P00007643","thread":"main","time":"2026-10-06T10:36:58.459572Z","file":"unpack-trees.c","line":1905,"repo":1,"nesting":1,"category":"unpack_trees","label":"unpack_trees"}
{"event":"region_enter","sid":"20261006T103658.432569Z-Ha9d4ceab-P00007648","thread":"main","time":"2026-10-06T10:36:58.460254Z","file":"name-hash.c","line":597,"repo":1,"nesting":2,"category":"index","label":"name-hash-init"}
{"event":"region_leave","sid":"20261006T103658.432569Z-Ha9d4ceab-P00007648","thread":"main","time":"2026-10-06T10:36:58.460297Z","file":"name-hash.c","line":618,"repo":1,"t_rel":0.000044,"nesting":2,"category":"index","label":"name-hash-init"}
{"event":"exit","sid":"20261006T103658.391519Z-Ha9d4ceab-P00007611","thread":"main","time":"2026-10-06T10:36:58.460390Z","file":"git.c","line":747,"t_abs":0.071184,"code":0}
{"event":"atexit","sid":"20261006T103658.391519Z-Ha9d4ceab-P00007611","thread":"main","time":"2026-10-06T10:36:58.460400Z","file":"trace2/tr2_tgt_event.c","line":207,"t_abs":0.071195,"code":0}
{"event":"cmd_name","sid":"20261006T103658.450186Z-Ha9d4ceab-P00007667","thread":"main","time":"2026-10-06T10:36:58.461088Z","file":"git.c","line":477,"name":"ls-files","hierarchy":"ls-files"}
{"event":"version","sid":"20261006T103658.457609Z-Ha9d4ceab-P00007671","thread":"main","time":"2026-10-06T10:36:58.461634Z","file":"common-init.c","line":57,"evt":"4","exe":"2.50.1 (Apple Git-155)"}
{"event":"start","sid":"20261006T103658.457609Z-Ha9d4ceab-P00007671","thread":"main","time":"2026-10-06T10:36:58.461648Z","file":"common-init.c","line":58,"t_abs":0.006732,"argv":["/Library/Developer/CommandLineTools/usr/bin/git","-C","/var/folders/f1/2xjyyqkn5plc19fx4nt4tpt00000gn/T/flow-dperf02-TxkS4x/worker","diff","--name-only","-z","--no-renames","HEAD","--"]}
{"event":"version","sid":"20261006T103658.458376Z-Ha9d4ceab-P0000766c","thread":"main","time":"2026-10-06T10:36:58.461816Z","file":"common-init.c","line":57,"evt":"4","exe":"2.50.1 (Apple Git-155)"}
{"event":"start","sid":"20261006T103658.458376Z-Ha9d4ceab-P0000766c","thread":"main","time":"2026-10-06T10:36:58.461828Z","file":"common-init.c","line":58,"t_abs":0.006917,"argv":["/Library/Developer/CommandLineTools/usr/bin/git","-C","/var/folders/f1/2xjyyqkn5plc19fx4nt4tpt00000gn/T/flow-dperf02-TxkS4x/worker","diff","--name-only","-z","--no-renames","e0ef529332efc4ec97e5a135bd44fbeab0e3205c","33fbfd2c9ca677261c07f9845935727ea0f757b0","--"]}
{"event":"cmd_name","sid":"20261006T103658.458376Z-Ha9d4ceab-P0000766c","thread":"main","time":"2026-10-06T10:36:58.461887Z","file":"git.c","line":477,"name":"diff","hierarchy":"diff"}
{"event":"region_enter","sid":"20261006T103658.438936Z-Ha9d4ceab-P00007643","thread":"main","time":"2026-10-06T10:36:58.462220Z","file":"unpack-trees.c","line":2009,"repo":1,"nesting":2,"category":"unpack_trees","label":"traverse_trees"}
{"event":"version","sid":"20261006T103658.459061Z-Ha9d4ceab-P00007658","thread":"main","time":"2026-10-06T10:36:58.462419Z","file":"common-init.c","line":57,"evt":"4","exe":"2.50.1 (Apple Git-155)"}
{"event":"start","sid":"20261006T103658.459061Z-Ha9d4ceab-P00007658","thread":"main","time":"2026-10-06T10:36:58.462433Z","file":"common-init.c","line":58,"t_abs":0.007572,"argv":["/Library/Developer/CommandLineTools/usr/bin/git","-C","/var/folders/f1/2xjyyqkn5plc19fx4nt4tpt00000gn/T/flow-dperf02-TxkS4x/worker","ls-files","--others","--exclude-standard","-z"]}
{"event":"region_enter","sid":"20261006T103658.450186Z-Ha9d4ceab-P00007667","thread":"main","time":"2026-10-06T10:36:58.462913Z","file":"read-cache.c","line":2357,"repo":1,"nesting":1,"category":"index","label":"do_read_index","msg":"/private/var/folders/f1/2xjyyqkn5plc19fx4nt4tpt00000gn/T/flow-dperf02-TxkS4x/main/.git/worktrees/worker/index"}
{"event":"region_enter","sid":"20261006T103658.450186Z-Ha9d4ceab-P00007667","thread":"main","time":"2026-10-06T10:36:58.463450Z","file":"cache-tree.c","line":643,"repo":1,"nesting":2,"category":"cache_tree","label":"read"}
{"event":"def_repo","sid":"20261006T103658.449935Z-Ha9d4ceab-P0000764d","thread":"main","time":"2026-10-06T10:36:58.463807Z","file":"repository.c","line":241,"repo":1,"worktree":"/private/var/folders/f1/2xjyyqkn5plc19fx4nt4tpt00000gn/T/flow-dperf02-TxkS4x/worker"}
{"event":"region_leave","sid":"20261006T103658.450186Z-Ha9d4ceab-P00007667","thread":"main","time":"2026-10-06T10:36:58.464034Z","file":"cache-tree.c","line":645,"repo":1,"t_rel":0.000584,"nesting":2,"category":"cache_tree","label":"read"}
{"event":"cmd_name","sid":"20261006T103658.457609Z-Ha9d4ceab-P00007671","thread":"main","time":"2026-10-06T10:36:58.464257Z","file":"git.c","line":477,"name":"diff","hierarchy":"diff"}
{"event":"data","sid":"20261006T103658.450186Z-Ha9d4ceab-P00007667","thread":"main","time":"2026-10-06T10:36:58.464054Z","file":"read-cache.c","line":2306,"repo":1,"t_abs":0.018592,"t_rel":0.001144,"nesting":2,"category":"index","key":"read/version","value":"2"}
{"event":"data","sid":"20261006T103658.450186Z-Ha9d4ceab-P00007667","thread":"main","time":"2026-10-06T10:36:58.464504Z","file":"read-cache.c","line":2308,"repo":1,"t_abs":0.019040,"t_rel":0.001592,"nesting":2,"category":"index","key":"read/cache_nr","value":"389"}
{"event":"region_leave","sid":"20261006T103658.450186Z-Ha9d4ceab-P00007667","thread":"main","time":"2026-10-06T10:36:58.464553Z","file":"read-cache.c","line":2362,"repo":1,"t_rel":0.001642,"nesting":1,"category":"index","label":"do_read_index","msg":"/private/var/folders/f1/2xjyyqkn5plc19fx4nt4tpt00000gn/T/flow-dperf02-TxkS4x/main/.git/worktrees/worker/index"}
{"event":"def_repo","sid":"20261006T103658.458376Z-Ha9d4ceab-P0000766c","thread":"main","time":"2026-10-06T10:36:58.465371Z","file":"repository.c","line":241,"repo":1,"worktree":"/private/var/folders/f1/2xjyyqkn5plc19fx4nt4tpt00000gn/T/flow-dperf02-TxkS4x/worker"}
{"event":"region_enter","sid":"20261006T103658.450186Z-Ha9d4ceab-P00007667","thread":"main","time":"2026-10-06T10:36:58.465564Z","file":"dir.c","line":3090,"repo":1,"nesting":1,"category":"dir","label":"read_directory"}
{"event":"region_enter","sid":"20261006T103658.450186Z-Ha9d4ceab-P00007667","thread":"main","time":"2026-10-06T10:36:58.468718Z","file":"name-hash.c","line":597,"repo":1,"nesting":2,"category":"index","label":"name-hash-init"}
{"event":"region_leave","sid":"20261006T103658.450186Z-Ha9d4ceab-P00007667","thread":"main","time":"2026-10-06T10:36:58.468851Z","file":"name-hash.c","line":618,"repo":1,"t_rel":0.000134,"nesting":2,"category":"index","label":"name-hash-init"}
{"event":"def_repo","sid":"20261006T103658.457609Z-Ha9d4ceab-P00007671","thread":"main","time":"2026-10-06T10:36:58.469363Z","file":"repository.c","line":241,"repo":1,"worktree":"/private/var/folders/f1/2xjyyqkn5plc19fx4nt4tpt00000gn/T/flow-dperf02-TxkS4x/worker"}
{"event":"def_repo","sid":"20261006T103658.459061Z-Ha9d4ceab-P00007658","thread":"main","time":"2026-10-06T10:36:58.471887Z","file":"repository.c","line":241,"repo":1,"worktree":"/private/var/folders/f1/2xjyyqkn5plc19fx4nt4tpt00000gn/T/flow-dperf02-TxkS4x/worker"}
{"event":"cmd_name","sid":"20261006T103658.459061Z-Ha9d4ceab-P00007658","thread":"main","time":"2026-10-06T10:36:58.474215Z","file":"git.c","line":477,"name":"ls-files","hierarchy":"ls-files"}
{"event":"exit","sid":"20261006T103658.388902Z-Ha9d4ceab-P00007602","thread":"main","time":"2026-10-06T10:36:58.478937Z","file":"git.c","line":747,"t_abs":0.092021,"code":0}
{"event":"atexit","sid":"20261006T103658.388902Z-Ha9d4ceab-P00007602","thread":"main","time":"2026-10-06T10:36:58.478956Z","file":"trace2/tr2_tgt_event.c","line":207,"t_abs":0.092041,"code":0}
{"event":"region_enter","sid":"20261006T103658.459061Z-Ha9d4ceab-P00007658","thread":"main","time":"2026-10-06T10:36:58.483003Z","file":"read-cache.c","line":2357,"repo":1,"nesting":1,"category":"index","label":"do_read_index","msg":"/private/var/folders/f1/2xjyyqkn5plc19fx4nt4tpt00000gn/T/flow-dperf02-TxkS4x/main/.git/worktrees/worker/index"}
{"event":"region_enter","sid":"20261006T103658.459061Z-Ha9d4ceab-P00007658","thread":"main","time":"2026-10-06T10:36:58.483426Z","file":"cache-tree.c","line":643,"repo":1,"nesting":2,"category":"cache_tree","label":"read"}
{"event":"region_leave","sid":"20261006T103658.459061Z-Ha9d4ceab-P00007658","thread":"main","time":"2026-10-06T10:36:58.483458Z","file":"cache-tree.c","line":645,"repo":1,"t_rel":0.000032,"nesting":2,"category":"cache_tree","label":"read"}
{"event":"data","sid":"20261006T103658.459061Z-Ha9d4ceab-P00007658","thread":"main","time":"2026-10-06T10:36:58.483470Z","file":"read-cache.c","line":2306,"repo":1,"t_abs":0.028609,"t_rel":0.000468,"nesting":2,"category":"index","key":"read/version","value":"2"}
{"event":"data","sid":"20261006T103658.459061Z-Ha9d4ceab-P00007658","thread":"main","time":"2026-10-06T10:36:58.483478Z","file":"read-cache.c","line":2308,"repo":1,"t_abs":0.028617,"t_rel":0.000476,"nesting":2,"category":"index","key":"read/cache_nr","value":"389"}
{"event":"region_leave","sid":"20261006T103658.459061Z-Ha9d4ceab-P00007658","thread":"main","time":"2026-10-06T10:36:58.483486Z","file":"read-cache.c","line":2362,"repo":1,"t_rel":0.000485,"nesting":1,"category":"index","label":"do_read_index","msg":"/private/var/folders/f1/2xjyyqkn5plc19fx4nt4tpt00000gn/T/flow-dperf02-TxkS4x/main/.git/worktrees/worker/index"}
{"event":"region_enter","sid":"20261006T103658.459061Z-Ha9d4ceab-P00007658","thread":"main","time":"2026-10-06T10:36:58.484787Z","file":"dir.c","line":3090,"repo":1,"nesting":1,"category":"dir","label":"read_directory"}
{"event":"region_enter","sid":"20261006T103658.447497Z-Ha9d4ceab-P00007662","thread":"main","time":"2026-10-06T10:36:58.484936Z","file":"read-cache.c","line":2357,"repo":1,"nesting":1,"category":"index","label":"do_read_index","msg":"/private/var/folders/f1/2xjyyqkn5plc19fx4nt4tpt00000gn/T/flow-dperf02-TxkS4x/main/.git/worktrees/worker/index"}
{"event":"region_enter","sid":"20261006T103658.447497Z-Ha9d4ceab-P00007662","thread":"main","time":"2026-10-06T10:36:58.485221Z","file":"cache-tree.c","line":643,"repo":1,"nesting":2,"category":"cache_tree","label":"read"}
{"event":"region_leave","sid":"20261006T103658.447497Z-Ha9d4ceab-P00007662","thread":"main","time":"2026-10-06T10:36:58.485252Z","file":"cache-tree.c","line":645,"repo":1,"t_rel":0.000031,"nesting":2,"category":"cache_tree","label":"read"}
{"event":"data","sid":"20261006T103658.447497Z-Ha9d4ceab-P00007662","thread":"main","time":"2026-10-06T10:36:58.485270Z","file":"read-cache.c","line":2306,"repo":1,"t_abs":0.044556,"t_rel":0.000335,"nesting":2,"category":"index","key":"read/version","value":"2"}
{"event":"data","sid":"20261006T103658.447497Z-Ha9d4ceab-P00007662","thread":"main","time":"2026-10-06T10:36:58.485278Z","file":"read-cache.c","line":2308,"repo":1,"t_abs":0.044565,"t_rel":0.000344,"nesting":2,"category":"index","key":"read/cache_nr","value":"389"}
{"event":"region_leave","sid":"20261006T103658.447497Z-Ha9d4ceab-P00007662","thread":"main","time":"2026-10-06T10:36:58.485284Z","file":"read-cache.c","line":2362,"repo":1,"t_rel":0.000349,"nesting":1,"category":"index","label":"do_read_index","msg":"/private/var/folders/f1/2xjyyqkn5plc19fx4nt4tpt00000gn/T/flow-dperf02-TxkS4x/main/.git/worktrees/worker/index"}
{"event":"region_enter","sid":"20261006T103658.447497Z-Ha9d4ceab-P00007662","thread":"main","time":"2026-10-06T10:36:58.485540Z","file":"unpack-trees.c","line":1905,"repo":1,"nesting":1,"category":"unpack_trees","label":"unpack_trees"}
{"event":"exit","sid":"20261006T103658.403848Z-Ha9d4ceab-P00007620","thread":"main","time":"2026-10-06T10:36:58.485570Z","file":"git.c","line":747,"t_abs":0.083009,"code":0}
{"event":"atexit","sid":"20261006T103658.403848Z-Ha9d4ceab-P00007620","thread":"main","time":"2026-10-06T10:36:58.485585Z","file":"trace2/tr2_tgt_event.c","line":207,"t_abs":0.083026,"code":0}
{"event":"region_enter","sid":"20261006T103658.459061Z-Ha9d4ceab-P00007658","thread":"main","time":"2026-10-06T10:36:58.485747Z","file":"name-hash.c","line":597,"repo":1,"nesting":2,"category":"index","label":"name-hash-init"}
{"event":"region_leave","sid":"20261006T103658.459061Z-Ha9d4ceab-P00007658","thread":"main","time":"2026-10-06T10:36:58.485783Z","file":"name-hash.c","line":618,"repo":1,"t_rel":0.000036,"nesting":2,"category":"index","label":"name-hash-init"}
{"event":"region_enter","sid":"20261006T103658.447497Z-Ha9d4ceab-P00007662","thread":"main","time":"2026-10-06T10:36:58.486479Z","file":"unpack-trees.c","line":2009,"repo":1,"nesting":2,"category":"unpack_trees","label":"traverse_trees"}
{"event":"version","sid":"20261006T103658.478429Z-Ha9d4ceab-P0000768a","thread":"main","time":"2026-10-06T10:36:58.487065Z","file":"common-init.c","line":57,"evt":"4","exe":"2.50.1 (Apple Git-155)"}
{"event":"start","sid":"20261006T103658.478429Z-Ha9d4ceab-P0000768a","thread":"main","time":"2026-10-06T10:36:58.487078Z","file":"common-init.c","line":58,"t_abs":0.010994,"argv":["/Library/Developer/CommandLineTools/usr/bin/git","-C","/var/folders/f1/2xjyyqkn5plc19fx4nt4tpt00000gn/T/flow-dperf02-TxkS4x/worker","diff","--name-only","-z","--no-renames","e0ef529332efc4ec97e5a135bd44fbeab0e3205c","33fbfd2c9ca677261c07f9845935727ea0f757b0","--"]}
{"event":"cmd_name","sid":"20261006T103658.478429Z-Ha9d4ceab-P0000768a","thread":"main","time":"2026-10-06T10:36:58.487347Z","file":"git.c","line":477,"name":"diff","hierarchy":"diff"}
{"event":"region_enter","sid":"20261006T103658.457609Z-Ha9d4ceab-P00007671","thread":"main","time":"2026-10-06T10:36:58.487884Z","file":"read-cache.c","line":2357,"repo":1,"nesting":1,"category":"index","label":"do_read_index","msg":"/private/var/folders/f1/2xjyyqkn5plc19fx4nt4tpt00000gn/T/flow-dperf02-TxkS4x/main/.git/worktrees/worker/index"}
{"event":"region_enter","sid":"20261006T103658.457609Z-Ha9d4ceab-P00007671","thread":"main","time":"2026-10-06T10:36:58.488193Z","file":"cache-tree.c","line":643,"repo":1,"nesting":2,"category":"cache_tree","label":"read"}
{"event":"region_leave","sid":"20261006T103658.457609Z-Ha9d4ceab-P00007671","thread":"main","time":"2026-10-06T10:36:58.488224Z","file":"cache-tree.c","line":645,"repo":1,"t_rel":0.000032,"nesting":2,"category":"cache_tree","label":"read"}
{"event":"data","sid":"20261006T103658.457609Z-Ha9d4ceab-P00007671","thread":"main","time":"2026-10-06T10:36:58.488234Z","file":"read-cache.c","line":2306,"repo":1,"t_abs":0.033318,"t_rel":0.000351,"nesting":2,"category":"index","key":"read/version","value":"2"}
{"event":"data","sid":"20261006T103658.457609Z-Ha9d4ceab-P00007671","thread":"main","time":"2026-10-06T10:36:58.488242Z","file":"read-cache.c","line":2308,"repo":1,"t_abs":0.033327,"t_rel":0.000360,"nesting":2,"category":"index","key":"read/cache_nr","value":"389"}
{"event":"region_leave","sid":"20261006T103658.457609Z-Ha9d4ceab-P00007671","thread":"main","time":"2026-10-06T10:36:58.488249Z","file":"read-cache.c","line":2362,"repo":1,"t_rel":0.000367,"nesting":1,"category":"index","label":"do_read_index","msg":"/private/var/folders/f1/2xjyyqkn5plc19fx4nt4tpt00000gn/T/flow-dperf02-TxkS4x/main/.git/worktrees/worker/index"}
{"event":"region_enter","sid":"20261006T103658.457609Z-Ha9d4ceab-P00007671","thread":"main","time":"2026-10-06T10:36:58.488517Z","file":"unpack-trees.c","line":1905,"repo":1,"nesting":1,"category":"unpack_trees","label":"unpack_trees"}
{"event":"def_repo","sid":"20261006T103658.478429Z-Ha9d4ceab-P0000768a","thread":"main","time":"2026-10-06T10:36:58.489423Z","file":"repository.c","line":241,"repo":1,"worktree":"/private/var/folders/f1/2xjyyqkn5plc19fx4nt4tpt00000gn/T/flow-dperf02-TxkS4x/worker"}
{"event":"region_enter","sid":"20261006T103658.457609Z-Ha9d4ceab-P00007671","thread":"main","time":"2026-10-06T10:36:58.489660Z","file":"unpack-trees.c","line":2009,"repo":1,"nesting":2,"category":"unpack_trees","label":"traverse_trees"}
{"event":"version","sid":"20261006T103658.472375Z-Ha9d4ceab-P00007680","thread":"main","time":"2026-10-06T10:36:58.490248Z","file":"common-init.c","line":57,"evt":"4","exe":"2.50.1 (Apple Git-155)"}
{"event":"start","sid":"20261006T103658.472375Z-Ha9d4ceab-P00007680","thread":"main","time":"2026-10-06T10:36:58.490279Z","file":"common-init.c","line":58,"t_abs":0.021672,"argv":["/Library/Developer/CommandLineTools/usr/bin/git","-C","/var/folders/f1/2xjyyqkn5plc19fx4nt4tpt00000gn/T/flow-dperf02-TxkS4x/worker","diff","--name-only","-z","--no-renames","HEAD","--"]}
{"event":"version","sid":"20261006T103658.477009Z-Ha9d4ceab-P0000767b","thread":"main","time":"2026-10-06T10:36:58.490414Z","file":"common-init.c","line":57,"evt":"4","exe":"2.50.1 (Apple Git-155)"}
{"event":"start","sid":"20261006T103658.477009Z-Ha9d4ceab-P0000767b","thread":"main","time":"2026-10-06T10:36:58.490455Z","file":"common-init.c","line":58,"t_abs":0.015649,"argv":["/Library/Developer/CommandLineTools/usr/bin/git","-C","/var/folders/f1/2xjyyqkn5plc19fx4nt4tpt00000gn/T/flow-dperf02-TxkS4x/worker","diff","--name-only","-z","--no-renames","e0ef529332efc4ec97e5a135bd44fbeab0e3205c","33fbfd2c9ca677261c07f9845935727ea0f757b0","--"]}
{"event":"version","sid":"20261006T103658.479107Z-Ha9d4ceab-P00007676","thread":"main","time":"2026-10-06T10:36:58.495959Z","file":"common-init.c","line":57,"evt":"4","exe":"2.50.1 (Apple Git-155)"}
{"event":"start","sid":"20261006T103658.479107Z-Ha9d4ceab-P00007676","thread":"main","time":"2026-10-06T10:36:58.495996Z","file":"common-init.c","line":58,"t_abs":0.019197,"argv":["/Library/Developer/CommandLineTools/usr/bin/git","-C","/var/folders/f1/2xjyyqkn5plc19fx4nt4tpt00000gn/T/flow-dperf02-TxkS4x/worker","ls-files","--others","--exclude-standard","-z"]}
{"event":"def_repo","sid":"20261006T103658.479107Z-Ha9d4ceab-P00007676","thread":"main","time":"2026-10-06T10:36:58.499061Z","file":"repository.c","line":241,"repo":1,"worktree":"/private/var/folders/f1/2xjyyqkn5plc19fx4nt4tpt00000gn/T/flow-dperf02-TxkS4x/worker"}
{"event":"cmd_name","sid":"20261006T103658.472375Z-Ha9d4ceab-P00007680","thread":"main","time":"2026-10-06T10:36:58.500061Z","file":"git.c","line":477,"name":"diff","hierarchy":"diff"}
{"event":"cmd_name","sid":"20261006T103658.477009Z-Ha9d4ceab-P0000767b","thread":"main","time":"2026-10-06T10:36:58.500095Z","file":"git.c","line":477,"name":"diff","hierarchy":"diff"}
{"event":"version","sid":"20261006T103658.487084Z-Ha9d4ceab-P00007685","thread":"main","time":"2026-10-06T10:36:58.502774Z","file":"common-init.c","line":57,"evt":"4","exe":"2.50.1 (Apple Git-155)"}
{"event":"start","sid":"20261006T103658.487084Z-Ha9d4ceab-P00007685","thread":"main","time":"2026-10-06T10:36:58.502788Z","file":"common-init.c","line":58,"t_abs":0.021755,"argv":["/Library/Developer/CommandLineTools/usr/bin/git","-C","/var/folders/f1/2xjyyqkn5plc19fx4nt4tpt00000gn/T/flow-dperf02-TxkS4x/worker","ls-files","--others","--exclude-standard","-z"]}
{"event":"def_repo","sid":"20261006T103658.472375Z-Ha9d4ceab-P00007680","thread":"main","time":"2026-10-06T10:36:58.503854Z","file":"repository.c","line":241,"repo":1,"worktree":"/private/var/folders/f1/2xjyyqkn5plc19fx4nt4tpt00000gn/T/flow-dperf02-TxkS4x/worker"}
{"event":"def_repo","sid":"20261006T103658.477009Z-Ha9d4ceab-P0000767b","thread":"main","time":"2026-10-06T10:36:58.503960Z","file":"repository.c","line":241,"repo":1,"worktree":"/private/var/folders/f1/2xjyyqkn5plc19fx4nt4tpt00000gn/T/flow-dperf02-TxkS4x/worker"}
{"event":"def_repo","sid":"20261006T103658.487084Z-Ha9d4ceab-P00007685","thread":"main","time":"2026-10-06T10:36:58.505367Z","file":"repository.c","line":241,"repo":1,"worktree":"/private/var/folders/f1/2xjyyqkn5plc19fx4nt4tpt00000gn/T/flow-dperf02-TxkS4x/worker"}
{"event":"cmd_name","sid":"20261006T103658.479107Z-Ha9d4ceab-P00007676","thread":"main","time":"2026-10-06T10:36:58.508333Z","file":"git.c","line":477,"name":"ls-files","hierarchy":"ls-files"}
{"event":"region_enter","sid":"20261006T103658.479107Z-Ha9d4ceab-P00007676","thread":"main","time":"2026-10-06T10:36:58.510518Z","file":"read-cache.c","line":2357,"repo":1,"nesting":1,"category":"index","label":"do_read_index","msg":"/private/var/folders/f1/2xjyyqkn5plc19fx4nt4tpt00000gn/T/flow-dperf02-TxkS4x/main/.git/worktrees/worker/index"}
{"event":"region_enter","sid":"20261006T103658.479107Z-Ha9d4ceab-P00007676","thread":"main","time":"2026-10-06T10:36:58.510840Z","file":"cache-tree.c","line":643,"repo":1,"nesting":2,"category":"cache_tree","label":"read"}
{"event":"region_leave","sid":"20261006T103658.479107Z-Ha9d4ceab-P00007676","thread":"main","time":"2026-10-06T10:36:58.510869Z","file":"cache-tree.c","line":645,"repo":1,"t_rel":0.000030,"nesting":2,"category":"cache_tree","label":"read"}
{"event":"data","sid":"20261006T103658.479107Z-Ha9d4ceab-P00007676","thread":"main","time":"2026-10-06T10:36:58.510884Z","file":"read-cache.c","line":2306,"repo":1,"t_abs":0.034086,"t_rel":0.000367,"nesting":2,"category":"index","key":"read/version","value":"2"}
{"event":"data","sid":"20261006T103658.479107Z-Ha9d4ceab-P00007676","thread":"main","time":"2026-10-06T10:36:58.510890Z","file":"read-cache.c","line":2308,"repo":1,"t_abs":0.034093,"t_rel":0.000374,"nesting":2,"category":"index","key":"read/cache_nr","value":"389"}
{"event":"region_leave","sid":"20261006T103658.479107Z-Ha9d4ceab-P00007676","thread":"main","time":"2026-10-06T10:36:58.510897Z","file":"read-cache.c","line":2362,"repo":1,"t_rel":0.000380,"nesting":1,"category":"index","label":"do_read_index","msg":"/private/var/folders/f1/2xjyyqkn5plc19fx4nt4tpt00000gn/T/flow-dperf02-TxkS4x/main/.git/worktrees/worker/index"}
{"event":"region_leave","sid":"20261006T103658.371357Z-Ha9d4ceab-P000075e9","thread":"main","time":"2026-10-06T10:36:58.511080Z","file":"unpack-trees.c","line":2011,"repo":1,"t_rel":0.129205,"nesting":2,"category":"unpack_trees","label":"traverse_trees"}
{"event":"region_leave","sid":"20261006T103658.371357Z-Ha9d4ceab-P000075e9","thread":"main","time":"2026-10-06T10:36:58.511094Z","file":"unpack-trees.c","line":2108,"repo":1,"t_rel":0.129818,"nesting":1,"category":"unpack_trees","label":"unpack_trees"}
{"event":"exit","sid":"20261006T103658.371357Z-Ha9d4ceab-P000075e9","thread":"main","time":"2026-10-06T10:36:58.511110Z","file":"git.c","line":747,"t_abs":0.141302,"code":0}
{"event":"data_json","sid":"20261006T103658.371357Z-Ha9d4ceab-P000075e9","thread":"main","time":"2026-10-06T10:36:58.511117Z","file":"tree-walk.c","line":186,"repo":1,"t_abs":0.141310,"t_rel":0.141310,"nesting":1,"category":"traverse_trees","key":"statistics","value":{"traverse_trees_count":1,"traverse_trees_max_depth":1}}
{"event":"atexit","sid":"20261006T103658.371357Z-Ha9d4ceab-P000075e9","thread":"main","time":"2026-10-06T10:36:58.511124Z","file":"trace2/tr2_tgt_event.c","line":207,"t_abs":0.141316,"code":0}
{"event":"region_enter","sid":"20261006T103658.472375Z-Ha9d4ceab-P00007680","thread":"main","time":"2026-10-06T10:36:58.511675Z","file":"read-cache.c","line":2357,"repo":1,"nesting":1,"category":"index","label":"do_read_index","msg":"/private/var/folders/f1/2xjyyqkn5plc19fx4nt4tpt00000gn/T/flow-dperf02-TxkS4x/main/.git/worktrees/worker/index"}
{"event":"region_enter","sid":"20261006T103658.479107Z-Ha9d4ceab-P00007676","thread":"main","time":"2026-10-06T10:36:58.512004Z","file":"dir.c","line":3090,"repo":1,"nesting":1,"category":"dir","label":"read_directory"}
{"event":"region_enter","sid":"20261006T103658.472375Z-Ha9d4ceab-P00007680","thread":"main","time":"2026-10-06T10:36:58.512038Z","file":"cache-tree.c","line":643,"repo":1,"nesting":2,"category":"cache_tree","label":"read"}
{"event":"region_leave","sid":"20261006T103658.472375Z-Ha9d4ceab-P00007680","thread":"main","time":"2026-10-06T10:36:58.512063Z","file":"cache-tree.c","line":645,"repo":1,"t_rel":0.000026,"nesting":2,"category":"cache_tree","label":"read"}
{"event":"data","sid":"20261006T103658.472375Z-Ha9d4ceab-P00007680","thread":"main","time":"2026-10-06T10:36:58.512073Z","file":"read-cache.c","line":2306,"repo":1,"t_abs":0.043466,"t_rel":0.000398,"nesting":2,"category":"index","key":"read/version","value":"2"}
{"event":"data","sid":"20261006T103658.472375Z-Ha9d4ceab-P00007680","thread":"main","time":"2026-10-06T10:36:58.512080Z","file":"read-cache.c","line":2308,"repo":1,"t_abs":0.043474,"t_rel":0.000406,"nesting":2,"category":"index","key":"read/cache_nr","value":"389"}
{"event":"region_leave","sid":"20261006T103658.472375Z-Ha9d4ceab-P00007680","thread":"main","time":"2026-10-06T10:36:58.512086Z","file":"read-cache.c","line":2362,"repo":1,"t_rel":0.000412,"nesting":1,"category":"index","label":"do_read_index","msg":"/private/var/folders/f1/2xjyyqkn5plc19fx4nt4tpt00000gn/T/flow-dperf02-TxkS4x/main/.git/worktrees/worker/index"}
{"event":"region_enter","sid":"20261006T103658.472375Z-Ha9d4ceab-P00007680","thread":"main","time":"2026-10-06T10:36:58.512401Z","file":"unpack-trees.c","line":1905,"repo":1,"nesting":1,"category":"unpack_trees","label":"unpack_trees"}
{"event":"region_enter","sid":"20261006T103658.479107Z-Ha9d4ceab-P00007676","thread":"main","time":"2026-10-06T10:36:58.513117Z","file":"name-hash.c","line":597,"repo":1,"nesting":2,"category":"index","label":"name-hash-init"}
{"event":"region_leave","sid":"20261006T103658.479107Z-Ha9d4ceab-P00007676","thread":"main","time":"2026-10-06T10:36:58.513153Z","file":"name-hash.c","line":618,"repo":1,"t_rel":0.000036,"nesting":2,"category":"index","label":"name-hash-init"}
{"event":"region_enter","sid":"20261006T103658.472375Z-Ha9d4ceab-P00007680","thread":"main","time":"2026-10-06T10:36:58.513620Z","file":"unpack-trees.c","line":2009,"repo":1,"nesting":2,"category":"unpack_trees","label":"traverse_trees"}
{"event":"cmd_name","sid":"20261006T103658.487084Z-Ha9d4ceab-P00007685","thread":"main","time":"2026-10-06T10:36:58.514890Z","file":"git.c","line":477,"name":"ls-files","hierarchy":"ls-files"}
{"event":"region_leave","sid":"20261006T103658.366198Z-Ha9d4ceab-P000075da","thread":"main","time":"2026-10-06T10:36:58.515363Z","file":"unpack-trees.c","line":2011,"repo":1,"t_rel":0.143006,"nesting":2,"category":"unpack_trees","label":"traverse_trees"}
{"event":"region_leave","sid":"20261006T103658.366198Z-Ha9d4ceab-P000075da","thread":"main","time":"2026-10-06T10:36:58.515382Z","file":"unpack-trees.c","line":2108,"repo":1,"t_rel":0.143357,"nesting":1,"category":"unpack_trees","label":"unpack_trees"}
{"event":"exit","sid":"20261006T103658.366198Z-Ha9d4ceab-P000075da","thread":"main","time":"2026-10-06T10:36:58.515399Z","file":"git.c","line":747,"t_abs":0.149604,"code":0}
{"event":"data_json","sid":"20261006T103658.366198Z-Ha9d4ceab-P000075da","thread":"main","time":"2026-10-06T10:36:58.515407Z","file":"tree-walk.c","line":186,"repo":1,"t_abs":0.149611,"t_rel":0.149611,"nesting":1,"category":"traverse_trees","key":"statistics","value":{"traverse_trees_count":1,"traverse_trees_max_depth":1}}
{"event":"atexit","sid":"20261006T103658.366198Z-Ha9d4ceab-P000075da","thread":"main","time":"2026-10-06T10:36:58.515414Z","file":"trace2/tr2_tgt_event.c","line":207,"t_abs":0.149619,"code":0}
{"event":"version","sid":"20261006T103658.490204Z-Ha9d4ceab-P00007694","thread":"main","time":"2026-10-06T10:36:58.516763Z","file":"common-init.c","line":57,"evt":"4","exe":"2.50.1 (Apple Git-155)"}
{"event":"start","sid":"20261006T103658.490204Z-Ha9d4ceab-P00007694","thread":"main","time":"2026-10-06T10:36:58.516780Z","file":"common-init.c","line":58,"t_abs":0.029130,"argv":["/Library/Developer/CommandLineTools/usr/bin/git","-C","/var/folders/f1/2xjyyqkn5plc19fx4nt4tpt00000gn/T/flow-dperf02-TxkS4x/worker","ls-files","--others","--exclude-standard","-z"]}
{"event":"region_enter","sid":"20261006T103658.487084Z-Ha9d4ceab-P00007685","thread":"main","time":"2026-10-06T10:36:58.518331Z","file":"read-cache.c","line":2357,"repo":1,"nesting":1,"category":"index","label":"do_read_index","msg":"/private/var/folders/f1/2xjyyqkn5plc19fx4nt4tpt00000gn/T/flow-dperf02-TxkS4x/main/.git/worktrees/worker/index"}
{"event":"def_repo","sid":"20261006T103658.490204Z-Ha9d4ceab-P00007694","thread":"main","time":"2026-10-06T10:36:58.519252Z","file":"repository.c","line":241,"repo":1,"worktree":"/private/var/folders/f1/2xjyyqkn5plc19fx4nt4tpt00000gn/T/flow-dperf02-TxkS4x/worker"}
{"event":"region_enter","sid":"20261006T103658.487084Z-Ha9d4ceab-P00007685","thread":"main","time":"2026-10-06T10:36:58.519305Z","file":"cache-tree.c","line":643,"repo":1,"nesting":2,"category":"cache_tree","label":"read"}
{"event":"region_leave","sid":"20261006T103658.487084Z-Ha9d4ceab-P00007685","thread":"main","time":"2026-10-06T10:36:58.519344Z","file":"cache-tree.c","line":645,"repo":1,"t_rel":0.000039,"nesting":2,"category":"cache_tree","label":"read"}
{"event":"data","sid":"20261006T103658.487084Z-Ha9d4ceab-P00007685","thread":"main","time":"2026-10-06T10:36:58.519355Z","file":"read-cache.c","line":2306,"repo":1,"t_abs":0.038321,"t_rel":0.001024,"nesting":2,"category":"index","key":"read/version","value":"2"}
{"event":"data","sid":"20261006T103658.487084Z-Ha9d4ceab-P00007685","thread":"main","time":"2026-10-06T10:36:58.519361Z","file":"read-cache.c","line":2308,"repo":1,"t_abs":0.038328,"t_rel":0.001031,"nesting":2,"category":"index","key":"read/cache_nr","value":"389"}
{"event":"region_leave","sid":"20261006T103658.487084Z-Ha9d4ceab-P00007685","thread":"main","time":"2026-10-06T10:36:58.519368Z","file":"read-cache.c","line":2362,"repo":1,"t_rel":0.001037,"nesting":1,"category":"index","label":"do_read_index","msg":"/private/var/folders/f1/2xjyyqkn5plc19fx4nt4tpt00000gn/T/flow-dperf02-TxkS4x/main/.git/worktrees/worker/index"}
{"event":"exit","sid":"20261006T103658.415371Z-Ha9d4ceab-P0000762f","thread":"main","time":"2026-10-06T10:36:58.519817Z","file":"git.c","line":747,"t_abs":0.106400,"code":0}
{"event":"atexit","sid":"20261006T103658.415371Z-Ha9d4ceab-P0000762f","thread":"main","time":"2026-10-06T10:36:58.519889Z","file":"trace2/tr2_tgt_event.c","line":207,"t_abs":0.106474,"code":0}
{"event":"version","sid":"20261006T103658.499379Z-Ha9d4ceab-P00007699","thread":"main","time":"2026-10-06T10:36:58.520143Z","file":"common-init.c","line":57,"evt":"4","exe":"2.50.1 (Apple Git-155)"}
{"event":"start","sid":"20261006T103658.499379Z-Ha9d4ceab-P00007699","thread":"main","time":"2026-10-06T10:36:58.520167Z","file":"common-init.c","line":58,"t_abs":0.023681,"argv":["/Library/Developer/CommandLineTools/usr/bin/git","-C","/var/folders/f1/2xjyyqkn5plc19fx4nt4tpt00000gn/T/flow-dperf02-TxkS4x/worker","diff","--name-only","-z","--no-renames","e0ef529332efc4ec97e5a135bd44fbeab0e3205c","33fbfd2c9ca677261c07f9845935727ea0f757b0","--"]}
{"event":"cmd_name","sid":"20261006T103658.499379Z-Ha9d4ceab-P00007699","thread":"main","time":"2026-10-06T10:36:58.521426Z","file":"git.c","line":477,"name":"diff","hierarchy":"diff"}
{"event":"data","sid":"20261006T103658.432569Z-Ha9d4ceab-P00007648","thread":"main","time":"2026-10-06T10:36:58.521748Z","file":"dir.c","line":3058,"repo":1,"t_abs":0.092360,"t_rel":0.063211,"nesting":2,"category":"read_directory","key":"path","value":""}
{"event":"data","sid":"20261006T103658.432569Z-Ha9d4ceab-P00007648","thread":"main","time":"2026-10-06T10:36:58.522085Z","file":"dir.c","line":3067,"repo":1,"t_abs":0.092696,"t_rel":0.063547,"nesting":2,"category":"read_directory","key":"directories-visited","value":"133"}
{"event":"cmd_name","sid":"20261006T103658.490204Z-Ha9d4ceab-P00007694","thread":"main","time":"2026-10-06T10:36:58.522089Z","file":"git.c","line":477,"name":"ls-files","hierarchy":"ls-files"}
{"event":"data","sid":"20261006T103658.432569Z-Ha9d4ceab-P00007648","thread":"main","time":"2026-10-06T10:36:58.522093Z","file":"dir.c","line":3069,"repo":1,"t_abs":0.092706,"t_rel":0.063557,"nesting":2,"category":"read_directory","key":"paths-visited","value":"522"}
{"event":"region_leave","sid":"20261006T103658.432569Z-Ha9d4ceab-P00007648","thread":"main","time":"2026-10-06T10:36:58.522099Z","file":"dir.c","line":3113,"repo":1,"t_rel":0.063563,"nesting":1,"category":"dir","label":"read_directory"}
{"event":"exit","sid":"20261006T103658.432569Z-Ha9d4ceab-P00007648","thread":"main","time":"2026-10-06T10:36:58.522109Z","file":"git.c","line":747,"t_abs":0.092722,"code":0}
{"event":"atexit","sid":"20261006T103658.432569Z-Ha9d4ceab-P00007648","thread":"main","time":"2026-10-06T10:36:58.522114Z","file":"trace2/tr2_tgt_event.c","line":207,"t_abs":0.092726,"code":0}
{"event":"region_enter","sid":"20261006T103658.487084Z-Ha9d4ceab-P00007685","thread":"main","time":"2026-10-06T10:36:58.523284Z","file":"dir.c","line":3090,"repo":1,"nesting":1,"category":"dir","label":"read_directory"}
{"event":"region_enter","sid":"20261006T103658.490204Z-Ha9d4ceab-P00007694","thread":"main","time":"2026-10-06T10:36:58.524246Z","file":"read-cache.c","line":2357,"repo":1,"nesting":1,"category":"index","label":"do_read_index","msg":"/private/var/folders/f1/2xjyyqkn5plc19fx4nt4tpt00000gn/T/flow-dperf02-TxkS4x/main/.git/worktrees/worker/index"}
{"event":"region_enter","sid":"20261006T103658.490204Z-Ha9d4ceab-P00007694","thread":"main","time":"2026-10-06T10:36:58.524570Z","file":"cache-tree.c","line":643,"repo":1,"nesting":2,"category":"cache_tree","label":"read"}
{"event":"region_leave","sid":"20261006T103658.490204Z-Ha9d4ceab-P00007694","thread":"main","time":"2026-10-06T10:36:58.524601Z","file":"cache-tree.c","line":645,"repo":1,"t_rel":0.000030,"nesting":2,"category":"cache_tree","label":"read"}
{"event":"data","sid":"20261006T103658.490204Z-Ha9d4ceab-P00007694","thread":"main","time":"2026-10-06T10:36:58.524615Z","file":"read-cache.c","line":2306,"repo":1,"t_abs":0.036965,"t_rel":0.000369,"nesting":2,"category":"index","key":"read/version","value":"2"}
{"event":"region_enter","sid":"20261006T103658.487084Z-Ha9d4ceab-P00007685","thread":"main","time":"2026-10-06T10:36:58.524734Z","file":"name-hash.c","line":597,"repo":1,"nesting":2,"category":"index","label":"name-hash-init"}
{"event":"version","sid":"20261006T103658.515612Z-Ha9d4ceab-P0000769e","thread":"main","time":"2026-10-06T10:36:58.524823Z","file":"common-init.c","line":57,"evt":"4","exe":"2.50.1 (Apple Git-155)"}
{"event":"start","sid":"20261006T103658.515612Z-Ha9d4ceab-P0000769e","thread":"main","time":"2026-10-06T10:36:58.524992Z","file":"common-init.c","line":58,"t_abs":0.012157,"argv":["/Library/Developer/CommandLineTools/usr/bin/git","-C","/var/folders/f1/2xjyyqkn5plc19fx4nt4tpt00000gn/T/flow-dperf02-TxkS4x/worker","diff","--name-only","-z","--no-renames","HEAD","--"]}
{"event":"region_leave","sid":"20261006T103658.487084Z-Ha9d4ceab-P00007685","thread":"main","time":"2026-10-06T10:36:58.525013Z","file":"name-hash.c","line":618,"repo":1,"t_rel":0.000278,"nesting":2,"category":"index","label":"name-hash-init"}
{"event":"cmd_name","sid":"20261006T103658.515612Z-Ha9d4ceab-P0000769e","thread":"main","time":"2026-10-06T10:36:58.525286Z","file":"git.c","line":477,"name":"diff","hierarchy":"diff"}
{"event":"def_repo","sid":"20261006T103658.515612Z-Ha9d4ceab-P0000769e","thread":"main","time":"2026-10-06T10:36:58.527583Z","file":"repository.c","line":241,"repo":1,"worktree":"/private/var/folders/f1/2xjyyqkn5plc19fx4nt4tpt00000gn/T/flow-dperf02-TxkS4x/worker"}
{"event":"data","sid":"20261006T103658.418422Z-Ha9d4ceab-P0000762a","thread":"main","time":"2026-10-06T10:36:58.527585Z","file":"dir.c","line":3058,"repo":1,"t_abs":0.110194,"t_rel":0.082227,"nesting":2,"category":"read_directory","key":"path","value":""}
{"event":"data","sid":"20261006T103658.418422Z-Ha9d4ceab-P0000762a","thread":"main","time":"2026-10-06T10:36:58.527603Z","file":"dir.c","line":3067,"repo":1,"t_abs":0.110214,"t_rel":0.082247,"nesting":2,"category":"read_directory","key":"directories-visited","value":"133"}
{"event":"data","sid":"20261006T103658.418422Z-Ha9d4ceab-P0000762a","thread":"main","time":"2026-10-06T10:36:58.527609Z","file":"dir.c","line":3069,"repo":1,"t_abs":0.110219,"t_rel":0.082252,"nesting":2,"category":"read_directory","key":"paths-visited","value":"522"}
{"event":"region_leave","sid":"20261006T103658.418422Z-Ha9d4ceab-P0000762a","thread":"main","time":"2026-10-06T10:36:58.527614Z","file":"dir.c","line":3113,"repo":1,"t_rel":0.082258,"nesting":1,"category":"dir","label":"read_directory"}
{"event":"exit","sid":"20261006T103658.418422Z-Ha9d4ceab-P0000762a","thread":"main","time":"2026-10-06T10:36:58.527623Z","file":"git.c","line":747,"t_abs":0.110233,"code":0}
{"event":"atexit","sid":"20261006T103658.418422Z-Ha9d4ceab-P0000762a","thread":"main","time":"2026-10-06T10:36:58.527628Z","file":"trace2/tr2_tgt_event.c","line":207,"t_abs":0.110239,"code":0}
{"event":"data","sid":"20261006T103658.490204Z-Ha9d4ceab-P00007694","thread":"main","time":"2026-10-06T10:36:58.524621Z","file":"read-cache.c","line":2308,"repo":1,"t_abs":0.036971,"t_rel":0.000375,"nesting":2,"category":"index","key":"read/cache_nr","value":"389"}
{"event":"region_leave","sid":"20261006T103658.490204Z-Ha9d4ceab-P00007694","thread":"main","time":"2026-10-06T10:36:58.528563Z","file":"read-cache.c","line":2362,"repo":1,"t_rel":0.004316,"nesting":1,"category":"index","label":"do_read_index","msg":"/private/var/folders/f1/2xjyyqkn5plc19fx4nt4tpt00000gn/T/flow-dperf02-TxkS4x/main/.git/worktrees/worker/index"}
{"event":"version","sid":"20261006T103658.522562Z-Ha9d4ceab-P000076a8","thread":"main","time":"2026-10-06T10:36:58.529408Z","file":"common-init.c","line":57,"evt":"4","exe":"2.50.1 (Apple Git-155)"}
{"event":"start","sid":"20261006T103658.522562Z-Ha9d4ceab-P000076a8","thread":"main","time":"2026-10-06T10:36:58.529442Z","file":"common-init.c","line":58,"t_abs":0.011806,"argv":["/Library/Developer/CommandLineTools/usr/bin/git","-C","/var/folders/f1/2xjyyqkn5plc19fx4nt4tpt00000gn/T/flow-dperf02-TxkS4x/worker","diff","--name-only","-z","--no-renames","e0ef529332efc4ec97e5a135bd44fbeab0e3205c","33fbfd2c9ca677261c07f9845935727ea0f757b0","--"]}
{"event":"region_enter","sid":"20261006T103658.490204Z-Ha9d4ceab-P00007694","thread":"main","time":"2026-10-06T10:36:58.529932Z","file":"dir.c","line":3090,"repo":1,"nesting":1,"category":"dir","label":"read_directory"}
{"event":"region_enter","sid":"20261006T103658.490204Z-Ha9d4ceab-P00007694","thread":"main","time":"2026-10-06T10:36:58.531037Z","file":"name-hash.c","line":597,"repo":1,"nesting":2,"category":"index","label":"name-hash-init"}
{"event":"region_leave","sid":"20261006T103658.490204Z-Ha9d4ceab-P00007694","thread":"main","time":"2026-10-06T10:36:58.531071Z","file":"name-hash.c","line":618,"repo":1,"t_rel":0.000034,"nesting":2,"category":"index","label":"name-hash-init"}
{"event":"cmd_name","sid":"20261006T103658.522562Z-Ha9d4ceab-P000076a8","thread":"main","time":"2026-10-06T10:36:58.533948Z","file":"git.c","line":477,"name":"diff","hierarchy":"diff"}
{"event":"def_repo","sid":"20261006T103658.499379Z-Ha9d4ceab-P00007699","thread":"main","time":"2026-10-06T10:36:58.534680Z","file":"repository.c","line":241,"repo":1,"worktree":"/private/var/folders/f1/2xjyyqkn5plc19fx4nt4tpt00000gn/T/flow-dperf02-TxkS4x/worker"}
{"event":"data","sid":"20261006T103658.450186Z-Ha9d4ceab-P00007667","thread":"main","time":"2026-10-06T10:36:58.537431Z","file":"dir.c","line":3058,"repo":1,"t_abs":0.091967,"t_rel":0.071867,"nesting":2,"category":"read_directory","key":"path","value":""}
{"event":"data","sid":"20261006T103658.450186Z-Ha9d4ceab-P00007667","thread":"main","time":"2026-10-06T10:36:58.537446Z","file":"dir.c","line":3067,"repo":1,"t_abs":0.091983,"t_rel":0.071883,"nesting":2,"category":"read_directory","key":"directories-visited","value":"133"}
{"event":"data","sid":"20261006T103658.450186Z-Ha9d4ceab-P00007667","thread":"main","time":"2026-10-06T10:36:58.537451Z","file":"dir.c","line":3069,"repo":1,"t_abs":0.091989,"t_rel":0.071889,"nesting":2,"category":"read_directory","key":"paths-visited","value":"522"}
{"event":"region_leave","sid":"20261006T103658.450186Z-Ha9d4ceab-P00007667","thread":"main","time":"2026-10-06T10:36:58.537456Z","file":"dir.c","line":3113,"repo":1,"t_rel":0.071894,"nesting":1,"category":"dir","label":"read_directory"}
{"event":"exit","sid":"20261006T103658.450186Z-Ha9d4ceab-P00007667","thread":"main","time":"2026-10-06T10:36:58.537464Z","file":"git.c","line":747,"t_abs":0.092002,"code":0}
{"event":"atexit","sid":"20261006T103658.450186Z-Ha9d4ceab-P00007667","thread":"main","time":"2026-10-06T10:36:58.537470Z","file":"trace2/tr2_tgt_event.c","line":207,"t_abs":0.092007,"code":0}
{"event":"exit","sid":"20261006T103658.421773Z-Ha9d4ceab-P0000763e","thread":"main","time":"2026-10-06T10:36:58.539053Z","file":"git.c","line":747,"t_abs":0.119030,"code":0}
{"event":"atexit","sid":"20261006T103658.421773Z-Ha9d4ceab-P0000763e","thread":"main","time":"2026-10-06T10:36:58.539070Z","file":"trace2/tr2_tgt_event.c","line":207,"t_abs":0.119048,"code":0}
{"event":"version","sid":"20261006T103658.533337Z-Ha9d4ceab-P0000768f","thread":"main","time":"2026-10-06T10:36:58.537843Z","file":"common-init.c","line":57,"evt":"4","exe":"2.50.1 (Apple Git-155)"}
{"event":"start","sid":"20261006T103658.533337Z-Ha9d4ceab-P0000768f","thread":"main","time":"2026-10-06T10:36:58.539720Z","file":"common-init.c","line":58,"t_abs":0.016921,"argv":["/Library/Developer/CommandLineTools/usr/bin/git","-C","/var/folders/f1/2xjyyqkn5plc19fx4nt4tpt00000gn/T/flow-dperf02-TxkS4x/worker","diff","--name-only","-z","--no-renames","HEAD","--"]}
{"event":"cmd_name","sid":"20261006T103658.533337Z-Ha9d4ceab-P0000768f","thread":"main","time":"2026-10-06T10:36:58.540197Z","file":"git.c","line":477,"name":"diff","hierarchy":"diff"}
{"event":"def_repo","sid":"20261006T103658.522562Z-Ha9d4ceab-P000076a8","thread":"main","time":"2026-10-06T10:36:58.540707Z","file":"repository.c","line":241,"repo":1,"worktree":"/private/var/folders/f1/2xjyyqkn5plc19fx4nt4tpt00000gn/T/flow-dperf02-TxkS4x/worker"}
{"event":"exit","sid":"20261006T103658.441746Z-Ha9d4ceab-P0000765d","thread":"main","time":"2026-10-06T10:36:58.540990Z","file":"git.c","line":747,"t_abs":0.101203,"code":0}
{"event":"atexit","sid":"20261006T103658.441746Z-Ha9d4ceab-P0000765d","thread":"main","time":"2026-10-06T10:36:58.541002Z","file":"trace2/tr2_tgt_event.c","line":207,"t_abs":0.101215,"code":0}
{"event":"version","sid":"20261006T103658.532559Z-Ha9d4ceab-P000076b7","thread":"main","time":"2026-10-06T10:36:58.542176Z","file":"common-init.c","line":57,"evt":"4","exe":"2.50.1 (Apple Git-155)"}
{"event":"start","sid":"20261006T103658.532559Z-Ha9d4ceab-P000076b7","thread":"main","time":"2026-10-06T10:36:58.542187Z","file":"common-init.c","line":58,"t_abs":0.012745,"argv":["/Library/Developer/CommandLineTools/usr/bin/git","-C","/var/folders/f1/2xjyyqkn5plc19fx4nt4tpt00000gn/T/flow-dperf02-TxkS4x/worker","diff","--name-only","-z","--no-renames","e0ef529332efc4ec97e5a135bd44fbeab0e3205c","33fbfd2c9ca677261c07f9845935727ea0f757b0","--"]}
{"event":"cmd_name","sid":"20261006T103658.532559Z-Ha9d4ceab-P000076b7","thread":"main","time":"2026-10-06T10:36:58.542533Z","file":"git.c","line":477,"name":"diff","hierarchy":"diff"}
{"event":"exit","sid":"20261006T103658.449935Z-Ha9d4ceab-P0000764d","thread":"main","time":"2026-10-06T10:36:58.543105Z","file":"git.c","line":747,"t_abs":0.098597,"code":0}
{"event":"atexit","sid":"20261006T103658.449935Z-Ha9d4ceab-P0000764d","thread":"main","time":"2026-10-06T10:36:58.543115Z","file":"trace2/tr2_tgt_event.c","line":207,"t_abs":0.098608,"code":0}
{"event":"version","sid":"20261006T103658.535710Z-Ha9d4ceab-P000076a3","thread":"main","time":"2026-10-06T10:36:58.543620Z","file":"common-init.c","line":57,"evt":"4","exe":"2.50.1 (Apple Git-155)"}
{"event":"version","sid":"20261006T103658.535003Z-Ha9d4ceab-P000076b2","thread":"main","time":"2026-10-06T10:36:58.543660Z","file":"common-init.c","line":57,"evt":"4","exe":"2.50.1 (Apple Git-155)"}
{"event":"start","sid":"20261006T103658.535710Z-Ha9d4ceab-P000076a3","thread":"main","time":"2026-10-06T10:36:58.543663Z","file":"common-init.c","line":58,"t_abs":0.014742,"argv":["/Library/Developer/CommandLineTools/usr/bin/git","-C","/var/folders/f1/2xjyyqkn5plc19fx4nt4tpt00000gn/T/flow-dperf02-TxkS4x/worker","ls-files","--others","--exclude-standard","-z"]}
{"event":"start","sid":"20261006T103658.535003Z-Ha9d4ceab-P000076b2","thread":"main","time":"2026-10-06T10:36:58.543680Z","file":"common-init.c","line":58,"t_abs":0.016439,"argv":["/Library/Developer/CommandLineTools/usr/bin/git","-C","/var/folders/f1/2xjyyqkn5plc19fx4nt4tpt00000gn/T/flow-dperf02-TxkS4x/worker","ls-files","--others","--exclude-standard","-z"]}
{"event":"version","sid":"20261006T103658.536744Z-Ha9d4ceab-P000076bd","thread":"main","time":"2026-10-06T10:36:58.544299Z","file":"common-init.c","line":57,"evt":"4","exe":"2.50.1 (Apple Git-155)"}
{"event":"start","sid":"20261006T103658.536744Z-Ha9d4ceab-P000076bd","thread":"main","time":"2026-10-06T10:36:58.544315Z","file":"common-init.c","line":58,"t_abs":0.014031,"argv":["/Library/Developer/CommandLineTools/usr/bin/git","-C","/var/folders/f1/2xjyyqkn5plc19fx4nt4tpt00000gn/T/flow-dperf02-TxkS4x/worker","diff","--name-only","-z","--no-renames","HEAD","--"]}
{"event":"cmd_name","sid":"20261006T103658.536744Z-Ha9d4ceab-P000076bd","thread":"main","time":"2026-10-06T10:36:58.544666Z","file":"git.c","line":477,"name":"diff","hierarchy":"diff"}
{"event":"def_repo","sid":"20261006T103658.533337Z-Ha9d4ceab-P0000768f","thread":"main","time":"2026-10-06T10:36:58.546331Z","file":"repository.c","line":241,"repo":1,"worktree":"/private/var/folders/f1/2xjyyqkn5plc19fx4nt4tpt00000gn/T/flow-dperf02-TxkS4x/worker"}
{"event":"def_repo","sid":"20261006T103658.535710Z-Ha9d4ceab-P000076a3","thread":"main","time":"2026-10-06T10:36:58.546570Z","file":"repository.c","line":241,"repo":1,"worktree":"/private/var/folders/f1/2xjyyqkn5plc19fx4nt4tpt00000gn/T/flow-dperf02-TxkS4x/worker"}
{"event":"def_repo","sid":"20261006T103658.536744Z-Ha9d4ceab-P000076bd","thread":"main","time":"2026-10-06T10:36:58.547235Z","file":"repository.c","line":241,"repo":1,"worktree":"/private/var/folders/f1/2xjyyqkn5plc19fx4nt4tpt00000gn/T/flow-dperf02-TxkS4x/worker"}
{"event":"data","sid":"20261006T103658.459061Z-Ha9d4ceab-P00007658","thread":"main","time":"2026-10-06T10:36:58.547409Z","file":"dir.c","line":3058,"repo":1,"t_abs":0.092545,"t_rel":0.062620,"nesting":2,"category":"read_directory","key":"path","value":""}
{"event":"data","sid":"20261006T103658.459061Z-Ha9d4ceab-P00007658","thread":"main","time":"2026-10-06T10:36:58.547497Z","file":"dir.c","line":3067,"repo":1,"t_abs":0.092635,"t_rel":0.062710,"nesting":2,"category":"read_directory","key":"directories-visited","value":"133"}
{"event":"data","sid":"20261006T103658.459061Z-Ha9d4ceab-P00007658","thread":"main","time":"2026-10-06T10:36:58.547510Z","file":"dir.c","line":3069,"repo":1,"t_abs":0.092649,"t_rel":0.062724,"nesting":2,"category":"read_directory","key":"paths-visited","value":"522"}
{"event":"region_leave","sid":"20261006T103658.459061Z-Ha9d4ceab-P00007658","thread":"main","time":"2026-10-06T10:36:58.547519Z","file":"dir.c","line":3113,"repo":1,"t_rel":0.062734,"nesting":1,"category":"dir","label":"read_directory"}
{"event":"exit","sid":"20261006T103658.459061Z-Ha9d4ceab-P00007658","thread":"main","time":"2026-10-06T10:36:58.547529Z","file":"git.c","line":747,"t_abs":0.092669,"code":0}
{"event":"atexit","sid":"20261006T103658.459061Z-Ha9d4ceab-P00007658","thread":"main","time":"2026-10-06T10:36:58.548587Z","file":"trace2/tr2_tgt_event.c","line":207,"t_abs":0.093725,"code":0}
{"event":"def_repo","sid":"20261006T103658.535003Z-Ha9d4ceab-P000076b2","thread":"main","time":"2026-10-06T10:36:58.548738Z","file":"repository.c","line":241,"repo":1,"worktree":"/private/var/folders/f1/2xjyyqkn5plc19fx4nt4tpt00000gn/T/flow-dperf02-TxkS4x/worker"}
{"event":"version","sid":"20261006T103658.541259Z-Ha9d4ceab-P000076c2","thread":"main","time":"2026-10-06T10:36:58.548745Z","file":"common-init.c","line":57,"evt":"4","exe":"2.50.1 (Apple Git-155)"}
{"event":"start","sid":"20261006T103658.541259Z-Ha9d4ceab-P000076c2","thread":"main","time":"2026-10-06T10:36:58.549437Z","file":"common-init.c","line":58,"t_abs":0.012829,"argv":["/Library/Developer/CommandLineTools/usr/bin/git","-C","/var/folders/f1/2xjyyqkn5plc19fx4nt4tpt00000gn/T/flow-dperf02-TxkS4x/worker","ls-files","--others","--exclude-standard","-z"]}
{"event":"version","sid":"20261006T103658.540730Z-Ha9d4ceab-P000076ad","thread":"main","time":"2026-10-06T10:36:58.549813Z","file":"common-init.c","line":57,"evt":"4","exe":"2.50.1 (Apple Git-155)"}
{"event":"def_repo","sid":"20261006T103658.532559Z-Ha9d4ceab-P000076b7","thread":"main","time":"2026-10-06T10:36:58.549824Z","file":"repository.c","line":241,"repo":1,"worktree":"/private/var/folders/f1/2xjyyqkn5plc19fx4nt4tpt00000gn/T/flow-dperf02-TxkS4x/worker"}
{"event":"start","sid":"20261006T103658.540730Z-Ha9d4ceab-P000076ad","thread":"main","time":"2026-10-06T10:36:58.549853Z","file":"common-init.c","line":58,"t_abs":0.021293,"argv":["/Library/Developer/CommandLineTools/usr/bin/git","-C","/var/folders/f1/2xjyyqkn5plc19fx4nt4tpt00000gn/T/flow-dperf02-TxkS4x/worker","diff","--name-only","-z","--no-renames","HEAD","--"]}
{"event":"cmd_name","sid":"20261006T103658.535710Z-Ha9d4ceab-P000076a3","thread":"main","time":"2026-10-06T10:36:58.550469Z","file":"git.c","line":477,"name":"ls-files","hierarchy":"ls-files"}
{"event":"cmd_name","sid":"20261006T103658.540730Z-Ha9d4ceab-P000076ad","thread":"main","time":"2026-10-06T10:36:58.550862Z","file":"git.c","line":477,"name":"diff","hierarchy":"diff"}
{"event":"def_repo","sid":"20261006T103658.541259Z-Ha9d4ceab-P000076c2","thread":"main","time":"2026-10-06T10:36:58.552019Z","file":"repository.c","line":241,"repo":1,"worktree":"/private/var/folders/f1/2xjyyqkn5plc19fx4nt4tpt00000gn/T/flow-dperf02-TxkS4x/worker"}
{"event":"region_enter","sid":"20261006T103658.535710Z-Ha9d4ceab-P000076a3","thread":"main","time":"2026-10-06T10:36:58.553249Z","file":"read-cache.c","line":2357,"repo":1,"nesting":1,"category":"index","label":"do_read_index","msg":"/private/var/folders/f1/2xjyyqkn5plc19fx4nt4tpt00000gn/T/flow-dperf02-TxkS4x/main/.git/worktrees/worker/index"}
{"event":"def_repo","sid":"20261006T103658.540730Z-Ha9d4ceab-P000076ad","thread":"main","time":"2026-10-06T10:36:58.553839Z","file":"repository.c","line":241,"repo":1,"worktree":"/private/var/folders/f1/2xjyyqkn5plc19fx4nt4tpt00000gn/T/flow-dperf02-TxkS4x/worker"}
{"event":"data","sid":"20261006T103658.425348Z-Ha9d4ceab-P00007639","thread":"main","time":"2026-10-06T10:36:58.555607Z","file":"dir.c","line":3058,"repo":1,"t_abs":0.135747,"t_rel":0.107942,"nesting":2,"category":"read_directory","key":"path","value":""}
{"event":"region_enter","sid":"20261006T103658.515612Z-Ha9d4ceab-P0000769e","thread":"main","time":"2026-10-06T10:36:58.557573Z","file":"read-cache.c","line":2357,"repo":1,"nesting":1,"category":"index","label":"do_read_index","msg":"/private/var/folders/f1/2xjyyqkn5plc19fx4nt4tpt00000gn/T/flow-dperf02-TxkS4x/main/.git/worktrees/worker/index"}
{"event":"region_enter","sid":"20261006T103658.535710Z-Ha9d4ceab-P000076a3","thread":"main","time":"2026-10-06T10:36:58.559073Z","file":"cache-tree.c","line":643,"repo":1,"nesting":2,"category":"cache_tree","label":"read"}
{"event":"region_leave","sid":"20261006T103658.535710Z-Ha9d4ceab-P000076a3","thread":"main","time":"2026-10-06T10:36:58.559105Z","file":"cache-tree.c","line":645,"repo":1,"t_rel":0.000032,"nesting":2,"category":"cache_tree","label":"read"}
{"event":"data","sid":"20261006T103658.535710Z-Ha9d4ceab-P000076a3","thread":"main","time":"2026-10-06T10:36:58.559118Z","file":"read-cache.c","line":2306,"repo":1,"t_abs":0.030199,"t_rel":0.005870,"nesting":2,"category":"index","key":"read/version","value":"2"}
{"event":"data","sid":"20261006T103658.535710Z-Ha9d4ceab-P000076a3","thread":"main","time":"2026-10-06T10:36:58.559125Z","file":"read-cache.c","line":2308,"repo":1,"t_abs":0.030205,"t_rel":0.005876,"nesting":2,"category":"index","key":"read/cache_nr","value":"389"}
{"event":"region_leave","sid":"20261006T103658.535710Z-Ha9d4ceab-P000076a3","thread":"main","time":"2026-10-06T10:36:58.559132Z","file":"read-cache.c","line":2362,"repo":1,"t_rel":0.005884,"nesting":1,"category":"index","label":"do_read_index","msg":"/private/var/folders/f1/2xjyyqkn5plc19fx4nt4tpt00000gn/T/flow-dperf02-TxkS4x/main/.git/worktrees/worker/index"}
{"event":"region_enter","sid":"20261006T103658.533337Z-Ha9d4ceab-P0000768f","thread":"main","time":"2026-10-06T10:36:58.560014Z","file":"read-cache.c","line":2357,"repo":1,"nesting":1,"category":"index","label":"do_read_index","msg":"/private/var/folders/f1/2xjyyqkn5plc19fx4nt4tpt00000gn/T/flow-dperf02-TxkS4x/main/.git/worktrees/worker/index"}
{"event":"region_enter","sid":"20261006T103658.536744Z-Ha9d4ceab-P000076bd","thread":"main","time":"2026-10-06T10:36:58.560150Z","file":"read-cache.c","line":2357,"repo":1,"nesting":1,"category":"index","label":"do_read_index","msg":"/private/var/folders/f1/2xjyyqkn5plc19fx4nt4tpt00000gn/T/flow-dperf02-TxkS4x/main/.git/worktrees/worker/index"}
{"event":"region_enter","sid":"20261006T103658.533337Z-Ha9d4ceab-P0000768f","thread":"main","time":"2026-10-06T10:36:58.560426Z","file":"cache-tree.c","line":643,"repo":1,"nesting":2,"category":"cache_tree","label":"read"}
{"event":"region_leave","sid":"20261006T103658.533337Z-Ha9d4ceab-P0000768f","thread":"main","time":"2026-10-06T10:36:58.560451Z","file":"cache-tree.c","line":645,"repo":1,"t_rel":0.000025,"nesting":2,"category":"cache_tree","label":"read"}
{"event":"data","sid":"20261006T103658.533337Z-Ha9d4ceab-P0000768f","thread":"main","time":"2026-10-06T10:36:58.560460Z","file":"read-cache.c","line":2306,"repo":1,"t_abs":0.037662,"t_rel":0.000447,"nesting":2,"category":"index","key":"read/version","value":"2"}
{"event":"data","sid":"20261006T103658.533337Z-Ha9d4ceab-P0000768f","thread":"main","time":"2026-10-06T10:36:58.560468Z","file":"read-cache.c","line":2308,"repo":1,"t_abs":0.037669,"t_rel":0.000454,"nesting":2,"category":"index","key":"read/cache_nr","value":"389"}
{"event":"region_leave","sid":"20261006T103658.533337Z-Ha9d4ceab-P0000768f","thread":"main","time":"2026-10-06T10:36:58.560473Z","file":"read-cache.c","line":2362,"repo":1,"t_rel":0.000460,"nesting":1,"category":"index","label":"do_read_index","msg":"/private/var/folders/f1/2xjyyqkn5plc19fx4nt4tpt00000gn/T/flow-dperf02-TxkS4x/main/.git/worktrees/worker/index"}
{"event":"region_enter","sid":"20261006T103658.536744Z-Ha9d4ceab-P000076bd","thread":"main","time":"2026-10-06T10:36:58.560560Z","file":"cache-tree.c","line":643,"repo":1,"nesting":2,"category":"cache_tree","label":"read"}
{"event":"region_leave","sid":"20261006T103658.536744Z-Ha9d4ceab-P000076bd","thread":"main","time":"2026-10-06T10:36:58.560613Z","file":"cache-tree.c","line":645,"repo":1,"t_rel":0.000053,"nesting":2,"category":"cache_tree","label":"read"}
{"event":"data","sid":"20261006T103658.536744Z-Ha9d4ceab-P000076bd","thread":"main","time":"2026-10-06T10:36:58.560624Z","file":"read-cache.c","line":2306,"repo":1,"t_abs":0.030340,"t_rel":0.000474,"nesting":2,"category":"index","key":"read/version","value":"2"}
{"event":"data","sid":"20261006T103658.536744Z-Ha9d4ceab-P000076bd","thread":"main","time":"2026-10-06T10:36:58.560629Z","file":"read-cache.c","line":2308,"repo":1,"t_abs":0.030346,"t_rel":0.000480,"nesting":2,"category":"index","key":"read/cache_nr","value":"389"}
{"event":"region_leave","sid":"20261006T103658.536744Z-Ha9d4ceab-P000076bd","thread":"main","time":"2026-10-06T10:36:58.560634Z","file":"read-cache.c","line":2362,"repo":1,"t_rel":0.000485,"nesting":1,"category":"index","label":"do_read_index","msg":"/private/var/folders/f1/2xjyyqkn5plc19fx4nt4tpt00000gn/T/flow-dperf02-TxkS4x/main/.git/worktrees/worker/index"}
{"event":"region_enter","sid":"20261006T103658.535710Z-Ha9d4ceab-P000076a3","thread":"main","time":"2026-10-06T10:36:58.560579Z","file":"dir.c","line":3090,"repo":1,"nesting":1,"category":"dir","label":"read_directory"}
{"event":"region_enter","sid":"20261006T103658.533337Z-Ha9d4ceab-P0000768f","thread":"main","time":"2026-10-06T10:36:58.560823Z","file":"unpack-trees.c","line":1905,"repo":1,"nesting":1,"category":"unpack_trees","label":"unpack_trees"}
{"event":"region_enter","sid":"20261006T103658.536744Z-Ha9d4ceab-P000076bd","thread":"main","time":"2026-10-06T10:36:58.560999Z","file":"unpack-trees.c","line":1905,"repo":1,"nesting":1,"category":"unpack_trees","label":"unpack_trees"}
{"event":"cmd_name","sid":"20261006T103658.535003Z-Ha9d4ceab-P000076b2","thread":"main","time":"2026-10-06T10:36:58.561068Z","file":"git.c","line":477,"name":"ls-files","hierarchy":"ls-files"}
{"event":"data","sid":"20261006T103658.425348Z-Ha9d4ceab-P00007639","thread":"main","time":"2026-10-06T10:36:58.561779Z","file":"dir.c","line":3067,"repo":1,"t_abs":0.141919,"t_rel":0.114114,"nesting":2,"category":"read_directory","key":"directories-visited","value":"133"}
{"event":"data","sid":"20261006T103658.425348Z-Ha9d4ceab-P00007639","thread":"main","time":"2026-10-06T10:36:58.561793Z","file":"dir.c","line":3069,"repo":1,"t_abs":0.141935,"t_rel":0.114130,"nesting":2,"category":"read_directory","key":"paths-visited","value":"522"}
{"event":"region_enter","sid":"20261006T103658.515612Z-Ha9d4ceab-P0000769e","thread":"main","time":"2026-10-06T10:36:58.561994Z","file":"cache-tree.c","line":643,"repo":1,"nesting":2,"category":"cache_tree","label":"read"}
{"event":"region_leave","sid":"20261006T103658.515612Z-Ha9d4ceab-P0000769e","thread":"main","time":"2026-10-06T10:36:58.562021Z","file":"cache-tree.c","line":645,"repo":1,"t_rel":0.000030,"nesting":2,"category":"cache_tree","label":"read"}
{"event":"data","sid":"20261006T103658.515612Z-Ha9d4ceab-P0000769e","thread":"main","time":"2026-10-06T10:36:58.562030Z","file":"read-cache.c","line":2306,"repo":1,"t_abs":0.049196,"t_rel":0.004457,"nesting":2,"category":"index","key":"read/version","value":"2"}
{"event":"data","sid":"20261006T103658.515612Z-Ha9d4ceab-P0000769e","thread":"main","time":"2026-10-06T10:36:58.562037Z","file":"read-cache.c","line":2308,"repo":1,"t_abs":0.049204,"t_rel":0.004465,"nesting":2,"category":"index","key":"read/cache_nr","value":"389"}
{"event":"region_leave","sid":"20261006T103658.515612Z-Ha9d4ceab-P0000769e","thread":"main","time":"2026-10-06T10:36:58.562042Z","file":"read-cache.c","line":2362,"repo":1,"t_rel":0.004470,"nesting":1,"category":"index","label":"do_read_index","msg":"/private/var/folders/f1/2xjyyqkn5plc19fx4nt4tpt00000gn/T/flow-dperf02-TxkS4x/main/.git/worktrees/worker/index"}
{"event":"region_enter","sid":"20261006T103658.536744Z-Ha9d4ceab-P000076bd","thread":"main","time":"2026-10-06T10:36:58.562309Z","file":"unpack-trees.c","line":2009,"repo":1,"nesting":2,"category":"unpack_trees","label":"traverse_trees"}
{"event":"region_leave","sid":"20261006T103658.425348Z-Ha9d4ceab-P00007639","thread":"main","time":"2026-10-06T10:36:58.561800Z","file":"dir.c","line":3113,"repo":1,"t_rel":0.114138,"nesting":1,"category":"dir","label":"read_directory"}
{"event":"region_enter","sid":"20261006T103658.515612Z-Ha9d4ceab-P0000769e","thread":"main","time":"2026-10-06T10:36:58.562366Z","file":"unpack-trees.c","line":1905,"repo":1,"nesting":1,"category":"unpack_trees","label":"unpack_trees"}
{"event":"exit","sid":"20261006T103658.425348Z-Ha9d4ceab-P00007639","thread":"main","time":"2026-10-06T10:36:58.562388Z","file":"git.c","line":747,"t_abs":0.142524,"code":0}
{"event":"atexit","sid":"20261006T103658.425348Z-Ha9d4ceab-P00007639","thread":"main","time":"2026-10-06T10:36:58.562409Z","file":"trace2/tr2_tgt_event.c","line":207,"t_abs":0.142550,"code":0}
{"event":"cmd_name","sid":"20261006T103658.541259Z-Ha9d4ceab-P000076c2","thread":"main","time":"2026-10-06T10:36:58.562818Z","file":"git.c","line":477,"name":"ls-files","hierarchy":"ls-files"}
{"event":"region_enter","sid":"20261006T103658.533337Z-Ha9d4ceab-P0000768f","thread":"main","time":"2026-10-06T10:36:58.563034Z","file":"unpack-trees.c","line":2009,"repo":1,"nesting":2,"category":"unpack_trees","label":"traverse_trees"}
{"event":"region_enter","sid":"20261006T103658.535710Z-Ha9d4ceab-P000076a3","thread":"main","time":"2026-10-06T10:36:58.563266Z","file":"name-hash.c","line":597,"repo":1,"nesting":2,"category":"index","label":"name-hash-init"}
{"event":"region_leave","sid":"20261006T103658.535710Z-Ha9d4ceab-P000076a3","thread":"main","time":"2026-10-06T10:36:58.563304Z","file":"name-hash.c","line":618,"repo":1,"t_rel":0.000038,"nesting":2,"category":"index","label":"name-hash-init"}
{"event":"region_enter","sid":"20261006T103658.515612Z-Ha9d4ceab-P0000769e","thread":"main","time":"2026-10-06T10:36:58.563695Z","file":"unpack-trees.c","line":2009,"repo":1,"nesting":2,"category":"unpack_trees","label":"traverse_trees"}
{"event":"region_enter","sid":"20261006T103658.535003Z-Ha9d4ceab-P000076b2","thread":"main","time":"2026-10-06T10:36:58.564162Z","file":"read-cache.c","line":2357,"repo":1,"nesting":1,"category":"index","label":"do_read_index","msg":"/private/var/folders/f1/2xjyyqkn5plc19fx4nt4tpt00000gn/T/flow-dperf02-TxkS4x/main/.git/worktrees/worker/index"}
{"event":"region_enter","sid":"20261006T103658.535003Z-Ha9d4ceab-P000076b2","thread":"main","time":"2026-10-06T10:36:58.564620Z","file":"cache-tree.c","line":643,"repo":1,"nesting":2,"category":"cache_tree","label":"read"}
{"event":"region_leave","sid":"20261006T103658.535003Z-Ha9d4ceab-P000076b2","thread":"main","time":"2026-10-06T10:36:58.564676Z","file":"cache-tree.c","line":645,"repo":1,"t_rel":0.000057,"nesting":2,"category":"cache_tree","label":"read"}
{"event":"data","sid":"20261006T103658.535003Z-Ha9d4ceab-P000076b2","thread":"main","time":"2026-10-06T10:36:58.564699Z","file":"read-cache.c","line":2306,"repo":1,"t_abs":0.037458,"t_rel":0.000539,"nesting":2,"category":"index","key":"read/version","value":"2"}
{"event":"data","sid":"20261006T103658.535003Z-Ha9d4ceab-P000076b2","thread":"main","time":"2026-10-06T10:36:58.564715Z","file":"read-cache.c","line":2308,"repo":1,"t_abs":0.037474,"t_rel":0.000555,"nesting":2,"category":"index","key":"read/cache_nr","value":"389"}
{"event":"region_leave","sid":"20261006T103658.535003Z-Ha9d4ceab-P000076b2","thread":"main","time":"2026-10-06T10:36:58.564730Z","file":"read-cache.c","line":2362,"repo":1,"t_rel":0.000570,"nesting":1,"category":"index","label":"do_read_index","msg":"/private/var/folders/f1/2xjyyqkn5plc19fx4nt4tpt00000gn/T/flow-dperf02-TxkS4x/main/.git/worktrees/worker/index"}
{"event":"region_enter","sid":"20261006T103658.541259Z-Ha9d4ceab-P000076c2","thread":"main","time":"2026-10-06T10:36:58.565862Z","file":"read-cache.c","line":2357,"repo":1,"nesting":1,"category":"index","label":"do_read_index","msg":"/private/var/folders/f1/2xjyyqkn5plc19fx4nt4tpt00000gn/T/flow-dperf02-TxkS4x/main/.git/worktrees/worker/index"}
{"event":"region_enter","sid":"20261006T103658.535003Z-Ha9d4ceab-P000076b2","thread":"main","time":"2026-10-06T10:36:58.566179Z","file":"dir.c","line":3090,"repo":1,"nesting":1,"category":"dir","label":"read_directory"}
{"event":"region_enter","sid":"20261006T103658.541259Z-Ha9d4ceab-P000076c2","thread":"main","time":"2026-10-06T10:36:58.566284Z","file":"cache-tree.c","line":643,"repo":1,"nesting":2,"category":"cache_tree","label":"read"}
{"event":"region_leave","sid":"20261006T103658.541259Z-Ha9d4ceab-P000076c2","thread":"main","time":"2026-10-06T10:36:58.566317Z","file":"cache-tree.c","line":645,"repo":1,"t_rel":0.000035,"nesting":2,"category":"cache_tree","label":"read"}
{"event":"data","sid":"20261006T103658.541259Z-Ha9d4ceab-P000076c2","thread":"main","time":"2026-10-06T10:36:58.566327Z","file":"read-cache.c","line":2306,"repo":1,"t_abs":0.029721,"t_rel":0.000467,"nesting":2,"category":"index","key":"read/version","value":"2"}
{"event":"data","sid":"20261006T103658.541259Z-Ha9d4ceab-P000076c2","thread":"main","time":"2026-10-06T10:36:58.566334Z","file":"read-cache.c","line":2308,"repo":1,"t_abs":0.029727,"t_rel":0.000473,"nesting":2,"category":"index","key":"read/cache_nr","value":"389"}
{"event":"region_leave","sid":"20261006T103658.541259Z-Ha9d4ceab-P000076c2","thread":"main","time":"2026-10-06T10:36:58.566342Z","file":"read-cache.c","line":2362,"repo":1,"t_rel":0.000482,"nesting":1,"category":"index","label":"do_read_index","msg":"/private/var/folders/f1/2xjyyqkn5plc19fx4nt4tpt00000gn/T/flow-dperf02-TxkS4x/main/.git/worktrees/worker/index"}
{"event":"region_enter","sid":"20261006T103658.535003Z-Ha9d4ceab-P000076b2","thread":"main","time":"2026-10-06T10:36:58.567427Z","file":"name-hash.c","line":597,"repo":1,"nesting":2,"category":"index","label":"name-hash-init"}
{"event":"region_leave","sid":"20261006T103658.535003Z-Ha9d4ceab-P000076b2","thread":"main","time":"2026-10-06T10:36:58.567463Z","file":"name-hash.c","line":618,"repo":1,"t_rel":0.000036,"nesting":2,"category":"index","label":"name-hash-init"}
{"event":"region_enter","sid":"20261006T103658.541259Z-Ha9d4ceab-P000076c2","thread":"main","time":"2026-10-06T10:36:58.567742Z","file":"dir.c","line":3090,"repo":1,"nesting":1,"category":"dir","label":"read_directory"}
{"event":"exit","sid":"20261006T103658.458376Z-Ha9d4ceab-P0000766c","thread":"main","time":"2026-10-06T10:36:58.568236Z","file":"git.c","line":747,"t_abs":0.113323,"code":0}
{"event":"atexit","sid":"20261006T103658.458376Z-Ha9d4ceab-P0000766c","thread":"main","time":"2026-10-06T10:36:58.568279Z","file":"trace2/tr2_tgt_event.c","line":207,"t_abs":0.113367,"code":0}
{"event":"region_enter","sid":"20261006T103658.541259Z-Ha9d4ceab-P000076c2","thread":"main","time":"2026-10-06T10:36:58.568827Z","file":"name-hash.c","line":597,"repo":1,"nesting":2,"category":"index","label":"name-hash-init"}
{"event":"region_leave","sid":"20261006T103658.541259Z-Ha9d4ceab-P000076c2","thread":"main","time":"2026-10-06T10:36:58.568858Z","file":"name-hash.c","line":618,"repo":1,"t_rel":0.000031,"nesting":2,"category":"index","label":"name-hash-init"}
{"event":"region_enter","sid":"20261006T103658.540730Z-Ha9d4ceab-P000076ad","thread":"main","time":"2026-10-06T10:36:58.581337Z","file":"read-cache.c","line":2357,"repo":1,"nesting":1,"category":"index","label":"do_read_index","msg":"/private/var/folders/f1/2xjyyqkn5plc19fx4nt4tpt00000gn/T/flow-dperf02-TxkS4x/main/.git/worktrees/worker/index"}
{"event":"region_enter","sid":"20261006T103658.540730Z-Ha9d4ceab-P000076ad","thread":"main","time":"2026-10-06T10:36:58.581956Z","file":"cache-tree.c","line":643,"repo":1,"nesting":2,"category":"cache_tree","label":"read"}
{"event":"region_leave","sid":"20261006T103658.540730Z-Ha9d4ceab-P000076ad","thread":"main","time":"2026-10-06T10:36:58.581984Z","file":"cache-tree.c","line":645,"repo":1,"t_rel":0.000028,"nesting":2,"category":"cache_tree","label":"read"}
{"event":"data","sid":"20261006T103658.540730Z-Ha9d4ceab-P000076ad","thread":"main","time":"2026-10-06T10:36:58.582037Z","file":"read-cache.c","line":2306,"repo":1,"t_abs":0.053478,"t_rel":0.000702,"nesting":2,"category":"index","key":"read/version","value":"2"}
{"event":"data","sid":"20261006T103658.540730Z-Ha9d4ceab-P000076ad","thread":"main","time":"2026-10-06T10:36:58.582044Z","file":"read-cache.c","line":2308,"repo":1,"t_abs":0.053485,"t_rel":0.000709,"nesting":2,"category":"index","key":"read/cache_nr","value":"389"}
{"event":"region_leave","sid":"20261006T103658.540730Z-Ha9d4ceab-P000076ad","thread":"main","time":"2026-10-06T10:36:58.582051Z","file":"read-cache.c","line":2362,"repo":1,"t_rel":0.000715,"nesting":1,"category":"index","label":"do_read_index","msg":"/private/var/folders/f1/2xjyyqkn5plc19fx4nt4tpt00000gn/T/flow-dperf02-TxkS4x/main/.git/worktrees/worker/index"}
{"event":"region_enter","sid":"20261006T103658.540730Z-Ha9d4ceab-P000076ad","thread":"main","time":"2026-10-06T10:36:58.582424Z","file":"unpack-trees.c","line":1905,"repo":1,"nesting":1,"category":"unpack_trees","label":"unpack_trees"}
{"event":"region_enter","sid":"20261006T103658.540730Z-Ha9d4ceab-P000076ad","thread":"main","time":"2026-10-06T10:36:58.583763Z","file":"unpack-trees.c","line":2009,"repo":1,"nesting":2,"category":"unpack_trees","label":"traverse_trees"}
{"event":"data","sid":"20261006T103658.479107Z-Ha9d4ceab-P00007676","thread":"main","time":"2026-10-06T10:36:58.584835Z","file":"dir.c","line":3058,"repo":1,"t_abs":0.108037,"t_rel":0.072831,"nesting":2,"category":"read_directory","key":"path","value":""}
{"event":"data","sid":"20261006T103658.479107Z-Ha9d4ceab-P00007676","thread":"main","time":"2026-10-06T10:36:58.584851Z","file":"dir.c","line":3067,"repo":1,"t_abs":0.108053,"t_rel":0.072847,"nesting":2,"category":"read_directory","key":"directories-visited","value":"133"}
{"event":"data","sid":"20261006T103658.479107Z-Ha9d4ceab-P00007676","thread":"main","time":"2026-10-06T10:36:58.584857Z","file":"dir.c","line":3069,"repo":1,"t_abs":0.108060,"t_rel":0.072854,"nesting":2,"category":"read_directory","key":"paths-visited","value":"522"}
{"event":"region_leave","sid":"20261006T103658.479107Z-Ha9d4ceab-P00007676","thread":"main","time":"2026-10-06T10:36:58.584862Z","file":"dir.c","line":3113,"repo":1,"t_rel":0.072859,"nesting":1,"category":"dir","label":"read_directory"}
{"event":"exit","sid":"20261006T103658.479107Z-Ha9d4ceab-P00007676","thread":"main","time":"2026-10-06T10:36:58.584874Z","file":"git.c","line":747,"t_abs":0.108075,"code":0}
{"event":"atexit","sid":"20261006T103658.479107Z-Ha9d4ceab-P00007676","thread":"main","time":"2026-10-06T10:36:58.584880Z","file":"trace2/tr2_tgt_event.c","line":207,"t_abs":0.108082,"code":0}
{"event":"region_leave","sid":"20261006T103658.378096Z-Ha9d4ceab-P000075f8","thread":"main","time":"2026-10-06T10:36:58.593652Z","file":"unpack-trees.c","line":2011,"repo":1,"t_rel":0.204303,"nesting":2,"category":"unpack_trees","label":"traverse_trees"}
{"event":"region_leave","sid":"20261006T103658.378096Z-Ha9d4ceab-P000075f8","thread":"main","time":"2026-10-06T10:36:58.593666Z","file":"unpack-trees.c","line":2108,"repo":1,"t_rel":0.204971,"nesting":1,"category":"unpack_trees","label":"unpack_trees"}
{"event":"exit","sid":"20261006T103658.378096Z-Ha9d4ceab-P000075f8","thread":"main","time":"2026-10-06T10:36:58.593682Z","file":"git.c","line":747,"t_abs":0.216728,"code":0}
{"event":"data_json","sid":"20261006T103658.378096Z-Ha9d4ceab-P000075f8","thread":"main","time":"2026-10-06T10:36:58.593688Z","file":"tree-walk.c","line":186,"repo":1,"t_abs":0.216735,"t_rel":0.216735,"nesting":1,"category":"traverse_trees","key":"statistics","value":{"traverse_trees_count":1,"traverse_trees_max_depth":1}}
{"event":"atexit","sid":"20261006T103658.378096Z-Ha9d4ceab-P000075f8","thread":"main","time":"2026-10-06T10:36:58.593694Z","file":"trace2/tr2_tgt_event.c","line":207,"t_abs":0.216741,"code":0}
{"event":"exit","sid":"20261006T103658.477009Z-Ha9d4ceab-P0000767b","thread":"main","time":"2026-10-06T10:36:58.601648Z","file":"git.c","line":747,"t_abs":0.126842,"code":0}
{"event":"atexit","sid":"20261006T103658.477009Z-Ha9d4ceab-P0000767b","thread":"main","time":"2026-10-06T10:36:58.601695Z","file":"trace2/tr2_tgt_event.c","line":207,"t_abs":0.126890,"code":0}
{"event":"data","sid":"20261006T103658.490204Z-Ha9d4ceab-P00007694","thread":"main","time":"2026-10-06T10:36:58.604513Z","file":"dir.c","line":3058,"repo":1,"t_abs":0.116862,"t_rel":0.074581,"nesting":2,"category":"read_directory","key":"path","value":""}
{"event":"data","sid":"20261006T103658.490204Z-Ha9d4ceab-P00007694","thread":"main","time":"2026-10-06T10:36:58.604534Z","file":"dir.c","line":3067,"repo":1,"t_abs":0.116885,"t_rel":0.074604,"nesting":2,"category":"read_directory","key":"directories-visited","value":"133"}
{"event":"data","sid":"20261006T103658.490204Z-Ha9d4ceab-P00007694","thread":"main","time":"2026-10-06T10:36:58.604542Z","file":"dir.c","line":3069,"repo":1,"t_abs":0.116892,"t_rel":0.074611,"nesting":2,"category":"read_directory","key":"paths-visited","value":"522"}
{"event":"region_leave","sid":"20261006T103658.490204Z-Ha9d4ceab-P00007694","thread":"main","time":"2026-10-06T10:36:58.604551Z","file":"dir.c","line":3113,"repo":1,"t_rel":0.074620,"nesting":1,"category":"dir","label":"read_directory"}
{"event":"exit","sid":"20261006T103658.490204Z-Ha9d4ceab-P00007694","thread":"main","time":"2026-10-06T10:36:58.604561Z","file":"git.c","line":747,"t_abs":0.116911,"code":0}
{"event":"atexit","sid":"20261006T103658.490204Z-Ha9d4ceab-P00007694","thread":"main","time":"2026-10-06T10:36:58.604567Z","file":"trace2/tr2_tgt_event.c","line":207,"t_abs":0.116917,"code":0}
{"event":"data","sid":"20261006T103658.487084Z-Ha9d4ceab-P00007685","thread":"main","time":"2026-10-06T10:36:58.604826Z","file":"dir.c","line":3058,"repo":1,"t_abs":0.123791,"t_rel":0.081542,"nesting":2,"category":"read_directory","key":"path","value":""}
{"event":"data","sid":"20261006T103658.487084Z-Ha9d4ceab-P00007685","thread":"main","time":"2026-10-06T10:36:58.604840Z","file":"dir.c","line":3067,"repo":1,"t_abs":0.123807,"t_rel":0.081558,"nesting":2,"category":"read_directory","key":"directories-visited","value":"133"}
{"event":"data","sid":"20261006T103658.487084Z-Ha9d4ceab-P00007685","thread":"main","time":"2026-10-06T10:36:58.604847Z","file":"dir.c","line":3069,"repo":1,"t_abs":0.123813,"t_rel":0.081564,"nesting":2,"category":"read_directory","key":"paths-visited","value":"522"}
{"event":"region_leave","sid":"20261006T103658.487084Z-Ha9d4ceab-P00007685","thread":"main","time":"2026-10-06T10:36:58.604851Z","file":"dir.c","line":3113,"repo":1,"t_rel":0.081569,"nesting":1,"category":"dir","label":"read_directory"}
{"event":"exit","sid":"20261006T103658.487084Z-Ha9d4ceab-P00007685","thread":"main","time":"2026-10-06T10:36:58.604859Z","file":"git.c","line":747,"t_abs":0.123826,"code":0}
{"event":"atexit","sid":"20261006T103658.487084Z-Ha9d4ceab-P00007685","thread":"main","time":"2026-10-06T10:36:58.604865Z","file":"trace2/tr2_tgt_event.c","line":207,"t_abs":0.123831,"code":0}
{"event":"exit","sid":"20261006T103658.478429Z-Ha9d4ceab-P0000768a","thread":"main","time":"2026-10-06T10:36:58.612604Z","file":"git.c","line":747,"t_abs":0.136519,"code":0}
{"event":"atexit","sid":"20261006T103658.478429Z-Ha9d4ceab-P0000768a","thread":"main","time":"2026-10-06T10:36:58.613367Z","file":"trace2/tr2_tgt_event.c","line":207,"t_abs":0.137282,"code":0}
{"event":"region_leave","sid":"20261006T103658.392769Z-Ha9d4ceab-P00007607","thread":"main","time":"2026-10-06T10:36:58.616126Z","file":"unpack-trees.c","line":2011,"repo":1,"t_rel":0.209847,"nesting":2,"category":"unpack_trees","label":"traverse_trees"}
{"event":"region_leave","sid":"20261006T103658.392769Z-Ha9d4ceab-P00007607","thread":"main","time":"2026-10-06T10:36:58.616148Z","file":"unpack-trees.c","line":2108,"repo":1,"t_rel":0.210891,"nesting":1,"category":"unpack_trees","label":"unpack_trees"}
{"event":"exit","sid":"20261006T103658.392769Z-Ha9d4ceab-P00007607","thread":"main","time":"2026-10-06T10:36:58.616165Z","file":"git.c","line":747,"t_abs":0.226447,"code":0}
{"event":"data_json","sid":"20261006T103658.392769Z-Ha9d4ceab-P00007607","thread":"main","time":"2026-10-06T10:36:58.616395Z","file":"tree-walk.c","line":186,"repo":1,"t_abs":0.226677,"t_rel":0.226677,"nesting":1,"category":"traverse_trees","key":"statistics","value":{"traverse_trees_count":1,"traverse_trees_max_depth":1}}
{"event":"atexit","sid":"20261006T103658.392769Z-Ha9d4ceab-P00007607","thread":"main","time":"2026-10-06T10:36:58.616406Z","file":"trace2/tr2_tgt_event.c","line":207,"t_abs":0.226689,"code":0}
{"event":"exit","sid":"20261006T103658.499379Z-Ha9d4ceab-P00007699","thread":"main","time":"2026-10-06T10:36:58.616755Z","file":"git.c","line":747,"t_abs":0.120270,"code":0}
{"event":"atexit","sid":"20261006T103658.499379Z-Ha9d4ceab-P00007699","thread":"main","time":"2026-10-06T10:36:58.616767Z","file":"trace2/tr2_tgt_event.c","line":207,"t_abs":0.120283,"code":0}
{"event":"data","sid":"20261006T103658.535710Z-Ha9d4ceab-P000076a3","thread":"main","time":"2026-10-06T10:36:58.622142Z","file":"dir.c","line":3058,"repo":1,"t_abs":0.093222,"t_rel":0.061562,"nesting":2,"category":"read_directory","key":"path","value":""}
{"event":"data","sid":"20261006T103658.535710Z-Ha9d4ceab-P000076a3","thread":"main","time":"2026-10-06T10:36:58.622154Z","file":"dir.c","line":3067,"repo":1,"t_abs":0.093234,"t_rel":0.061574,"nesting":2,"category":"read_directory","key":"directories-visited","value":"133"}
{"event":"data","sid":"20261006T103658.535710Z-Ha9d4ceab-P000076a3","thread":"main","time":"2026-10-06T10:36:58.622159Z","file":"dir.c","line":3069,"repo":1,"t_abs":0.093239,"t_rel":0.061579,"nesting":2,"category":"read_directory","key":"paths-visited","value":"522"}
{"event":"region_leave","sid":"20261006T103658.535710Z-Ha9d4ceab-P000076a3","thread":"main","time":"2026-10-06T10:36:58.622164Z","file":"dir.c","line":3113,"repo":1,"t_rel":0.061584,"nesting":1,"category":"dir","label":"read_directory"}
{"event":"exit","sid":"20261006T103658.535710Z-Ha9d4ceab-P000076a3","thread":"main","time":"2026-10-06T10:36:58.622171Z","file":"git.c","line":747,"t_abs":0.093252,"code":0}
{"event":"atexit","sid":"20261006T103658.535710Z-Ha9d4ceab-P000076a3","thread":"main","time":"2026-10-06T10:36:58.622176Z","file":"trace2/tr2_tgt_event.c","line":207,"t_abs":0.093257,"code":0}
{"event":"exit","sid":"20261006T103658.532559Z-Ha9d4ceab-P000076b7","thread":"main","time":"2026-10-06T10:36:58.627335Z","file":"git.c","line":747,"t_abs":0.097892,"code":0}
{"event":"data","sid":"20261006T103658.535003Z-Ha9d4ceab-P000076b2","thread":"main","time":"2026-10-06T10:36:58.627568Z","file":"dir.c","line":3058,"repo":1,"t_abs":0.100325,"t_rel":0.061387,"nesting":2,"category":"read_directory","key":"path","value":""}
{"event":"data","sid":"20261006T103658.541259Z-Ha9d4ceab-P000076c2","thread":"main","time":"2026-10-06T10:36:58.629904Z","file":"dir.c","line":3058,"repo":1,"t_abs":0.093296,"t_rel":0.062160,"nesting":2,"category":"read_directory","key":"path","value":""}
{"event":"data","sid":"20261006T103658.541259Z-Ha9d4ceab-P000076c2","thread":"main","time":"2026-10-06T10:36:58.630297Z","file":"dir.c","line":3067,"repo":1,"t_abs":0.093689,"t_rel":0.062553,"nesting":2,"category":"read_directory","key":"directories-visited","value":"133"}
{"event":"data","sid":"20261006T103658.541259Z-Ha9d4ceab-P000076c2","thread":"main","time":"2026-10-06T10:36:58.630310Z","file":"dir.c","line":3069,"repo":1,"t_abs":0.093704,"t_rel":0.062568,"nesting":2,"category":"read_directory","key":"paths-visited","value":"522"}
{"event":"region_leave","sid":"20261006T103658.541259Z-Ha9d4ceab-P000076c2","thread":"main","time":"2026-10-06T10:36:58.630320Z","file":"dir.c","line":3113,"repo":1,"t_rel":0.062577,"nesting":1,"category":"dir","label":"read_directory"}
{"event":"exit","sid":"20261006T103658.541259Z-Ha9d4ceab-P000076c2","thread":"main","time":"2026-10-06T10:36:58.630330Z","file":"git.c","line":747,"t_abs":0.093724,"code":0}
{"event":"atexit","sid":"20261006T103658.541259Z-Ha9d4ceab-P000076c2","thread":"main","time":"2026-10-06T10:36:58.630336Z","file":"trace2/tr2_tgt_event.c","line":207,"t_abs":0.093729,"code":0}
{"event":"atexit","sid":"20261006T103658.532559Z-Ha9d4ceab-P000076b7","thread":"main","time":"2026-10-06T10:36:58.630347Z","file":"trace2/tr2_tgt_event.c","line":207,"t_abs":0.100904,"code":0}
{"event":"data","sid":"20261006T103658.535003Z-Ha9d4ceab-P000076b2","thread":"main","time":"2026-10-06T10:36:58.630365Z","file":"dir.c","line":3067,"repo":1,"t_abs":0.103124,"t_rel":0.064186,"nesting":2,"category":"read_directory","key":"directories-visited","value":"133"}
{"event":"data","sid":"20261006T103658.535003Z-Ha9d4ceab-P000076b2","thread":"main","time":"2026-10-06T10:36:58.630402Z","file":"dir.c","line":3069,"repo":1,"t_abs":0.103161,"t_rel":0.064223,"nesting":2,"category":"read_directory","key":"paths-visited","value":"522"}
{"event":"region_leave","sid":"20261006T103658.535003Z-Ha9d4ceab-P000076b2","thread":"main","time":"2026-10-06T10:36:58.630409Z","file":"dir.c","line":3113,"repo":1,"t_rel":0.064230,"nesting":1,"category":"dir","label":"read_directory"}
{"event":"exit","sid":"20261006T103658.535003Z-Ha9d4ceab-P000076b2","thread":"main","time":"2026-10-06T10:36:58.630419Z","file":"git.c","line":747,"t_abs":0.103178,"code":0}
{"event":"atexit","sid":"20261006T103658.535003Z-Ha9d4ceab-P000076b2","thread":"main","time":"2026-10-06T10:36:58.630427Z","file":"trace2/tr2_tgt_event.c","line":207,"t_abs":0.103187,"code":0}
{"event":"exit","sid":"20261006T103658.522562Z-Ha9d4ceab-P000076a8","thread":"main","time":"2026-10-06T10:36:58.630584Z","file":"git.c","line":747,"t_abs":0.112947,"code":0}
{"event":"atexit","sid":"20261006T103658.522562Z-Ha9d4ceab-P000076a8","thread":"main","time":"2026-10-06T10:36:58.630598Z","file":"trace2/tr2_tgt_event.c","line":207,"t_abs":0.112962,"code":0}
{"event":"region_leave","sid":"20261006T103658.399056Z-Ha9d4ceab-P00007616","thread":"main","time":"2026-10-06T10:36:58.635919Z","file":"unpack-trees.c","line":2011,"repo":1,"t_rel":0.210146,"nesting":2,"category":"unpack_trees","label":"traverse_trees"}
{"event":"region_leave","sid":"20261006T103658.399056Z-Ha9d4ceab-P00007616","thread":"main","time":"2026-10-06T10:36:58.635943Z","file":"unpack-trees.c","line":2108,"repo":1,"t_rel":0.211597,"nesting":1,"category":"unpack_trees","label":"unpack_trees"}
{"event":"region_leave","sid":"20261006T103658.409691Z-Ha9d4ceab-P00007625","thread":"main","time":"2026-10-06T10:36:58.635960Z","file":"unpack-trees.c","line":2011,"repo":1,"t_rel":0.201843,"nesting":2,"category":"unpack_trees","label":"traverse_trees"}
{"event":"exit","sid":"20261006T103658.399056Z-Ha9d4ceab-P00007616","thread":"main","time":"2026-10-06T10:36:58.635963Z","file":"git.c","line":747,"t_abs":0.238634,"code":0}
{"event":"region_leave","sid":"20261006T103658.409691Z-Ha9d4ceab-P00007625","thread":"main","time":"2026-10-06T10:36:58.635979Z","file":"unpack-trees.c","line":2108,"repo":1,"t_rel":0.202684,"nesting":1,"category":"unpack_trees","label":"unpack_trees"}
{"event":"data_json","sid":"20261006T103658.399056Z-Ha9d4ceab-P00007616","thread":"main","time":"2026-10-06T10:36:58.635985Z","file":"tree-walk.c","line":186,"repo":1,"t_abs":0.238657,"t_rel":0.238657,"nesting":1,"category":"traverse_trees","key":"statistics","value":{"traverse_trees_count":1,"traverse_trees_max_depth":1}}
{"event":"atexit","sid":"20261006T103658.399056Z-Ha9d4ceab-P00007616","thread":"main","time":"2026-10-06T10:36:58.635997Z","file":"trace2/tr2_tgt_event.c","line":207,"t_abs":0.238668,"code":0}
{"event":"exit","sid":"20261006T103658.409691Z-Ha9d4ceab-P00007625","thread":"main","time":"2026-10-06T10:36:58.635999Z","file":"git.c","line":747,"t_abs":0.227170,"code":0}
{"event":"data_json","sid":"20261006T103658.409691Z-Ha9d4ceab-P00007625","thread":"main","time":"2026-10-06T10:36:58.636011Z","file":"tree-walk.c","line":186,"repo":1,"t_abs":0.227182,"t_rel":0.227182,"nesting":1,"category":"traverse_trees","key":"statistics","value":{"traverse_trees_count":1,"traverse_trees_max_depth":1}}
{"event":"atexit","sid":"20261006T103658.409691Z-Ha9d4ceab-P00007625","thread":"main","time":"2026-10-06T10:36:58.636017Z","file":"trace2/tr2_tgt_event.c","line":207,"t_abs":0.227188,"code":0}
{"event":"region_leave","sid":"20261006T103658.424314Z-Ha9d4ceab-P00007634","thread":"main","time":"2026-10-06T10:36:58.639169Z","file":"unpack-trees.c","line":2011,"repo":1,"t_rel":0.190652,"nesting":2,"category":"unpack_trees","label":"traverse_trees"}
{"event":"region_leave","sid":"20261006T103658.424314Z-Ha9d4ceab-P00007634","thread":"main","time":"2026-10-06T10:36:58.639183Z","file":"unpack-trees.c","line":2108,"repo":1,"t_rel":0.192607,"nesting":1,"category":"unpack_trees","label":"unpack_trees"}
{"event":"exit","sid":"20261006T103658.424314Z-Ha9d4ceab-P00007634","thread":"main","time":"2026-10-06T10:36:58.639196Z","file":"git.c","line":747,"t_abs":0.218138,"code":0}
{"event":"data_json","sid":"20261006T103658.424314Z-Ha9d4ceab-P00007634","thread":"main","time":"2026-10-06T10:36:58.639202Z","file":"tree-walk.c","line":186,"repo":1,"t_abs":0.218144,"t_rel":0.218144,"nesting":1,"category":"traverse_trees","key":"statistics","value":{"traverse_trees_count":1,"traverse_trees_max_depth":1}}
{"event":"atexit","sid":"20261006T103658.424314Z-Ha9d4ceab-P00007634","thread":"main","time":"2026-10-06T10:36:58.639208Z","file":"trace2/tr2_tgt_event.c","line":207,"t_abs":0.218150,"code":0}
{"event":"region_leave","sid":"20261006T103658.428418Z-Ha9d4ceab-P00007653","thread":"main","time":"2026-10-06T10:36:58.647459Z","file":"unpack-trees.c","line":2011,"repo":1,"t_rel":0.194508,"nesting":2,"category":"unpack_trees","label":"traverse_trees"}
{"event":"region_leave","sid":"20261006T103658.428418Z-Ha9d4ceab-P00007653","thread":"main","time":"2026-10-06T10:36:58.647483Z","file":"unpack-trees.c","line":2108,"repo":1,"t_rel":0.196004,"nesting":1,"category":"unpack_trees","label":"unpack_trees"}
{"event":"exit","sid":"20261006T103658.428418Z-Ha9d4ceab-P00007653","thread":"main","time":"2026-10-06T10:36:58.647502Z","file":"git.c","line":747,"t_abs":0.220567,"code":0}
{"event":"data_json","sid":"20261006T103658.428418Z-Ha9d4ceab-P00007653","thread":"main","time":"2026-10-06T10:36:58.647509Z","file":"tree-walk.c","line":186,"repo":1,"t_abs":0.220574,"t_rel":0.220574,"nesting":1,"category":"traverse_trees","key":"statistics","value":{"traverse_trees_count":1,"traverse_trees_max_depth":1}}
{"event":"atexit","sid":"20261006T103658.428418Z-Ha9d4ceab-P00007653","thread":"main","time":"2026-10-06T10:36:58.647514Z","file":"trace2/tr2_tgt_event.c","line":207,"t_abs":0.220580,"code":0}
{"event":"region_leave","sid":"20261006T103658.438936Z-Ha9d4ceab-P00007643","thread":"main","time":"2026-10-06T10:36:58.650509Z","file":"unpack-trees.c","line":2011,"repo":1,"t_rel":0.188289,"nesting":2,"category":"unpack_trees","label":"traverse_trees"}
{"event":"region_leave","sid":"20261006T103658.438936Z-Ha9d4ceab-P00007643","thread":"main","time":"2026-10-06T10:36:58.650528Z","file":"unpack-trees.c","line":2108,"repo":1,"t_rel":0.190956,"nesting":1,"category":"unpack_trees","label":"unpack_trees"}
{"event":"exit","sid":"20261006T103658.438936Z-Ha9d4ceab-P00007643","thread":"main","time":"2026-10-06T10:36:58.650543Z","file":"git.c","line":747,"t_abs":0.216119,"code":0}
{"event":"data_json","sid":"20261006T103658.438936Z-Ha9d4ceab-P00007643","thread":"main","time":"2026-10-06T10:36:58.650550Z","file":"tree-walk.c","line":186,"repo":1,"t_abs":0.216126,"t_rel":0.216126,"nesting":1,"category":"traverse_trees","key":"statistics","value":{"traverse_trees_count":1,"traverse_trees_max_depth":1}}
{"event":"atexit","sid":"20261006T103658.438936Z-Ha9d4ceab-P00007643","thread":"main","time":"2026-10-06T10:36:58.650556Z","file":"trace2/tr2_tgt_event.c","line":207,"t_abs":0.216132,"code":0}
{"event":"region_leave","sid":"20261006T103658.457609Z-Ha9d4ceab-P00007671","thread":"main","time":"2026-10-06T10:36:58.653373Z","file":"unpack-trees.c","line":2011,"repo":1,"t_rel":0.163712,"nesting":2,"category":"unpack_trees","label":"traverse_trees"}
{"event":"region_leave","sid":"20261006T103658.457609Z-Ha9d4ceab-P00007671","thread":"main","time":"2026-10-06T10:36:58.653438Z","file":"unpack-trees.c","line":2108,"repo":1,"t_rel":0.164921,"nesting":1,"category":"unpack_trees","label":"unpack_trees"}
{"event":"exit","sid":"20261006T103658.457609Z-Ha9d4ceab-P00007671","thread":"main","time":"2026-10-06T10:36:58.653506Z","file":"git.c","line":747,"t_abs":0.198590,"code":0}
{"event":"data_json","sid":"20261006T103658.457609Z-Ha9d4ceab-P00007671","thread":"main","time":"2026-10-06T10:36:58.653514Z","file":"tree-walk.c","line":186,"repo":1,"t_abs":0.198598,"t_rel":0.198598,"nesting":1,"category":"traverse_trees","key":"statistics","value":{"traverse_trees_count":1,"traverse_trees_max_depth":1}}
{"event":"atexit","sid":"20261006T103658.457609Z-Ha9d4ceab-P00007671","thread":"main","time":"2026-10-06T10:36:58.653520Z","file":"trace2/tr2_tgt_event.c","line":207,"t_abs":0.198605,"code":0}
{"event":"region_leave","sid":"20261006T103658.447497Z-Ha9d4ceab-P00007662","thread":"main","time":"2026-10-06T10:36:58.656131Z","file":"unpack-trees.c","line":2011,"repo":1,"t_rel":0.169650,"nesting":2,"category":"unpack_trees","label":"traverse_trees"}
{"event":"region_leave","sid":"20261006T103658.447497Z-Ha9d4ceab-P00007662","thread":"main","time":"2026-10-06T10:36:58.656150Z","file":"unpack-trees.c","line":2108,"repo":1,"t_rel":0.170611,"nesting":1,"category":"unpack_trees","label":"unpack_trees"}
{"event":"exit","sid":"20261006T103658.447497Z-Ha9d4ceab-P00007662","thread":"main","time":"2026-10-06T10:36:58.656165Z","file":"git.c","line":747,"t_abs":0.215451,"code":0}
{"event":"data_json","sid":"20261006T103658.447497Z-Ha9d4ceab-P00007662","thread":"main","time":"2026-10-06T10:36:58.656171Z","file":"tree-walk.c","line":186,"repo":1,"t_abs":0.215458,"t_rel":0.215458,"nesting":1,"category":"traverse_trees","key":"statistics","value":{"traverse_trees_count":1,"traverse_trees_max_depth":1}}
{"event":"atexit","sid":"20261006T103658.447497Z-Ha9d4ceab-P00007662","thread":"main","time":"2026-10-06T10:36:58.656177Z","file":"trace2/tr2_tgt_event.c","line":207,"t_abs":0.215464,"code":0}
{"event":"region_leave","sid":"20261006T103658.472375Z-Ha9d4ceab-P00007680","thread":"main","time":"2026-10-06T10:36:58.659576Z","file":"unpack-trees.c","line":2011,"repo":1,"t_rel":0.145955,"nesting":2,"category":"unpack_trees","label":"traverse_trees"}
{"event":"region_leave","sid":"20261006T103658.472375Z-Ha9d4ceab-P00007680","thread":"main","time":"2026-10-06T10:36:58.659607Z","file":"unpack-trees.c","line":2108,"repo":1,"t_rel":0.147206,"nesting":1,"category":"unpack_trees","label":"unpack_trees"}
{"event":"exit","sid":"20261006T103658.472375Z-Ha9d4ceab-P00007680","thread":"main","time":"2026-10-06T10:36:58.659625Z","file":"git.c","line":747,"t_abs":0.191018,"code":0}
{"event":"data_json","sid":"20261006T103658.472375Z-Ha9d4ceab-P00007680","thread":"main","time":"2026-10-06T10:36:58.659631Z","file":"tree-walk.c","line":186,"repo":1,"t_abs":0.191024,"t_rel":0.191024,"nesting":1,"category":"traverse_trees","key":"statistics","value":{"traverse_trees_count":1,"traverse_trees_max_depth":1}}
{"event":"atexit","sid":"20261006T103658.472375Z-Ha9d4ceab-P00007680","thread":"main","time":"2026-10-06T10:36:58.659637Z","file":"trace2/tr2_tgt_event.c","line":207,"t_abs":0.191030,"code":0}
{"event":"region_leave","sid":"20261006T103658.515612Z-Ha9d4ceab-P0000769e","thread":"main","time":"2026-10-06T10:36:58.660076Z","file":"unpack-trees.c","line":2011,"repo":1,"t_rel":0.096380,"nesting":2,"category":"unpack_trees","label":"traverse_trees"}
{"event":"region_leave","sid":"20261006T103658.515612Z-Ha9d4ceab-P0000769e","thread":"main","time":"2026-10-06T10:36:58.660090Z","file":"unpack-trees.c","line":2108,"repo":1,"t_rel":0.097724,"nesting":1,"category":"unpack_trees","label":"unpack_trees"}
{"event":"exit","sid":"20261006T103658.515612Z-Ha9d4ceab-P0000769e","thread":"main","time":"2026-10-06T10:36:58.660108Z","file":"git.c","line":747,"t_abs":0.147274,"code":0}
{"event":"data_json","sid":"20261006T103658.515612Z-Ha9d4ceab-P0000769e","thread":"main","time":"2026-10-06T10:36:58.660113Z","file":"tree-walk.c","line":186,"repo":1,"t_abs":0.147280,"t_rel":0.147280,"nesting":1,"category":"traverse_trees","key":"statistics","value":{"traverse_trees_count":1,"traverse_trees_max_depth":1}}
{"event":"atexit","sid":"20261006T103658.515612Z-Ha9d4ceab-P0000769e","thread":"main","time":"2026-10-06T10:36:58.660161Z","file":"trace2/tr2_tgt_event.c","line":207,"t_abs":0.147327,"code":0}
{"event":"region_leave","sid":"20261006T103658.536744Z-Ha9d4ceab-P000076bd","thread":"main","time":"2026-10-06T10:36:58.660862Z","file":"unpack-trees.c","line":2011,"repo":1,"t_rel":0.098553,"nesting":2,"category":"unpack_trees","label":"traverse_trees"}
{"event":"region_leave","sid":"20261006T103658.536744Z-Ha9d4ceab-P000076bd","thread":"main","time":"2026-10-06T10:36:58.660879Z","file":"unpack-trees.c","line":2108,"repo":1,"t_rel":0.099881,"nesting":1,"category":"unpack_trees","label":"unpack_trees"}
{"event":"exit","sid":"20261006T103658.536744Z-Ha9d4ceab-P000076bd","thread":"main","time":"2026-10-06T10:36:58.660894Z","file":"git.c","line":747,"t_abs":0.130611,"code":0}
{"event":"region_leave","sid":"20261006T103658.533337Z-Ha9d4ceab-P0000768f","thread":"main","time":"2026-10-06T10:36:58.660898Z","file":"unpack-trees.c","line":2011,"repo":1,"t_rel":0.097864,"nesting":2,"category":"unpack_trees","label":"traverse_trees"}
{"event":"data_json","sid":"20261006T103658.536744Z-Ha9d4ceab-P000076bd","thread":"main","time":"2026-10-06T10:36:58.660901Z","file":"tree-walk.c","line":186,"repo":1,"t_abs":0.130617,"t_rel":0.130617,"nesting":1,"category":"traverse_trees","key":"statistics","value":{"traverse_trees_count":1,"traverse_trees_max_depth":1}}
{"event":"region_leave","sid":"20261006T103658.533337Z-Ha9d4ceab-P0000768f","thread":"main","time":"2026-10-06T10:36:58.660912Z","file":"unpack-trees.c","line":2108,"repo":1,"t_rel":0.100089,"nesting":1,"category":"unpack_trees","label":"unpack_trees"}
{"event":"atexit","sid":"20261006T103658.536744Z-Ha9d4ceab-P000076bd","thread":"main","time":"2026-10-06T10:36:58.660917Z","file":"trace2/tr2_tgt_event.c","line":207,"t_abs":0.130633,"code":0}
{"event":"exit","sid":"20261006T103658.533337Z-Ha9d4ceab-P0000768f","thread":"main","time":"2026-10-06T10:36:58.660927Z","file":"git.c","line":747,"t_abs":0.138129,"code":0}
{"event":"data_json","sid":"20261006T103658.533337Z-Ha9d4ceab-P0000768f","thread":"main","time":"2026-10-06T10:36:58.660933Z","file":"tree-walk.c","line":186,"repo":1,"t_abs":0.138135,"t_rel":0.138135,"nesting":1,"category":"traverse_trees","key":"statistics","value":{"traverse_trees_count":1,"traverse_trees_max_depth":1}}
{"event":"atexit","sid":"20261006T103658.533337Z-Ha9d4ceab-P0000768f","thread":"main","time":"2026-10-06T10:36:58.660938Z","file":"trace2/tr2_tgt_event.c","line":207,"t_abs":0.138140,"code":0}
{"event":"region_leave","sid":"20261006T103658.540730Z-Ha9d4ceab-P000076ad","thread":"main","time":"2026-10-06T10:36:58.661738Z","file":"unpack-trees.c","line":2011,"repo":1,"t_rel":0.077975,"nesting":2,"category":"unpack_trees","label":"traverse_trees"}
{"event":"region_leave","sid":"20261006T103658.540730Z-Ha9d4ceab-P000076ad","thread":"main","time":"2026-10-06T10:36:58.661755Z","file":"unpack-trees.c","line":2108,"repo":1,"t_rel":0.079331,"nesting":1,"category":"unpack_trees","label":"unpack_trees"}
{"event":"exit","sid":"20261006T103658.540730Z-Ha9d4ceab-P000076ad","thread":"main","time":"2026-10-06T10:36:58.661771Z","file":"git.c","line":747,"t_abs":0.133211,"code":0}
{"event":"data_json","sid":"20261006T103658.540730Z-Ha9d4ceab-P000076ad","thread":"main","time":"2026-10-06T10:36:58.661781Z","file":"tree-walk.c","line":186,"repo":1,"t_abs":0.133222,"t_rel":0.133222,"nesting":1,"category":"traverse_trees","key":"statistics","value":{"traverse_trees_count":1,"traverse_trees_max_depth":1}}
{"event":"atexit","sid":"20261006T103658.540730Z-Ha9d4ceab-P000076ad","thread":"main","time":"2026-10-06T10:36:58.661787Z","file":"trace2/tr2_tgt_event.c","line":207,"t_abs":0.133227,"code":0}
{"event":"version","sid":"20261006T103658.687820Z-Ha9d4ceab-P000076c7","thread":"main","time":"2026-10-06T10:36:58.688453Z","file":"common-init.c","line":57,"evt":"4","exe":"2.50.1 (Apple Git-155)"}
{"event":"version","sid":"20261006T103658.688044Z-Ha9d4ceab-P000076cc","thread":"main","time":"2026-10-06T10:36:58.688478Z","file":"common-init.c","line":57,"evt":"4","exe":"2.50.1 (Apple Git-155)"}
{"event":"start","sid":"20261006T103658.688044Z-Ha9d4ceab-P000076cc","thread":"main","time":"2026-10-06T10:36:58.688603Z","file":"common-init.c","line":58,"t_abs":0.000892,"argv":["/Library/Developer/CommandLineTools/usr/bin/git","-C","/var/folders/f1/2xjyyqkn5plc19fx4nt4tpt00000gn/T/flow-dperf02-TxkS4x/worker","cat-file","-t","e0ef529332efc4ec97e5a135bd44fbeab0e3205c"]}
{"event":"start","sid":"20261006T103658.687820Z-Ha9d4ceab-P000076c7","thread":"main","time":"2026-10-06T10:36:58.688488Z","file":"common-init.c","line":58,"t_abs":0.001070,"argv":["/Library/Developer/CommandLineTools/usr/bin/git","-C","/var/folders/f1/2xjyyqkn5plc19fx4nt4tpt00000gn/T/flow-dperf02-TxkS4x/worker","cat-file","-t","e0ef529332efc4ec97e5a135bd44fbeab0e3205c"]}
{"event":"def_repo","sid":"20261006T103658.687820Z-Ha9d4ceab-P000076c7","thread":"main","time":"2026-10-06T10:36:58.689387Z","file":"repository.c","line":241,"repo":1,"worktree":"/private/var/folders/f1/2xjyyqkn5plc19fx4nt4tpt00000gn/T/flow-dperf02-TxkS4x/worker"}
{"event":"def_repo","sid":"20261006T103658.688044Z-Ha9d4ceab-P000076cc","thread":"main","time":"2026-10-06T10:36:58.689574Z","file":"repository.c","line":241,"repo":1,"worktree":"/private/var/folders/f1/2xjyyqkn5plc19fx4nt4tpt00000gn/T/flow-dperf02-TxkS4x/worker"}
{"event":"cmd_name","sid":"20261006T103658.687820Z-Ha9d4ceab-P000076c7","thread":"main","time":"2026-10-06T10:36:58.689906Z","file":"git.c","line":477,"name":"cat-file","hierarchy":"cat-file"}
{"event":"version","sid":"20261006T103658.689200Z-Ha9d4ceab-P000076d6","thread":"main","time":"2026-10-06T10:36:58.690025Z","file":"common-init.c","line":57,"evt":"4","exe":"2.50.1 (Apple Git-155)"}
{"event":"start","sid":"20261006T103658.689200Z-Ha9d4ceab-P000076d6","thread":"main","time":"2026-10-06T10:36:58.690040Z","file":"common-init.c","line":58,"t_abs":0.001506,"argv":["/Library/Developer/CommandLineTools/usr/bin/git","-C","/var/folders/f1/2xjyyqkn5plc19fx4nt4tpt00000gn/T/flow-dperf02-TxkS4x/worker","cat-file","-t","e0ef529332efc4ec97e5a135bd44fbeab0e3205c"]}
{"event":"cmd_name","sid":"20261006T103658.688044Z-Ha9d4ceab-P000076cc","thread":"main","time":"2026-10-06T10:36:58.690528Z","file":"git.c","line":477,"name":"cat-file","hierarchy":"cat-file"}
{"event":"def_repo","sid":"20261006T103658.689200Z-Ha9d4ceab-P000076d6","thread":"main","time":"2026-10-06T10:36:58.690534Z","file":"repository.c","line":241,"repo":1,"worktree":"/private/var/folders/f1/2xjyyqkn5plc19fx4nt4tpt00000gn/T/flow-dperf02-TxkS4x/worker"}
{"event":"version","sid":"20261006T103658.689533Z-Ha9d4ceab-P000076e0","thread":"main","time":"2026-10-06T10:36:58.690670Z","file":"common-init.c","line":57,"evt":"4","exe":"2.50.1 (Apple Git-155)"}
{"event":"start","sid":"20261006T103658.689533Z-Ha9d4ceab-P000076e0","thread":"main","time":"2026-10-06T10:36:58.690687Z","file":"common-init.c","line":58,"t_abs":0.001671,"argv":["/Library/Developer/CommandLineTools/usr/bin/git","-C","/var/folders/f1/2xjyyqkn5plc19fx4nt4tpt00000gn/T/flow-dperf02-TxkS4x/worker","cat-file","-t","e0ef529332efc4ec97e5a135bd44fbeab0e3205c"]}
{"event":"version","sid":"20261006T103658.689524Z-Ha9d4ceab-P000076d1","thread":"main","time":"2026-10-06T10:36:58.690896Z","file":"common-init.c","line":57,"evt":"4","exe":"2.50.1 (Apple Git-155)"}
{"event":"start","sid":"20261006T103658.689524Z-Ha9d4ceab-P000076d1","thread":"main","time":"2026-10-06T10:36:58.690912Z","file":"common-init.c","line":58,"t_abs":0.002501,"argv":["/Library/Developer/CommandLineTools/usr/bin/git","-C","/var/folders/f1/2xjyyqkn5plc19fx4nt4tpt00000gn/T/flow-dperf02-TxkS4x/worker","cat-file","-t","e0ef529332efc4ec97e5a135bd44fbeab0e3205c"]}
{"event":"cmd_name","sid":"20261006T103658.689200Z-Ha9d4ceab-P000076d6","thread":"main","time":"2026-10-06T10:36:58.691091Z","file":"git.c","line":477,"name":"cat-file","hierarchy":"cat-file"}
{"event":"version","sid":"20261006T103658.690270Z-Ha9d4ceab-P000076db","thread":"main","time":"2026-10-06T10:36:58.691170Z","file":"common-init.c","line":57,"evt":"4","exe":"2.50.1 (Apple Git-155)"}
{"event":"start","sid":"20261006T103658.690270Z-Ha9d4ceab-P000076db","thread":"main","time":"2026-10-06T10:36:58.691212Z","file":"common-init.c","line":58,"t_abs":0.001642,"argv":["/Library/Developer/CommandLineTools/usr/bin/git","-C","/var/folders/f1/2xjyyqkn5plc19fx4nt4tpt00000gn/T/flow-dperf02-TxkS4x/worker","cat-file","-t","e0ef529332efc4ec97e5a135bd44fbeab0e3205c"]}
{"event":"exit","sid":"20261006T103658.687820Z-Ha9d4ceab-P000076c7","thread":"main","time":"2026-10-06T10:36:58.691577Z","file":"git.c","line":747,"t_abs":0.004159,"code":0}
{"event":"atexit","sid":"20261006T103658.687820Z-Ha9d4ceab-P000076c7","thread":"main","time":"2026-10-06T10:36:58.691595Z","file":"trace2/tr2_tgt_event.c","line":207,"t_abs":0.004177,"code":0}
{"event":"def_repo","sid":"20261006T103658.689533Z-Ha9d4ceab-P000076e0","thread":"main","time":"2026-10-06T10:36:58.691642Z","file":"repository.c","line":241,"repo":1,"worktree":"/private/var/folders/f1/2xjyyqkn5plc19fx4nt4tpt00000gn/T/flow-dperf02-TxkS4x/worker"}
{"event":"def_repo","sid":"20261006T103658.689524Z-Ha9d4ceab-P000076d1","thread":"main","time":"2026-10-06T10:36:58.692064Z","file":"repository.c","line":241,"repo":1,"worktree":"/private/var/folders/f1/2xjyyqkn5plc19fx4nt4tpt00000gn/T/flow-dperf02-TxkS4x/worker"}
{"event":"exit","sid":"20261006T103658.688044Z-Ha9d4ceab-P000076cc","thread":"main","time":"2026-10-06T10:36:58.692232Z","file":"git.c","line":747,"t_abs":0.004522,"code":0}
{"event":"atexit","sid":"20261006T103658.688044Z-Ha9d4ceab-P000076cc","thread":"main","time":"2026-10-06T10:36:58.692249Z","file":"trace2/tr2_tgt_event.c","line":207,"t_abs":0.004539,"code":0}
{"event":"def_repo","sid":"20261006T103658.690270Z-Ha9d4ceab-P000076db","thread":"main","time":"2026-10-06T10:36:58.692471Z","file":"repository.c","line":241,"repo":1,"worktree":"/private/var/folders/f1/2xjyyqkn5plc19fx4nt4tpt00000gn/T/flow-dperf02-TxkS4x/worker"}
{"event":"version","sid":"20261006T103658.691572Z-Ha9d4ceab-P000076ea","thread":"main","time":"2026-10-06T10:36:58.692514Z","file":"common-init.c","line":57,"evt":"4","exe":"2.50.1 (Apple Git-155)"}
{"event":"start","sid":"20261006T103658.691572Z-Ha9d4ceab-P000076ea","thread":"main","time":"2026-10-06T10:36:58.692573Z","file":"common-init.c","line":58,"t_abs":0.001881,"argv":["/Library/Developer/CommandLineTools/usr/bin/git","-C","/var/folders/f1/2xjyyqkn5plc19fx4nt4tpt00000gn/T/flow-dperf02-TxkS4x/worker","cat-file","-t","e0ef529332efc4ec97e5a135bd44fbeab0e3205c"]}
{"event":"cmd_name","sid":"20261006T103658.689524Z-Ha9d4ceab-P000076d1","thread":"main","time":"2026-10-06T10:36:58.692718Z","file":"git.c","line":477,"name":"cat-file","hierarchy":"cat-file"}
{"event":"cmd_name","sid":"20261006T103658.689533Z-Ha9d4ceab-P000076e0","thread":"main","time":"2026-10-06T10:36:58.692859Z","file":"git.c","line":477,"name":"cat-file","hierarchy":"cat-file"}
{"event":"cmd_name","sid":"20261006T103658.690270Z-Ha9d4ceab-P000076db","thread":"main","time":"2026-10-06T10:36:58.693122Z","file":"git.c","line":477,"name":"cat-file","hierarchy":"cat-file"}
{"event":"exit","sid":"20261006T103658.689200Z-Ha9d4ceab-P000076d6","thread":"main","time":"2026-10-06T10:36:58.693156Z","file":"git.c","line":747,"t_abs":0.004622,"code":0}
{"event":"atexit","sid":"20261006T103658.689200Z-Ha9d4ceab-P000076d6","thread":"main","time":"2026-10-06T10:36:58.693164Z","file":"trace2/tr2_tgt_event.c","line":207,"t_abs":0.004631,"code":0}
{"event":"def_repo","sid":"20261006T103658.691572Z-Ha9d4ceab-P000076ea","thread":"main","time":"2026-10-06T10:36:58.693357Z","file":"repository.c","line":241,"repo":1,"worktree":"/private/var/folders/f1/2xjyyqkn5plc19fx4nt4tpt00000gn/T/flow-dperf02-TxkS4x/worker"}
{"event":"cmd_name","sid":"20261006T103658.691572Z-Ha9d4ceab-P000076ea","thread":"main","time":"2026-10-06T10:36:58.693826Z","file":"git.c","line":477,"name":"cat-file","hierarchy":"cat-file"}
{"event":"version","sid":"20261006T103658.692248Z-Ha9d4ceab-P000076e5","thread":"main","time":"2026-10-06T10:36:58.693971Z","file":"common-init.c","line":57,"evt":"4","exe":"2.50.1 (Apple Git-155)"}
{"event":"start","sid":"20261006T103658.692248Z-Ha9d4ceab-P000076e5","thread":"main","time":"2026-10-06T10:36:58.694073Z","file":"common-init.c","line":58,"t_abs":0.002790,"argv":["/Library/Developer/CommandLineTools/usr/bin/git","-C","/var/folders/f1/2xjyyqkn5plc19fx4nt4tpt00000gn/T/flow-dperf02-TxkS4x/worker","cat-file","-t","e0ef529332efc4ec97e5a135bd44fbeab0e3205c"]}
{"event":"exit","sid":"20261006T103658.689524Z-Ha9d4ceab-P000076d1","thread":"main","time":"2026-10-06T10:36:58.694236Z","file":"git.c","line":747,"t_abs":0.005825,"code":0}
{"event":"atexit","sid":"20261006T103658.689524Z-Ha9d4ceab-P000076d1","thread":"main","time":"2026-10-06T10:36:58.694246Z","file":"trace2/tr2_tgt_event.c","line":207,"t_abs":0.005835,"code":0}
{"event":"exit","sid":"20261006T103658.689533Z-Ha9d4ceab-P000076e0","thread":"main","time":"2026-10-06T10:36:58.694378Z","file":"git.c","line":747,"t_abs":0.005361,"code":0}
{"event":"atexit","sid":"20261006T103658.689533Z-Ha9d4ceab-P000076e0","thread":"main","time":"2026-10-06T10:36:58.694391Z","file":"trace2/tr2_tgt_event.c","line":207,"t_abs":0.005376,"code":0}
{"event":"exit","sid":"20261006T103658.690270Z-Ha9d4ceab-P000076db","thread":"main","time":"2026-10-06T10:36:58.694460Z","file":"git.c","line":747,"t_abs":0.004890,"code":0}
{"event":"atexit","sid":"20261006T103658.690270Z-Ha9d4ceab-P000076db","thread":"main","time":"2026-10-06T10:36:58.694469Z","file":"trace2/tr2_tgt_event.c","line":207,"t_abs":0.004899,"code":0}
{"event":"def_repo","sid":"20261006T103658.692248Z-Ha9d4ceab-P000076e5","thread":"main","time":"2026-10-06T10:36:58.694544Z","file":"repository.c","line":241,"repo":1,"worktree":"/private/var/folders/f1/2xjyyqkn5plc19fx4nt4tpt00000gn/T/flow-dperf02-TxkS4x/worker"}
{"event":"version","sid":"20261006T103658.693914Z-Ha9d4ceab-P000076ef","thread":"main","time":"2026-10-06T10:36:58.694545Z","file":"common-init.c","line":57,"evt":"4","exe":"2.50.1 (Apple Git-155)"}
{"event":"start","sid":"20261006T103658.693914Z-Ha9d4ceab-P000076ef","thread":"main","time":"2026-10-06T10:36:58.694566Z","file":"common-init.c","line":58,"t_abs":0.001217,"argv":["/Library/Developer/CommandLineTools/usr/bin/git","-C","/var/folders/f1/2xjyyqkn5plc19fx4nt4tpt00000gn/T/flow-dperf02-TxkS4x/worker","cat-file","-t","e0ef529332efc4ec97e5a135bd44fbeab0e3205c"]}
{"event":"exit","sid":"20261006T103658.691572Z-Ha9d4ceab-P000076ea","thread":"main","time":"2026-10-06T10:36:58.694836Z","file":"git.c","line":747,"t_abs":0.004145,"code":0}
{"event":"atexit","sid":"20261006T103658.691572Z-Ha9d4ceab-P000076ea","thread":"main","time":"2026-10-06T10:36:58.694845Z","file":"trace2/tr2_tgt_event.c","line":207,"t_abs":0.004154,"code":0}
{"event":"cmd_name","sid":"20261006T103658.692248Z-Ha9d4ceab-P000076e5","thread":"main","time":"2026-10-06T10:36:58.694917Z","file":"git.c","line":477,"name":"cat-file","hierarchy":"cat-file"}
{"event":"def_repo","sid":"20261006T103658.693914Z-Ha9d4ceab-P000076ef","thread":"main","time":"2026-10-06T10:36:58.695049Z","file":"repository.c","line":241,"repo":1,"worktree":"/private/var/folders/f1/2xjyyqkn5plc19fx4nt4tpt00000gn/T/flow-dperf02-TxkS4x/worker"}
{"event":"cmd_name","sid":"20261006T103658.693914Z-Ha9d4ceab-P000076ef","thread":"main","time":"2026-10-06T10:36:58.695441Z","file":"git.c","line":477,"name":"cat-file","hierarchy":"cat-file"}
{"event":"exit","sid":"20261006T103658.692248Z-Ha9d4ceab-P000076e5","thread":"main","time":"2026-10-06T10:36:58.695943Z","file":"git.c","line":747,"t_abs":0.004660,"code":0}
{"event":"atexit","sid":"20261006T103658.692248Z-Ha9d4ceab-P000076e5","thread":"main","time":"2026-10-06T10:36:58.695957Z","file":"trace2/tr2_tgt_event.c","line":207,"t_abs":0.004674,"code":0}
{"event":"exit","sid":"20261006T103658.693914Z-Ha9d4ceab-P000076ef","thread":"main","time":"2026-10-06T10:36:58.696270Z","file":"git.c","line":747,"t_abs":0.002921,"code":0}
{"event":"atexit","sid":"20261006T103658.693914Z-Ha9d4ceab-P000076ef","thread":"main","time":"2026-10-06T10:36:58.696282Z","file":"trace2/tr2_tgt_event.c","line":207,"t_abs":0.002933,"code":0}
{"event":"version","sid":"20261006T103658.696280Z-Ha9d4ceab-P000076f4","thread":"main","time":"2026-10-06T10:36:58.696752Z","file":"common-init.c","line":57,"evt":"4","exe":"2.50.1 (Apple Git-155)"}
{"event":"start","sid":"20261006T103658.696280Z-Ha9d4ceab-P000076f4","thread":"main","time":"2026-10-06T10:36:58.696768Z","file":"common-init.c","line":58,"t_abs":0.000809,"argv":["/Library/Developer/CommandLineTools/usr/bin/git","-C","/var/folders/f1/2xjyyqkn5plc19fx4nt4tpt00000gn/T/flow-dperf02-TxkS4x/worker","cat-file","-t","e0ef529332efc4ec97e5a135bd44fbeab0e3205c"]}
{"event":"def_repo","sid":"20261006T103658.696280Z-Ha9d4ceab-P000076f4","thread":"main","time":"2026-10-06T10:36:58.697084Z","file":"repository.c","line":241,"repo":1,"worktree":"/private/var/folders/f1/2xjyyqkn5plc19fx4nt4tpt00000gn/T/flow-dperf02-TxkS4x/worker"}
{"event":"cmd_name","sid":"20261006T103658.696280Z-Ha9d4ceab-P000076f4","thread":"main","time":"2026-10-06T10:36:58.697276Z","file":"git.c","line":477,"name":"cat-file","hierarchy":"cat-file"}
{"event":"version","sid":"20261006T103658.697788Z-Ha9d4ceab-P00007708","thread":"main","time":"2026-10-06T10:36:58.698210Z","file":"common-init.c","line":57,"evt":"4","exe":"2.50.1 (Apple Git-155)"}
{"event":"start","sid":"20261006T103658.697788Z-Ha9d4ceab-P00007708","thread":"main","time":"2026-10-06T10:36:58.698226Z","file":"common-init.c","line":58,"t_abs":0.000909,"argv":["/Library/Developer/CommandLineTools/usr/bin/git","-C","/var/folders/f1/2xjyyqkn5plc19fx4nt4tpt00000gn/T/flow-dperf02-TxkS4x/worker","cat-file","-t","e0ef529332efc4ec97e5a135bd44fbeab0e3205c"]}
{"event":"version","sid":"20261006T103658.697901Z-Ha9d4ceab-P00007703","thread":"main","time":"2026-10-06T10:36:58.698312Z","file":"common-init.c","line":57,"evt":"4","exe":"2.50.1 (Apple Git-155)"}
{"event":"start","sid":"20261006T103658.697901Z-Ha9d4ceab-P00007703","thread":"main","time":"2026-10-06T10:36:58.698358Z","file":"common-init.c","line":58,"t_abs":0.001009,"argv":["/Library/Developer/CommandLineTools/usr/bin/git","-C","/var/folders/f1/2xjyyqkn5plc19fx4nt4tpt00000gn/T/flow-dperf02-TxkS4x/worker","cat-file","-t","e0ef529332efc4ec97e5a135bd44fbeab0e3205c"]}
{"event":"exit","sid":"20261006T103658.696280Z-Ha9d4ceab-P000076f4","thread":"main","time":"2026-10-06T10:36:58.698419Z","file":"git.c","line":747,"t_abs":0.002460,"code":0}
{"event":"atexit","sid":"20261006T103658.696280Z-Ha9d4ceab-P000076f4","thread":"main","time":"2026-10-06T10:36:58.698432Z","file":"trace2/tr2_tgt_event.c","line":207,"t_abs":0.002473,"code":0}
{"event":"def_repo","sid":"20261006T103658.697788Z-Ha9d4ceab-P00007708","thread":"main","time":"2026-10-06T10:36:58.698542Z","file":"repository.c","line":241,"repo":1,"worktree":"/private/var/folders/f1/2xjyyqkn5plc19fx4nt4tpt00000gn/T/flow-dperf02-TxkS4x/worker"}
{"event":"version","sid":"20261006T103658.698167Z-Ha9d4ceab-P000076fe","thread":"main","time":"2026-10-06T10:36:58.698754Z","file":"common-init.c","line":57,"evt":"4","exe":"2.50.1 (Apple Git-155)"}
{"event":"start","sid":"20261006T103658.698167Z-Ha9d4ceab-P000076fe","thread":"main","time":"2026-10-06T10:36:58.698766Z","file":"common-init.c","line":58,"t_abs":0.001075,"argv":["/Library/Developer/CommandLineTools/usr/bin/git","-C","/var/folders/f1/2xjyyqkn5plc19fx4nt4tpt00000gn/T/flow-dperf02-TxkS4x/worker","cat-file","-t","e0ef529332efc4ec97e5a135bd44fbeab0e3205c"]}
{"event":"cmd_name","sid":"20261006T103658.697788Z-Ha9d4ceab-P00007708","thread":"main","time":"2026-10-06T10:36:58.698810Z","file":"git.c","line":477,"name":"cat-file","hierarchy":"cat-file"}
{"event":"version","sid":"20261006T103658.698022Z-Ha9d4ceab-P000076f9","thread":"main","time":"2026-10-06T10:36:58.698819Z","file":"common-init.c","line":57,"evt":"4","exe":"2.50.1 (Apple Git-155)"}
{"event":"start","sid":"20261006T103658.698022Z-Ha9d4ceab-P000076f9","thread":"main","time":"2026-10-06T10:36:58.698845Z","file":"common-init.c","line":58,"t_abs":0.001511,"argv":["/Library/Developer/CommandLineTools/usr/bin/git","-C","/var/folders/f1/2xjyyqkn5plc19fx4nt4tpt00000gn/T/flow-dperf02-TxkS4x/worker","cat-file","-t","e0ef529332efc4ec97e5a135bd44fbeab0e3205c"]}
{"event":"def_repo","sid":"20261006T103658.697901Z-Ha9d4ceab-P00007703","thread":"main","time":"2026-10-06T10:36:58.699285Z","file":"repository.c","line":241,"repo":1,"worktree":"/private/var/folders/f1/2xjyyqkn5plc19fx4nt4tpt00000gn/T/flow-dperf02-TxkS4x/worker"}
{"event":"version","sid":"20261006T103658.698571Z-Ha9d4ceab-P0000770d","thread":"main","time":"2026-10-06T10:36:58.699302Z","file":"common-init.c","line":57,"evt":"4","exe":"2.50.1 (Apple Git-155)"}
{"event":"def_repo","sid":"20261006T103658.698167Z-Ha9d4ceab-P000076fe","thread":"main","time":"2026-10-06T10:36:58.699322Z","file":"repository.c","line":241,"repo":1,"worktree":"/private/var/folders/f1/2xjyyqkn5plc19fx4nt4tpt00000gn/T/flow-dperf02-TxkS4x/worker"}
{"event":"start","sid":"20261006T103658.698571Z-Ha9d4ceab-P0000770d","thread":"main","time":"2026-10-06T10:36:58.699339Z","file":"common-init.c","line":58,"t_abs":0.001113,"argv":["/Library/Developer/CommandLineTools/usr/bin/git","-C","/var/folders/f1/2xjyyqkn5plc19fx4nt4tpt00000gn/T/flow-dperf02-TxkS4x/worker","cat-file","-t","e0ef529332efc4ec97e5a135bd44fbeab0e3205c"]}
{"event":"def_repo","sid":"20261006T103658.698022Z-Ha9d4ceab-P000076f9","thread":"main","time":"2026-10-06T10:36:58.699711Z","file":"repository.c","line":241,"repo":1,"worktree":"/private/var/folders/f1/2xjyyqkn5plc19fx4nt4tpt00000gn/T/flow-dperf02-TxkS4x/worker"}
{"event":"cmd_name","sid":"20261006T103658.697901Z-Ha9d4ceab-P00007703","thread":"main","time":"2026-10-06T10:36:58.699864Z","file":"git.c","line":477,"name":"cat-file","hierarchy":"cat-file"}
{"event":"cmd_name","sid":"20261006T103658.698167Z-Ha9d4ceab-P000076fe","thread":"main","time":"2026-10-06T10:36:58.700117Z","file":"git.c","line":477,"name":"cat-file","hierarchy":"cat-file"}
{"event":"def_repo","sid":"20261006T103658.698571Z-Ha9d4ceab-P0000770d","thread":"main","time":"2026-10-06T10:36:58.700157Z","file":"repository.c","line":241,"repo":1,"worktree":"/private/var/folders/f1/2xjyyqkn5plc19fx4nt4tpt00000gn/T/flow-dperf02-TxkS4x/worker"}
{"event":"cmd_name","sid":"20261006T103658.698022Z-Ha9d4ceab-P000076f9","thread":"main","time":"2026-10-06T10:36:58.700162Z","file":"git.c","line":477,"name":"cat-file","hierarchy":"cat-file"}
{"event":"version","sid":"20261006T103658.699731Z-Ha9d4ceab-P00007712","thread":"main","time":"2026-10-06T10:36:58.700305Z","file":"common-init.c","line":57,"evt":"4","exe":"2.50.1 (Apple Git-155)"}
{"event":"exit","sid":"20261006T103658.697788Z-Ha9d4ceab-P00007708","thread":"main","time":"2026-10-06T10:36:58.700340Z","file":"git.c","line":747,"t_abs":0.003023,"code":0}
{"event":"start","sid":"20261006T103658.699731Z-Ha9d4ceab-P00007712","thread":"main","time":"2026-10-06T10:36:58.700353Z","file":"common-init.c","line":58,"t_abs":0.001229,"argv":["/Library/Developer/CommandLineTools/usr/bin/git","-C","/var/folders/f1/2xjyyqkn5plc19fx4nt4tpt00000gn/T/flow-dperf02-TxkS4x/worker","cat-file","-t","e0ef529332efc4ec97e5a135bd44fbeab0e3205c"]}
{"event":"atexit","sid":"20261006T103658.697788Z-Ha9d4ceab-P00007708","thread":"main","time":"2026-10-06T10:36:58.700361Z","file":"trace2/tr2_tgt_event.c","line":207,"t_abs":0.003044,"code":0}
{"event":"cmd_name","sid":"20261006T103658.698571Z-Ha9d4ceab-P0000770d","thread":"main","time":"2026-10-06T10:36:58.700562Z","file":"git.c","line":477,"name":"cat-file","hierarchy":"cat-file"}
{"event":"exit","sid":"20261006T103658.697901Z-Ha9d4ceab-P00007703","thread":"main","time":"2026-10-06T10:36:58.700942Z","file":"git.c","line":747,"t_abs":0.003594,"code":0}
{"event":"atexit","sid":"20261006T103658.697901Z-Ha9d4ceab-P00007703","thread":"main","time":"2026-10-06T10:36:58.700951Z","file":"trace2/tr2_tgt_event.c","line":207,"t_abs":0.003602,"code":0}
{"event":"def_repo","sid":"20261006T103658.699731Z-Ha9d4ceab-P00007712","thread":"main","time":"2026-10-06T10:36:58.701024Z","file":"repository.c","line":241,"repo":1,"worktree":"/private/var/folders/f1/2xjyyqkn5plc19fx4nt4tpt00000gn/T/flow-dperf02-TxkS4x/worker"}
{"event":"exit","sid":"20261006T103658.698022Z-Ha9d4ceab-P000076f9","thread":"main","time":"2026-10-06T10:36:58.701328Z","file":"git.c","line":747,"t_abs":0.003994,"code":0}
{"event":"atexit","sid":"20261006T103658.698022Z-Ha9d4ceab-P000076f9","thread":"main","time":"2026-10-06T10:36:58.701375Z","file":"trace2/tr2_tgt_event.c","line":207,"t_abs":0.004042,"code":0}
{"event":"exit","sid":"20261006T103658.698167Z-Ha9d4ceab-P000076fe","thread":"main","time":"2026-10-06T10:36:58.701340Z","file":"git.c","line":747,"t_abs":0.003648,"code":0}
{"event":"atexit","sid":"20261006T103658.698167Z-Ha9d4ceab-P000076fe","thread":"main","time":"2026-10-06T10:36:58.701399Z","file":"trace2/tr2_tgt_event.c","line":207,"t_abs":0.003705,"code":0}
{"event":"cmd_name","sid":"20261006T103658.699731Z-Ha9d4ceab-P00007712","thread":"main","time":"2026-10-06T10:36:58.701472Z","file":"git.c","line":477,"name":"cat-file","hierarchy":"cat-file"}
{"event":"exit","sid":"20261006T103658.698571Z-Ha9d4ceab-P0000770d","thread":"main","time":"2026-10-06T10:36:58.701612Z","file":"git.c","line":747,"t_abs":0.003387,"code":0}
{"event":"atexit","sid":"20261006T103658.698571Z-Ha9d4ceab-P0000770d","thread":"main","time":"2026-10-06T10:36:58.701626Z","file":"trace2/tr2_tgt_event.c","line":207,"t_abs":0.003399,"code":0}
{"event":"exit","sid":"20261006T103658.699731Z-Ha9d4ceab-P00007712","thread":"main","time":"2026-10-06T10:36:58.702380Z","file":"git.c","line":747,"t_abs":0.003256,"code":0}
{"event":"atexit","sid":"20261006T103658.699731Z-Ha9d4ceab-P00007712","thread":"main","time":"2026-10-06T10:36:58.702393Z","file":"trace2/tr2_tgt_event.c","line":207,"t_abs":0.003269,"code":0}
{"event":"version","sid":"20261006T103658.711570Z-Ha9d4ceab-P00007717","thread":"main","time":"2026-10-06T10:36:58.712043Z","file":"common-init.c","line":57,"evt":"4","exe":"2.50.1 (Apple Git-155)"}
{"event":"start","sid":"20261006T103658.711570Z-Ha9d4ceab-P00007717","thread":"main","time":"2026-10-06T10:36:58.712096Z","file":"common-init.c","line":58,"t_abs":0.000881,"argv":["/Library/Developer/CommandLineTools/usr/bin/git","-C","/var/folders/f1/2xjyyqkn5plc19fx4nt4tpt00000gn/T/flow-dperf02-TxkS4x/worker","ls-tree","-r","-z","--full-tree","e0ef529332efc4ec97e5a135bd44fbeab0e3205c","--",":(literal)src/shared",":(literal)src/shared/a.txt",":(literal)src/second",":(literal)src/third.txt",":(literal)src/fourth.txt"]}
{"event":"def_repo","sid":"20261006T103658.711570Z-Ha9d4ceab-P00007717","thread":"main","time":"2026-10-06T10:36:58.712743Z","file":"repository.c","line":241,"repo":1,"worktree":"/private/var/folders/f1/2xjyyqkn5plc19fx4nt4tpt00000gn/T/flow-dperf02-TxkS4x/worker"}
{"event":"cmd_name","sid":"20261006T103658.711570Z-Ha9d4ceab-P00007717","thread":"main","time":"2026-10-06T10:36:58.713118Z","file":"git.c","line":477,"name":"ls-tree","hierarchy":"ls-tree"}
{"event":"version","sid":"20261006T103658.712968Z-Ha9d4ceab-P0000771c","thread":"main","time":"2026-10-06T10:36:58.713766Z","file":"common-init.c","line":57,"evt":"4","exe":"2.50.1 (Apple Git-155)"}
{"event":"start","sid":"20261006T103658.712968Z-Ha9d4ceab-P0000771c","thread":"main","time":"2026-10-06T10:36:58.713782Z","file":"common-init.c","line":58,"t_abs":0.001663,"argv":["/Library/Developer/CommandLineTools/usr/bin/git","-C","/var/folders/f1/2xjyyqkn5plc19fx4nt4tpt00000gn/T/flow-dperf02-TxkS4x/worker","ls-tree","-r","-z","--full-tree","e0ef529332efc4ec97e5a135bd44fbeab0e3205c","--",":(literal)src/shared",":(literal)src/shared/a.txt",":(literal)src/second",":(literal)src/third.txt",":(literal)src/fourth.txt"]}
{"event":"def_repo","sid":"20261006T103658.712968Z-Ha9d4ceab-P0000771c","thread":"main","time":"2026-10-06T10:36:58.714358Z","file":"repository.c","line":241,"repo":1,"worktree":"/private/var/folders/f1/2xjyyqkn5plc19fx4nt4tpt00000gn/T/flow-dperf02-TxkS4x/worker"}
{"event":"exit","sid":"20261006T103658.711570Z-Ha9d4ceab-P00007717","thread":"main","time":"2026-10-06T10:36:58.714671Z","file":"git.c","line":747,"t_abs":0.003456,"code":0}
{"event":"atexit","sid":"20261006T103658.711570Z-Ha9d4ceab-P00007717","thread":"main","time":"2026-10-06T10:36:58.714682Z","file":"trace2/tr2_tgt_event.c","line":207,"t_abs":0.003468,"code":0}
{"event":"cmd_name","sid":"20261006T103658.712968Z-Ha9d4ceab-P0000771c","thread":"main","time":"2026-10-06T10:36:58.715145Z","file":"git.c","line":477,"name":"ls-tree","hierarchy":"ls-tree"}
{"event":"exit","sid":"20261006T103658.712968Z-Ha9d4ceab-P0000771c","thread":"main","time":"2026-10-06T10:36:58.716649Z","file":"git.c","line":747,"t_abs":0.004530,"code":0}
{"event":"atexit","sid":"20261006T103658.712968Z-Ha9d4ceab-P0000771c","thread":"main","time":"2026-10-06T10:36:58.716665Z","file":"trace2/tr2_tgt_event.c","line":207,"t_abs":0.004546,"code":0}
{"event":"version","sid":"20261006T103658.716424Z-Ha9d4ceab-P00007721","thread":"main","time":"2026-10-06T10:36:58.716783Z","file":"common-init.c","line":57,"evt":"4","exe":"2.50.1 (Apple Git-155)"}
{"event":"start","sid":"20261006T103658.716424Z-Ha9d4ceab-P00007721","thread":"main","time":"2026-10-06T10:36:58.716801Z","file":"common-init.c","line":58,"t_abs":0.000833,"argv":["/Library/Developer/CommandLineTools/usr/bin/git","-C","/var/folders/f1/2xjyyqkn5plc19fx4nt4tpt00000gn/T/flow-dperf02-TxkS4x/worker","ls-tree","-r","-z","--full-tree","e0ef529332efc4ec97e5a135bd44fbeab0e3205c","--",":(literal)src/shared",":(literal)src/shared/a.txt",":(literal)src/second",":(literal)src/third.txt",":(literal)src/fourth.txt"]}
{"event":"def_repo","sid":"20261006T103658.716424Z-Ha9d4ceab-P00007721","thread":"main","time":"2026-10-06T10:36:58.717209Z","file":"repository.c","line":241,"repo":1,"worktree":"/private/var/folders/f1/2xjyyqkn5plc19fx4nt4tpt00000gn/T/flow-dperf02-TxkS4x/worker"}
{"event":"cmd_name","sid":"20261006T103658.716424Z-Ha9d4ceab-P00007721","thread":"main","time":"2026-10-06T10:36:58.717627Z","file":"git.c","line":477,"name":"ls-tree","hierarchy":"ls-tree"}
{"event":"version","sid":"20261006T103658.717417Z-Ha9d4ceab-P00007726","thread":"main","time":"2026-10-06T10:36:58.718065Z","file":"common-init.c","line":57,"evt":"4","exe":"2.50.1 (Apple Git-155)"}
{"event":"start","sid":"20261006T103658.717417Z-Ha9d4ceab-P00007726","thread":"main","time":"2026-10-06T10:36:58.718110Z","file":"common-init.c","line":58,"t_abs":0.001076,"argv":["/Library/Developer/CommandLineTools/usr/bin/git","-C","/var/folders/f1/2xjyyqkn5plc19fx4nt4tpt00000gn/T/flow-dperf02-TxkS4x/worker","ls-tree","-r","-z","--full-tree","e0ef529332efc4ec97e5a135bd44fbeab0e3205c","--",":(literal)src/shared",":(literal)src/shared/a.txt",":(literal)src/second",":(literal)src/third.txt",":(literal)src/fourth.txt"]}
{"event":"exit","sid":"20261006T103658.716424Z-Ha9d4ceab-P00007721","thread":"main","time":"2026-10-06T10:36:58.718931Z","file":"git.c","line":747,"t_abs":0.002963,"code":0}
{"event":"atexit","sid":"20261006T103658.716424Z-Ha9d4ceab-P00007721","thread":"main","time":"2026-10-06T10:36:58.718947Z","file":"trace2/tr2_tgt_event.c","line":207,"t_abs":0.002979,"code":0}
{"event":"def_repo","sid":"20261006T103658.717417Z-Ha9d4ceab-P00007726","thread":"main","time":"2026-10-06T10:36:58.719271Z","file":"repository.c","line":241,"repo":1,"worktree":"/private/var/folders/f1/2xjyyqkn5plc19fx4nt4tpt00000gn/T/flow-dperf02-TxkS4x/worker"}
{"event":"cmd_name","sid":"20261006T103658.717417Z-Ha9d4ceab-P00007726","thread":"main","time":"2026-10-06T10:36:58.719547Z","file":"git.c","line":477,"name":"ls-tree","hierarchy":"ls-tree"}
{"event":"exit","sid":"20261006T103658.717417Z-Ha9d4ceab-P00007726","thread":"main","time":"2026-10-06T10:36:58.720884Z","file":"git.c","line":747,"t_abs":0.003850,"code":0}
{"event":"atexit","sid":"20261006T103658.717417Z-Ha9d4ceab-P00007726","thread":"main","time":"2026-10-06T10:36:58.720900Z","file":"trace2/tr2_tgt_event.c","line":207,"t_abs":0.003866,"code":0}
{"event":"version","sid":"20261006T103658.720864Z-Ha9d4ceab-P0000772b","thread":"main","time":"2026-10-06T10:36:58.721382Z","file":"common-init.c","line":57,"evt":"4","exe":"2.50.1 (Apple Git-155)"}
{"event":"start","sid":"20261006T103658.720864Z-Ha9d4ceab-P0000772b","thread":"main","time":"2026-10-06T10:36:58.721395Z","file":"common-init.c","line":58,"t_abs":0.000953,"argv":["/Library/Developer/CommandLineTools/usr/bin/git","-C","/var/folders/f1/2xjyyqkn5plc19fx4nt4tpt00000gn/T/flow-dperf02-TxkS4x/worker","ls-tree","-r","-z","--full-tree","e0ef529332efc4ec97e5a135bd44fbeab0e3205c","--",":(literal)src/shared",":(literal)src/shared/a.txt",":(literal)src/second",":(literal)src/third.txt",":(literal)src/fourth.txt"]}
{"event":"def_repo","sid":"20261006T103658.720864Z-Ha9d4ceab-P0000772b","thread":"main","time":"2026-10-06T10:36:58.721781Z","file":"repository.c","line":241,"repo":1,"worktree":"/private/var/folders/f1/2xjyyqkn5plc19fx4nt4tpt00000gn/T/flow-dperf02-TxkS4x/worker"}
{"event":"cmd_name","sid":"20261006T103658.720864Z-Ha9d4ceab-P0000772b","thread":"main","time":"2026-10-06T10:36:58.722034Z","file":"git.c","line":477,"name":"ls-tree","hierarchy":"ls-tree"}
{"event":"version","sid":"20261006T103658.721496Z-Ha9d4ceab-P00007730","thread":"main","time":"2026-10-06T10:36:58.722079Z","file":"common-init.c","line":57,"evt":"4","exe":"2.50.1 (Apple Git-155)"}
{"event":"start","sid":"20261006T103658.721496Z-Ha9d4ceab-P00007730","thread":"main","time":"2026-10-06T10:36:58.722129Z","file":"common-init.c","line":58,"t_abs":0.000943,"argv":["/Library/Developer/CommandLineTools/usr/bin/git","-C","/var/folders/f1/2xjyyqkn5plc19fx4nt4tpt00000gn/T/flow-dperf02-TxkS4x/worker","ls-tree","-r","-z","--full-tree","e0ef529332efc4ec97e5a135bd44fbeab0e3205c","--",":(literal)src/shared",":(literal)src/shared/a.txt",":(literal)src/second",":(literal)src/third.txt",":(literal)src/fourth.txt"]}
{"event":"def_repo","sid":"20261006T103658.721496Z-Ha9d4ceab-P00007730","thread":"main","time":"2026-10-06T10:36:58.722645Z","file":"repository.c","line":241,"repo":1,"worktree":"/private/var/folders/f1/2xjyyqkn5plc19fx4nt4tpt00000gn/T/flow-dperf02-TxkS4x/worker"}
{"event":"cmd_name","sid":"20261006T103658.721496Z-Ha9d4ceab-P00007730","thread":"main","time":"2026-10-06T10:36:58.722857Z","file":"git.c","line":477,"name":"ls-tree","hierarchy":"ls-tree"}
{"event":"exit","sid":"20261006T103658.720864Z-Ha9d4ceab-P0000772b","thread":"main","time":"2026-10-06T10:36:58.723309Z","file":"git.c","line":747,"t_abs":0.002868,"code":0}
{"event":"atexit","sid":"20261006T103658.720864Z-Ha9d4ceab-P0000772b","thread":"main","time":"2026-10-06T10:36:58.723361Z","file":"trace2/tr2_tgt_event.c","line":207,"t_abs":0.002917,"code":0}
{"event":"version","sid":"20261006T103658.723496Z-Ha9d4ceab-P0000773a","thread":"main","time":"2026-10-06T10:36:58.724205Z","file":"common-init.c","line":57,"evt":"4","exe":"2.50.1 (Apple Git-155)"}
{"event":"start","sid":"20261006T103658.723496Z-Ha9d4ceab-P0000773a","thread":"main","time":"2026-10-06T10:36:58.724223Z","file":"common-init.c","line":58,"t_abs":0.001148,"argv":["/Library/Developer/CommandLineTools/usr/bin/git","-C","/var/folders/f1/2xjyyqkn5plc19fx4nt4tpt00000gn/T/flow-dperf02-TxkS4x/worker","ls-tree","-r","-z","--full-tree","e0ef529332efc4ec97e5a135bd44fbeab0e3205c","--",":(literal)src/shared",":(literal)src/shared/a.txt",":(literal)src/second",":(literal)src/third.txt",":(literal)src/fourth.txt"]}
{"event":"version","sid":"20261006T103658.723266Z-Ha9d4ceab-P00007735","thread":"main","time":"2026-10-06T10:36:58.724313Z","file":"common-init.c","line":57,"evt":"4","exe":"2.50.1 (Apple Git-155)"}
{"event":"start","sid":"20261006T103658.723266Z-Ha9d4ceab-P00007735","thread":"main","time":"2026-10-06T10:36:58.724330Z","file":"common-init.c","line":58,"t_abs":0.001458,"argv":["/Library/Developer/CommandLineTools/usr/bin/git","-C","/var/folders/f1/2xjyyqkn5plc19fx4nt4tpt00000gn/T/flow-dperf02-TxkS4x/worker","ls-tree","-r","-z","--full-tree","e0ef529332efc4ec97e5a135bd44fbeab0e3205c","--",":(literal)src/shared",":(literal)src/shared/a.txt",":(literal)src/second",":(literal)src/third.txt",":(literal)src/fourth.txt"]}
{"event":"def_repo","sid":"20261006T103658.723496Z-Ha9d4ceab-P0000773a","thread":"main","time":"2026-10-06T10:36:58.724734Z","file":"repository.c","line":241,"repo":1,"worktree":"/private/var/folders/f1/2xjyyqkn5plc19fx4nt4tpt00000gn/T/flow-dperf02-TxkS4x/worker"}
{"event":"exit","sid":"20261006T103658.721496Z-Ha9d4ceab-P00007730","thread":"main","time":"2026-10-06T10:36:58.724917Z","file":"git.c","line":747,"t_abs":0.003732,"code":0}
{"event":"atexit","sid":"20261006T103658.721496Z-Ha9d4ceab-P00007730","thread":"main","time":"2026-10-06T10:36:58.724958Z","file":"trace2/tr2_tgt_event.c","line":207,"t_abs":0.003773,"code":0}
{"event":"def_repo","sid":"20261006T103658.723266Z-Ha9d4ceab-P00007735","thread":"main","time":"2026-10-06T10:36:58.724981Z","file":"repository.c","line":241,"repo":1,"worktree":"/private/var/folders/f1/2xjyyqkn5plc19fx4nt4tpt00000gn/T/flow-dperf02-TxkS4x/worker"}
{"event":"cmd_name","sid":"20261006T103658.723496Z-Ha9d4ceab-P0000773a","thread":"main","time":"2026-10-06T10:36:58.725226Z","file":"git.c","line":477,"name":"ls-tree","hierarchy":"ls-tree"}
{"event":"cmd_name","sid":"20261006T103658.723266Z-Ha9d4ceab-P00007735","thread":"main","time":"2026-10-06T10:36:58.725604Z","file":"git.c","line":477,"name":"ls-tree","hierarchy":"ls-tree"}
{"event":"version","sid":"20261006T103658.725401Z-Ha9d4ceab-P0000773f","thread":"main","time":"2026-10-06T10:36:58.725952Z","file":"common-init.c","line":57,"evt":"4","exe":"2.50.1 (Apple Git-155)"}
{"event":"start","sid":"20261006T103658.725401Z-Ha9d4ceab-P0000773f","thread":"main","time":"2026-10-06T10:36:58.725968Z","file":"common-init.c","line":58,"t_abs":0.001208,"argv":["/Library/Developer/CommandLineTools/usr/bin/git","-C","/var/folders/f1/2xjyyqkn5plc19fx4nt4tpt00000gn/T/flow-dperf02-TxkS4x/worker","ls-tree","-r","-z","--full-tree","e0ef529332efc4ec97e5a135bd44fbeab0e3205c","--",":(literal)src/shared",":(literal)src/shared/a.txt",":(literal)src/second",":(literal)src/third.txt",":(literal)src/fourth.txt"]}
{"event":"def_repo","sid":"20261006T103658.725401Z-Ha9d4ceab-P0000773f","thread":"main","time":"2026-10-06T10:36:58.726403Z","file":"repository.c","line":241,"repo":1,"worktree":"/private/var/folders/f1/2xjyyqkn5plc19fx4nt4tpt00000gn/T/flow-dperf02-TxkS4x/worker"}
{"event":"cmd_name","sid":"20261006T103658.725401Z-Ha9d4ceab-P0000773f","thread":"main","time":"2026-10-06T10:36:58.726775Z","file":"git.c","line":477,"name":"ls-tree","hierarchy":"ls-tree"}
{"event":"exit","sid":"20261006T103658.723496Z-Ha9d4ceab-P0000773a","thread":"main","time":"2026-10-06T10:36:58.726862Z","file":"git.c","line":747,"t_abs":0.003787,"code":0}
{"event":"atexit","sid":"20261006T103658.723496Z-Ha9d4ceab-P0000773a","thread":"main","time":"2026-10-06T10:36:58.726872Z","file":"trace2/tr2_tgt_event.c","line":207,"t_abs":0.003796,"code":0}
{"event":"exit","sid":"20261006T103658.723266Z-Ha9d4ceab-P00007735","thread":"main","time":"2026-10-06T10:36:58.727157Z","file":"git.c","line":747,"t_abs":0.004284,"code":0}
{"event":"atexit","sid":"20261006T103658.723266Z-Ha9d4ceab-P00007735","thread":"main","time":"2026-10-06T10:36:58.727179Z","file":"trace2/tr2_tgt_event.c","line":207,"t_abs":0.004307,"code":0}
{"event":"version","sid":"20261006T103658.726709Z-Ha9d4ceab-P00007744","thread":"main","time":"2026-10-06T10:36:58.727212Z","file":"common-init.c","line":57,"evt":"4","exe":"2.50.1 (Apple Git-155)"}
{"event":"start","sid":"20261006T103658.726709Z-Ha9d4ceab-P00007744","thread":"main","time":"2026-10-06T10:36:58.727225Z","file":"common-init.c","line":58,"t_abs":0.000956,"argv":["/Library/Developer/CommandLineTools/usr/bin/git","-C","/var/folders/f1/2xjyyqkn5plc19fx4nt4tpt00000gn/T/flow-dperf02-TxkS4x/worker","ls-tree","-r","-z","--full-tree","e0ef529332efc4ec97e5a135bd44fbeab0e3205c","--",":(literal)src/shared",":(literal)src/shared/a.txt",":(literal)src/second",":(literal)src/third.txt",":(literal)src/fourth.txt"]}
{"event":"def_repo","sid":"20261006T103658.726709Z-Ha9d4ceab-P00007744","thread":"main","time":"2026-10-06T10:36:58.727666Z","file":"repository.c","line":241,"repo":1,"worktree":"/private/var/folders/f1/2xjyyqkn5plc19fx4nt4tpt00000gn/T/flow-dperf02-TxkS4x/worker"}
{"event":"version","sid":"20261006T103658.727239Z-Ha9d4ceab-P0000774e","thread":"main","time":"2026-10-06T10:36:58.728159Z","file":"common-init.c","line":57,"evt":"4","exe":"2.50.1 (Apple Git-155)"}
{"event":"cmd_name","sid":"20261006T103658.726709Z-Ha9d4ceab-P00007744","thread":"main","time":"2026-10-06T10:36:58.728167Z","file":"git.c","line":477,"name":"ls-tree","hierarchy":"ls-tree"}
{"event":"exit","sid":"20261006T103658.725401Z-Ha9d4ceab-P0000773f","thread":"main","time":"2026-10-06T10:36:58.728209Z","file":"git.c","line":747,"t_abs":0.003449,"code":0}
{"event":"start","sid":"20261006T103658.727239Z-Ha9d4ceab-P0000774e","thread":"main","time":"2026-10-06T10:36:58.728397Z","file":"common-init.c","line":58,"t_abs":0.001487,"argv":["/Library/Developer/CommandLineTools/usr/bin/git","-C","/var/folders/f1/2xjyyqkn5plc19fx4nt4tpt00000gn/T/flow-dperf02-TxkS4x/worker","ls-tree","-r","-z","--full-tree","e0ef529332efc4ec97e5a135bd44fbeab0e3205c","--",":(literal)src/shared",":(literal)src/shared/a.txt",":(literal)src/second",":(literal)src/third.txt",":(literal)src/fourth.txt"]}
{"event":"atexit","sid":"20261006T103658.725401Z-Ha9d4ceab-P0000773f","thread":"main","time":"2026-10-06T10:36:58.728401Z","file":"trace2/tr2_tgt_event.c","line":207,"t_abs":0.003640,"code":0}
{"event":"def_repo","sid":"20261006T103658.727239Z-Ha9d4ceab-P0000774e","thread":"main","time":"2026-10-06T10:36:58.728801Z","file":"repository.c","line":241,"repo":1,"worktree":"/private/var/folders/f1/2xjyyqkn5plc19fx4nt4tpt00000gn/T/flow-dperf02-TxkS4x/worker"}
{"event":"version","sid":"20261006T103658.728421Z-Ha9d4ceab-P00007749","thread":"main","time":"2026-10-06T10:36:58.728804Z","file":"common-init.c","line":57,"evt":"4","exe":"2.50.1 (Apple Git-155)"}
{"event":"start","sid":"20261006T103658.728421Z-Ha9d4ceab-P00007749","thread":"main","time":"2026-10-06T10:36:58.728815Z","file":"common-init.c","line":58,"t_abs":0.001389,"argv":["/Library/Developer/CommandLineTools/usr/bin/git","-C","/var/folders/f1/2xjyyqkn5plc19fx4nt4tpt00000gn/T/flow-dperf02-TxkS4x/worker","ls-tree","-r","-z","--full-tree","e0ef529332efc4ec97e5a135bd44fbeab0e3205c","--",":(literal)src/shared",":(literal)src/shared/a.txt",":(literal)src/second",":(literal)src/third.txt",":(literal)src/fourth.txt"]}
{"event":"cmd_name","sid":"20261006T103658.727239Z-Ha9d4ceab-P0000774e","thread":"main","time":"2026-10-06T10:36:58.729172Z","file":"git.c","line":477,"name":"ls-tree","hierarchy":"ls-tree"}
{"event":"def_repo","sid":"20261006T103658.728421Z-Ha9d4ceab-P00007749","thread":"main","time":"2026-10-06T10:36:58.729303Z","file":"repository.c","line":241,"repo":1,"worktree":"/private/var/folders/f1/2xjyyqkn5plc19fx4nt4tpt00000gn/T/flow-dperf02-TxkS4x/worker"}
{"event":"cmd_name","sid":"20261006T103658.728421Z-Ha9d4ceab-P00007749","thread":"main","time":"2026-10-06T10:36:58.729923Z","file":"git.c","line":477,"name":"ls-tree","hierarchy":"ls-tree"}
{"event":"version","sid":"20261006T103658.729359Z-Ha9d4ceab-P0000775d","thread":"main","time":"2026-10-06T10:36:58.729981Z","file":"common-init.c","line":57,"evt":"4","exe":"2.50.1 (Apple Git-155)"}
{"event":"start","sid":"20261006T103658.729359Z-Ha9d4ceab-P0000775d","thread":"main","time":"2026-10-06T10:36:58.729995Z","file":"common-init.c","line":58,"t_abs":0.001151,"argv":["/Library/Developer/CommandLineTools/usr/bin/git","-C","/var/folders/f1/2xjyyqkn5plc19fx4nt4tpt00000gn/T/flow-dperf02-TxkS4x/worker","ls-tree","-r","-z","--full-tree","e0ef529332efc4ec97e5a135bd44fbeab0e3205c","--",":(literal)src/shared",":(literal)src/shared/a.txt",":(literal)src/second",":(literal)src/third.txt",":(literal)src/fourth.txt"]}
{"event":"exit","sid":"20261006T103658.726709Z-Ha9d4ceab-P00007744","thread":"main","time":"2026-10-06T10:36:58.730143Z","file":"git.c","line":747,"t_abs":0.003873,"code":0}
{"event":"atexit","sid":"20261006T103658.726709Z-Ha9d4ceab-P00007744","thread":"main","time":"2026-10-06T10:36:58.730162Z","file":"trace2/tr2_tgt_event.c","line":207,"t_abs":0.003893,"code":0}
{"event":"version","sid":"20261006T103658.729362Z-Ha9d4ceab-P00007753","thread":"main","time":"2026-10-06T10:36:58.730192Z","file":"common-init.c","line":57,"evt":"4","exe":"2.50.1 (Apple Git-155)"}
{"event":"start","sid":"20261006T103658.729362Z-Ha9d4ceab-P00007753","thread":"main","time":"2026-10-06T10:36:58.730206Z","file":"common-init.c","line":58,"t_abs":0.001380,"argv":["/Library/Developer/CommandLineTools/usr/bin/git","-C","/var/folders/f1/2xjyyqkn5plc19fx4nt4tpt00000gn/T/flow-dperf02-TxkS4x/worker","ls-tree","-r","-z","--full-tree","e0ef529332efc4ec97e5a135bd44fbeab0e3205c","--",":(literal)src/shared",":(literal)src/shared/a.txt",":(literal)src/second",":(literal)src/third.txt",":(literal)src/fourth.txt"]}
{"event":"version","sid":"20261006T103658.729745Z-Ha9d4ceab-P00007758","thread":"main","time":"2026-10-06T10:36:58.730355Z","file":"common-init.c","line":57,"evt":"4","exe":"2.50.1 (Apple Git-155)"}
{"event":"def_repo","sid":"20261006T103658.729359Z-Ha9d4ceab-P0000775d","thread":"main","time":"2026-10-06T10:36:58.730436Z","file":"repository.c","line":241,"repo":1,"worktree":"/private/var/folders/f1/2xjyyqkn5plc19fx4nt4tpt00000gn/T/flow-dperf02-TxkS4x/worker"}
{"event":"start","sid":"20261006T103658.729745Z-Ha9d4ceab-P00007758","thread":"main","time":"2026-10-06T10:36:58.730438Z","file":"common-init.c","line":58,"t_abs":0.001489,"argv":["/Library/Developer/CommandLineTools/usr/bin/git","-C","/var/folders/f1/2xjyyqkn5plc19fx4nt4tpt00000gn/T/flow-dperf02-TxkS4x/worker","ls-tree","-r","-z","--full-tree","e0ef529332efc4ec97e5a135bd44fbeab0e3205c","--",":(literal)src/shared",":(literal)src/shared/a.txt",":(literal)src/second",":(literal)src/third.txt",":(literal)src/fourth.txt"]}
{"event":"cmd_name","sid":"20261006T103658.729359Z-Ha9d4ceab-P0000775d","thread":"main","time":"2026-10-06T10:36:58.731049Z","file":"git.c","line":477,"name":"ls-tree","hierarchy":"ls-tree"}
{"event":"exit","sid":"20261006T103658.727239Z-Ha9d4ceab-P0000774e","thread":"main","time":"2026-10-06T10:36:58.731282Z","file":"git.c","line":747,"t_abs":0.004374,"code":0}
{"event":"atexit","sid":"20261006T103658.727239Z-Ha9d4ceab-P0000774e","thread":"main","time":"2026-10-06T10:36:58.731292Z","file":"trace2/tr2_tgt_event.c","line":207,"t_abs":0.004384,"code":0}
{"event":"def_repo","sid":"20261006T103658.729745Z-Ha9d4ceab-P00007758","thread":"main","time":"2026-10-06T10:36:58.731354Z","file":"repository.c","line":241,"repo":1,"worktree":"/private/var/folders/f1/2xjyyqkn5plc19fx4nt4tpt00000gn/T/flow-dperf02-TxkS4x/worker"}
{"event":"exit","sid":"20261006T103658.728421Z-Ha9d4ceab-P00007749","thread":"main","time":"2026-10-06T10:36:58.731560Z","file":"git.c","line":747,"t_abs":0.004133,"code":0}
{"event":"atexit","sid":"20261006T103658.728421Z-Ha9d4ceab-P00007749","thread":"main","time":"2026-10-06T10:36:58.731572Z","file":"trace2/tr2_tgt_event.c","line":207,"t_abs":0.004145,"code":0}
{"event":"def_repo","sid":"20261006T103658.729362Z-Ha9d4ceab-P00007753","thread":"main","time":"2026-10-06T10:36:58.731606Z","file":"repository.c","line":241,"repo":1,"worktree":"/private/var/folders/f1/2xjyyqkn5plc19fx4nt4tpt00000gn/T/flow-dperf02-TxkS4x/worker"}
{"event":"version","sid":"20261006T103658.730973Z-Ha9d4ceab-P00007762","thread":"main","time":"2026-10-06T10:36:58.731708Z","file":"common-init.c","line":57,"evt":"4","exe":"2.50.1 (Apple Git-155)"}
{"event":"cmd_name","sid":"20261006T103658.729745Z-Ha9d4ceab-P00007758","thread":"main","time":"2026-10-06T10:36:58.731726Z","file":"git.c","line":477,"name":"ls-tree","hierarchy":"ls-tree"}
{"event":"start","sid":"20261006T103658.730973Z-Ha9d4ceab-P00007762","thread":"main","time":"2026-10-06T10:36:58.731736Z","file":"common-init.c","line":58,"t_abs":0.001431,"argv":["/Library/Developer/CommandLineTools/usr/bin/git","-C","/var/folders/f1/2xjyyqkn5plc19fx4nt4tpt00000gn/T/flow-dperf02-TxkS4x/worker","ls-tree","-r","-z","--full-tree","e0ef529332efc4ec97e5a135bd44fbeab0e3205c","--",":(literal)src/shared",":(literal)src/shared/a.txt",":(literal)src/second",":(literal)src/third.txt",":(literal)src/fourth.txt"]}
{"event":"cmd_name","sid":"20261006T103658.729362Z-Ha9d4ceab-P00007753","thread":"main","time":"2026-10-06T10:36:58.732036Z","file":"git.c","line":477,"name":"ls-tree","hierarchy":"ls-tree"}
{"event":"def_repo","sid":"20261006T103658.730973Z-Ha9d4ceab-P00007762","thread":"main","time":"2026-10-06T10:36:58.732255Z","file":"repository.c","line":241,"repo":1,"worktree":"/private/var/folders/f1/2xjyyqkn5plc19fx4nt4tpt00000gn/T/flow-dperf02-TxkS4x/worker"}
{"event":"exit","sid":"20261006T103658.729359Z-Ha9d4ceab-P0000775d","thread":"main","time":"2026-10-06T10:36:58.732579Z","file":"git.c","line":747,"t_abs":0.003735,"code":0}
{"event":"atexit","sid":"20261006T103658.729359Z-Ha9d4ceab-P0000775d","thread":"main","time":"2026-10-06T10:36:58.732591Z","file":"trace2/tr2_tgt_event.c","line":207,"t_abs":0.003746,"code":0}
{"event":"cmd_name","sid":"20261006T103658.730973Z-Ha9d4ceab-P00007762","thread":"main","time":"2026-10-06T10:36:58.732868Z","file":"git.c","line":477,"name":"ls-tree","hierarchy":"ls-tree"}
{"event":"exit","sid":"20261006T103658.729745Z-Ha9d4ceab-P00007758","thread":"main","time":"2026-10-06T10:36:58.733012Z","file":"git.c","line":747,"t_abs":0.004065,"code":0}
{"event":"atexit","sid":"20261006T103658.729745Z-Ha9d4ceab-P00007758","thread":"main","time":"2026-10-06T10:36:58.733023Z","file":"trace2/tr2_tgt_event.c","line":207,"t_abs":0.004075,"code":0}
{"event":"exit","sid":"20261006T103658.729362Z-Ha9d4ceab-P00007753","thread":"main","time":"2026-10-06T10:36:58.733258Z","file":"git.c","line":747,"t_abs":0.004432,"code":0}
{"event":"atexit","sid":"20261006T103658.729362Z-Ha9d4ceab-P00007753","thread":"main","time":"2026-10-06T10:36:58.733266Z","file":"trace2/tr2_tgt_event.c","line":207,"t_abs":0.004441,"code":0}
{"event":"exit","sid":"20261006T103658.730973Z-Ha9d4ceab-P00007762","thread":"main","time":"2026-10-06T10:36:58.734095Z","file":"git.c","line":747,"t_abs":0.003791,"code":0}
{"event":"atexit","sid":"20261006T103658.730973Z-Ha9d4ceab-P00007762","thread":"main","time":"2026-10-06T10:36:58.734108Z","file":"trace2/tr2_tgt_event.c","line":207,"t_abs":0.003803,"code":0}
{"event":"version","sid":"20261006T103658.736483Z-Ha9d4ceab-P00007767","thread":"main","time":"2026-10-06T10:36:58.736804Z","file":"common-init.c","line":57,"evt":"4","exe":"2.50.1 (Apple Git-155)"}
{"event":"start","sid":"20261006T103658.736483Z-Ha9d4ceab-P00007767","thread":"main","time":"2026-10-06T10:36:58.736831Z","file":"common-init.c","line":58,"t_abs":0.000653,"argv":["/Library/Developer/CommandLineTools/usr/bin/git","-C","/var/folders/f1/2xjyyqkn5plc19fx4nt4tpt00000gn/T/flow-dperf02-TxkS4x/main","merge-base","--is-ancestor","e0ef529332efc4ec97e5a135bd44fbeab0e3205c","33fbfd2c9ca677261c07f9845935727ea0f757b0"]}
{"event":"version","sid":"20261006T103658.736573Z-Ha9d4ceab-P0000776c","thread":"main","time":"2026-10-06T10:36:58.736994Z","file":"common-init.c","line":57,"evt":"4","exe":"2.50.1 (Apple Git-155)"}
{"event":"def_repo","sid":"20261006T103658.736483Z-Ha9d4ceab-P00007767","thread":"main","time":"2026-10-06T10:36:58.737007Z","file":"repository.c","line":241,"repo":1,"worktree":"/private/var/folders/f1/2xjyyqkn5plc19fx4nt4tpt00000gn/T/flow-dperf02-TxkS4x/main"}
{"event":"start","sid":"20261006T103658.736573Z-Ha9d4ceab-P0000776c","thread":"main","time":"2026-10-06T10:36:58.737006Z","file":"common-init.c","line":58,"t_abs":0.000711,"argv":["/Library/Developer/CommandLineTools/usr/bin/git","-C","/var/folders/f1/2xjyyqkn5plc19fx4nt4tpt00000gn/T/flow-dperf02-TxkS4x/main","merge-base","--is-ancestor","e0ef529332efc4ec97e5a135bd44fbeab0e3205c","33fbfd2c9ca677261c07f9845935727ea0f757b0"]}
{"event":"def_repo","sid":"20261006T103658.736573Z-Ha9d4ceab-P0000776c","thread":"main","time":"2026-10-06T10:36:58.737194Z","file":"repository.c","line":241,"repo":1,"worktree":"/private/var/folders/f1/2xjyyqkn5plc19fx4nt4tpt00000gn/T/flow-dperf02-TxkS4x/main"}
{"event":"cmd_name","sid":"20261006T103658.736483Z-Ha9d4ceab-P00007767","thread":"main","time":"2026-10-06T10:36:58.737315Z","file":"git.c","line":477,"name":"merge-base","hierarchy":"merge-base"}
{"event":"cmd_name","sid":"20261006T103658.736573Z-Ha9d4ceab-P0000776c","thread":"main","time":"2026-10-06T10:36:58.737457Z","file":"git.c","line":477,"name":"merge-base","hierarchy":"merge-base"}
{"event":"exit","sid":"20261006T103658.736483Z-Ha9d4ceab-P00007767","thread":"main","time":"2026-10-06T10:36:58.738414Z","file":"git.c","line":747,"t_abs":0.002235,"code":0}
{"event":"atexit","sid":"20261006T103658.736483Z-Ha9d4ceab-P00007767","thread":"main","time":"2026-10-06T10:36:58.738470Z","file":"trace2/tr2_tgt_event.c","line":207,"t_abs":0.002292,"code":0}
{"event":"exit","sid":"20261006T103658.736573Z-Ha9d4ceab-P0000776c","thread":"main","time":"2026-10-06T10:36:58.739064Z","file":"git.c","line":747,"t_abs":0.002768,"code":0}
{"event":"atexit","sid":"20261006T103658.736573Z-Ha9d4ceab-P0000776c","thread":"main","time":"2026-10-06T10:36:58.739076Z","file":"trace2/tr2_tgt_event.c","line":207,"t_abs":0.002780,"code":0}
{"event":"version","sid":"20261006T103658.738671Z-Ha9d4ceab-P00007771","thread":"main","time":"2026-10-06T10:36:58.739244Z","file":"common-init.c","line":57,"evt":"4","exe":"2.50.1 (Apple Git-155)"}
{"event":"start","sid":"20261006T103658.738671Z-Ha9d4ceab-P00007771","thread":"main","time":"2026-10-06T10:36:58.739256Z","file":"common-init.c","line":58,"t_abs":0.000912,"argv":["/Library/Developer/CommandLineTools/usr/bin/git","-C","/var/folders/f1/2xjyyqkn5plc19fx4nt4tpt00000gn/T/flow-dperf02-TxkS4x/main","merge-base","--is-ancestor","e0ef529332efc4ec97e5a135bd44fbeab0e3205c","33fbfd2c9ca677261c07f9845935727ea0f757b0"]}
{"event":"def_repo","sid":"20261006T103658.738671Z-Ha9d4ceab-P00007771","thread":"main","time":"2026-10-06T10:36:58.739475Z","file":"repository.c","line":241,"repo":1,"worktree":"/private/var/folders/f1/2xjyyqkn5plc19fx4nt4tpt00000gn/T/flow-dperf02-TxkS4x/main"}
{"event":"cmd_name","sid":"20261006T103658.738671Z-Ha9d4ceab-P00007771","thread":"main","time":"2026-10-06T10:36:58.739718Z","file":"git.c","line":477,"name":"merge-base","hierarchy":"merge-base"}
{"event":"exit","sid":"20261006T103658.738671Z-Ha9d4ceab-P00007771","thread":"main","time":"2026-10-06T10:36:58.740793Z","file":"git.c","line":747,"t_abs":0.002449,"code":0}
{"event":"atexit","sid":"20261006T103658.738671Z-Ha9d4ceab-P00007771","thread":"main","time":"2026-10-06T10:36:58.740805Z","file":"trace2/tr2_tgt_event.c","line":207,"t_abs":0.002461,"code":0}
{"event":"version","sid":"20261006T103658.740556Z-Ha9d4ceab-P00007776","thread":"main","time":"2026-10-06T10:36:58.740945Z","file":"common-init.c","line":57,"evt":"4","exe":"2.50.1 (Apple Git-155)"}
{"event":"start","sid":"20261006T103658.740556Z-Ha9d4ceab-P00007776","thread":"main","time":"2026-10-06T10:36:58.740977Z","file":"common-init.c","line":58,"t_abs":0.000836,"argv":["/Library/Developer/CommandLineTools/usr/bin/git","-C","/var/folders/f1/2xjyyqkn5plc19fx4nt4tpt00000gn/T/flow-dperf02-TxkS4x/main","merge-base","--is-ancestor","e0ef529332efc4ec97e5a135bd44fbeab0e3205c","33fbfd2c9ca677261c07f9845935727ea0f757b0"]}
{"event":"def_repo","sid":"20261006T103658.740556Z-Ha9d4ceab-P00007776","thread":"main","time":"2026-10-06T10:36:58.741189Z","file":"repository.c","line":241,"repo":1,"worktree":"/private/var/folders/f1/2xjyyqkn5plc19fx4nt4tpt00000gn/T/flow-dperf02-TxkS4x/main"}
{"event":"cmd_name","sid":"20261006T103658.740556Z-Ha9d4ceab-P00007776","thread":"main","time":"2026-10-06T10:36:58.741420Z","file":"git.c","line":477,"name":"merge-base","hierarchy":"merge-base"}
{"event":"version","sid":"20261006T103658.741798Z-Ha9d4ceab-P0000777b","thread":"main","time":"2026-10-06T10:36:58.742112Z","file":"common-init.c","line":57,"evt":"4","exe":"2.50.1 (Apple Git-155)"}
{"event":"start","sid":"20261006T103658.741798Z-Ha9d4ceab-P0000777b","thread":"main","time":"2026-10-06T10:36:58.742130Z","file":"common-init.c","line":58,"t_abs":0.000858,"argv":["/Library/Developer/CommandLineTools/usr/bin/git","-C","/var/folders/f1/2xjyyqkn5plc19fx4nt4tpt00000gn/T/flow-dperf02-TxkS4x/main","merge-base","--is-ancestor","e0ef529332efc4ec97e5a135bd44fbeab0e3205c","33fbfd2c9ca677261c07f9845935727ea0f757b0"]}
{"event":"def_repo","sid":"20261006T103658.741798Z-Ha9d4ceab-P0000777b","thread":"main","time":"2026-10-06T10:36:58.742358Z","file":"repository.c","line":241,"repo":1,"worktree":"/private/var/folders/f1/2xjyyqkn5plc19fx4nt4tpt00000gn/T/flow-dperf02-TxkS4x/main"}
{"event":"cmd_name","sid":"20261006T103658.741798Z-Ha9d4ceab-P0000777b","thread":"main","time":"2026-10-06T10:36:58.742744Z","file":"git.c","line":477,"name":"merge-base","hierarchy":"merge-base"}
{"event":"exit","sid":"20261006T103658.740556Z-Ha9d4ceab-P00007776","thread":"main","time":"2026-10-06T10:36:58.742745Z","file":"git.c","line":747,"t_abs":0.002604,"code":0}
{"event":"atexit","sid":"20261006T103658.740556Z-Ha9d4ceab-P00007776","thread":"main","time":"2026-10-06T10:36:58.742918Z","file":"trace2/tr2_tgt_event.c","line":207,"t_abs":0.002774,"code":0}
{"event":"exit","sid":"20261006T103658.741798Z-Ha9d4ceab-P0000777b","thread":"main","time":"2026-10-06T10:36:58.743766Z","file":"git.c","line":747,"t_abs":0.002493,"code":0}
{"event":"atexit","sid":"20261006T103658.741798Z-Ha9d4ceab-P0000777b","thread":"main","time":"2026-10-06T10:36:58.743775Z","file":"trace2/tr2_tgt_event.c","line":207,"t_abs":0.002503,"code":0}
{"event":"version","sid":"20261006T103658.747516Z-Ha9d4ceab-P00007780","thread":"main","time":"2026-10-06T10:36:58.748116Z","file":"common-init.c","line":57,"evt":"4","exe":"2.50.1 (Apple Git-155)"}
{"event":"start","sid":"20261006T103658.747516Z-Ha9d4ceab-P00007780","thread":"main","time":"2026-10-06T10:36:58.748141Z","file":"common-init.c","line":58,"t_abs":0.001007,"argv":["/Library/Developer/CommandLineTools/usr/bin/git","-C","/var/folders/f1/2xjyyqkn5plc19fx4nt4tpt00000gn/T/flow-dperf02-TxkS4x/main","merge-base","--is-ancestor","e0ef529332efc4ec97e5a135bd44fbeab0e3205c","33fbfd2c9ca677261c07f9845935727ea0f757b0"]}
{"event":"def_repo","sid":"20261006T103658.747516Z-Ha9d4ceab-P00007780","thread":"main","time":"2026-10-06T10:36:58.748334Z","file":"repository.c","line":241,"repo":1,"worktree":"/private/var/folders/f1/2xjyyqkn5plc19fx4nt4tpt00000gn/T/flow-dperf02-TxkS4x/main"}
{"event":"cmd_name","sid":"20261006T103658.747516Z-Ha9d4ceab-P00007780","thread":"main","time":"2026-10-06T10:36:58.748603Z","file":"git.c","line":477,"name":"merge-base","hierarchy":"merge-base"}
{"event":"version","sid":"20261006T103658.748776Z-Ha9d4ceab-P00007785","thread":"main","time":"2026-10-06T10:36:58.749130Z","file":"common-init.c","line":57,"evt":"4","exe":"2.50.1 (Apple Git-155)"}
{"event":"start","sid":"20261006T103658.748776Z-Ha9d4ceab-P00007785","thread":"main","time":"2026-10-06T10:36:58.749153Z","file":"common-init.c","line":58,"t_abs":0.000766,"argv":["/Library/Developer/CommandLineTools/usr/bin/git","-C","/var/folders/f1/2xjyyqkn5plc19fx4nt4tpt00000gn/T/flow-dperf02-TxkS4x/main","merge-base","--is-ancestor","e0ef529332efc4ec97e5a135bd44fbeab0e3205c","33fbfd2c9ca677261c07f9845935727ea0f757b0"]}
{"event":"def_repo","sid":"20261006T103658.748776Z-Ha9d4ceab-P00007785","thread":"main","time":"2026-10-06T10:36:58.749405Z","file":"repository.c","line":241,"repo":1,"worktree":"/private/var/folders/f1/2xjyyqkn5plc19fx4nt4tpt00000gn/T/flow-dperf02-TxkS4x/main"}
{"event":"cmd_name","sid":"20261006T103658.748776Z-Ha9d4ceab-P00007785","thread":"main","time":"2026-10-06T10:36:58.749636Z","file":"git.c","line":477,"name":"merge-base","hierarchy":"merge-base"}
{"event":"exit","sid":"20261006T103658.747516Z-Ha9d4ceab-P00007780","thread":"main","time":"2026-10-06T10:36:58.749749Z","file":"git.c","line":747,"t_abs":0.002615,"code":0}
{"event":"atexit","sid":"20261006T103658.747516Z-Ha9d4ceab-P00007780","thread":"main","time":"2026-10-06T10:36:58.749759Z","file":"trace2/tr2_tgt_event.c","line":207,"t_abs":0.002625,"code":0}
{"event":"exit","sid":"20261006T103658.748776Z-Ha9d4ceab-P00007785","thread":"main","time":"2026-10-06T10:36:58.750630Z","file":"git.c","line":747,"t_abs":0.002242,"code":0}
{"event":"atexit","sid":"20261006T103658.748776Z-Ha9d4ceab-P00007785","thread":"main","time":"2026-10-06T10:36:58.750642Z","file":"trace2/tr2_tgt_event.c","line":207,"t_abs":0.002254,"code":0}
{"event":"version","sid":"20261006T103658.752846Z-Ha9d4ceab-P0000778f","thread":"main","time":"2026-10-06T10:36:58.753431Z","file":"common-init.c","line":57,"evt":"4","exe":"2.50.1 (Apple Git-155)"}
{"event":"start","sid":"20261006T103658.752846Z-Ha9d4ceab-P0000778f","thread":"main","time":"2026-10-06T10:36:58.753458Z","file":"common-init.c","line":58,"t_abs":0.000970,"argv":["/Library/Developer/CommandLineTools/usr/bin/git","-C","/var/folders/f1/2xjyyqkn5plc19fx4nt4tpt00000gn/T/flow-dperf02-TxkS4x/main","merge-base","--is-ancestor","e0ef529332efc4ec97e5a135bd44fbeab0e3205c","33fbfd2c9ca677261c07f9845935727ea0f757b0"]}
{"event":"def_repo","sid":"20261006T103658.752846Z-Ha9d4ceab-P0000778f","thread":"main","time":"2026-10-06T10:36:58.753963Z","file":"repository.c","line":241,"repo":1,"worktree":"/private/var/folders/f1/2xjyyqkn5plc19fx4nt4tpt00000gn/T/flow-dperf02-TxkS4x/main"}
{"event":"cmd_name","sid":"20261006T103658.752846Z-Ha9d4ceab-P0000778f","thread":"main","time":"2026-10-06T10:36:58.754181Z","file":"git.c","line":477,"name":"merge-base","hierarchy":"merge-base"}
{"event":"version","sid":"20261006T103658.753601Z-Ha9d4ceab-P0000778a","thread":"main","time":"2026-10-06T10:36:58.754207Z","file":"common-init.c","line":57,"evt":"4","exe":"2.50.1 (Apple Git-155)"}
{"event":"start","sid":"20261006T103658.753601Z-Ha9d4ceab-P0000778a","thread":"main","time":"2026-10-06T10:36:58.754219Z","file":"common-init.c","line":58,"t_abs":0.001018,"argv":["/Library/Developer/CommandLineTools/usr/bin/git","-C","/var/folders/f1/2xjyyqkn5plc19fx4nt4tpt00000gn/T/flow-dperf02-TxkS4x/main","merge-base","--is-ancestor","e0ef529332efc4ec97e5a135bd44fbeab0e3205c","33fbfd2c9ca677261c07f9845935727ea0f757b0"]}
{"event":"def_repo","sid":"20261006T103658.753601Z-Ha9d4ceab-P0000778a","thread":"main","time":"2026-10-06T10:36:58.754491Z","file":"repository.c","line":241,"repo":1,"worktree":"/private/var/folders/f1/2xjyyqkn5plc19fx4nt4tpt00000gn/T/flow-dperf02-TxkS4x/main"}
{"event":"version","sid":"20261006T103658.754052Z-Ha9d4ceab-P00007794","thread":"main","time":"2026-10-06T10:36:58.754553Z","file":"common-init.c","line":57,"evt":"4","exe":"2.50.1 (Apple Git-155)"}
{"event":"start","sid":"20261006T103658.754052Z-Ha9d4ceab-P00007794","thread":"main","time":"2026-10-06T10:36:58.754567Z","file":"common-init.c","line":58,"t_abs":0.001044,"argv":["/Library/Developer/CommandLineTools/usr/bin/git","-C","/var/folders/f1/2xjyyqkn5plc19fx4nt4tpt00000gn/T/flow-dperf02-TxkS4x/main","merge-base","--is-ancestor","e0ef529332efc4ec97e5a135bd44fbeab0e3205c","33fbfd2c9ca677261c07f9845935727ea0f757b0"]}
{"event":"cmd_name","sid":"20261006T103658.753601Z-Ha9d4ceab-P0000778a","thread":"main","time":"2026-10-06T10:36:58.754848Z","file":"git.c","line":477,"name":"merge-base","hierarchy":"merge-base"}
{"event":"def_repo","sid":"20261006T103658.754052Z-Ha9d4ceab-P00007794","thread":"main","time":"2026-10-06T10:36:58.754995Z","file":"repository.c","line":241,"repo":1,"worktree":"/private/var/folders/f1/2xjyyqkn5plc19fx4nt4tpt00000gn/T/flow-dperf02-TxkS4x/main"}
{"event":"exit","sid":"20261006T103658.752846Z-Ha9d4ceab-P0000778f","thread":"main","time":"2026-10-06T10:36:58.755582Z","file":"git.c","line":747,"t_abs":0.003093,"code":0}
{"event":"atexit","sid":"20261006T103658.752846Z-Ha9d4ceab-P0000778f","thread":"main","time":"2026-10-06T10:36:58.755603Z","file":"trace2/tr2_tgt_event.c","line":207,"t_abs":0.003115,"code":0}
{"event":"cmd_name","sid":"20261006T103658.754052Z-Ha9d4ceab-P00007794","thread":"main","time":"2026-10-06T10:36:58.755810Z","file":"git.c","line":477,"name":"merge-base","hierarchy":"merge-base"}
{"event":"version","sid":"20261006T103658.755533Z-Ha9d4ceab-P00007799","thread":"main","time":"2026-10-06T10:36:58.756541Z","file":"common-init.c","line":57,"evt":"4","exe":"2.50.1 (Apple Git-155)"}
{"event":"start","sid":"20261006T103658.755533Z-Ha9d4ceab-P00007799","thread":"main","time":"2026-10-06T10:36:58.756560Z","file":"common-init.c","line":58,"t_abs":0.002018,"argv":["/Library/Developer/CommandLineTools/usr/bin/git","-C","/var/folders/f1/2xjyyqkn5plc19fx4nt4tpt00000gn/T/flow-dperf02-TxkS4x/main","merge-base","--is-ancestor","e0ef529332efc4ec97e5a135bd44fbeab0e3205c","33fbfd2c9ca677261c07f9845935727ea0f757b0"]}
{"event":"exit","sid":"20261006T103658.753601Z-Ha9d4ceab-P0000778a","thread":"main","time":"2026-10-06T10:36:58.756682Z","file":"git.c","line":747,"t_abs":0.003481,"code":0}
{"event":"atexit","sid":"20261006T103658.753601Z-Ha9d4ceab-P0000778a","thread":"main","time":"2026-10-06T10:36:58.756735Z","file":"trace2/tr2_tgt_event.c","line":207,"t_abs":0.003534,"code":0}
{"event":"def_repo","sid":"20261006T103658.755533Z-Ha9d4ceab-P00007799","thread":"main","time":"2026-10-06T10:36:58.756916Z","file":"repository.c","line":241,"repo":1,"worktree":"/private/var/folders/f1/2xjyyqkn5plc19fx4nt4tpt00000gn/T/flow-dperf02-TxkS4x/main"}
{"event":"cmd_name","sid":"20261006T103658.755533Z-Ha9d4ceab-P00007799","thread":"main","time":"2026-10-06T10:36:58.757134Z","file":"git.c","line":477,"name":"merge-base","hierarchy":"merge-base"}
{"event":"version","sid":"20261006T103658.756408Z-Ha9d4ceab-P000077a3","thread":"main","time":"2026-10-06T10:36:58.757391Z","file":"common-init.c","line":57,"evt":"4","exe":"2.50.1 (Apple Git-155)"}
{"event":"start","sid":"20261006T103658.756408Z-Ha9d4ceab-P000077a3","thread":"main","time":"2026-10-06T10:36:58.757419Z","file":"common-init.c","line":58,"t_abs":0.001407,"argv":["/Library/Developer/CommandLineTools/usr/bin/git","-C","/var/folders/f1/2xjyyqkn5plc19fx4nt4tpt00000gn/T/flow-dperf02-TxkS4x/main","merge-base","--is-ancestor","e0ef529332efc4ec97e5a135bd44fbeab0e3205c","33fbfd2c9ca677261c07f9845935727ea0f757b0"]}
{"event":"exit","sid":"20261006T103658.754052Z-Ha9d4ceab-P00007794","thread":"main","time":"2026-10-06T10:36:58.757480Z","file":"git.c","line":747,"t_abs":0.003957,"code":0}
{"event":"atexit","sid":"20261006T103658.754052Z-Ha9d4ceab-P00007794","thread":"main","time":"2026-10-06T10:36:58.757507Z","file":"trace2/tr2_tgt_event.c","line":207,"t_abs":0.003983,"code":0}
{"event":"def_repo","sid":"20261006T103658.756408Z-Ha9d4ceab-P000077a3","thread":"main","time":"2026-10-06T10:36:58.757623Z","file":"repository.c","line":241,"repo":1,"worktree":"/private/var/folders/f1/2xjyyqkn5plc19fx4nt4tpt00000gn/T/flow-dperf02-TxkS4x/main"}
{"event":"cmd_name","sid":"20261006T103658.756408Z-Ha9d4ceab-P000077a3","thread":"main","time":"2026-10-06T10:36:58.757846Z","file":"git.c","line":477,"name":"merge-base","hierarchy":"merge-base"}
{"event":"version","sid":"20261006T103658.756800Z-Ha9d4ceab-P0000779e","thread":"main","time":"2026-10-06T10:36:58.757850Z","file":"common-init.c","line":57,"evt":"4","exe":"2.50.1 (Apple Git-155)"}
{"event":"start","sid":"20261006T103658.756800Z-Ha9d4ceab-P0000779e","thread":"main","time":"2026-10-06T10:36:58.757867Z","file":"common-init.c","line":58,"t_abs":0.001539,"argv":["/Library/Developer/CommandLineTools/usr/bin/git","-C","/var/folders/f1/2xjyyqkn5plc19fx4nt4tpt00000gn/T/flow-dperf02-TxkS4x/main","merge-base","--is-ancestor","e0ef529332efc4ec97e5a135bd44fbeab0e3205c","33fbfd2c9ca677261c07f9845935727ea0f757b0"]}
{"event":"def_repo","sid":"20261006T103658.756800Z-Ha9d4ceab-P0000779e","thread":"main","time":"2026-10-06T10:36:58.758135Z","file":"repository.c","line":241,"repo":1,"worktree":"/private/var/folders/f1/2xjyyqkn5plc19fx4nt4tpt00000gn/T/flow-dperf02-TxkS4x/main"}
{"event":"exit","sid":"20261006T103658.755533Z-Ha9d4ceab-P00007799","thread":"main","time":"2026-10-06T10:36:58.758328Z","file":"git.c","line":747,"t_abs":0.003786,"code":0}
{"event":"atexit","sid":"20261006T103658.755533Z-Ha9d4ceab-P00007799","thread":"main","time":"2026-10-06T10:36:58.758343Z","file":"trace2/tr2_tgt_event.c","line":207,"t_abs":0.003801,"code":0}
{"event":"cmd_name","sid":"20261006T103658.756800Z-Ha9d4ceab-P0000779e","thread":"main","time":"2026-10-06T10:36:58.758364Z","file":"git.c","line":477,"name":"merge-base","hierarchy":"merge-base"}
{"event":"exit","sid":"20261006T103658.756408Z-Ha9d4ceab-P000077a3","thread":"main","time":"2026-10-06T10:36:58.759109Z","file":"git.c","line":747,"t_abs":0.003097,"code":0}
{"event":"atexit","sid":"20261006T103658.756408Z-Ha9d4ceab-P000077a3","thread":"main","time":"2026-10-06T10:36:58.759123Z","file":"trace2/tr2_tgt_event.c","line":207,"t_abs":0.003112,"code":0}
{"event":"version","sid":"20261006T103658.758801Z-Ha9d4ceab-P000077a8","thread":"main","time":"2026-10-06T10:36:58.759180Z","file":"common-init.c","line":57,"evt":"4","exe":"2.50.1 (Apple Git-155)"}
{"event":"start","sid":"20261006T103658.758801Z-Ha9d4ceab-P000077a8","thread":"main","time":"2026-10-06T10:36:58.759250Z","file":"common-init.c","line":58,"t_abs":0.000795,"argv":["/Library/Developer/CommandLineTools/usr/bin/git","-C","/var/folders/f1/2xjyyqkn5plc19fx4nt4tpt00000gn/T/flow-dperf02-TxkS4x/main","merge-base","--is-ancestor","e0ef529332efc4ec97e5a135bd44fbeab0e3205c","33fbfd2c9ca677261c07f9845935727ea0f757b0"]}
{"event":"exit","sid":"20261006T103658.756800Z-Ha9d4ceab-P0000779e","thread":"main","time":"2026-10-06T10:36:58.759430Z","file":"git.c","line":747,"t_abs":0.003101,"code":0}
{"event":"atexit","sid":"20261006T103658.756800Z-Ha9d4ceab-P0000779e","thread":"main","time":"2026-10-06T10:36:58.759440Z","file":"trace2/tr2_tgt_event.c","line":207,"t_abs":0.003111,"code":0}
{"event":"def_repo","sid":"20261006T103658.758801Z-Ha9d4ceab-P000077a8","thread":"main","time":"2026-10-06T10:36:58.759493Z","file":"repository.c","line":241,"repo":1,"worktree":"/private/var/folders/f1/2xjyyqkn5plc19fx4nt4tpt00000gn/T/flow-dperf02-TxkS4x/main"}
{"event":"cmd_name","sid":"20261006T103658.758801Z-Ha9d4ceab-P000077a8","thread":"main","time":"2026-10-06T10:36:58.759697Z","file":"git.c","line":477,"name":"merge-base","hierarchy":"merge-base"}
{"event":"exit","sid":"20261006T103658.758801Z-Ha9d4ceab-P000077a8","thread":"main","time":"2026-10-06T10:36:58.760691Z","file":"git.c","line":747,"t_abs":0.002236,"code":0}
{"event":"atexit","sid":"20261006T103658.758801Z-Ha9d4ceab-P000077a8","thread":"main","time":"2026-10-06T10:36:58.760705Z","file":"trace2/tr2_tgt_event.c","line":207,"t_abs":0.002250,"code":0}
{"event":"version","sid":"20261006T103658.762459Z-Ha9d4ceab-P000077ad","thread":"main","time":"2026-10-06T10:36:58.762953Z","file":"common-init.c","line":57,"evt":"4","exe":"2.50.1 (Apple Git-155)"}
{"event":"start","sid":"20261006T103658.762459Z-Ha9d4ceab-P000077ad","thread":"main","time":"2026-10-06T10:36:58.762981Z","file":"common-init.c","line":58,"t_abs":0.000883,"argv":["/Library/Developer/CommandLineTools/usr/bin/git","-C","/var/folders/f1/2xjyyqkn5plc19fx4nt4tpt00000gn/T/flow-dperf02-TxkS4x/main","merge-base","--is-ancestor","e0ef529332efc4ec97e5a135bd44fbeab0e3205c","33fbfd2c9ca677261c07f9845935727ea0f757b0"]}
{"event":"def_repo","sid":"20261006T103658.762459Z-Ha9d4ceab-P000077ad","thread":"main","time":"2026-10-06T10:36:58.763214Z","file":"repository.c","line":241,"repo":1,"worktree":"/private/var/folders/f1/2xjyyqkn5plc19fx4nt4tpt00000gn/T/flow-dperf02-TxkS4x/main"}
{"event":"version","sid":"20261006T103658.762825Z-Ha9d4ceab-P000077b7","thread":"main","time":"2026-10-06T10:36:58.763474Z","file":"common-init.c","line":57,"evt":"4","exe":"2.50.1 (Apple Git-155)"}
{"event":"start","sid":"20261006T103658.762825Z-Ha9d4ceab-P000077b7","thread":"main","time":"2026-10-06T10:36:58.763491Z","file":"common-init.c","line":58,"t_abs":0.000985,"argv":["/Library/Developer/CommandLineTools/usr/bin/git","-C","/var/folders/f1/2xjyyqkn5plc19fx4nt4tpt00000gn/T/flow-dperf02-TxkS4x/main","cat-file","-t","33fbfd2c9ca677261c07f9845935727ea0f757b0"]}
{"event":"cmd_name","sid":"20261006T103658.762459Z-Ha9d4ceab-P000077ad","thread":"main","time":"2026-10-06T10:36:58.763725Z","file":"git.c","line":477,"name":"merge-base","hierarchy":"merge-base"}
{"event":"def_repo","sid":"20261006T103658.762825Z-Ha9d4ceab-P000077b7","thread":"main","time":"2026-10-06T10:36:58.763836Z","file":"repository.c","line":241,"repo":1,"worktree":"/private/var/folders/f1/2xjyyqkn5plc19fx4nt4tpt00000gn/T/flow-dperf02-TxkS4x/main"}
{"event":"version","sid":"20261006T103658.763377Z-Ha9d4ceab-P000077bc","thread":"main","time":"2026-10-06T10:36:58.763892Z","file":"common-init.c","line":57,"evt":"4","exe":"2.50.1 (Apple Git-155)"}
{"event":"start","sid":"20261006T103658.763377Z-Ha9d4ceab-P000077bc","thread":"main","time":"2026-10-06T10:36:58.763908Z","file":"common-init.c","line":58,"t_abs":0.000844,"argv":["/Library/Developer/CommandLineTools/usr/bin/git","-C","/var/folders/f1/2xjyyqkn5plc19fx4nt4tpt00000gn/T/flow-dperf02-TxkS4x/main","diff","--name-only","-z","--no-renames","HEAD","--"]}
{"event":"version","sid":"20261006T103658.763465Z-Ha9d4ceab-P000077b2","thread":"main","time":"2026-10-06T10:36:58.763970Z","file":"common-init.c","line":57,"evt":"4","exe":"2.50.1 (Apple Git-155)"}
{"event":"start","sid":"20261006T103658.763465Z-Ha9d4ceab-P000077b2","thread":"main","time":"2026-10-06T10:36:58.763981Z","file":"common-init.c","line":58,"t_abs":0.000873,"argv":["/Library/Developer/CommandLineTools/usr/bin/git","-C","/var/folders/f1/2xjyyqkn5plc19fx4nt4tpt00000gn/T/flow-dperf02-TxkS4x/main","merge-base","--is-ancestor","e0ef529332efc4ec97e5a135bd44fbeab0e3205c","33fbfd2c9ca677261c07f9845935727ea0f757b0"]}
{"event":"cmd_name","sid":"20261006T103658.763377Z-Ha9d4ceab-P000077bc","thread":"main","time":"2026-10-06T10:36:58.764022Z","file":"git.c","line":477,"name":"diff","hierarchy":"diff"}
{"event":"cmd_name","sid":"20261006T103658.762825Z-Ha9d4ceab-P000077b7","thread":"main","time":"2026-10-06T10:36:58.764151Z","file":"git.c","line":477,"name":"cat-file","hierarchy":"cat-file"}
{"event":"def_repo","sid":"20261006T103658.763377Z-Ha9d4ceab-P000077bc","thread":"main","time":"2026-10-06T10:36:58.764265Z","file":"repository.c","line":241,"repo":1,"worktree":"/private/var/folders/f1/2xjyyqkn5plc19fx4nt4tpt00000gn/T/flow-dperf02-TxkS4x/main"}
{"event":"def_repo","sid":"20261006T103658.763465Z-Ha9d4ceab-P000077b2","thread":"main","time":"2026-10-06T10:36:58.764394Z","file":"repository.c","line":241,"repo":1,"worktree":"/private/var/folders/f1/2xjyyqkn5plc19fx4nt4tpt00000gn/T/flow-dperf02-TxkS4x/main"}
{"event":"version","sid":"20261006T103658.763722Z-Ha9d4ceab-P000077c1","thread":"main","time":"2026-10-06T10:36:58.764592Z","file":"common-init.c","line":57,"evt":"4","exe":"2.50.1 (Apple Git-155)"}
{"event":"start","sid":"20261006T103658.763722Z-Ha9d4ceab-P000077c1","thread":"main","time":"2026-10-06T10:36:58.764606Z","file":"common-init.c","line":58,"t_abs":0.001336,"argv":["/Library/Developer/CommandLineTools/usr/bin/git","-C","/var/folders/f1/2xjyyqkn5plc19fx4nt4tpt00000gn/T/flow-dperf02-TxkS4x/main","ls-files","--others","--exclude-standard","-z"]}
{"event":"def_repo","sid":"20261006T103658.763722Z-Ha9d4ceab-P000077c1","thread":"main","time":"2026-10-06T10:36:58.764934Z","file":"repository.c","line":241,"repo":1,"worktree":"/private/var/folders/f1/2xjyyqkn5plc19fx4nt4tpt00000gn/T/flow-dperf02-TxkS4x/main"}
{"event":"exit","sid":"20261006T103658.762459Z-Ha9d4ceab-P000077ad","thread":"main","time":"2026-10-06T10:36:58.764992Z","file":"git.c","line":747,"t_abs":0.002894,"code":0}
{"event":"cmd_name","sid":"20261006T103658.763465Z-Ha9d4ceab-P000077b2","thread":"main","time":"2026-10-06T10:36:58.765004Z","file":"git.c","line":477,"name":"merge-base","hierarchy":"merge-base"}
{"event":"atexit","sid":"20261006T103658.762459Z-Ha9d4ceab-P000077ad","thread":"main","time":"2026-10-06T10:36:58.765008Z","file":"trace2/tr2_tgt_event.c","line":207,"t_abs":0.002910,"code":0}
{"event":"cmd_name","sid":"20261006T103658.763722Z-Ha9d4ceab-P000077c1","thread":"main","time":"2026-10-06T10:36:58.765610Z","file":"git.c","line":477,"name":"ls-files","hierarchy":"ls-files"}
{"event":"exit","sid":"20261006T103658.762825Z-Ha9d4ceab-P000077b7","thread":"main","time":"2026-10-06T10:36:58.765628Z","file":"git.c","line":747,"t_abs":0.003121,"code":0}
{"event":"atexit","sid":"20261006T103658.762825Z-Ha9d4ceab-P000077b7","thread":"main","time":"2026-10-06T10:36:58.765640Z","file":"trace2/tr2_tgt_event.c","line":207,"t_abs":0.003133,"code":0}
{"event":"region_enter","sid":"20261006T103658.763377Z-Ha9d4ceab-P000077bc","thread":"main","time":"2026-10-06T10:36:58.765955Z","file":"read-cache.c","line":2357,"repo":1,"nesting":1,"category":"index","label":"do_read_index","msg":".git/index"}
{"event":"region_enter","sid":"20261006T103658.763722Z-Ha9d4ceab-P000077c1","thread":"main","time":"2026-10-06T10:36:58.766010Z","file":"read-cache.c","line":2357,"repo":1,"nesting":1,"category":"index","label":"do_read_index","msg":".git/index"}
{"event":"region_enter","sid":"20261006T103658.763377Z-Ha9d4ceab-P000077bc","thread":"main","time":"2026-10-06T10:36:58.766024Z","file":"cache-tree.c","line":643,"repo":1,"nesting":2,"category":"cache_tree","label":"read"}
{"event":"region_leave","sid":"20261006T103658.763377Z-Ha9d4ceab-P000077bc","thread":"main","time":"2026-10-06T10:36:58.766092Z","file":"cache-tree.c","line":645,"repo":1,"t_rel":0.000068,"nesting":2,"category":"cache_tree","label":"read"}
{"event":"data","sid":"20261006T103658.763377Z-Ha9d4ceab-P000077bc","thread":"main","time":"2026-10-06T10:36:58.766106Z","file":"read-cache.c","line":2306,"repo":1,"t_abs":0.003041,"t_rel":0.000151,"nesting":2,"category":"index","key":"read/version","value":"2"}
{"event":"data","sid":"20261006T103658.763377Z-Ha9d4ceab-P000077bc","thread":"main","time":"2026-10-06T10:36:58.766113Z","file":"read-cache.c","line":2308,"repo":1,"t_abs":0.003049,"t_rel":0.000159,"nesting":2,"category":"index","key":"read/cache_nr","value":"389"}
{"event":"region_enter","sid":"20261006T103658.763722Z-Ha9d4ceab-P000077c1","thread":"main","time":"2026-10-06T10:36:58.766122Z","file":"cache-tree.c","line":643,"repo":1,"nesting":2,"category":"cache_tree","label":"read"}
{"event":"region_leave","sid":"20261006T103658.763377Z-Ha9d4ceab-P000077bc","thread":"main","time":"2026-10-06T10:36:58.766123Z","file":"read-cache.c","line":2362,"repo":1,"t_rel":0.000169,"nesting":1,"category":"index","label":"do_read_index","msg":".git/index"}
{"event":"region_leave","sid":"20261006T103658.763722Z-Ha9d4ceab-P000077c1","thread":"main","time":"2026-10-06T10:36:58.766155Z","file":"cache-tree.c","line":645,"repo":1,"t_rel":0.000032,"nesting":2,"category":"cache_tree","label":"read"}
{"event":"data","sid":"20261006T103658.763722Z-Ha9d4ceab-P000077c1","thread":"main","time":"2026-10-06T10:36:58.766172Z","file":"read-cache.c","line":2306,"repo":1,"t_abs":0.002902,"t_rel":0.000162,"nesting":2,"category":"index","key":"read/version","value":"2"}
{"event":"data","sid":"20261006T103658.763722Z-Ha9d4ceab-P000077c1","thread":"main","time":"2026-10-06T10:36:58.766180Z","file":"read-cache.c","line":2308,"repo":1,"t_abs":0.002910,"t_rel":0.000170,"nesting":2,"category":"index","key":"read/cache_nr","value":"389"}
{"event":"region_leave","sid":"20261006T103658.763722Z-Ha9d4ceab-P000077c1","thread":"main","time":"2026-10-06T10:36:58.766189Z","file":"read-cache.c","line":2362,"repo":1,"t_rel":0.000180,"nesting":1,"category":"index","label":"do_read_index","msg":".git/index"}
{"event":"region_enter","sid":"20261006T103658.763377Z-Ha9d4ceab-P000077bc","thread":"main","time":"2026-10-06T10:36:58.766200Z","file":"unpack-trees.c","line":1905,"repo":1,"nesting":1,"category":"unpack_trees","label":"unpack_trees"}
{"event":"exit","sid":"20261006T103658.763465Z-Ha9d4ceab-P000077b2","thread":"main","time":"2026-10-06T10:36:58.766210Z","file":"git.c","line":747,"t_abs":0.003101,"code":0}
{"event":"atexit","sid":"20261006T103658.763465Z-Ha9d4ceab-P000077b2","thread":"main","time":"2026-10-06T10:36:58.766221Z","file":"trace2/tr2_tgt_event.c","line":207,"t_abs":0.003112,"code":0}
{"event":"region_enter","sid":"20261006T103658.763377Z-Ha9d4ceab-P000077bc","thread":"main","time":"2026-10-06T10:36:58.766397Z","file":"unpack-trees.c","line":2009,"repo":1,"nesting":2,"category":"unpack_trees","label":"traverse_trees"}
{"event":"region_enter","sid":"20261006T103658.763722Z-Ha9d4ceab-P000077c1","thread":"main","time":"2026-10-06T10:36:58.766397Z","file":"dir.c","line":3090,"repo":1,"nesting":1,"category":"dir","label":"read_directory"}
{"event":"version","sid":"20261006T103658.766249Z-Ha9d4ceab-P000077c6","thread":"main","time":"2026-10-06T10:36:58.766591Z","file":"common-init.c","line":57,"evt":"4","exe":"2.50.1 (Apple Git-155)"}
{"event":"start","sid":"20261006T103658.766249Z-Ha9d4ceab-P000077c6","thread":"main","time":"2026-10-06T10:36:58.766604Z","file":"common-init.c","line":58,"t_abs":0.000844,"argv":["/Library/Developer/CommandLineTools/usr/bin/git","-C","/var/folders/f1/2xjyyqkn5plc19fx4nt4tpt00000gn/T/flow-dperf02-TxkS4x/main","cat-file","-t","33fbfd2c9ca677261c07f9845935727ea0f757b0"]}
{"event":"def_repo","sid":"20261006T103658.766249Z-Ha9d4ceab-P000077c6","thread":"main","time":"2026-10-06T10:36:58.766858Z","file":"repository.c","line":241,"repo":1,"worktree":"/private/var/folders/f1/2xjyyqkn5plc19fx4nt4tpt00000gn/T/flow-dperf02-TxkS4x/main"}
{"event":"region_enter","sid":"20261006T103658.763722Z-Ha9d4ceab-P000077c1","thread":"main","time":"2026-10-06T10:36:58.766970Z","file":"name-hash.c","line":597,"repo":1,"nesting":2,"category":"index","label":"name-hash-init"}
{"event":"region_leave","sid":"20261006T103658.763722Z-Ha9d4ceab-P000077c1","thread":"main","time":"2026-10-06T10:36:58.767006Z","file":"name-hash.c","line":618,"repo":1,"t_rel":0.000035,"nesting":2,"category":"index","label":"name-hash-init"}
{"event":"cmd_name","sid":"20261006T103658.766249Z-Ha9d4ceab-P000077c6","thread":"main","time":"2026-10-06T10:36:58.767101Z","file":"git.c","line":477,"name":"cat-file","hierarchy":"cat-file"}
{"event":"region_leave","sid":"20261006T103658.763377Z-Ha9d4ceab-P000077bc","thread":"main","time":"2026-10-06T10:36:58.767461Z","file":"unpack-trees.c","line":2011,"repo":1,"t_rel":0.001064,"nesting":2,"category":"unpack_trees","label":"traverse_trees"}
{"event":"region_leave","sid":"20261006T103658.763377Z-Ha9d4ceab-P000077bc","thread":"main","time":"2026-10-06T10:36:58.767477Z","file":"unpack-trees.c","line":2108,"repo":1,"t_rel":0.001278,"nesting":1,"category":"unpack_trees","label":"unpack_trees"}
{"event":"exit","sid":"20261006T103658.763377Z-Ha9d4ceab-P000077bc","thread":"main","time":"2026-10-06T10:36:58.767491Z","file":"git.c","line":747,"t_abs":0.004427,"code":0}
{"event":"data_json","sid":"20261006T103658.763377Z-Ha9d4ceab-P000077bc","thread":"main","time":"2026-10-06T10:36:58.767497Z","file":"tree-walk.c","line":186,"repo":1,"t_abs":0.004433,"t_rel":0.004433,"nesting":1,"category":"traverse_trees","key":"statistics","value":{"traverse_trees_count":1,"traverse_trees_max_depth":1}}
{"event":"atexit","sid":"20261006T103658.763377Z-Ha9d4ceab-P000077bc","thread":"main","time":"2026-10-06T10:36:58.767508Z","file":"trace2/tr2_tgt_event.c","line":207,"t_abs":0.004443,"code":0}
{"event":"exit","sid":"20261006T103658.766249Z-Ha9d4ceab-P000077c6","thread":"main","time":"2026-10-06T10:36:58.768051Z","file":"git.c","line":747,"t_abs":0.002291,"code":0}
{"event":"atexit","sid":"20261006T103658.766249Z-Ha9d4ceab-P000077c6","thread":"main","time":"2026-10-06T10:36:58.768061Z","file":"trace2/tr2_tgt_event.c","line":207,"t_abs":0.002301,"code":0}
{"event":"version","sid":"20261006T103658.768454Z-Ha9d4ceab-P000077cb","thread":"main","time":"2026-10-06T10:36:58.768890Z","file":"common-init.c","line":57,"evt":"4","exe":"2.50.1 (Apple Git-155)"}
{"event":"start","sid":"20261006T103658.768454Z-Ha9d4ceab-P000077cb","thread":"main","time":"2026-10-06T10:36:58.768901Z","file":"common-init.c","line":58,"t_abs":0.000812,"argv":["/Library/Developer/CommandLineTools/usr/bin/git","-C","/var/folders/f1/2xjyyqkn5plc19fx4nt4tpt00000gn/T/flow-dperf02-TxkS4x/main","diff","--name-only","-z","--no-renames","HEAD","--"]}
{"event":"cmd_name","sid":"20261006T103658.768454Z-Ha9d4ceab-P000077cb","thread":"main","time":"2026-10-06T10:36:58.768963Z","file":"git.c","line":477,"name":"diff","hierarchy":"diff"}
{"event":"def_repo","sid":"20261006T103658.768454Z-Ha9d4ceab-P000077cb","thread":"main","time":"2026-10-06T10:36:58.769116Z","file":"repository.c","line":241,"repo":1,"worktree":"/private/var/folders/f1/2xjyyqkn5plc19fx4nt4tpt00000gn/T/flow-dperf02-TxkS4x/main"}
{"event":"region_enter","sid":"20261006T103658.768454Z-Ha9d4ceab-P000077cb","thread":"main","time":"2026-10-06T10:36:58.770489Z","file":"read-cache.c","line":2357,"repo":1,"nesting":1,"category":"index","label":"do_read_index","msg":".git/index"}
{"event":"region_enter","sid":"20261006T103658.768454Z-Ha9d4ceab-P000077cb","thread":"main","time":"2026-10-06T10:36:58.770551Z","file":"cache-tree.c","line":643,"repo":1,"nesting":2,"category":"cache_tree","label":"read"}
{"event":"region_leave","sid":"20261006T103658.768454Z-Ha9d4ceab-P000077cb","thread":"main","time":"2026-10-06T10:36:58.770578Z","file":"cache-tree.c","line":645,"repo":1,"t_rel":0.000027,"nesting":2,"category":"cache_tree","label":"read"}
{"event":"data","sid":"20261006T103658.768454Z-Ha9d4ceab-P000077cb","thread":"main","time":"2026-10-06T10:36:58.770632Z","file":"read-cache.c","line":2306,"repo":1,"t_abs":0.002543,"t_rel":0.000142,"nesting":2,"category":"index","key":"read/version","value":"2"}
{"event":"data","sid":"20261006T103658.768454Z-Ha9d4ceab-P000077cb","thread":"main","time":"2026-10-06T10:36:58.770638Z","file":"read-cache.c","line":2308,"repo":1,"t_abs":0.002550,"t_rel":0.000149,"nesting":2,"category":"index","key":"read/cache_nr","value":"389"}
{"event":"region_leave","sid":"20261006T103658.768454Z-Ha9d4ceab-P000077cb","thread":"main","time":"2026-10-06T10:36:58.770648Z","file":"read-cache.c","line":2362,"repo":1,"t_rel":0.000158,"nesting":1,"category":"index","label":"do_read_index","msg":".git/index"}
{"event":"region_enter","sid":"20261006T103658.768454Z-Ha9d4ceab-P000077cb","thread":"main","time":"2026-10-06T10:36:58.770721Z","file":"unpack-trees.c","line":1905,"repo":1,"nesting":1,"category":"unpack_trees","label":"unpack_trees"}
{"event":"region_enter","sid":"20261006T103658.768454Z-Ha9d4ceab-P000077cb","thread":"main","time":"2026-10-06T10:36:58.770920Z","file":"unpack-trees.c","line":2009,"repo":1,"nesting":2,"category":"unpack_trees","label":"traverse_trees"}
{"event":"version","sid":"20261006T103658.770896Z-Ha9d4ceab-P000077d0","thread":"main","time":"2026-10-06T10:36:58.771266Z","file":"common-init.c","line":57,"evt":"4","exe":"2.50.1 (Apple Git-155)"}
{"event":"start","sid":"20261006T103658.770896Z-Ha9d4ceab-P000077d0","thread":"main","time":"2026-10-06T10:36:58.771316Z","file":"common-init.c","line":58,"t_abs":0.000858,"argv":["/Library/Developer/CommandLineTools/usr/bin/git","-C","/var/folders/f1/2xjyyqkn5plc19fx4nt4tpt00000gn/T/flow-dperf02-TxkS4x/main","ls-files","--others","--exclude-standard","-z"]}
{"event":"def_repo","sid":"20261006T103658.770896Z-Ha9d4ceab-P000077d0","thread":"main","time":"2026-10-06T10:36:58.771573Z","file":"repository.c","line":241,"repo":1,"worktree":"/private/var/folders/f1/2xjyyqkn5plc19fx4nt4tpt00000gn/T/flow-dperf02-TxkS4x/main"}
{"event":"cmd_name","sid":"20261006T103658.770896Z-Ha9d4ceab-P000077d0","thread":"main","time":"2026-10-06T10:36:58.771848Z","file":"git.c","line":477,"name":"ls-files","hierarchy":"ls-files"}
{"event":"region_leave","sid":"20261006T103658.768454Z-Ha9d4ceab-P000077cb","thread":"main","time":"2026-10-06T10:36:58.771988Z","file":"unpack-trees.c","line":2011,"repo":1,"t_rel":0.001068,"nesting":2,"category":"unpack_trees","label":"traverse_trees"}
{"event":"region_leave","sid":"20261006T103658.768454Z-Ha9d4ceab-P000077cb","thread":"main","time":"2026-10-06T10:36:58.772020Z","file":"unpack-trees.c","line":2108,"repo":1,"t_rel":0.001299,"nesting":1,"category":"unpack_trees","label":"unpack_trees"}
{"event":"exit","sid":"20261006T103658.768454Z-Ha9d4ceab-P000077cb","thread":"main","time":"2026-10-06T10:36:58.772043Z","file":"git.c","line":747,"t_abs":0.003950,"code":0}
{"event":"data_json","sid":"20261006T103658.768454Z-Ha9d4ceab-P000077cb","thread":"main","time":"2026-10-06T10:36:58.772052Z","file":"tree-walk.c","line":186,"repo":1,"t_abs":0.003963,"t_rel":0.003963,"nesting":1,"category":"traverse_trees","key":"statistics","value":{"traverse_trees_count":1,"traverse_trees_max_depth":1}}
{"event":"atexit","sid":"20261006T103658.768454Z-Ha9d4ceab-P000077cb","thread":"main","time":"2026-10-06T10:36:58.772063Z","file":"trace2/tr2_tgt_event.c","line":207,"t_abs":0.003974,"code":0}
{"event":"region_enter","sid":"20261006T103658.770896Z-Ha9d4ceab-P000077d0","thread":"main","time":"2026-10-06T10:36:58.772118Z","file":"read-cache.c","line":2357,"repo":1,"nesting":1,"category":"index","label":"do_read_index","msg":".git/index"}
{"event":"region_enter","sid":"20261006T103658.770896Z-Ha9d4ceab-P000077d0","thread":"main","time":"2026-10-06T10:36:58.772182Z","file":"cache-tree.c","line":643,"repo":1,"nesting":2,"category":"cache_tree","label":"read"}
{"event":"region_leave","sid":"20261006T103658.770896Z-Ha9d4ceab-P000077d0","thread":"main","time":"2026-10-06T10:36:58.772209Z","file":"cache-tree.c","line":645,"repo":1,"t_rel":0.000026,"nesting":2,"category":"cache_tree","label":"read"}
{"event":"data","sid":"20261006T103658.770896Z-Ha9d4ceab-P000077d0","thread":"main","time":"2026-10-06T10:36:58.772247Z","file":"read-cache.c","line":2306,"repo":1,"t_abs":0.001790,"t_rel":0.000128,"nesting":2,"category":"index","key":"read/version","value":"2"}
{"event":"data","sid":"20261006T103658.770896Z-Ha9d4ceab-P000077d0","thread":"main","time":"2026-10-06T10:36:58.772256Z","file":"read-cache.c","line":2308,"repo":1,"t_abs":0.001800,"t_rel":0.000138,"nesting":2,"category":"index","key":"read/cache_nr","value":"389"}
{"event":"region_leave","sid":"20261006T103658.770896Z-Ha9d4ceab-P000077d0","thread":"main","time":"2026-10-06T10:36:58.772263Z","file":"read-cache.c","line":2362,"repo":1,"t_rel":0.000145,"nesting":1,"category":"index","label":"do_read_index","msg":".git/index"}
{"event":"region_enter","sid":"20261006T103658.770896Z-Ha9d4ceab-P000077d0","thread":"main","time":"2026-10-06T10:36:58.772404Z","file":"dir.c","line":3090,"repo":1,"nesting":1,"category":"dir","label":"read_directory"}
{"event":"data","sid":"20261006T103658.763722Z-Ha9d4ceab-P000077c1","thread":"main","time":"2026-10-06T10:36:58.772775Z","file":"dir.c","line":3058,"repo":1,"t_abs":0.009504,"t_rel":0.006377,"nesting":2,"category":"read_directory","key":"path","value":""}
{"event":"data","sid":"20261006T103658.763722Z-Ha9d4ceab-P000077c1","thread":"main","time":"2026-10-06T10:36:58.772789Z","file":"dir.c","line":3067,"repo":1,"t_abs":0.009518,"t_rel":0.006391,"nesting":2,"category":"read_directory","key":"directories-visited","value":"133"}
{"event":"data","sid":"20261006T103658.763722Z-Ha9d4ceab-P000077c1","thread":"main","time":"2026-10-06T10:36:58.772796Z","file":"dir.c","line":3069,"repo":1,"t_abs":0.009526,"t_rel":0.006399,"nesting":2,"category":"read_directory","key":"paths-visited","value":"522"}
{"event":"region_leave","sid":"20261006T103658.763722Z-Ha9d4ceab-P000077c1","thread":"main","time":"2026-10-06T10:36:58.772801Z","file":"dir.c","line":3113,"repo":1,"t_rel":0.006405,"nesting":1,"category":"dir","label":"read_directory"}
{"event":"exit","sid":"20261006T103658.763722Z-Ha9d4ceab-P000077c1","thread":"main","time":"2026-10-06T10:36:58.772810Z","file":"git.c","line":747,"t_abs":0.009540,"code":0}
{"event":"atexit","sid":"20261006T103658.763722Z-Ha9d4ceab-P000077c1","thread":"main","time":"2026-10-06T10:36:58.772818Z","file":"trace2/tr2_tgt_event.c","line":207,"t_abs":0.009548,"code":0}
{"event":"region_enter","sid":"20261006T103658.770896Z-Ha9d4ceab-P000077d0","thread":"main","time":"2026-10-06T10:36:58.772937Z","file":"name-hash.c","line":597,"repo":1,"nesting":2,"category":"index","label":"name-hash-init"}
{"event":"region_leave","sid":"20261006T103658.770896Z-Ha9d4ceab-P000077d0","thread":"main","time":"2026-10-06T10:36:58.772969Z","file":"name-hash.c","line":618,"repo":1,"t_rel":0.000032,"nesting":2,"category":"index","label":"name-hash-init"}
{"event":"version","sid":"20261006T103658.775319Z-Ha9d4ceab-P000077d5","thread":"main","time":"2026-10-06T10:36:58.775815Z","file":"common-init.c","line":57,"evt":"4","exe":"2.50.1 (Apple Git-155)"}
{"event":"start","sid":"20261006T103658.775319Z-Ha9d4ceab-P000077d5","thread":"main","time":"2026-10-06T10:36:58.775864Z","file":"common-init.c","line":58,"t_abs":0.000950,"argv":["/Library/Developer/CommandLineTools/usr/bin/git","-C","/var/folders/f1/2xjyyqkn5plc19fx4nt4tpt00000gn/T/flow-dperf02-TxkS4x/main","cat-file","-t","33fbfd2c9ca677261c07f9845935727ea0f757b0"]}
{"event":"def_repo","sid":"20261006T103658.775319Z-Ha9d4ceab-P000077d5","thread":"main","time":"2026-10-06T10:36:58.776464Z","file":"repository.c","line":241,"repo":1,"worktree":"/private/var/folders/f1/2xjyyqkn5plc19fx4nt4tpt00000gn/T/flow-dperf02-TxkS4x/main"}
{"event":"cmd_name","sid":"20261006T103658.775319Z-Ha9d4ceab-P000077d5","thread":"main","time":"2026-10-06T10:36:58.776722Z","file":"git.c","line":477,"name":"cat-file","hierarchy":"cat-file"}
{"event":"exit","sid":"20261006T103658.775319Z-Ha9d4ceab-P000077d5","thread":"main","time":"2026-10-06T10:36:58.777773Z","file":"git.c","line":747,"t_abs":0.002859,"code":0}
{"event":"atexit","sid":"20261006T103658.775319Z-Ha9d4ceab-P000077d5","thread":"main","time":"2026-10-06T10:36:58.777788Z","file":"trace2/tr2_tgt_event.c","line":207,"t_abs":0.002874,"code":0}
{"event":"data","sid":"20261006T103658.770896Z-Ha9d4ceab-P000077d0","thread":"main","time":"2026-10-06T10:36:58.778184Z","file":"dir.c","line":3058,"repo":1,"t_abs":0.007724,"t_rel":0.005776,"nesting":2,"category":"read_directory","key":"path","value":""}
{"event":"data","sid":"20261006T103658.770896Z-Ha9d4ceab-P000077d0","thread":"main","time":"2026-10-06T10:36:58.778196Z","file":"dir.c","line":3067,"repo":1,"t_abs":0.007739,"t_rel":0.005791,"nesting":2,"category":"read_directory","key":"directories-visited","value":"133"}
{"event":"data","sid":"20261006T103658.770896Z-Ha9d4ceab-P000077d0","thread":"main","time":"2026-10-06T10:36:58.778204Z","file":"dir.c","line":3069,"repo":1,"t_abs":0.007747,"t_rel":0.005799,"nesting":2,"category":"read_directory","key":"paths-visited","value":"522"}
{"event":"region_leave","sid":"20261006T103658.770896Z-Ha9d4ceab-P000077d0","thread":"main","time":"2026-10-06T10:36:58.778212Z","file":"dir.c","line":3113,"repo":1,"t_rel":0.005808,"nesting":1,"category":"dir","label":"read_directory"}
{"event":"exit","sid":"20261006T103658.770896Z-Ha9d4ceab-P000077d0","thread":"main","time":"2026-10-06T10:36:58.778226Z","file":"git.c","line":747,"t_abs":0.007769,"code":0}
{"event":"atexit","sid":"20261006T103658.770896Z-Ha9d4ceab-P000077d0","thread":"main","time":"2026-10-06T10:36:58.778234Z","file":"trace2/tr2_tgt_event.c","line":207,"t_abs":0.007777,"code":0}
{"event":"version","sid":"20261006T103658.778847Z-Ha9d4ceab-P000077da","thread":"main","time":"2026-10-06T10:36:58.779183Z","file":"common-init.c","line":57,"evt":"4","exe":"2.50.1 (Apple Git-155)"}
{"event":"start","sid":"20261006T103658.778847Z-Ha9d4ceab-P000077da","thread":"main","time":"2026-10-06T10:36:58.779201Z","file":"common-init.c","line":58,"t_abs":0.000672,"argv":["/Library/Developer/CommandLineTools/usr/bin/git","-C","/var/folders/f1/2xjyyqkn5plc19fx4nt4tpt00000gn/T/flow-dperf02-TxkS4x/main","diff","--name-only","-z","--no-renames","HEAD","--"]}
{"event":"cmd_name","sid":"20261006T103658.778847Z-Ha9d4ceab-P000077da","thread":"main","time":"2026-10-06T10:36:58.779265Z","file":"git.c","line":477,"name":"diff","hierarchy":"diff"}
{"event":"def_repo","sid":"20261006T103658.778847Z-Ha9d4ceab-P000077da","thread":"main","time":"2026-10-06T10:36:58.779426Z","file":"repository.c","line":241,"repo":1,"worktree":"/private/var/folders/f1/2xjyyqkn5plc19fx4nt4tpt00000gn/T/flow-dperf02-TxkS4x/main"}
{"event":"region_enter","sid":"20261006T103658.778847Z-Ha9d4ceab-P000077da","thread":"main","time":"2026-10-06T10:36:58.780798Z","file":"read-cache.c","line":2357,"repo":1,"nesting":1,"category":"index","label":"do_read_index","msg":".git/index"}
{"event":"region_enter","sid":"20261006T103658.778847Z-Ha9d4ceab-P000077da","thread":"main","time":"2026-10-06T10:36:58.780860Z","file":"cache-tree.c","line":643,"repo":1,"nesting":2,"category":"cache_tree","label":"read"}
{"event":"region_leave","sid":"20261006T103658.778847Z-Ha9d4ceab-P000077da","thread":"main","time":"2026-10-06T10:36:58.780886Z","file":"cache-tree.c","line":645,"repo":1,"t_rel":0.000026,"nesting":2,"category":"cache_tree","label":"read"}
{"event":"data","sid":"20261006T103658.778847Z-Ha9d4ceab-P000077da","thread":"main","time":"2026-10-06T10:36:58.780896Z","file":"read-cache.c","line":2306,"repo":1,"t_abs":0.002368,"t_rel":0.000099,"nesting":2,"category":"index","key":"read/version","value":"2"}
{"event":"data","sid":"20261006T103658.778847Z-Ha9d4ceab-P000077da","thread":"main","time":"2026-10-06T10:36:58.780904Z","file":"read-cache.c","line":2308,"repo":1,"t_abs":0.002376,"t_rel":0.000107,"nesting":2,"category":"index","key":"read/cache_nr","value":"389"}
{"event":"region_leave","sid":"20261006T103658.778847Z-Ha9d4ceab-P000077da","thread":"main","time":"2026-10-06T10:36:58.780915Z","file":"read-cache.c","line":2362,"repo":1,"t_rel":0.000118,"nesting":1,"category":"index","label":"do_read_index","msg":".git/index"}
{"event":"version","sid":"20261006T103658.780322Z-Ha9d4ceab-P000077df","thread":"main","time":"2026-10-06T10:36:58.781013Z","file":"common-init.c","line":57,"evt":"4","exe":"2.50.1 (Apple Git-155)"}
{"event":"region_enter","sid":"20261006T103658.778847Z-Ha9d4ceab-P000077da","thread":"main","time":"2026-10-06T10:36:58.781029Z","file":"unpack-trees.c","line":1905,"repo":1,"nesting":1,"category":"unpack_trees","label":"unpack_trees"}
{"event":"start","sid":"20261006T103658.780322Z-Ha9d4ceab-P000077df","thread":"main","time":"2026-10-06T10:36:58.781154Z","file":"common-init.c","line":58,"t_abs":0.001039,"argv":["/Library/Developer/CommandLineTools/usr/bin/git","-C","/var/folders/f1/2xjyyqkn5plc19fx4nt4tpt00000gn/T/flow-dperf02-TxkS4x/main","ls-files","--others","--exclude-standard","-z"]}
{"event":"def_repo","sid":"20261006T103658.780322Z-Ha9d4ceab-P000077df","thread":"main","time":"2026-10-06T10:36:58.781412Z","file":"repository.c","line":241,"repo":1,"worktree":"/private/var/folders/f1/2xjyyqkn5plc19fx4nt4tpt00000gn/T/flow-dperf02-TxkS4x/main"}
{"event":"region_enter","sid":"20261006T103658.778847Z-Ha9d4ceab-P000077da","thread":"main","time":"2026-10-06T10:36:58.781503Z","file":"unpack-trees.c","line":2009,"repo":1,"nesting":2,"category":"unpack_trees","label":"traverse_trees"}
{"event":"cmd_name","sid":"20261006T103658.780322Z-Ha9d4ceab-P000077df","thread":"main","time":"2026-10-06T10:36:58.781628Z","file":"git.c","line":477,"name":"ls-files","hierarchy":"ls-files"}
{"event":"region_enter","sid":"20261006T103658.780322Z-Ha9d4ceab-P000077df","thread":"main","time":"2026-10-06T10:36:58.781906Z","file":"read-cache.c","line":2357,"repo":1,"nesting":1,"category":"index","label":"do_read_index","msg":".git/index"}
{"event":"region_enter","sid":"20261006T103658.780322Z-Ha9d4ceab-P000077df","thread":"main","time":"2026-10-06T10:36:58.781966Z","file":"cache-tree.c","line":643,"repo":1,"nesting":2,"category":"cache_tree","label":"read"}
{"event":"region_leave","sid":"20261006T103658.780322Z-Ha9d4ceab-P000077df","thread":"main","time":"2026-10-06T10:36:58.781991Z","file":"cache-tree.c","line":645,"repo":1,"t_rel":0.000026,"nesting":2,"category":"cache_tree","label":"read"}
{"event":"data","sid":"20261006T103658.780322Z-Ha9d4ceab-P000077df","thread":"main","time":"2026-10-06T10:36:58.782009Z","file":"read-cache.c","line":2306,"repo":1,"t_abs":0.001994,"t_rel":0.000104,"nesting":2,"category":"index","key":"read/version","value":"2"}
{"event":"data","sid":"20261006T103658.780322Z-Ha9d4ceab-P000077df","thread":"main","time":"2026-10-06T10:36:58.782017Z","file":"read-cache.c","line":2308,"repo":1,"t_abs":0.002002,"t_rel":0.000112,"nesting":2,"category":"index","key":"read/cache_nr","value":"389"}
{"event":"region_leave","sid":"20261006T103658.780322Z-Ha9d4ceab-P000077df","thread":"main","time":"2026-10-06T10:36:58.782027Z","file":"read-cache.c","line":2362,"repo":1,"t_rel":0.000121,"nesting":1,"category":"index","label":"do_read_index","msg":".git/index"}
{"event":"region_enter","sid":"20261006T103658.780322Z-Ha9d4ceab-P000077df","thread":"main","time":"2026-10-06T10:36:58.782228Z","file":"dir.c","line":3090,"repo":1,"nesting":1,"category":"dir","label":"read_directory"}
{"event":"version","sid":"20261006T103658.781987Z-Ha9d4ceab-P000077e4","thread":"main","time":"2026-10-06T10:36:58.782498Z","file":"common-init.c","line":57,"evt":"4","exe":"2.50.1 (Apple Git-155)"}
{"event":"start","sid":"20261006T103658.781987Z-Ha9d4ceab-P000077e4","thread":"main","time":"2026-10-06T10:36:58.782519Z","file":"common-init.c","line":58,"t_abs":0.000911,"argv":["/Library/Developer/CommandLineTools/usr/bin/git","-C","/var/folders/f1/2xjyyqkn5plc19fx4nt4tpt00000gn/T/flow-dperf02-TxkS4x/main","cat-file","-t","33fbfd2c9ca677261c07f9845935727ea0f757b0"]}
{"event":"region_leave","sid":"20261006T103658.778847Z-Ha9d4ceab-P000077da","thread":"main","time":"2026-10-06T10:36:58.782752Z","file":"unpack-trees.c","line":2011,"repo":1,"t_rel":0.001255,"nesting":2,"category":"unpack_trees","label":"traverse_trees"}
{"event":"region_enter","sid":"20261006T103658.780322Z-Ha9d4ceab-P000077df","thread":"main","time":"2026-10-06T10:36:58.782783Z","file":"name-hash.c","line":597,"repo":1,"nesting":2,"category":"index","label":"name-hash-init"}
{"event":"region_leave","sid":"20261006T103658.778847Z-Ha9d4ceab-P000077da","thread":"main","time":"2026-10-06T10:36:58.782806Z","file":"unpack-trees.c","line":2108,"repo":1,"t_rel":0.001777,"nesting":1,"category":"unpack_trees","label":"unpack_trees"}
{"event":"exit","sid":"20261006T103658.778847Z-Ha9d4ceab-P000077da","thread":"main","time":"2026-10-06T10:36:58.782835Z","file":"git.c","line":747,"t_abs":0.004305,"code":0}
{"event":"def_repo","sid":"20261006T103658.781987Z-Ha9d4ceab-P000077e4","thread":"main","time":"2026-10-06T10:36:58.782834Z","file":"repository.c","line":241,"repo":1,"worktree":"/private/var/folders/f1/2xjyyqkn5plc19fx4nt4tpt00000gn/T/flow-dperf02-TxkS4x/main"}
{"event":"data_json","sid":"20261006T103658.778847Z-Ha9d4ceab-P000077da","thread":"main","time":"2026-10-06T10:36:58.782844Z","file":"tree-walk.c","line":186,"repo":1,"t_abs":0.004315,"t_rel":0.004315,"nesting":1,"category":"traverse_trees","key":"statistics","value":{"traverse_trees_count":1,"traverse_trees_max_depth":1}}
{"event":"region_leave","sid":"20261006T103658.780322Z-Ha9d4ceab-P000077df","thread":"main","time":"2026-10-06T10:36:58.782852Z","file":"name-hash.c","line":618,"repo":1,"t_rel":0.000067,"nesting":2,"category":"index","label":"name-hash-init"}
{"event":"atexit","sid":"20261006T103658.778847Z-Ha9d4ceab-P000077da","thread":"main","time":"2026-10-06T10:36:58.782856Z","file":"trace2/tr2_tgt_event.c","line":207,"t_abs":0.004327,"code":0}
{"event":"cmd_name","sid":"20261006T103658.781987Z-Ha9d4ceab-P000077e4","thread":"main","time":"2026-10-06T10:36:58.783180Z","file":"git.c","line":477,"name":"cat-file","hierarchy":"cat-file"}
{"event":"exit","sid":"20261006T103658.781987Z-Ha9d4ceab-P000077e4","thread":"main","time":"2026-10-06T10:36:58.784379Z","file":"git.c","line":747,"t_abs":0.002771,"code":0}
{"event":"atexit","sid":"20261006T103658.781987Z-Ha9d4ceab-P000077e4","thread":"main","time":"2026-10-06T10:36:58.784393Z","file":"trace2/tr2_tgt_event.c","line":207,"t_abs":0.002786,"code":0}
{"event":"version","sid":"20261006T103658.783774Z-Ha9d4ceab-P000077e9","thread":"main","time":"2026-10-06T10:36:58.784491Z","file":"common-init.c","line":57,"evt":"4","exe":"2.50.1 (Apple Git-155)"}
{"event":"start","sid":"20261006T103658.783774Z-Ha9d4ceab-P000077e9","thread":"main","time":"2026-10-06T10:36:58.784533Z","file":"common-init.c","line":58,"t_abs":0.001188,"argv":["/Library/Developer/CommandLineTools/usr/bin/git","-C","/var/folders/f1/2xjyyqkn5plc19fx4nt4tpt00000gn/T/flow-dperf02-TxkS4x/main","diff","--name-only","-z","--no-renames","HEAD","--"]}
{"event":"cmd_name","sid":"20261006T103658.783774Z-Ha9d4ceab-P000077e9","thread":"main","time":"2026-10-06T10:36:58.784684Z","file":"git.c","line":477,"name":"diff","hierarchy":"diff"}
{"event":"def_repo","sid":"20261006T103658.783774Z-Ha9d4ceab-P000077e9","thread":"main","time":"2026-10-06T10:36:58.785133Z","file":"repository.c","line":241,"repo":1,"worktree":"/private/var/folders/f1/2xjyyqkn5plc19fx4nt4tpt00000gn/T/flow-dperf02-TxkS4x/main"}
{"event":"version","sid":"20261006T103658.785879Z-Ha9d4ceab-P000077ee","thread":"main","time":"2026-10-06T10:36:58.786329Z","file":"common-init.c","line":57,"evt":"4","exe":"2.50.1 (Apple Git-155)"}
{"event":"start","sid":"20261006T103658.785879Z-Ha9d4ceab-P000077ee","thread":"main","time":"2026-10-06T10:36:58.786366Z","file":"common-init.c","line":58,"t_abs":0.000832,"argv":["/Library/Developer/CommandLineTools/usr/bin/git","-C","/var/folders/f1/2xjyyqkn5plc19fx4nt4tpt00000gn/T/flow-dperf02-TxkS4x/main","ls-files","--others","--exclude-standard","-z"]}
{"event":"def_repo","sid":"20261006T103658.785879Z-Ha9d4ceab-P000077ee","thread":"main","time":"2026-10-06T10:36:58.786893Z","file":"repository.c","line":241,"repo":1,"worktree":"/private/var/folders/f1/2xjyyqkn5plc19fx4nt4tpt00000gn/T/flow-dperf02-TxkS4x/main"}
{"event":"region_enter","sid":"20261006T103658.783774Z-Ha9d4ceab-P000077e9","thread":"main","time":"2026-10-06T10:36:58.787067Z","file":"read-cache.c","line":2357,"repo":1,"nesting":1,"category":"index","label":"do_read_index","msg":".git/index"}
{"event":"region_enter","sid":"20261006T103658.783774Z-Ha9d4ceab-P000077e9","thread":"main","time":"2026-10-06T10:36:58.787171Z","file":"cache-tree.c","line":643,"repo":1,"nesting":2,"category":"cache_tree","label":"read"}
{"event":"region_leave","sid":"20261006T103658.783774Z-Ha9d4ceab-P000077e9","thread":"main","time":"2026-10-06T10:36:58.787200Z","file":"cache-tree.c","line":645,"repo":1,"t_rel":0.000029,"nesting":2,"category":"cache_tree","label":"read"}
{"event":"data","sid":"20261006T103658.783774Z-Ha9d4ceab-P000077e9","thread":"main","time":"2026-10-06T10:36:58.787211Z","file":"read-cache.c","line":2306,"repo":1,"t_abs":0.003866,"t_rel":0.000144,"nesting":2,"category":"index","key":"read/version","value":"2"}
{"event":"data","sid":"20261006T103658.783774Z-Ha9d4ceab-P000077e9","thread":"main","time":"2026-10-06T10:36:58.787218Z","file":"read-cache.c","line":2308,"repo":1,"t_abs":0.003874,"t_rel":0.000152,"nesting":2,"category":"index","key":"read/cache_nr","value":"389"}
{"event":"region_leave","sid":"20261006T103658.783774Z-Ha9d4ceab-P000077e9","thread":"main","time":"2026-10-06T10:36:58.787226Z","file":"read-cache.c","line":2362,"repo":1,"t_rel":0.000159,"nesting":1,"category":"index","label":"do_read_index","msg":".git/index"}
{"event":"cmd_name","sid":"20261006T103658.785879Z-Ha9d4ceab-P000077ee","thread":"main","time":"2026-10-06T10:36:58.787246Z","file":"git.c","line":477,"name":"ls-files","hierarchy":"ls-files"}
{"event":"region_enter","sid":"20261006T103658.783774Z-Ha9d4ceab-P000077e9","thread":"main","time":"2026-10-06T10:36:58.787308Z","file":"unpack-trees.c","line":1905,"repo":1,"nesting":1,"category":"unpack_trees","label":"unpack_trees"}
{"event":"region_enter","sid":"20261006T103658.783774Z-Ha9d4ceab-P000077e9","thread":"main","time":"2026-10-06T10:36:58.787525Z","file":"unpack-trees.c","line":2009,"repo":1,"nesting":2,"category":"unpack_trees","label":"traverse_trees"}
{"event":"region_enter","sid":"20261006T103658.785879Z-Ha9d4ceab-P000077ee","thread":"main","time":"2026-10-06T10:36:58.787573Z","file":"read-cache.c","line":2357,"repo":1,"nesting":1,"category":"index","label":"do_read_index","msg":".git/index"}
{"event":"region_enter","sid":"20261006T103658.785879Z-Ha9d4ceab-P000077ee","thread":"main","time":"2026-10-06T10:36:58.787704Z","file":"cache-tree.c","line":643,"repo":1,"nesting":2,"category":"cache_tree","label":"read"}
{"event":"region_leave","sid":"20261006T103658.785879Z-Ha9d4ceab-P000077ee","thread":"main","time":"2026-10-06T10:36:58.787732Z","file":"cache-tree.c","line":645,"repo":1,"t_rel":0.000028,"nesting":2,"category":"cache_tree","label":"read"}
{"event":"data","sid":"20261006T103658.785879Z-Ha9d4ceab-P000077ee","thread":"main","time":"2026-10-06T10:36:58.787748Z","file":"read-cache.c","line":2306,"repo":1,"t_abs":0.002214,"t_rel":0.000174,"nesting":2,"category":"index","key":"read/version","value":"2"}
{"event":"data","sid":"20261006T103658.785879Z-Ha9d4ceab-P000077ee","thread":"main","time":"2026-10-06T10:36:58.787756Z","file":"read-cache.c","line":2308,"repo":1,"t_abs":0.002222,"t_rel":0.000182,"nesting":2,"category":"index","key":"read/cache_nr","value":"389"}
{"event":"region_leave","sid":"20261006T103658.785879Z-Ha9d4ceab-P000077ee","thread":"main","time":"2026-10-06T10:36:58.787765Z","file":"read-cache.c","line":2362,"repo":1,"t_rel":0.000192,"nesting":1,"category":"index","label":"do_read_index","msg":".git/index"}
{"event":"region_enter","sid":"20261006T103658.785879Z-Ha9d4ceab-P000077ee","thread":"main","time":"2026-10-06T10:36:58.787948Z","file":"dir.c","line":3090,"repo":1,"nesting":1,"category":"dir","label":"read_directory"}
{"event":"version","sid":"20261006T103658.787807Z-Ha9d4ceab-P000077f3","thread":"main","time":"2026-10-06T10:36:58.788352Z","file":"common-init.c","line":57,"evt":"4","exe":"2.50.1 (Apple Git-155)"}
{"event":"start","sid":"20261006T103658.787807Z-Ha9d4ceab-P000077f3","thread":"main","time":"2026-10-06T10:36:58.788387Z","file":"common-init.c","line":58,"t_abs":0.001082,"argv":["/Library/Developer/CommandLineTools/usr/bin/git","-C","/var/folders/f1/2xjyyqkn5plc19fx4nt4tpt00000gn/T/flow-dperf02-TxkS4x/main","cat-file","-t","33fbfd2c9ca677261c07f9845935727ea0f757b0"]}
{"event":"region_leave","sid":"20261006T103658.783774Z-Ha9d4ceab-P000077e9","thread":"main","time":"2026-10-06T10:36:58.788473Z","file":"unpack-trees.c","line":2011,"repo":1,"t_rel":0.000948,"nesting":2,"category":"unpack_trees","label":"traverse_trees"}
{"event":"region_leave","sid":"20261006T103658.783774Z-Ha9d4ceab-P000077e9","thread":"main","time":"2026-10-06T10:36:58.788487Z","file":"unpack-trees.c","line":2108,"repo":1,"t_rel":0.001179,"nesting":1,"category":"unpack_trees","label":"unpack_trees"}
{"event":"exit","sid":"20261006T103658.783774Z-Ha9d4ceab-P000077e9","thread":"main","time":"2026-10-06T10:36:58.788500Z","file":"git.c","line":747,"t_abs":0.005155,"code":0}
{"event":"data_json","sid":"20261006T103658.783774Z-Ha9d4ceab-P000077e9","thread":"main","time":"2026-10-06T10:36:58.788507Z","file":"tree-walk.c","line":186,"repo":1,"t_abs":0.005162,"t_rel":0.005162,"nesting":1,"category":"traverse_trees","key":"statistics","value":{"traverse_trees_count":1,"traverse_trees_max_depth":1}}
{"event":"atexit","sid":"20261006T103658.783774Z-Ha9d4ceab-P000077e9","thread":"main","time":"2026-10-06T10:36:58.788513Z","file":"trace2/tr2_tgt_event.c","line":207,"t_abs":0.005168,"code":0}
{"event":"region_enter","sid":"20261006T103658.785879Z-Ha9d4ceab-P000077ee","thread":"main","time":"2026-10-06T10:36:58.788534Z","file":"name-hash.c","line":597,"repo":1,"nesting":2,"category":"index","label":"name-hash-init"}
{"event":"region_leave","sid":"20261006T103658.785879Z-Ha9d4ceab-P000077ee","thread":"main","time":"2026-10-06T10:36:58.788569Z","file":"name-hash.c","line":618,"repo":1,"t_rel":0.000036,"nesting":2,"category":"index","label":"name-hash-init"}
{"event":"def_repo","sid":"20261006T103658.787807Z-Ha9d4ceab-P000077f3","thread":"main","time":"2026-10-06T10:36:58.788632Z","file":"repository.c","line":241,"repo":1,"worktree":"/private/var/folders/f1/2xjyyqkn5plc19fx4nt4tpt00000gn/T/flow-dperf02-TxkS4x/main"}
{"event":"cmd_name","sid":"20261006T103658.787807Z-Ha9d4ceab-P000077f3","thread":"main","time":"2026-10-06T10:36:58.789097Z","file":"git.c","line":477,"name":"cat-file","hierarchy":"cat-file"}
{"event":"data","sid":"20261006T103658.780322Z-Ha9d4ceab-P000077df","thread":"main","time":"2026-10-06T10:36:58.789786Z","file":"dir.c","line":3058,"repo":1,"t_abs":0.009766,"t_rel":0.007554,"nesting":2,"category":"read_directory","key":"path","value":""}
{"event":"data","sid":"20261006T103658.780322Z-Ha9d4ceab-P000077df","thread":"main","time":"2026-10-06T10:36:58.789803Z","file":"dir.c","line":3067,"repo":1,"t_abs":0.009787,"t_rel":0.007575,"nesting":2,"category":"read_directory","key":"directories-visited","value":"133"}
{"event":"data","sid":"20261006T103658.780322Z-Ha9d4ceab-P000077df","thread":"main","time":"2026-10-06T10:36:58.789814Z","file":"dir.c","line":3069,"repo":1,"t_abs":0.009799,"t_rel":0.007587,"nesting":2,"category":"read_directory","key":"paths-visited","value":"522"}
{"event":"region_leave","sid":"20261006T103658.780322Z-Ha9d4ceab-P000077df","thread":"main","time":"2026-10-06T10:36:58.789822Z","file":"dir.c","line":3113,"repo":1,"t_rel":0.007594,"nesting":1,"category":"dir","label":"read_directory"}
{"event":"exit","sid":"20261006T103658.780322Z-Ha9d4ceab-P000077df","thread":"main","time":"2026-10-06T10:36:58.789835Z","file":"git.c","line":747,"t_abs":0.009820,"code":0}
{"event":"atexit","sid":"20261006T103658.780322Z-Ha9d4ceab-P000077df","thread":"main","time":"2026-10-06T10:36:58.789847Z","file":"trace2/tr2_tgt_event.c","line":207,"t_abs":0.009832,"code":0}
{"event":"version","sid":"20261006T103658.789190Z-Ha9d4ceab-P000077fd","thread":"main","time":"2026-10-06T10:36:58.790118Z","file":"common-init.c","line":57,"evt":"4","exe":"2.50.1 (Apple Git-155)"}
{"event":"start","sid":"20261006T103658.789190Z-Ha9d4ceab-P000077fd","thread":"main","time":"2026-10-06T10:36:58.790164Z","file":"common-init.c","line":58,"t_abs":0.001533,"argv":["/Library/Developer/CommandLineTools/usr/bin/git","-C","/var/folders/f1/2xjyyqkn5plc19fx4nt4tpt00000gn/T/flow-dperf02-TxkS4x/main","ls-files","--others","--exclude-standard","-z"]}
{"event":"def_repo","sid":"20261006T103658.789190Z-Ha9d4ceab-P000077fd","thread":"main","time":"2026-10-06T10:36:58.790439Z","file":"repository.c","line":241,"repo":1,"worktree":"/private/var/folders/f1/2xjyyqkn5plc19fx4nt4tpt00000gn/T/flow-dperf02-TxkS4x/main"}
{"event":"exit","sid":"20261006T103658.787807Z-Ha9d4ceab-P000077f3","thread":"main","time":"2026-10-06T10:36:58.790514Z","file":"git.c","line":747,"t_abs":0.003209,"code":0}
{"event":"atexit","sid":"20261006T103658.787807Z-Ha9d4ceab-P000077f3","thread":"main","time":"2026-10-06T10:36:58.790528Z","file":"trace2/tr2_tgt_event.c","line":207,"t_abs":0.003223,"code":0}
{"event":"cmd_name","sid":"20261006T103658.789190Z-Ha9d4ceab-P000077fd","thread":"main","time":"2026-10-06T10:36:58.790698Z","file":"git.c","line":477,"name":"ls-files","hierarchy":"ls-files"}
{"event":"region_enter","sid":"20261006T103658.789190Z-Ha9d4ceab-P000077fd","thread":"main","time":"2026-10-06T10:36:58.790916Z","file":"read-cache.c","line":2357,"repo":1,"nesting":1,"category":"index","label":"do_read_index","msg":".git/index"}
{"event":"region_enter","sid":"20261006T103658.789190Z-Ha9d4ceab-P000077fd","thread":"main","time":"2026-10-06T10:36:58.791111Z","file":"cache-tree.c","line":643,"repo":1,"nesting":2,"category":"cache_tree","label":"read"}
{"event":"region_leave","sid":"20261006T103658.789190Z-Ha9d4ceab-P000077fd","thread":"main","time":"2026-10-06T10:36:58.791150Z","file":"cache-tree.c","line":645,"repo":1,"t_rel":0.000039,"nesting":2,"category":"cache_tree","label":"read"}
{"event":"data","sid":"20261006T103658.789190Z-Ha9d4ceab-P000077fd","thread":"main","time":"2026-10-06T10:36:58.791167Z","file":"read-cache.c","line":2306,"repo":1,"t_abs":0.002536,"t_rel":0.000251,"nesting":2,"category":"index","key":"read/version","value":"2"}
{"event":"data","sid":"20261006T103658.789190Z-Ha9d4ceab-P000077fd","thread":"main","time":"2026-10-06T10:36:58.791176Z","file":"read-cache.c","line":2308,"repo":1,"t_abs":0.002545,"t_rel":0.000260,"nesting":2,"category":"index","key":"read/cache_nr","value":"389"}
{"event":"region_leave","sid":"20261006T103658.789190Z-Ha9d4ceab-P000077fd","thread":"main","time":"2026-10-06T10:36:58.791184Z","file":"read-cache.c","line":2362,"repo":1,"t_rel":0.000268,"nesting":1,"category":"index","label":"do_read_index","msg":".git/index"}
{"event":"region_enter","sid":"20261006T103658.789190Z-Ha9d4ceab-P000077fd","thread":"main","time":"2026-10-06T10:36:58.791571Z","file":"dir.c","line":3090,"repo":1,"nesting":1,"category":"dir","label":"read_directory"}
{"event":"version","sid":"20261006T103658.791489Z-Ha9d4ceab-P000077f8","thread":"main","time":"2026-10-06T10:36:58.792025Z","file":"common-init.c","line":57,"evt":"4","exe":"2.50.1 (Apple Git-155)"}
{"event":"start","sid":"20261006T103658.791489Z-Ha9d4ceab-P000077f8","thread":"main","time":"2026-10-06T10:36:58.792037Z","file":"common-init.c","line":58,"t_abs":0.001127,"argv":["/Library/Developer/CommandLineTools/usr/bin/git","-C","/var/folders/f1/2xjyyqkn5plc19fx4nt4tpt00000gn/T/flow-dperf02-TxkS4x/main","diff","--name-only","-z","--no-renames","HEAD","--"]}
{"event":"cmd_name","sid":"20261006T103658.791489Z-Ha9d4ceab-P000077f8","thread":"main","time":"2026-10-06T10:36:58.792162Z","file":"git.c","line":477,"name":"diff","hierarchy":"diff"}
{"event":"region_enter","sid":"20261006T103658.789190Z-Ha9d4ceab-P000077fd","thread":"main","time":"2026-10-06T10:36:58.792277Z","file":"name-hash.c","line":597,"repo":1,"nesting":2,"category":"index","label":"name-hash-init"}
{"event":"region_leave","sid":"20261006T103658.789190Z-Ha9d4ceab-P000077fd","thread":"main","time":"2026-10-06T10:36:58.792318Z","file":"name-hash.c","line":618,"repo":1,"t_rel":0.000043,"nesting":2,"category":"index","label":"name-hash-init"}
{"event":"def_repo","sid":"20261006T103658.791489Z-Ha9d4ceab-P000077f8","thread":"main","time":"2026-10-06T10:36:58.792464Z","file":"repository.c","line":241,"repo":1,"worktree":"/private/var/folders/f1/2xjyyqkn5plc19fx4nt4tpt00000gn/T/flow-dperf02-TxkS4x/main"}
{"event":"version","sid":"20261006T103658.792116Z-Ha9d4ceab-P00007802","thread":"main","time":"2026-10-06T10:36:58.792656Z","file":"common-init.c","line":57,"evt":"4","exe":"2.50.1 (Apple Git-155)"}
{"event":"start","sid":"20261006T103658.792116Z-Ha9d4ceab-P00007802","thread":"main","time":"2026-10-06T10:36:58.792672Z","file":"common-init.c","line":58,"t_abs":0.000957,"argv":["/Library/Developer/CommandLineTools/usr/bin/git","-C","/var/folders/f1/2xjyyqkn5plc19fx4nt4tpt00000gn/T/flow-dperf02-TxkS4x/main","cat-file","-t","33fbfd2c9ca677261c07f9845935727ea0f757b0"]}
{"event":"version","sid":"20261006T103658.791767Z-Ha9d4ceab-P00007807","thread":"main","time":"2026-10-06T10:36:58.792674Z","file":"common-init.c","line":57,"evt":"4","exe":"2.50.1 (Apple Git-155)"}
{"event":"start","sid":"20261006T103658.791767Z-Ha9d4ceab-P00007807","thread":"main","time":"2026-10-06T10:36:58.792690Z","file":"common-init.c","line":58,"t_abs":0.001467,"argv":["/Library/Developer/CommandLineTools/usr/bin/git","-C","/var/folders/f1/2xjyyqkn5plc19fx4nt4tpt00000gn/T/flow-dperf02-TxkS4x/main","diff","--name-only","-z","--no-renames","HEAD","--"]}
{"event":"cmd_name","sid":"20261006T103658.791767Z-Ha9d4ceab-P00007807","thread":"main","time":"2026-10-06T10:36:58.792806Z","file":"git.c","line":477,"name":"diff","hierarchy":"diff"}
{"event":"def_repo","sid":"20261006T103658.792116Z-Ha9d4ceab-P00007802","thread":"main","time":"2026-10-06T10:36:58.793220Z","file":"repository.c","line":241,"repo":1,"worktree":"/private/var/folders/f1/2xjyyqkn5plc19fx4nt4tpt00000gn/T/flow-dperf02-TxkS4x/main"}
{"event":"def_repo","sid":"20261006T103658.791767Z-Ha9d4ceab-P00007807","thread":"main","time":"2026-10-06T10:36:58.793229Z","file":"repository.c","line":241,"repo":1,"worktree":"/private/var/folders/f1/2xjyyqkn5plc19fx4nt4tpt00000gn/T/flow-dperf02-TxkS4x/main"}
{"event":"cmd_name","sid":"20261006T103658.792116Z-Ha9d4ceab-P00007802","thread":"main","time":"2026-10-06T10:36:58.793735Z","file":"git.c","line":477,"name":"cat-file","hierarchy":"cat-file"}
{"event":"region_enter","sid":"20261006T103658.791489Z-Ha9d4ceab-P000077f8","thread":"main","time":"2026-10-06T10:36:58.794907Z","file":"read-cache.c","line":2357,"repo":1,"nesting":1,"category":"index","label":"do_read_index","msg":".git/index"}
{"event":"region_enter","sid":"20261006T103658.791489Z-Ha9d4ceab-P000077f8","thread":"main","time":"2026-10-06T10:36:58.795064Z","file":"cache-tree.c","line":643,"repo":1,"nesting":2,"category":"cache_tree","label":"read"}
{"event":"version","sid":"20261006T103658.793699Z-Ha9d4ceab-P0000780c","thread":"main","time":"2026-10-06T10:36:58.795081Z","file":"common-init.c","line":57,"evt":"4","exe":"2.50.1 (Apple Git-155)"}
{"event":"region_leave","sid":"20261006T103658.791489Z-Ha9d4ceab-P000077f8","thread":"main","time":"2026-10-06T10:36:58.795093Z","file":"cache-tree.c","line":645,"repo":1,"t_rel":0.000028,"nesting":2,"category":"cache_tree","label":"read"}
{"event":"start","sid":"20261006T103658.793699Z-Ha9d4ceab-P0000780c","thread":"main","time":"2026-10-06T10:36:58.795103Z","file":"common-init.c","line":58,"t_abs":0.002311,"argv":["/Library/Developer/CommandLineTools/usr/bin/git","-C","/var/folders/f1/2xjyyqkn5plc19fx4nt4tpt00000gn/T/flow-dperf02-TxkS4x/main","ls-files","--others","--exclude-standard","-z"]}
{"event":"exit","sid":"20261006T103658.792116Z-Ha9d4ceab-P00007802","thread":"main","time":"2026-10-06T10:36:58.795084Z","file":"git.c","line":747,"t_abs":0.003369,"code":0}
{"event":"data","sid":"20261006T103658.791489Z-Ha9d4ceab-P000077f8","thread":"main","time":"2026-10-06T10:36:58.795114Z","file":"read-cache.c","line":2306,"repo":1,"t_abs":0.004204,"t_rel":0.000208,"nesting":2,"category":"index","key":"read/version","value":"2"}
{"event":"atexit","sid":"20261006T103658.792116Z-Ha9d4ceab-P00007802","thread":"main","time":"2026-10-06T10:36:58.795128Z","file":"trace2/tr2_tgt_event.c","line":207,"t_abs":0.003412,"code":0}
{"event":"data","sid":"20261006T103658.791489Z-Ha9d4ceab-P000077f8","thread":"main","time":"2026-10-06T10:36:58.795163Z","file":"read-cache.c","line":2308,"repo":1,"t_abs":0.004254,"t_rel":0.000258,"nesting":2,"category":"index","key":"read/cache_nr","value":"389"}
{"event":"region_leave","sid":"20261006T103658.791489Z-Ha9d4ceab-P000077f8","thread":"main","time":"2026-10-06T10:36:58.795182Z","file":"read-cache.c","line":2362,"repo":1,"t_rel":0.000277,"nesting":1,"category":"index","label":"do_read_index","msg":".git/index"}
{"event":"region_enter","sid":"20261006T103658.791489Z-Ha9d4ceab-P000077f8","thread":"main","time":"2026-10-06T10:36:58.795312Z","file":"unpack-trees.c","line":1905,"repo":1,"nesting":1,"category":"unpack_trees","label":"unpack_trees"}
{"event":"region_enter","sid":"20261006T103658.791489Z-Ha9d4ceab-P000077f8","thread":"main","time":"2026-10-06T10:36:58.795600Z","file":"unpack-trees.c","line":2009,"repo":1,"nesting":2,"category":"unpack_trees","label":"traverse_trees"}
{"event":"def_repo","sid":"20261006T103658.793699Z-Ha9d4ceab-P0000780c","thread":"main","time":"2026-10-06T10:36:58.795765Z","file":"repository.c","line":241,"repo":1,"worktree":"/private/var/folders/f1/2xjyyqkn5plc19fx4nt4tpt00000gn/T/flow-dperf02-TxkS4x/main"}
{"event":"region_enter","sid":"20261006T103658.791767Z-Ha9d4ceab-P00007807","thread":"main","time":"2026-10-06T10:36:58.796039Z","file":"read-cache.c","line":2357,"repo":1,"nesting":1,"category":"index","label":"do_read_index","msg":".git/index"}
{"event":"region_enter","sid":"20261006T103658.791767Z-Ha9d4ceab-P00007807","thread":"main","time":"2026-10-06T10:36:58.796120Z","file":"cache-tree.c","line":643,"repo":1,"nesting":2,"category":"cache_tree","label":"read"}
{"event":"region_leave","sid":"20261006T103658.791767Z-Ha9d4ceab-P00007807","thread":"main","time":"2026-10-06T10:36:58.796145Z","file":"cache-tree.c","line":645,"repo":1,"t_rel":0.000025,"nesting":2,"category":"cache_tree","label":"read"}
{"event":"data","sid":"20261006T103658.791767Z-Ha9d4ceab-P00007807","thread":"main","time":"2026-10-06T10:36:58.796157Z","file":"read-cache.c","line":2306,"repo":1,"t_abs":0.004934,"t_rel":0.000118,"nesting":2,"category":"index","key":"read/version","value":"2"}
{"event":"data","sid":"20261006T103658.791767Z-Ha9d4ceab-P00007807","thread":"main","time":"2026-10-06T10:36:58.796166Z","file":"read-cache.c","line":2308,"repo":1,"t_abs":0.004943,"t_rel":0.000127,"nesting":2,"category":"index","key":"read/cache_nr","value":"389"}
{"event":"region_leave","sid":"20261006T103658.791767Z-Ha9d4ceab-P00007807","thread":"main","time":"2026-10-06T10:36:58.796171Z","file":"read-cache.c","line":2362,"repo":1,"t_rel":0.000133,"nesting":1,"category":"index","label":"do_read_index","msg":".git/index"}
{"event":"cmd_name","sid":"20261006T103658.793699Z-Ha9d4ceab-P0000780c","thread":"main","time":"2026-10-06T10:36:58.796206Z","file":"git.c","line":477,"name":"ls-files","hierarchy":"ls-files"}
{"event":"region_enter","sid":"20261006T103658.791767Z-Ha9d4ceab-P00007807","thread":"main","time":"2026-10-06T10:36:58.796293Z","file":"unpack-trees.c","line":1905,"repo":1,"nesting":1,"category":"unpack_trees","label":"unpack_trees"}
{"event":"region_enter","sid":"20261006T103658.791767Z-Ha9d4ceab-P00007807","thread":"main","time":"2026-10-06T10:36:58.796578Z","file":"unpack-trees.c","line":2009,"repo":1,"nesting":2,"category":"unpack_trees","label":"traverse_trees"}
{"event":"region_enter","sid":"20261006T103658.793699Z-Ha9d4ceab-P0000780c","thread":"main","time":"2026-10-06T10:36:58.796894Z","file":"read-cache.c","line":2357,"repo":1,"nesting":1,"category":"index","label":"do_read_index","msg":".git/index"}
{"event":"region_leave","sid":"20261006T103658.791489Z-Ha9d4ceab-P000077f8","thread":"main","time":"2026-10-06T10:36:58.797011Z","file":"unpack-trees.c","line":2011,"repo":1,"t_rel":0.001411,"nesting":2,"category":"unpack_trees","label":"traverse_trees"}
{"event":"region_enter","sid":"20261006T103658.793699Z-Ha9d4ceab-P0000780c","thread":"main","time":"2026-10-06T10:36:58.797054Z","file":"cache-tree.c","line":643,"repo":1,"nesting":2,"category":"cache_tree","label":"read"}
{"event":"region_leave","sid":"20261006T103658.791489Z-Ha9d4ceab-P000077f8","thread":"main","time":"2026-10-06T10:36:58.797068Z","file":"unpack-trees.c","line":2108,"repo":1,"t_rel":0.001758,"nesting":1,"category":"unpack_trees","label":"unpack_trees"}
{"event":"exit","sid":"20261006T103658.791489Z-Ha9d4ceab-P000077f8","thread":"main","time":"2026-10-06T10:36:58.797090Z","file":"git.c","line":747,"t_abs":0.006180,"code":0}
{"event":"region_leave","sid":"20261006T103658.793699Z-Ha9d4ceab-P0000780c","thread":"main","time":"2026-10-06T10:36:58.797091Z","file":"cache-tree.c","line":645,"repo":1,"t_rel":0.000038,"nesting":2,"category":"cache_tree","label":"read"}
{"event":"data_json","sid":"20261006T103658.791489Z-Ha9d4ceab-P000077f8","thread":"main","time":"2026-10-06T10:36:58.797099Z","file":"tree-walk.c","line":186,"repo":1,"t_abs":0.006189,"t_rel":0.006189,"nesting":1,"category":"traverse_trees","key":"statistics","value":{"traverse_trees_count":1,"traverse_trees_max_depth":1}}
{"event":"data","sid":"20261006T103658.793699Z-Ha9d4ceab-P0000780c","thread":"main","time":"2026-10-06T10:36:58.797108Z","file":"read-cache.c","line":2306,"repo":1,"t_abs":0.004316,"t_rel":0.000214,"nesting":2,"category":"index","key":"read/version","value":"2"}
{"event":"atexit","sid":"20261006T103658.791489Z-Ha9d4ceab-P000077f8","thread":"main","time":"2026-10-06T10:36:58.797115Z","file":"trace2/tr2_tgt_event.c","line":207,"t_abs":0.006206,"code":0}
{"event":"data","sid":"20261006T103658.793699Z-Ha9d4ceab-P0000780c","thread":"main","time":"2026-10-06T10:36:58.797157Z","file":"read-cache.c","line":2308,"repo":1,"t_abs":0.004364,"t_rel":0.000262,"nesting":2,"category":"index","key":"read/cache_nr","value":"389"}
{"event":"region_leave","sid":"20261006T103658.793699Z-Ha9d4ceab-P0000780c","thread":"main","time":"2026-10-06T10:36:58.797170Z","file":"read-cache.c","line":2362,"repo":1,"t_rel":0.000276,"nesting":1,"category":"index","label":"do_read_index","msg":".git/index"}
{"event":"region_enter","sid":"20261006T103658.793699Z-Ha9d4ceab-P0000780c","thread":"main","time":"2026-10-06T10:36:58.797495Z","file":"dir.c","line":3090,"repo":1,"nesting":1,"category":"dir","label":"read_directory"}
{"event":"region_leave","sid":"20261006T103658.791767Z-Ha9d4ceab-P00007807","thread":"main","time":"2026-10-06T10:36:58.797542Z","file":"unpack-trees.c","line":2011,"repo":1,"t_rel":0.000963,"nesting":2,"category":"unpack_trees","label":"traverse_trees"}
{"event":"region_leave","sid":"20261006T103658.791767Z-Ha9d4ceab-P00007807","thread":"main","time":"2026-10-06T10:36:58.797566Z","file":"unpack-trees.c","line":2108,"repo":1,"t_rel":0.001274,"nesting":1,"category":"unpack_trees","label":"unpack_trees"}
{"event":"exit","sid":"20261006T103658.791767Z-Ha9d4ceab-P00007807","thread":"main","time":"2026-10-06T10:36:58.797583Z","file":"git.c","line":747,"t_abs":0.006360,"code":0}
{"event":"data_json","sid":"20261006T103658.791767Z-Ha9d4ceab-P00007807","thread":"main","time":"2026-10-06T10:36:58.797592Z","file":"tree-walk.c","line":186,"repo":1,"t_abs":0.006369,"t_rel":0.006369,"nesting":1,"category":"traverse_trees","key":"statistics","value":{"traverse_trees_count":1,"traverse_trees_max_depth":1}}
{"event":"atexit","sid":"20261006T103658.791767Z-Ha9d4ceab-P00007807","thread":"main","time":"2026-10-06T10:36:58.797598Z","file":"trace2/tr2_tgt_event.c","line":207,"t_abs":0.006375,"code":0}
{"event":"region_enter","sid":"20261006T103658.793699Z-Ha9d4ceab-P0000780c","thread":"main","time":"2026-10-06T10:36:58.798323Z","file":"name-hash.c","line":597,"repo":1,"nesting":2,"category":"index","label":"name-hash-init"}
{"event":"region_leave","sid":"20261006T103658.793699Z-Ha9d4ceab-P0000780c","thread":"main","time":"2026-10-06T10:36:58.798362Z","file":"name-hash.c","line":618,"repo":1,"t_rel":0.000040,"nesting":2,"category":"index","label":"name-hash-init"}
{"event":"version","sid":"20261006T103658.797612Z-Ha9d4ceab-P00007811","thread":"main","time":"2026-10-06T10:36:58.798422Z","file":"common-init.c","line":57,"evt":"4","exe":"2.50.1 (Apple Git-155)"}
{"event":"data","sid":"20261006T103658.785879Z-Ha9d4ceab-P000077ee","thread":"main","time":"2026-10-06T10:36:58.798358Z","file":"dir.c","line":3058,"repo":1,"t_abs":0.012823,"t_rel":0.010408,"nesting":2,"category":"read_directory","key":"path","value":""}
{"event":"start","sid":"20261006T103658.797612Z-Ha9d4ceab-P00007811","thread":"main","time":"2026-10-06T10:36:58.798433Z","file":"common-init.c","line":58,"t_abs":0.001969,"argv":["/Library/Developer/CommandLineTools/usr/bin/git","-C","/var/folders/f1/2xjyyqkn5plc19fx4nt4tpt00000gn/T/flow-dperf02-TxkS4x/main","cat-file","-t","33fbfd2c9ca677261c07f9845935727ea0f757b0"]}
{"event":"data","sid":"20261006T103658.785879Z-Ha9d4ceab-P000077ee","thread":"main","time":"2026-10-06T10:36:58.798479Z","file":"dir.c","line":3067,"repo":1,"t_abs":0.012946,"t_rel":0.010531,"nesting":2,"category":"read_directory","key":"directories-visited","value":"133"}
{"event":"data","sid":"20261006T103658.785879Z-Ha9d4ceab-P000077ee","thread":"main","time":"2026-10-06T10:36:58.798491Z","file":"dir.c","line":3069,"repo":1,"t_abs":0.012958,"t_rel":0.010543,"nesting":2,"category":"read_directory","key":"paths-visited","value":"522"}
{"event":"region_leave","sid":"20261006T103658.785879Z-Ha9d4ceab-P000077ee","thread":"main","time":"2026-10-06T10:36:58.798498Z","file":"dir.c","line":3113,"repo":1,"t_rel":0.010549,"nesting":1,"category":"dir","label":"read_directory"}
{"event":"exit","sid":"20261006T103658.785879Z-Ha9d4ceab-P000077ee","thread":"main","time":"2026-10-06T10:36:58.798508Z","file":"git.c","line":747,"t_abs":0.012975,"code":0}
{"event":"atexit","sid":"20261006T103658.785879Z-Ha9d4ceab-P000077ee","thread":"main","time":"2026-10-06T10:36:58.798519Z","file":"trace2/tr2_tgt_event.c","line":207,"t_abs":0.012985,"code":0}
{"event":"def_repo","sid":"20261006T103658.797612Z-Ha9d4ceab-P00007811","thread":"main","time":"2026-10-06T10:36:58.799089Z","file":"repository.c","line":241,"repo":1,"worktree":"/private/var/folders/f1/2xjyyqkn5plc19fx4nt4tpt00000gn/T/flow-dperf02-TxkS4x/main"}
{"event":"version","sid":"20261006T103658.797998Z-Ha9d4ceab-P00007816","thread":"main","time":"2026-10-06T10:36:58.799111Z","file":"common-init.c","line":57,"evt":"4","exe":"2.50.1 (Apple Git-155)"}
{"event":"start","sid":"20261006T103658.797998Z-Ha9d4ceab-P00007816","thread":"main","time":"2026-10-06T10:36:58.799123Z","file":"common-init.c","line":58,"t_abs":0.001842,"argv":["/Library/Developer/CommandLineTools/usr/bin/git","-C","/var/folders/f1/2xjyyqkn5plc19fx4nt4tpt00000gn/T/flow-dperf02-TxkS4x/main","diff","--name-only","-z","--no-renames","HEAD","--"]}
{"event":"cmd_name","sid":"20261006T103658.797998Z-Ha9d4ceab-P00007816","thread":"main","time":"2026-10-06T10:36:58.799228Z","file":"git.c","line":477,"name":"diff","hierarchy":"diff"}
{"event":"def_repo","sid":"20261006T103658.797998Z-Ha9d4ceab-P00007816","thread":"main","time":"2026-10-06T10:36:58.799504Z","file":"repository.c","line":241,"repo":1,"worktree":"/private/var/folders/f1/2xjyyqkn5plc19fx4nt4tpt00000gn/T/flow-dperf02-TxkS4x/main"}
{"event":"cmd_name","sid":"20261006T103658.797612Z-Ha9d4ceab-P00007811","thread":"main","time":"2026-10-06T10:36:58.799971Z","file":"git.c","line":477,"name":"cat-file","hierarchy":"cat-file"}
{"event":"version","sid":"20261006T103658.799960Z-Ha9d4ceab-P0000781b","thread":"main","time":"2026-10-06T10:36:58.800427Z","file":"common-init.c","line":57,"evt":"4","exe":"2.50.1 (Apple Git-155)"}
{"event":"start","sid":"20261006T103658.799960Z-Ha9d4ceab-P0000781b","thread":"main","time":"2026-10-06T10:36:58.800441Z","file":"common-init.c","line":58,"t_abs":0.001290,"argv":["/Library/Developer/CommandLineTools/usr/bin/git","-C","/var/folders/f1/2xjyyqkn5plc19fx4nt4tpt00000gn/T/flow-dperf02-TxkS4x/main","ls-files","--others","--exclude-standard","-z"]}
{"event":"def_repo","sid":"20261006T103658.799960Z-Ha9d4ceab-P0000781b","thread":"main","time":"2026-10-06T10:36:58.801062Z","file":"repository.c","line":241,"repo":1,"worktree":"/private/var/folders/f1/2xjyyqkn5plc19fx4nt4tpt00000gn/T/flow-dperf02-TxkS4x/main"}
{"event":"cmd_name","sid":"20261006T103658.799960Z-Ha9d4ceab-P0000781b","thread":"main","time":"2026-10-06T10:36:58.801835Z","file":"git.c","line":477,"name":"ls-files","hierarchy":"ls-files"}
{"event":"exit","sid":"20261006T103658.797612Z-Ha9d4ceab-P00007811","thread":"main","time":"2026-10-06T10:36:58.802085Z","file":"git.c","line":747,"t_abs":0.005620,"code":0}
{"event":"atexit","sid":"20261006T103658.797612Z-Ha9d4ceab-P00007811","thread":"main","time":"2026-10-06T10:36:58.802101Z","file":"trace2/tr2_tgt_event.c","line":207,"t_abs":0.005636,"code":0}
{"event":"region_enter","sid":"20261006T103658.797998Z-Ha9d4ceab-P00007816","thread":"main","time":"2026-10-06T10:36:58.802513Z","file":"read-cache.c","line":2357,"repo":1,"nesting":1,"category":"index","label":"do_read_index","msg":".git/index"}
{"event":"region_enter","sid":"20261006T103658.799960Z-Ha9d4ceab-P0000781b","thread":"main","time":"2026-10-06T10:36:58.802658Z","file":"read-cache.c","line":2357,"repo":1,"nesting":1,"category":"index","label":"do_read_index","msg":".git/index"}
{"event":"region_enter","sid":"20261006T103658.797998Z-Ha9d4ceab-P00007816","thread":"main","time":"2026-10-06T10:36:58.802663Z","file":"cache-tree.c","line":643,"repo":1,"nesting":2,"category":"cache_tree","label":"read"}
{"event":"data","sid":"20261006T103658.789190Z-Ha9d4ceab-P000077fd","thread":"main","time":"2026-10-06T10:36:58.802693Z","file":"dir.c","line":3058,"repo":1,"t_abs":0.014058,"t_rel":0.011118,"nesting":2,"category":"read_directory","key":"path","value":""}
{"event":"region_leave","sid":"20261006T103658.797998Z-Ha9d4ceab-P00007816","thread":"main","time":"2026-10-06T10:36:58.802699Z","file":"cache-tree.c","line":645,"repo":1,"t_rel":0.000041,"nesting":2,"category":"cache_tree","label":"read"}
{"event":"region_enter","sid":"20261006T103658.799960Z-Ha9d4ceab-P0000781b","thread":"main","time":"2026-10-06T10:36:58.802719Z","file":"cache-tree.c","line":643,"repo":1,"nesting":2,"category":"cache_tree","label":"read"}
{"event":"data","sid":"20261006T103658.789190Z-Ha9d4ceab-P000077fd","thread":"main","time":"2026-10-06T10:36:58.802714Z","file":"dir.c","line":3067,"repo":1,"t_abs":0.014083,"t_rel":0.011143,"nesting":2,"category":"read_directory","key":"directories-visited","value":"133"}
{"event":"data","sid":"20261006T103658.797998Z-Ha9d4ceab-P00007816","thread":"main","time":"2026-10-06T10:36:58.802740Z","file":"read-cache.c","line":2306,"repo":1,"t_abs":0.005457,"t_rel":0.000226,"nesting":2,"category":"index","key":"read/version","value":"2"}
{"event":"data","sid":"20261006T103658.789190Z-Ha9d4ceab-P000077fd","thread":"main","time":"2026-10-06T10:36:58.802745Z","file":"dir.c","line":3069,"repo":1,"t_abs":0.014114,"t_rel":0.011174,"nesting":2,"category":"read_directory","key":"paths-visited","value":"522"}
{"event":"data","sid":"20261006T103658.797998Z-Ha9d4ceab-P00007816","thread":"main","time":"2026-10-06T10:36:58.802755Z","file":"read-cache.c","line":2308,"repo":1,"t_abs":0.005474,"t_rel":0.000243,"nesting":2,"category":"index","key":"read/cache_nr","value":"389"}
{"event":"region_leave","sid":"20261006T103658.789190Z-Ha9d4ceab-P000077fd","thread":"main","time":"2026-10-06T10:36:58.802762Z","file":"dir.c","line":3113,"repo":1,"t_rel":0.011192,"nesting":1,"category":"dir","label":"read_directory"}
{"event":"region_leave","sid":"20261006T103658.797998Z-Ha9d4ceab-P00007816","thread":"main","time":"2026-10-06T10:36:58.802773Z","file":"read-cache.c","line":2362,"repo":1,"t_rel":0.000260,"nesting":1,"category":"index","label":"do_read_index","msg":".git/index"}
{"event":"region_leave","sid":"20261006T103658.799960Z-Ha9d4ceab-P0000781b","thread":"main","time":"2026-10-06T10:36:58.802779Z","file":"cache-tree.c","line":645,"repo":1,"t_rel":0.000060,"nesting":2,"category":"cache_tree","label":"read"}
{"event":"data","sid":"20261006T103658.799960Z-Ha9d4ceab-P0000781b","thread":"main","time":"2026-10-06T10:36:58.802836Z","file":"read-cache.c","line":2306,"repo":1,"t_abs":0.003686,"t_rel":0.000179,"nesting":2,"category":"index","key":"read/version","value":"2"}
{"event":"region_enter","sid":"20261006T103658.797998Z-Ha9d4ceab-P00007816","thread":"main","time":"2026-10-06T10:36:58.802845Z","file":"unpack-trees.c","line":1905,"repo":1,"nesting":1,"category":"unpack_trees","label":"unpack_trees"}
{"event":"data","sid":"20261006T103658.799960Z-Ha9d4ceab-P0000781b","thread":"main","time":"2026-10-06T10:36:58.802850Z","file":"read-cache.c","line":2308,"repo":1,"t_abs":0.003699,"t_rel":0.000192,"nesting":2,"category":"index","key":"read/cache_nr","value":"389"}
{"event":"exit","sid":"20261006T103658.789190Z-Ha9d4ceab-P000077fd","thread":"main","time":"2026-10-06T10:36:58.802784Z","file":"git.c","line":747,"t_abs":0.014154,"code":0}
{"event":"region_leave","sid":"20261006T103658.799960Z-Ha9d4ceab-P0000781b","thread":"main","time":"2026-10-06T10:36:58.802863Z","file":"read-cache.c","line":2362,"repo":1,"t_rel":0.000206,"nesting":1,"category":"index","label":"do_read_index","msg":".git/index"}
{"event":"atexit","sid":"20261006T103658.789190Z-Ha9d4ceab-P000077fd","thread":"main","time":"2026-10-06T10:36:58.802875Z","file":"trace2/tr2_tgt_event.c","line":207,"t_abs":0.014243,"code":0}
{"event":"region_enter","sid":"20261006T103658.797998Z-Ha9d4ceab-P00007816","thread":"main","time":"2026-10-06T10:36:58.802968Z","file":"unpack-trees.c","line":2009,"repo":1,"nesting":2,"category":"unpack_trees","label":"traverse_trees"}
{"event":"region_enter","sid":"20261006T103658.799960Z-Ha9d4ceab-P0000781b","thread":"main","time":"2026-10-06T10:36:58.802996Z","file":"dir.c","line":3090,"repo":1,"nesting":1,"category":"dir","label":"read_directory"}
{"event":"version","sid":"20261006T103658.801832Z-Ha9d4ceab-P00007820","thread":"main","time":"2026-10-06T10:36:58.803199Z","file":"common-init.c","line":57,"evt":"4","exe":"2.50.1 (Apple Git-155)"}
{"event":"start","sid":"20261006T103658.801832Z-Ha9d4ceab-P00007820","thread":"main","time":"2026-10-06T10:36:58.803242Z","file":"common-init.c","line":58,"t_abs":0.002243,"argv":["/Library/Developer/CommandLineTools/usr/bin/git","-C","/var/folders/f1/2xjyyqkn5plc19fx4nt4tpt00000gn/T/flow-dperf02-TxkS4x/main","cat-file","-t","33fbfd2c9ca677261c07f9845935727ea0f757b0"]}
{"event":"region_enter","sid":"20261006T103658.799960Z-Ha9d4ceab-P0000781b","thread":"main","time":"2026-10-06T10:36:58.803548Z","file":"name-hash.c","line":597,"repo":1,"nesting":2,"category":"index","label":"name-hash-init"}
{"event":"region_leave","sid":"20261006T103658.799960Z-Ha9d4ceab-P0000781b","thread":"main","time":"2026-10-06T10:36:58.803582Z","file":"name-hash.c","line":618,"repo":1,"t_rel":0.000035,"nesting":2,"category":"index","label":"name-hash-init"}
{"event":"version","sid":"20261006T103658.803156Z-Ha9d4ceab-P00007825","thread":"main","time":"2026-10-06T10:36:58.803639Z","file":"common-init.c","line":57,"evt":"4","exe":"2.50.1 (Apple Git-155)"}
{"event":"start","sid":"20261006T103658.803156Z-Ha9d4ceab-P00007825","thread":"main","time":"2026-10-06T10:36:58.803657Z","file":"common-init.c","line":58,"t_abs":0.000827,"argv":["/Library/Developer/CommandLineTools/usr/bin/git","-C","/var/folders/f1/2xjyyqkn5plc19fx4nt4tpt00000gn/T/flow-dperf02-TxkS4x/main","diff","--name-only","-z","--no-renames","HEAD","--"]}
{"event":"def_repo","sid":"20261006T103658.801832Z-Ha9d4ceab-P00007820","thread":"main","time":"2026-10-06T10:36:58.803694Z","file":"repository.c","line":241,"repo":1,"worktree":"/private/var/folders/f1/2xjyyqkn5plc19fx4nt4tpt00000gn/T/flow-dperf02-TxkS4x/main"}
{"event":"cmd_name","sid":"20261006T103658.803156Z-Ha9d4ceab-P00007825","thread":"main","time":"2026-10-06T10:36:58.803726Z","file":"git.c","line":477,"name":"diff","hierarchy":"diff"}
{"event":"region_leave","sid":"20261006T103658.797998Z-Ha9d4ceab-P00007816","thread":"main","time":"2026-10-06T10:36:58.804104Z","file":"unpack-trees.c","line":2011,"repo":1,"t_rel":0.001135,"nesting":2,"category":"unpack_trees","label":"traverse_trees"}
{"event":"def_repo","sid":"20261006T103658.803156Z-Ha9d4ceab-P00007825","thread":"main","time":"2026-10-06T10:36:58.804118Z","file":"repository.c","line":241,"repo":1,"worktree":"/private/var/folders/f1/2xjyyqkn5plc19fx4nt4tpt00000gn/T/flow-dperf02-TxkS4x/main"}
{"event":"region_leave","sid":"20261006T103658.797998Z-Ha9d4ceab-P00007816","thread":"main","time":"2026-10-06T10:36:58.804152Z","file":"unpack-trees.c","line":2108,"repo":1,"t_rel":0.001307,"nesting":1,"category":"unpack_trees","label":"unpack_trees"}
{"event":"exit","sid":"20261006T103658.797998Z-Ha9d4ceab-P00007816","thread":"main","time":"2026-10-06T10:36:58.804167Z","file":"git.c","line":747,"t_abs":0.006886,"code":0}
{"event":"data_json","sid":"20261006T103658.797998Z-Ha9d4ceab-P00007816","thread":"main","time":"2026-10-06T10:36:58.804176Z","file":"tree-walk.c","line":186,"repo":1,"t_abs":0.006895,"t_rel":0.006895,"nesting":1,"category":"traverse_trees","key":"statistics","value":{"traverse_trees_count":1,"traverse_trees_max_depth":1}}
{"event":"atexit","sid":"20261006T103658.797998Z-Ha9d4ceab-P00007816","thread":"main","time":"2026-10-06T10:36:58.804183Z","file":"trace2/tr2_tgt_event.c","line":207,"t_abs":0.006901,"code":0}
{"event":"cmd_name","sid":"20261006T103658.801832Z-Ha9d4ceab-P00007820","thread":"main","time":"2026-10-06T10:36:58.804384Z","file":"git.c","line":477,"name":"cat-file","hierarchy":"cat-file"}
{"event":"version","sid":"20261006T103658.804348Z-Ha9d4ceab-P0000782a","thread":"main","time":"2026-10-06T10:36:58.805118Z","file":"common-init.c","line":57,"evt":"4","exe":"2.50.1 (Apple Git-155)"}
{"event":"start","sid":"20261006T103658.804348Z-Ha9d4ceab-P0000782a","thread":"main","time":"2026-10-06T10:36:58.805135Z","file":"common-init.c","line":58,"t_abs":0.001365,"argv":["/Library/Developer/CommandLineTools/usr/bin/git","-C","/var/folders/f1/2xjyyqkn5plc19fx4nt4tpt00000gn/T/flow-dperf02-TxkS4x/main","ls-files","--others","--exclude-standard","-z"]}
{"event":"exit","sid":"20261006T103658.801832Z-Ha9d4ceab-P00007820","thread":"main","time":"2026-10-06T10:36:58.805506Z","file":"git.c","line":747,"t_abs":0.004508,"code":0}
{"event":"atexit","sid":"20261006T103658.801832Z-Ha9d4ceab-P00007820","thread":"main","time":"2026-10-06T10:36:58.805518Z","file":"trace2/tr2_tgt_event.c","line":207,"t_abs":0.004521,"code":0}
{"event":"def_repo","sid":"20261006T103658.804348Z-Ha9d4ceab-P0000782a","thread":"main","time":"2026-10-06T10:36:58.805555Z","file":"repository.c","line":241,"repo":1,"worktree":"/private/var/folders/f1/2xjyyqkn5plc19fx4nt4tpt00000gn/T/flow-dperf02-TxkS4x/main"}
{"event":"cmd_name","sid":"20261006T103658.804348Z-Ha9d4ceab-P0000782a","thread":"main","time":"2026-10-06T10:36:58.805912Z","file":"git.c","line":477,"name":"ls-files","hierarchy":"ls-files"}
{"event":"region_enter","sid":"20261006T103658.803156Z-Ha9d4ceab-P00007825","thread":"main","time":"2026-10-06T10:36:58.806529Z","file":"read-cache.c","line":2357,"repo":1,"nesting":1,"category":"index","label":"do_read_index","msg":".git/index"}
{"event":"region_enter","sid":"20261006T103658.803156Z-Ha9d4ceab-P00007825","thread":"main","time":"2026-10-06T10:36:58.806633Z","file":"cache-tree.c","line":643,"repo":1,"nesting":2,"category":"cache_tree","label":"read"}
{"event":"region_leave","sid":"20261006T103658.803156Z-Ha9d4ceab-P00007825","thread":"main","time":"2026-10-06T10:36:58.806663Z","file":"cache-tree.c","line":645,"repo":1,"t_rel":0.000031,"nesting":2,"category":"cache_tree","label":"read"}
{"event":"region_enter","sid":"20261006T103658.804348Z-Ha9d4ceab-P0000782a","thread":"main","time":"2026-10-06T10:36:58.806669Z","file":"read-cache.c","line":2357,"repo":1,"nesting":1,"category":"index","label":"do_read_index","msg":".git/index"}
{"event":"data","sid":"20261006T103658.803156Z-Ha9d4ceab-P00007825","thread":"main","time":"2026-10-06T10:36:58.806679Z","file":"read-cache.c","line":2306,"repo":1,"t_abs":0.003849,"t_rel":0.000151,"nesting":2,"category":"index","key":"read/version","value":"2"}
{"event":"data","sid":"20261006T103658.803156Z-Ha9d4ceab-P00007825","thread":"main","time":"2026-10-06T10:36:58.806729Z","file":"read-cache.c","line":2308,"repo":1,"t_abs":0.003899,"t_rel":0.000201,"nesting":2,"category":"index","key":"read/cache_nr","value":"389"}
{"event":"region_leave","sid":"20261006T103658.803156Z-Ha9d4ceab-P00007825","thread":"main","time":"2026-10-06T10:36:58.806736Z","file":"read-cache.c","line":2362,"repo":1,"t_rel":0.000209,"nesting":1,"category":"index","label":"do_read_index","msg":".git/index"}
{"event":"region_enter","sid":"20261006T103658.804348Z-Ha9d4ceab-P0000782a","thread":"main","time":"2026-10-06T10:36:58.806791Z","file":"cache-tree.c","line":643,"repo":1,"nesting":2,"category":"cache_tree","label":"read"}
{"event":"region_enter","sid":"20261006T103658.803156Z-Ha9d4ceab-P00007825","thread":"main","time":"2026-10-06T10:36:58.806811Z","file":"unpack-trees.c","line":1905,"repo":1,"nesting":1,"category":"unpack_trees","label":"unpack_trees"}
{"event":"region_leave","sid":"20261006T103658.804348Z-Ha9d4ceab-P0000782a","thread":"main","time":"2026-10-06T10:36:58.806828Z","file":"cache-tree.c","line":645,"repo":1,"t_rel":0.000037,"nesting":2,"category":"cache_tree","label":"read"}
{"event":"data","sid":"20261006T103658.804348Z-Ha9d4ceab-P0000782a","thread":"main","time":"2026-10-06T10:36:58.806844Z","file":"read-cache.c","line":2306,"repo":1,"t_abs":0.003074,"t_rel":0.000176,"nesting":2,"category":"index","key":"read/version","value":"2"}
{"event":"data","sid":"20261006T103658.804348Z-Ha9d4ceab-P0000782a","thread":"main","time":"2026-10-06T10:36:58.806854Z","file":"read-cache.c","line":2308,"repo":1,"t_abs":0.003083,"t_rel":0.000185,"nesting":2,"category":"index","key":"read/cache_nr","value":"389"}
{"event":"region_leave","sid":"20261006T103658.804348Z-Ha9d4ceab-P0000782a","thread":"main","time":"2026-10-06T10:36:58.806862Z","file":"read-cache.c","line":2362,"repo":1,"t_rel":0.000194,"nesting":1,"category":"index","label":"do_read_index","msg":".git/index"}
{"event":"region_enter","sid":"20261006T103658.803156Z-Ha9d4ceab-P00007825","thread":"main","time":"2026-10-06T10:36:58.807003Z","file":"unpack-trees.c","line":2009,"repo":1,"nesting":2,"category":"unpack_trees","label":"traverse_trees"}
{"event":"data","sid":"20261006T103658.793699Z-Ha9d4ceab-P0000780c","thread":"main","time":"2026-10-06T10:36:58.807021Z","file":"dir.c","line":3058,"repo":1,"t_abs":0.014229,"t_rel":0.009526,"nesting":2,"category":"read_directory","key":"path","value":""}
{"event":"data","sid":"20261006T103658.793699Z-Ha9d4ceab-P0000780c","thread":"main","time":"2026-10-06T10:36:58.807042Z","file":"dir.c","line":3067,"repo":1,"t_abs":0.014248,"t_rel":0.009545,"nesting":2,"category":"read_directory","key":"directories-visited","value":"133"}
{"event":"data","sid":"20261006T103658.793699Z-Ha9d4ceab-P0000780c","thread":"main","time":"2026-10-06T10:36:58.807050Z","file":"dir.c","line":3069,"repo":1,"t_abs":0.014259,"t_rel":0.009556,"nesting":2,"category":"read_directory","key":"paths-visited","value":"522"}
{"event":"region_leave","sid":"20261006T103658.793699Z-Ha9d4ceab-P0000780c","thread":"main","time":"2026-10-06T10:36:58.807059Z","file":"dir.c","line":3113,"repo":1,"t_rel":0.009564,"nesting":1,"category":"dir","label":"read_directory"}
{"event":"exit","sid":"20261006T103658.793699Z-Ha9d4ceab-P0000780c","thread":"main","time":"2026-10-06T10:36:58.807072Z","file":"git.c","line":747,"t_abs":0.014281,"code":0}
{"event":"atexit","sid":"20261006T103658.793699Z-Ha9d4ceab-P0000780c","thread":"main","time":"2026-10-06T10:36:58.807083Z","file":"trace2/tr2_tgt_event.c","line":207,"t_abs":0.014292,"code":0}
{"event":"region_enter","sid":"20261006T103658.804348Z-Ha9d4ceab-P0000782a","thread":"main","time":"2026-10-06T10:36:58.807121Z","file":"dir.c","line":3090,"repo":1,"nesting":1,"category":"dir","label":"read_directory"}
{"event":"region_enter","sid":"20261006T103658.804348Z-Ha9d4ceab-P0000782a","thread":"main","time":"2026-10-06T10:36:58.807773Z","file":"name-hash.c","line":597,"repo":1,"nesting":2,"category":"index","label":"name-hash-init"}
{"event":"region_leave","sid":"20261006T103658.804348Z-Ha9d4ceab-P0000782a","thread":"main","time":"2026-10-06T10:36:58.807841Z","file":"name-hash.c","line":618,"repo":1,"t_rel":0.000068,"nesting":2,"category":"index","label":"name-hash-init"}
{"event":"region_leave","sid":"20261006T103658.803156Z-Ha9d4ceab-P00007825","thread":"main","time":"2026-10-06T10:36:58.807866Z","file":"unpack-trees.c","line":2011,"repo":1,"t_rel":0.000863,"nesting":2,"category":"unpack_trees","label":"traverse_trees"}
{"event":"region_leave","sid":"20261006T103658.803156Z-Ha9d4ceab-P00007825","thread":"main","time":"2026-10-06T10:36:58.807881Z","file":"unpack-trees.c","line":2108,"repo":1,"t_rel":0.001072,"nesting":1,"category":"unpack_trees","label":"unpack_trees"}
{"event":"exit","sid":"20261006T103658.803156Z-Ha9d4ceab-P00007825","thread":"main","time":"2026-10-06T10:36:58.807898Z","file":"git.c","line":747,"t_abs":0.005069,"code":0}
{"event":"data_json","sid":"20261006T103658.803156Z-Ha9d4ceab-P00007825","thread":"main","time":"2026-10-06T10:36:58.807909Z","file":"tree-walk.c","line":186,"repo":1,"t_abs":0.005080,"t_rel":0.005080,"nesting":1,"category":"traverse_trees","key":"statistics","value":{"traverse_trees_count":1,"traverse_trees_max_depth":1}}
{"event":"atexit","sid":"20261006T103658.803156Z-Ha9d4ceab-P00007825","thread":"main","time":"2026-10-06T10:36:58.807921Z","file":"trace2/tr2_tgt_event.c","line":207,"t_abs":0.005091,"code":0}
{"event":"version","sid":"20261006T103658.807637Z-Ha9d4ceab-P0000782f","thread":"main","time":"2026-10-06T10:36:58.808668Z","file":"common-init.c","line":57,"evt":"4","exe":"2.50.1 (Apple Git-155)"}
{"event":"start","sid":"20261006T103658.807637Z-Ha9d4ceab-P0000782f","thread":"main","time":"2026-10-06T10:36:58.808713Z","file":"common-init.c","line":58,"t_abs":0.001453,"argv":["/Library/Developer/CommandLineTools/usr/bin/git","-C","/var/folders/f1/2xjyyqkn5plc19fx4nt4tpt00000gn/T/flow-dperf02-TxkS4x/main","cat-file","-t","33fbfd2c9ca677261c07f9845935727ea0f757b0"]}
{"event":"def_repo","sid":"20261006T103658.807637Z-Ha9d4ceab-P0000782f","thread":"main","time":"2026-10-06T10:36:58.809363Z","file":"repository.c","line":241,"repo":1,"worktree":"/private/var/folders/f1/2xjyyqkn5plc19fx4nt4tpt00000gn/T/flow-dperf02-TxkS4x/main"}
{"event":"cmd_name","sid":"20261006T103658.807637Z-Ha9d4ceab-P0000782f","thread":"main","time":"2026-10-06T10:36:58.809720Z","file":"git.c","line":477,"name":"cat-file","hierarchy":"cat-file"}
{"event":"exit","sid":"20261006T103658.807637Z-Ha9d4ceab-P0000782f","thread":"main","time":"2026-10-06T10:36:58.810926Z","file":"git.c","line":747,"t_abs":0.003667,"code":0}
{"event":"atexit","sid":"20261006T103658.807637Z-Ha9d4ceab-P0000782f","thread":"main","time":"2026-10-06T10:36:58.810938Z","file":"trace2/tr2_tgt_event.c","line":207,"t_abs":0.003679,"code":0}
{"event":"data","sid":"20261006T103658.799960Z-Ha9d4ceab-P0000781b","thread":"main","time":"2026-10-06T10:36:58.811638Z","file":"dir.c","line":3058,"repo":1,"t_abs":0.012487,"t_rel":0.008641,"nesting":2,"category":"read_directory","key":"path","value":""}
{"event":"data","sid":"20261006T103658.799960Z-Ha9d4ceab-P0000781b","thread":"main","time":"2026-10-06T10:36:58.811653Z","file":"dir.c","line":3067,"repo":1,"t_abs":0.012500,"t_rel":0.008654,"nesting":2,"category":"read_directory","key":"directories-visited","value":"133"}
{"event":"data","sid":"20261006T103658.799960Z-Ha9d4ceab-P0000781b","thread":"main","time":"2026-10-06T10:36:58.811659Z","file":"dir.c","line":3069,"repo":1,"t_abs":0.012509,"t_rel":0.008663,"nesting":2,"category":"read_directory","key":"paths-visited","value":"522"}
{"event":"region_leave","sid":"20261006T103658.799960Z-Ha9d4ceab-P0000781b","thread":"main","time":"2026-10-06T10:36:58.811666Z","file":"dir.c","line":3113,"repo":1,"t_rel":0.008669,"nesting":1,"category":"dir","label":"read_directory"}
{"event":"exit","sid":"20261006T103658.799960Z-Ha9d4ceab-P0000781b","thread":"main","time":"2026-10-06T10:36:58.811675Z","file":"git.c","line":747,"t_abs":0.012525,"code":0}
{"event":"atexit","sid":"20261006T103658.799960Z-Ha9d4ceab-P0000781b","thread":"main","time":"2026-10-06T10:36:58.811683Z","file":"trace2/tr2_tgt_event.c","line":207,"t_abs":0.012533,"code":0}
{"event":"version","sid":"20261006T103658.811061Z-Ha9d4ceab-P00007834","thread":"main","time":"2026-10-06T10:36:58.811696Z","file":"common-init.c","line":57,"evt":"4","exe":"2.50.1 (Apple Git-155)"}
{"event":"start","sid":"20261006T103658.811061Z-Ha9d4ceab-P00007834","thread":"main","time":"2026-10-06T10:36:58.811769Z","file":"common-init.c","line":58,"t_abs":0.001116,"argv":["/Library/Developer/CommandLineTools/usr/bin/git","-C","/var/folders/f1/2xjyyqkn5plc19fx4nt4tpt00000gn/T/flow-dperf02-TxkS4x/main","diff","--name-only","-z","--no-renames","HEAD","--"]}
{"event":"cmd_name","sid":"20261006T103658.811061Z-Ha9d4ceab-P00007834","thread":"main","time":"2026-10-06T10:36:58.811855Z","file":"git.c","line":477,"name":"diff","hierarchy":"diff"}
{"event":"def_repo","sid":"20261006T103658.811061Z-Ha9d4ceab-P00007834","thread":"main","time":"2026-10-06T10:36:58.812022Z","file":"repository.c","line":241,"repo":1,"worktree":"/private/var/folders/f1/2xjyyqkn5plc19fx4nt4tpt00000gn/T/flow-dperf02-TxkS4x/main"}
{"event":"region_enter","sid":"20261006T103658.811061Z-Ha9d4ceab-P00007834","thread":"main","time":"2026-10-06T10:36:58.813504Z","file":"read-cache.c","line":2357,"repo":1,"nesting":1,"category":"index","label":"do_read_index","msg":".git/index"}
{"event":"region_enter","sid":"20261006T103658.811061Z-Ha9d4ceab-P00007834","thread":"main","time":"2026-10-06T10:36:58.813563Z","file":"cache-tree.c","line":643,"repo":1,"nesting":2,"category":"cache_tree","label":"read"}
{"event":"region_leave","sid":"20261006T103658.811061Z-Ha9d4ceab-P00007834","thread":"main","time":"2026-10-06T10:36:58.813589Z","file":"cache-tree.c","line":645,"repo":1,"t_rel":0.000027,"nesting":2,"category":"cache_tree","label":"read"}
{"event":"data","sid":"20261006T103658.811061Z-Ha9d4ceab-P00007834","thread":"main","time":"2026-10-06T10:36:58.813599Z","file":"read-cache.c","line":2306,"repo":1,"t_abs":0.002946,"t_rel":0.000095,"nesting":2,"category":"index","key":"read/version","value":"2"}
{"event":"data","sid":"20261006T103658.811061Z-Ha9d4ceab-P00007834","thread":"main","time":"2026-10-06T10:36:58.813606Z","file":"read-cache.c","line":2308,"repo":1,"t_abs":0.002953,"t_rel":0.000102,"nesting":2,"category":"index","key":"read/cache_nr","value":"389"}
{"event":"region_leave","sid":"20261006T103658.811061Z-Ha9d4ceab-P00007834","thread":"main","time":"2026-10-06T10:36:58.813614Z","file":"read-cache.c","line":2362,"repo":1,"t_rel":0.000111,"nesting":1,"category":"index","label":"do_read_index","msg":".git/index"}
{"event":"region_enter","sid":"20261006T103658.811061Z-Ha9d4ceab-P00007834","thread":"main","time":"2026-10-06T10:36:58.813714Z","file":"unpack-trees.c","line":1905,"repo":1,"nesting":1,"category":"unpack_trees","label":"unpack_trees"}
{"event":"region_enter","sid":"20261006T103658.811061Z-Ha9d4ceab-P00007834","thread":"main","time":"2026-10-06T10:36:58.813856Z","file":"unpack-trees.c","line":2009,"repo":1,"nesting":2,"category":"unpack_trees","label":"traverse_trees"}
{"event":"data","sid":"20261006T103658.804348Z-Ha9d4ceab-P0000782a","thread":"main","time":"2026-10-06T10:36:58.814453Z","file":"dir.c","line":3058,"repo":1,"t_abs":0.010679,"t_rel":0.007329,"nesting":2,"category":"read_directory","key":"path","value":""}
{"event":"data","sid":"20261006T103658.804348Z-Ha9d4ceab-P0000782a","thread":"main","time":"2026-10-06T10:36:58.814468Z","file":"dir.c","line":3067,"repo":1,"t_abs":0.010697,"t_rel":0.007347,"nesting":2,"category":"read_directory","key":"directories-visited","value":"133"}
{"event":"data","sid":"20261006T103658.804348Z-Ha9d4ceab-P0000782a","thread":"main","time":"2026-10-06T10:36:58.814473Z","file":"dir.c","line":3069,"repo":1,"t_abs":0.010702,"t_rel":0.007352,"nesting":2,"category":"read_directory","key":"paths-visited","value":"522"}
{"event":"region_leave","sid":"20261006T103658.804348Z-Ha9d4ceab-P0000782a","thread":"main","time":"2026-10-06T10:36:58.814477Z","file":"dir.c","line":3113,"repo":1,"t_rel":0.007357,"nesting":1,"category":"dir","label":"read_directory"}
{"event":"exit","sid":"20261006T103658.804348Z-Ha9d4ceab-P0000782a","thread":"main","time":"2026-10-06T10:36:58.814524Z","file":"git.c","line":747,"t_abs":0.010754,"code":0}
{"event":"atexit","sid":"20261006T103658.804348Z-Ha9d4ceab-P0000782a","thread":"main","time":"2026-10-06T10:36:58.814533Z","file":"trace2/tr2_tgt_event.c","line":207,"t_abs":0.010762,"code":0}
{"event":"region_leave","sid":"20261006T103658.811061Z-Ha9d4ceab-P00007834","thread":"main","time":"2026-10-06T10:36:58.814748Z","file":"unpack-trees.c","line":2011,"repo":1,"t_rel":0.000892,"nesting":2,"category":"unpack_trees","label":"traverse_trees"}
{"event":"region_leave","sid":"20261006T103658.811061Z-Ha9d4ceab-P00007834","thread":"main","time":"2026-10-06T10:36:58.814765Z","file":"unpack-trees.c","line":2108,"repo":1,"t_rel":0.001053,"nesting":1,"category":"unpack_trees","label":"unpack_trees"}
{"event":"exit","sid":"20261006T103658.811061Z-Ha9d4ceab-P00007834","thread":"main","time":"2026-10-06T10:36:58.814779Z","file":"git.c","line":747,"t_abs":0.004127,"code":0}
{"event":"data_json","sid":"20261006T103658.811061Z-Ha9d4ceab-P00007834","thread":"main","time":"2026-10-06T10:36:58.814785Z","file":"tree-walk.c","line":186,"repo":1,"t_abs":0.004133,"t_rel":0.004133,"nesting":1,"category":"traverse_trees","key":"statistics","value":{"traverse_trees_count":1,"traverse_trees_max_depth":1}}
{"event":"atexit","sid":"20261006T103658.811061Z-Ha9d4ceab-P00007834","thread":"main","time":"2026-10-06T10:36:58.814793Z","file":"trace2/tr2_tgt_event.c","line":207,"t_abs":0.004139,"code":0}
{"event":"version","sid":"20261006T103658.816185Z-Ha9d4ceab-P00007839","thread":"main","time":"2026-10-06T10:36:58.816625Z","file":"common-init.c","line":57,"evt":"4","exe":"2.50.1 (Apple Git-155)"}
{"event":"start","sid":"20261006T103658.816185Z-Ha9d4ceab-P00007839","thread":"main","time":"2026-10-06T10:36:58.816651Z","file":"common-init.c","line":58,"t_abs":0.000812,"argv":["/Library/Developer/CommandLineTools/usr/bin/git","-C","/var/folders/f1/2xjyyqkn5plc19fx4nt4tpt00000gn/T/flow-dperf02-TxkS4x/main","ls-files","--others","--exclude-standard","-z"]}
{"event":"def_repo","sid":"20261006T103658.816185Z-Ha9d4ceab-P00007839","thread":"main","time":"2026-10-06T10:36:58.816868Z","file":"repository.c","line":241,"repo":1,"worktree":"/private/var/folders/f1/2xjyyqkn5plc19fx4nt4tpt00000gn/T/flow-dperf02-TxkS4x/main"}
{"event":"cmd_name","sid":"20261006T103658.816185Z-Ha9d4ceab-P00007839","thread":"main","time":"2026-10-06T10:36:58.817104Z","file":"git.c","line":477,"name":"ls-files","hierarchy":"ls-files"}
{"event":"region_enter","sid":"20261006T103658.816185Z-Ha9d4ceab-P00007839","thread":"main","time":"2026-10-06T10:36:58.817292Z","file":"read-cache.c","line":2357,"repo":1,"nesting":1,"category":"index","label":"do_read_index","msg":".git/index"}
{"event":"region_enter","sid":"20261006T103658.816185Z-Ha9d4ceab-P00007839","thread":"main","time":"2026-10-06T10:36:58.817362Z","file":"cache-tree.c","line":643,"repo":1,"nesting":2,"category":"cache_tree","label":"read"}
{"event":"version","sid":"20261006T103658.817092Z-Ha9d4ceab-P0000783e","thread":"main","time":"2026-10-06T10:36:58.817363Z","file":"common-init.c","line":57,"evt":"4","exe":"2.50.1 (Apple Git-155)"}
{"event":"start","sid":"20261006T103658.817092Z-Ha9d4ceab-P0000783e","thread":"main","time":"2026-10-06T10:36:58.817379Z","file":"common-init.c","line":58,"t_abs":0.000614,"argv":["/Library/Developer/CommandLineTools/usr/bin/git","-C","/var/folders/f1/2xjyyqkn5plc19fx4nt4tpt00000gn/T/flow-dperf02-TxkS4x/main","cat-file","-t","33fbfd2c9ca677261c07f9845935727ea0f757b0"]}
{"event":"region_leave","sid":"20261006T103658.816185Z-Ha9d4ceab-P00007839","thread":"main","time":"2026-10-06T10:36:58.817393Z","file":"cache-tree.c","line":645,"repo":1,"t_rel":0.000031,"nesting":2,"category":"cache_tree","label":"read"}
{"event":"data","sid":"20261006T103658.816185Z-Ha9d4ceab-P00007839","thread":"main","time":"2026-10-06T10:36:58.817402Z","file":"read-cache.c","line":2306,"repo":1,"t_abs":0.001563,"t_rel":0.000110,"nesting":2,"category":"index","key":"read/version","value":"2"}
{"event":"data","sid":"20261006T103658.816185Z-Ha9d4ceab-P00007839","thread":"main","time":"2026-10-06T10:36:58.817438Z","file":"read-cache.c","line":2308,"repo":1,"t_abs":0.001600,"t_rel":0.000147,"nesting":2,"category":"index","key":"read/cache_nr","value":"389"}
{"event":"region_leave","sid":"20261006T103658.816185Z-Ha9d4ceab-P00007839","thread":"main","time":"2026-10-06T10:36:58.817449Z","file":"read-cache.c","line":2362,"repo":1,"t_rel":0.000158,"nesting":1,"category":"index","label":"do_read_index","msg":".git/index"}
{"event":"def_repo","sid":"20261006T103658.817092Z-Ha9d4ceab-P0000783e","thread":"main","time":"2026-10-06T10:36:58.817614Z","file":"repository.c","line":241,"repo":1,"worktree":"/private/var/folders/f1/2xjyyqkn5plc19fx4nt4tpt00000gn/T/flow-dperf02-TxkS4x/main"}
{"event":"region_enter","sid":"20261006T103658.816185Z-Ha9d4ceab-P00007839","thread":"main","time":"2026-10-06T10:36:58.817642Z","file":"dir.c","line":3090,"repo":1,"nesting":1,"category":"dir","label":"read_directory"}
{"event":"cmd_name","sid":"20261006T103658.817092Z-Ha9d4ceab-P0000783e","thread":"main","time":"2026-10-06T10:36:58.817842Z","file":"git.c","line":477,"name":"cat-file","hierarchy":"cat-file"}
{"event":"region_enter","sid":"20261006T103658.816185Z-Ha9d4ceab-P00007839","thread":"main","time":"2026-10-06T10:36:58.818193Z","file":"name-hash.c","line":597,"repo":1,"nesting":2,"category":"index","label":"name-hash-init"}
{"event":"region_leave","sid":"20261006T103658.816185Z-Ha9d4ceab-P00007839","thread":"main","time":"2026-10-06T10:36:58.818226Z","file":"name-hash.c","line":618,"repo":1,"t_rel":0.000032,"nesting":2,"category":"index","label":"name-hash-init"}
{"event":"exit","sid":"20261006T103658.817092Z-Ha9d4ceab-P0000783e","thread":"main","time":"2026-10-06T10:36:58.818714Z","file":"git.c","line":747,"t_abs":0.001949,"code":0}
{"event":"atexit","sid":"20261006T103658.817092Z-Ha9d4ceab-P0000783e","thread":"main","time":"2026-10-06T10:36:58.818725Z","file":"trace2/tr2_tgt_event.c","line":207,"t_abs":0.001960,"code":0}
{"event":"version","sid":"20261006T103658.822201Z-Ha9d4ceab-P00007848","thread":"main","time":"2026-10-06T10:36:58.823146Z","file":"common-init.c","line":57,"evt":"4","exe":"2.50.1 (Apple Git-155)"}
{"event":"start","sid":"20261006T103658.822201Z-Ha9d4ceab-P00007848","thread":"main","time":"2026-10-06T10:36:58.823164Z","file":"common-init.c","line":58,"t_abs":0.001441,"argv":["/Library/Developer/CommandLineTools/usr/bin/git","-C","/var/folders/f1/2xjyyqkn5plc19fx4nt4tpt00000gn/T/flow-dperf02-TxkS4x/main","ls-files","--others","--exclude-standard","-z"]}
{"event":"def_repo","sid":"20261006T103658.822201Z-Ha9d4ceab-P00007848","thread":"main","time":"2026-10-06T10:36:58.823392Z","file":"repository.c","line":241,"repo":1,"worktree":"/private/var/folders/f1/2xjyyqkn5plc19fx4nt4tpt00000gn/T/flow-dperf02-TxkS4x/main"}
{"event":"version","sid":"20261006T103658.822245Z-Ha9d4ceab-P00007843","thread":"main","time":"2026-10-06T10:36:58.823597Z","file":"common-init.c","line":57,"evt":"4","exe":"2.50.1 (Apple Git-155)"}
{"event":"cmd_name","sid":"20261006T103658.822201Z-Ha9d4ceab-P00007848","thread":"main","time":"2026-10-06T10:36:58.823611Z","file":"git.c","line":477,"name":"ls-files","hierarchy":"ls-files"}
{"event":"start","sid":"20261006T103658.822245Z-Ha9d4ceab-P00007843","thread":"main","time":"2026-10-06T10:36:58.823617Z","file":"common-init.c","line":58,"t_abs":0.001825,"argv":["/Library/Developer/CommandLineTools/usr/bin/git","-C","/var/folders/f1/2xjyyqkn5plc19fx4nt4tpt00000gn/T/flow-dperf02-TxkS4x/main","diff","--name-only","-z","--no-renames","HEAD","--"]}
{"event":"cmd_name","sid":"20261006T103658.822245Z-Ha9d4ceab-P00007843","thread":"main","time":"2026-10-06T10:36:58.823710Z","file":"git.c","line":477,"name":"diff","hierarchy":"diff"}
{"event":"region_enter","sid":"20261006T103658.822201Z-Ha9d4ceab-P00007848","thread":"main","time":"2026-10-06T10:36:58.823885Z","file":"read-cache.c","line":2357,"repo":1,"nesting":1,"category":"index","label":"do_read_index","msg":".git/index"}
{"event":"def_repo","sid":"20261006T103658.822245Z-Ha9d4ceab-P00007843","thread":"main","time":"2026-10-06T10:36:58.823984Z","file":"repository.c","line":241,"repo":1,"worktree":"/private/var/folders/f1/2xjyyqkn5plc19fx4nt4tpt00000gn/T/flow-dperf02-TxkS4x/main"}
{"event":"region_enter","sid":"20261006T103658.822201Z-Ha9d4ceab-P00007848","thread":"main","time":"2026-10-06T10:36:58.823990Z","file":"cache-tree.c","line":643,"repo":1,"nesting":2,"category":"cache_tree","label":"read"}
{"event":"region_leave","sid":"20261006T103658.822201Z-Ha9d4ceab-P00007848","thread":"main","time":"2026-10-06T10:36:58.824023Z","file":"cache-tree.c","line":645,"repo":1,"t_rel":0.000033,"nesting":2,"category":"cache_tree","label":"read"}
{"event":"data","sid":"20261006T103658.822201Z-Ha9d4ceab-P00007848","thread":"main","time":"2026-10-06T10:36:58.824032Z","file":"read-cache.c","line":2306,"repo":1,"t_abs":0.002309,"t_rel":0.000147,"nesting":2,"category":"index","key":"read/version","value":"2"}
{"event":"data","sid":"20261006T103658.822201Z-Ha9d4ceab-P00007848","thread":"main","time":"2026-10-06T10:36:58.824038Z","file":"read-cache.c","line":2308,"repo":1,"t_abs":0.002315,"t_rel":0.000153,"nesting":2,"category":"index","key":"read/cache_nr","value":"389"}
{"event":"region_leave","sid":"20261006T103658.822201Z-Ha9d4ceab-P00007848","thread":"main","time":"2026-10-06T10:36:58.824050Z","file":"read-cache.c","line":2362,"repo":1,"t_rel":0.000165,"nesting":1,"category":"index","label":"do_read_index","msg":".git/index"}
{"event":"region_enter","sid":"20261006T103658.822201Z-Ha9d4ceab-P00007848","thread":"main","time":"2026-10-06T10:36:58.824318Z","file":"dir.c","line":3090,"repo":1,"nesting":1,"category":"dir","label":"read_directory"}
{"event":"data","sid":"20261006T103658.816185Z-Ha9d4ceab-P00007839","thread":"main","time":"2026-10-06T10:36:58.824570Z","file":"dir.c","line":3058,"repo":1,"t_abs":0.008727,"t_rel":0.006924,"nesting":2,"category":"read_directory","key":"path","value":""}
{"event":"data","sid":"20261006T103658.816185Z-Ha9d4ceab-P00007839","thread":"main","time":"2026-10-06T10:36:58.824585Z","file":"dir.c","line":3067,"repo":1,"t_abs":0.008746,"t_rel":0.006943,"nesting":2,"category":"read_directory","key":"directories-visited","value":"133"}
{"event":"data","sid":"20261006T103658.816185Z-Ha9d4ceab-P00007839","thread":"main","time":"2026-10-06T10:36:58.824591Z","file":"dir.c","line":3069,"repo":1,"t_abs":0.008753,"t_rel":0.006950,"nesting":2,"category":"read_directory","key":"paths-visited","value":"522"}
{"event":"region_leave","sid":"20261006T103658.816185Z-Ha9d4ceab-P00007839","thread":"main","time":"2026-10-06T10:36:58.824599Z","file":"dir.c","line":3113,"repo":1,"t_rel":0.006958,"nesting":1,"category":"dir","label":"read_directory"}
{"event":"exit","sid":"20261006T103658.816185Z-Ha9d4ceab-P00007839","thread":"main","time":"2026-10-06T10:36:58.824615Z","file":"git.c","line":747,"t_abs":0.008777,"code":0}
{"event":"atexit","sid":"20261006T103658.816185Z-Ha9d4ceab-P00007839","thread":"main","time":"2026-10-06T10:36:58.824622Z","file":"trace2/tr2_tgt_event.c","line":207,"t_abs":0.008783,"code":0}
{"event":"region_enter","sid":"20261006T103658.822201Z-Ha9d4ceab-P00007848","thread":"main","time":"2026-10-06T10:36:58.824911Z","file":"name-hash.c","line":597,"repo":1,"nesting":2,"category":"index","label":"name-hash-init"}
{"event":"region_leave","sid":"20261006T103658.822201Z-Ha9d4ceab-P00007848","thread":"main","time":"2026-10-06T10:36:58.824946Z","file":"name-hash.c","line":618,"repo":1,"t_rel":0.000035,"nesting":2,"category":"index","label":"name-hash-init"}
{"event":"version","sid":"20261006T103658.824676Z-Ha9d4ceab-P0000784d","thread":"main","time":"2026-10-06T10:36:58.825295Z","file":"common-init.c","line":57,"evt":"4","exe":"2.50.1 (Apple Git-155)"}
{"event":"start","sid":"20261006T103658.824676Z-Ha9d4ceab-P0000784d","thread":"main","time":"2026-10-06T10:36:58.825317Z","file":"common-init.c","line":58,"t_abs":0.001150,"argv":["/Library/Developer/CommandLineTools/usr/bin/git","-C","/var/folders/f1/2xjyyqkn5plc19fx4nt4tpt00000gn/T/flow-dperf02-TxkS4x/main","cat-file","-t","33fbfd2c9ca677261c07f9845935727ea0f757b0"]}
{"event":"version","sid":"20261006T103658.824904Z-Ha9d4ceab-P00007857","thread":"main","time":"2026-10-06T10:36:58.825604Z","file":"common-init.c","line":57,"evt":"4","exe":"2.50.1 (Apple Git-155)"}
{"event":"start","sid":"20261006T103658.824904Z-Ha9d4ceab-P00007857","thread":"main","time":"2026-10-06T10:36:58.825649Z","file":"common-init.c","line":58,"t_abs":0.001200,"argv":["/Library/Developer/CommandLineTools/usr/bin/git","-C","/var/folders/f1/2xjyyqkn5plc19fx4nt4tpt00000gn/T/flow-dperf02-TxkS4x/main","ls-files","--others","--exclude-standard","-z"]}
{"event":"def_repo","sid":"20261006T103658.824676Z-Ha9d4ceab-P0000784d","thread":"main","time":"2026-10-06T10:36:58.825707Z","file":"repository.c","line":241,"repo":1,"worktree":"/private/var/folders/f1/2xjyyqkn5plc19fx4nt4tpt00000gn/T/flow-dperf02-TxkS4x/main"}
{"event":"region_enter","sid":"20261006T103658.822245Z-Ha9d4ceab-P00007843","thread":"main","time":"2026-10-06T10:36:58.825879Z","file":"read-cache.c","line":2357,"repo":1,"nesting":1,"category":"index","label":"do_read_index","msg":".git/index"}
{"event":"region_enter","sid":"20261006T103658.822245Z-Ha9d4ceab-P00007843","thread":"main","time":"2026-10-06T10:36:58.826016Z","file":"cache-tree.c","line":643,"repo":1,"nesting":2,"category":"cache_tree","label":"read"}
{"event":"region_leave","sid":"20261006T103658.822245Z-Ha9d4ceab-P00007843","thread":"main","time":"2026-10-06T10:36:58.826108Z","file":"cache-tree.c","line":645,"repo":1,"t_rel":0.000091,"nesting":2,"category":"cache_tree","label":"read"}
{"event":"data","sid":"20261006T103658.822245Z-Ha9d4ceab-P00007843","thread":"main","time":"2026-10-06T10:36:58.826160Z","file":"read-cache.c","line":2306,"repo":1,"t_abs":0.004368,"t_rel":0.000282,"nesting":2,"category":"index","key":"read/version","value":"2"}
{"event":"data","sid":"20261006T103658.822245Z-Ha9d4ceab-P00007843","thread":"main","time":"2026-10-06T10:36:58.826179Z","file":"read-cache.c","line":2308,"repo":1,"t_abs":0.004387,"t_rel":0.000301,"nesting":2,"category":"index","key":"read/cache_nr","value":"389"}
{"event":"region_leave","sid":"20261006T103658.822245Z-Ha9d4ceab-P00007843","thread":"main","time":"2026-10-06T10:36:58.826232Z","file":"read-cache.c","line":2362,"repo":1,"t_rel":0.000354,"nesting":1,"category":"index","label":"do_read_index","msg":".git/index"}
{"event":"version","sid":"20261006T103658.825204Z-Ha9d4ceab-P00007852","thread":"main","time":"2026-10-06T10:36:58.826324Z","file":"common-init.c","line":57,"evt":"4","exe":"2.50.1 (Apple Git-155)"}
{"event":"start","sid":"20261006T103658.825204Z-Ha9d4ceab-P00007852","thread":"main","time":"2026-10-06T10:36:58.826342Z","file":"common-init.c","line":58,"t_abs":0.002155,"argv":["/Library/Developer/CommandLineTools/usr/bin/git","-C","/var/folders/f1/2xjyyqkn5plc19fx4nt4tpt00000gn/T/flow-dperf02-TxkS4x/main","diff","--name-only","-z","--no-renames","HEAD","--"]}
{"event":"region_enter","sid":"20261006T103658.822245Z-Ha9d4ceab-P00007843","thread":"main","time":"2026-10-06T10:36:58.826364Z","file":"unpack-trees.c","line":1905,"repo":1,"nesting":1,"category":"unpack_trees","label":"unpack_trees"}
{"event":"def_repo","sid":"20261006T103658.824904Z-Ha9d4ceab-P00007857","thread":"main","time":"2026-10-06T10:36:58.826447Z","file":"repository.c","line":241,"repo":1,"worktree":"/private/var/folders/f1/2xjyyqkn5plc19fx4nt4tpt00000gn/T/flow-dperf02-TxkS4x/main"}
{"event":"cmd_name","sid":"20261006T103658.825204Z-Ha9d4ceab-P00007852","thread":"main","time":"2026-10-06T10:36:58.826531Z","file":"git.c","line":477,"name":"diff","hierarchy":"diff"}
{"event":"cmd_name","sid":"20261006T103658.824676Z-Ha9d4ceab-P0000784d","thread":"main","time":"2026-10-06T10:36:58.826527Z","file":"git.c","line":477,"name":"cat-file","hierarchy":"cat-file"}
{"event":"region_enter","sid":"20261006T103658.822245Z-Ha9d4ceab-P00007843","thread":"main","time":"2026-10-06T10:36:58.827032Z","file":"unpack-trees.c","line":2009,"repo":1,"nesting":2,"category":"unpack_trees","label":"traverse_trees"}
{"event":"def_repo","sid":"20261006T103658.825204Z-Ha9d4ceab-P00007852","thread":"main","time":"2026-10-06T10:36:58.827234Z","file":"repository.c","line":241,"repo":1,"worktree":"/private/var/folders/f1/2xjyyqkn5plc19fx4nt4tpt00000gn/T/flow-dperf02-TxkS4x/main"}
{"event":"cmd_name","sid":"20261006T103658.824904Z-Ha9d4ceab-P00007857","thread":"main","time":"2026-10-06T10:36:58.827269Z","file":"git.c","line":477,"name":"ls-files","hierarchy":"ls-files"}
{"event":"region_enter","sid":"20261006T103658.824904Z-Ha9d4ceab-P00007857","thread":"main","time":"2026-10-06T10:36:58.827680Z","file":"read-cache.c","line":2357,"repo":1,"nesting":1,"category":"index","label":"do_read_index","msg":".git/index"}
{"event":"region_enter","sid":"20261006T103658.824904Z-Ha9d4ceab-P00007857","thread":"main","time":"2026-10-06T10:36:58.827836Z","file":"cache-tree.c","line":643,"repo":1,"nesting":2,"category":"cache_tree","label":"read"}
{"event":"region_leave","sid":"20261006T103658.824904Z-Ha9d4ceab-P00007857","thread":"main","time":"2026-10-06T10:36:58.827863Z","file":"cache-tree.c","line":645,"repo":1,"t_rel":0.000025,"nesting":2,"category":"cache_tree","label":"read"}
{"event":"data","sid":"20261006T103658.824904Z-Ha9d4ceab-P00007857","thread":"main","time":"2026-10-06T10:36:58.827876Z","file":"read-cache.c","line":2306,"repo":1,"t_abs":0.003429,"t_rel":0.000197,"nesting":2,"category":"index","key":"read/version","value":"2"}
{"event":"data","sid":"20261006T103658.824904Z-Ha9d4ceab-P00007857","thread":"main","time":"2026-10-06T10:36:58.827883Z","file":"read-cache.c","line":2308,"repo":1,"t_abs":0.003435,"t_rel":0.000203,"nesting":2,"category":"index","key":"read/cache_nr","value":"389"}
{"event":"region_leave","sid":"20261006T103658.824904Z-Ha9d4ceab-P00007857","thread":"main","time":"2026-10-06T10:36:58.827891Z","file":"read-cache.c","line":2362,"repo":1,"t_rel":0.000212,"nesting":1,"category":"index","label":"do_read_index","msg":".git/index"}
{"event":"region_enter","sid":"20261006T103658.824904Z-Ha9d4ceab-P00007857","thread":"main","time":"2026-10-06T10:36:58.828092Z","file":"dir.c","line":3090,"repo":1,"nesting":1,"category":"dir","label":"read_directory"}
{"event":"region_leave","sid":"20261006T103658.822245Z-Ha9d4ceab-P00007843","thread":"main","time":"2026-10-06T10:36:58.828494Z","file":"unpack-trees.c","line":2011,"repo":1,"t_rel":0.001465,"nesting":2,"category":"unpack_trees","label":"traverse_trees"}
{"event":"region_leave","sid":"20261006T103658.822245Z-Ha9d4ceab-P00007843","thread":"main","time":"2026-10-06T10:36:58.828508Z","file":"unpack-trees.c","line":2108,"repo":1,"t_rel":0.002144,"nesting":1,"category":"unpack_trees","label":"unpack_trees"}
{"event":"exit","sid":"20261006T103658.822245Z-Ha9d4ceab-P00007843","thread":"main","time":"2026-10-06T10:36:58.828531Z","file":"git.c","line":747,"t_abs":0.006738,"code":0}
{"event":"data_json","sid":"20261006T103658.822245Z-Ha9d4ceab-P00007843","thread":"main","time":"2026-10-06T10:36:58.828541Z","file":"tree-walk.c","line":186,"repo":1,"t_abs":0.006749,"t_rel":0.006749,"nesting":1,"category":"traverse_trees","key":"statistics","value":{"traverse_trees_count":1,"traverse_trees_max_depth":1}}
{"event":"atexit","sid":"20261006T103658.822245Z-Ha9d4ceab-P00007843","thread":"main","time":"2026-10-06T10:36:58.828548Z","file":"trace2/tr2_tgt_event.c","line":207,"t_abs":0.006756,"code":0}
{"event":"exit","sid":"20261006T103658.824676Z-Ha9d4ceab-P0000784d","thread":"main","time":"2026-10-06T10:36:58.828672Z","file":"git.c","line":747,"t_abs":0.004505,"code":0}
{"event":"atexit","sid":"20261006T103658.824676Z-Ha9d4ceab-P0000784d","thread":"main","time":"2026-10-06T10:36:58.828690Z","file":"trace2/tr2_tgt_event.c","line":207,"t_abs":0.004523,"code":0}
{"event":"region_enter","sid":"20261006T103658.824904Z-Ha9d4ceab-P00007857","thread":"main","time":"2026-10-06T10:36:58.828695Z","file":"name-hash.c","line":597,"repo":1,"nesting":2,"category":"index","label":"name-hash-init"}
{"event":"region_leave","sid":"20261006T103658.824904Z-Ha9d4ceab-P00007857","thread":"main","time":"2026-10-06T10:36:58.828732Z","file":"name-hash.c","line":618,"repo":1,"t_rel":0.000037,"nesting":2,"category":"index","label":"name-hash-init"}
{"event":"region_enter","sid":"20261006T103658.825204Z-Ha9d4ceab-P00007852","thread":"main","time":"2026-10-06T10:36:58.830321Z","file":"read-cache.c","line":2357,"repo":1,"nesting":1,"category":"index","label":"do_read_index","msg":".git/index"}
{"event":"region_enter","sid":"20261006T103658.825204Z-Ha9d4ceab-P00007852","thread":"main","time":"2026-10-06T10:36:58.830397Z","file":"cache-tree.c","line":643,"repo":1,"nesting":2,"category":"cache_tree","label":"read"}
{"event":"region_leave","sid":"20261006T103658.825204Z-Ha9d4ceab-P00007852","thread":"main","time":"2026-10-06T10:36:58.830421Z","file":"cache-tree.c","line":645,"repo":1,"t_rel":0.000025,"nesting":2,"category":"cache_tree","label":"read"}
{"event":"data","sid":"20261006T103658.825204Z-Ha9d4ceab-P00007852","thread":"main","time":"2026-10-06T10:36:58.830436Z","file":"read-cache.c","line":2306,"repo":1,"t_abs":0.006249,"t_rel":0.000115,"nesting":2,"category":"index","key":"read/version","value":"2"}
{"event":"data","sid":"20261006T103658.825204Z-Ha9d4ceab-P00007852","thread":"main","time":"2026-10-06T10:36:58.830443Z","file":"read-cache.c","line":2308,"repo":1,"t_abs":0.006257,"t_rel":0.000123,"nesting":2,"category":"index","key":"read/cache_nr","value":"389"}
{"event":"region_leave","sid":"20261006T103658.825204Z-Ha9d4ceab-P00007852","thread":"main","time":"2026-10-06T10:36:58.830451Z","file":"read-cache.c","line":2362,"repo":1,"t_rel":0.000131,"nesting":1,"category":"index","label":"do_read_index","msg":".git/index"}
{"event":"region_enter","sid":"20261006T103658.825204Z-Ha9d4ceab-P00007852","thread":"main","time":"2026-10-06T10:36:58.830549Z","file":"unpack-trees.c","line":1905,"repo":1,"nesting":1,"category":"unpack_trees","label":"unpack_trees"}
{"event":"region_enter","sid":"20261006T103658.825204Z-Ha9d4ceab-P00007852","thread":"main","time":"2026-10-06T10:36:58.830844Z","file":"unpack-trees.c","line":2009,"repo":1,"nesting":2,"category":"unpack_trees","label":"traverse_trees"}
{"event":"version","sid":"20261006T103658.830923Z-Ha9d4ceab-P0000785c","thread":"main","time":"2026-10-06T10:36:58.831490Z","file":"common-init.c","line":57,"evt":"4","exe":"2.50.1 (Apple Git-155)"}
{"event":"start","sid":"20261006T103658.830923Z-Ha9d4ceab-P0000785c","thread":"main","time":"2026-10-06T10:36:58.831502Z","file":"common-init.c","line":58,"t_abs":0.001164,"argv":["/Library/Developer/CommandLineTools/usr/bin/git","-C","/var/folders/f1/2xjyyqkn5plc19fx4nt4tpt00000gn/T/flow-dperf02-TxkS4x/main","cat-file","-t","33fbfd2c9ca677261c07f9845935727ea0f757b0"]}
{"event":"region_leave","sid":"20261006T103658.825204Z-Ha9d4ceab-P00007852","thread":"main","time":"2026-10-06T10:36:58.831774Z","file":"unpack-trees.c","line":2011,"repo":1,"t_rel":0.000930,"nesting":2,"category":"unpack_trees","label":"traverse_trees"}
{"event":"def_repo","sid":"20261006T103658.830923Z-Ha9d4ceab-P0000785c","thread":"main","time":"2026-10-06T10:36:58.831791Z","file":"repository.c","line":241,"repo":1,"worktree":"/private/var/folders/f1/2xjyyqkn5plc19fx4nt4tpt00000gn/T/flow-dperf02-TxkS4x/main"}
{"event":"region_leave","sid":"20261006T103658.825204Z-Ha9d4ceab-P00007852","thread":"main","time":"2026-10-06T10:36:58.831791Z","file":"unpack-trees.c","line":2108,"repo":1,"t_rel":0.001243,"nesting":1,"category":"unpack_trees","label":"unpack_trees"}
{"event":"exit","sid":"20261006T103658.825204Z-Ha9d4ceab-P00007852","thread":"main","time":"2026-10-06T10:36:58.831813Z","file":"git.c","line":747,"t_abs":0.007627,"code":0}
{"event":"data_json","sid":"20261006T103658.825204Z-Ha9d4ceab-P00007852","thread":"main","time":"2026-10-06T10:36:58.831820Z","file":"tree-walk.c","line":186,"repo":1,"t_abs":0.007634,"t_rel":0.007634,"nesting":1,"category":"traverse_trees","key":"statistics","value":{"traverse_trees_count":1,"traverse_trees_max_depth":1}}
{"event":"atexit","sid":"20261006T103658.825204Z-Ha9d4ceab-P00007852","thread":"main","time":"2026-10-06T10:36:58.831828Z","file":"trace2/tr2_tgt_event.c","line":207,"t_abs":0.007641,"code":0}
{"event":"cmd_name","sid":"20261006T103658.830923Z-Ha9d4ceab-P0000785c","thread":"main","time":"2026-10-06T10:36:58.832092Z","file":"git.c","line":477,"name":"cat-file","hierarchy":"cat-file"}
{"event":"exit","sid":"20261006T103658.830923Z-Ha9d4ceab-P0000785c","thread":"main","time":"2026-10-06T10:36:58.833946Z","file":"git.c","line":747,"t_abs":0.003607,"code":0}
{"event":"atexit","sid":"20261006T103658.830923Z-Ha9d4ceab-P0000785c","thread":"main","time":"2026-10-06T10:36:58.833963Z","file":"trace2/tr2_tgt_event.c","line":207,"t_abs":0.003624,"code":0}
{"event":"data","sid":"20261006T103658.822201Z-Ha9d4ceab-P00007848","thread":"main","time":"2026-10-06T10:36:58.834923Z","file":"dir.c","line":3058,"repo":1,"t_abs":0.013196,"t_rel":0.010601,"nesting":2,"category":"read_directory","key":"path","value":""}
{"event":"data","sid":"20261006T103658.822201Z-Ha9d4ceab-P00007848","thread":"main","time":"2026-10-06T10:36:58.834941Z","file":"dir.c","line":3067,"repo":1,"t_abs":0.013219,"t_rel":0.010624,"nesting":2,"category":"read_directory","key":"directories-visited","value":"133"}
{"event":"data","sid":"20261006T103658.822201Z-Ha9d4ceab-P00007848","thread":"main","time":"2026-10-06T10:36:58.834949Z","file":"dir.c","line":3069,"repo":1,"t_abs":0.013227,"t_rel":0.010632,"nesting":2,"category":"read_directory","key":"paths-visited","value":"522"}
{"event":"region_leave","sid":"20261006T103658.822201Z-Ha9d4ceab-P00007848","thread":"main","time":"2026-10-06T10:36:58.834958Z","file":"dir.c","line":3113,"repo":1,"t_rel":0.010640,"nesting":1,"category":"dir","label":"read_directory"}
{"event":"exit","sid":"20261006T103658.822201Z-Ha9d4ceab-P00007848","thread":"main","time":"2026-10-06T10:36:58.834972Z","file":"git.c","line":747,"t_abs":0.013250,"code":0}
{"event":"atexit","sid":"20261006T103658.822201Z-Ha9d4ceab-P00007848","thread":"main","time":"2026-10-06T10:36:58.834982Z","file":"trace2/tr2_tgt_event.c","line":207,"t_abs":0.013259,"code":0}
{"event":"version","sid":"20261006T103658.834503Z-Ha9d4ceab-P0000786b","thread":"main","time":"2026-10-06T10:36:58.835161Z","file":"common-init.c","line":57,"evt":"4","exe":"2.50.1 (Apple Git-155)"}
{"event":"start","sid":"20261006T103658.834503Z-Ha9d4ceab-P0000786b","thread":"main","time":"2026-10-06T10:36:58.835206Z","file":"common-init.c","line":58,"t_abs":0.001250,"argv":["/Library/Developer/CommandLineTools/usr/bin/git","-C","/var/folders/f1/2xjyyqkn5plc19fx4nt4tpt00000gn/T/flow-dperf02-TxkS4x/main","cat-file","-t","33fbfd2c9ca677261c07f9845935727ea0f757b0"]}
{"event":"version","sid":"20261006T103658.834759Z-Ha9d4ceab-P00007861","thread":"main","time":"2026-10-06T10:36:58.835699Z","file":"common-init.c","line":57,"evt":"4","exe":"2.50.1 (Apple Git-155)"}
{"event":"start","sid":"20261006T103658.834759Z-Ha9d4ceab-P00007861","thread":"main","time":"2026-10-06T10:36:58.835750Z","file":"common-init.c","line":58,"t_abs":0.001542,"argv":["/Library/Developer/CommandLineTools/usr/bin/git","-C","/var/folders/f1/2xjyyqkn5plc19fx4nt4tpt00000gn/T/flow-dperf02-TxkS4x/main","diff","--name-only","-z","--no-renames","HEAD","--"]}
{"event":"def_repo","sid":"20261006T103658.834503Z-Ha9d4ceab-P0000786b","thread":"main","time":"2026-10-06T10:36:58.835908Z","file":"repository.c","line":241,"repo":1,"worktree":"/private/var/folders/f1/2xjyyqkn5plc19fx4nt4tpt00000gn/T/flow-dperf02-TxkS4x/main"}
{"event":"cmd_name","sid":"20261006T103658.834759Z-Ha9d4ceab-P00007861","thread":"main","time":"2026-10-06T10:36:58.835934Z","file":"git.c","line":477,"name":"diff","hierarchy":"diff"}
{"event":"def_repo","sid":"20261006T103658.834759Z-Ha9d4ceab-P00007861","thread":"main","time":"2026-10-06T10:36:58.836189Z","file":"repository.c","line":241,"repo":1,"worktree":"/private/var/folders/f1/2xjyyqkn5plc19fx4nt4tpt00000gn/T/flow-dperf02-TxkS4x/main"}
{"event":"version","sid":"20261006T103658.835297Z-Ha9d4ceab-P00007866","thread":"main","time":"2026-10-06T10:36:58.836322Z","file":"common-init.c","line":57,"evt":"4","exe":"2.50.1 (Apple Git-155)"}
{"event":"start","sid":"20261006T103658.835297Z-Ha9d4ceab-P00007866","thread":"main","time":"2026-10-06T10:36:58.836424Z","file":"common-init.c","line":58,"t_abs":0.001531,"argv":["/Library/Developer/CommandLineTools/usr/bin/git","-C","/var/folders/f1/2xjyyqkn5plc19fx4nt4tpt00000gn/T/flow-dperf02-TxkS4x/main","ls-files","--others","--exclude-standard","-z"]}
{"event":"cmd_name","sid":"20261006T103658.834503Z-Ha9d4ceab-P0000786b","thread":"main","time":"2026-10-06T10:36:58.836335Z","file":"git.c","line":477,"name":"cat-file","hierarchy":"cat-file"}
{"event":"data","sid":"20261006T103658.824904Z-Ha9d4ceab-P00007857","thread":"main","time":"2026-10-06T10:36:58.836677Z","file":"dir.c","line":3058,"repo":1,"t_abs":0.012229,"t_rel":0.008584,"nesting":2,"category":"read_directory","key":"path","value":""}
{"event":"data","sid":"20261006T103658.824904Z-Ha9d4ceab-P00007857","thread":"main","time":"2026-10-06T10:36:58.836701Z","file":"dir.c","line":3067,"repo":1,"t_abs":0.012250,"t_rel":0.008605,"nesting":2,"category":"read_directory","key":"directories-visited","value":"133"}
{"event":"data","sid":"20261006T103658.824904Z-Ha9d4ceab-P00007857","thread":"main","time":"2026-10-06T10:36:58.836709Z","file":"dir.c","line":3069,"repo":1,"t_abs":0.012262,"t_rel":0.008617,"nesting":2,"category":"read_directory","key":"paths-visited","value":"522"}
{"event":"region_leave","sid":"20261006T103658.824904Z-Ha9d4ceab-P00007857","thread":"main","time":"2026-10-06T10:36:58.836714Z","file":"dir.c","line":3113,"repo":1,"t_rel":0.008622,"nesting":1,"category":"dir","label":"read_directory"}
{"event":"exit","sid":"20261006T103658.824904Z-Ha9d4ceab-P00007857","thread":"main","time":"2026-10-06T10:36:58.836724Z","file":"git.c","line":747,"t_abs":0.012276,"code":0}
{"event":"atexit","sid":"20261006T103658.824904Z-Ha9d4ceab-P00007857","thread":"main","time":"2026-10-06T10:36:58.836730Z","file":"trace2/tr2_tgt_event.c","line":207,"t_abs":0.012283,"code":0}
{"event":"def_repo","sid":"20261006T103658.835297Z-Ha9d4ceab-P00007866","thread":"main","time":"2026-10-06T10:36:58.836962Z","file":"repository.c","line":241,"repo":1,"worktree":"/private/var/folders/f1/2xjyyqkn5plc19fx4nt4tpt00000gn/T/flow-dperf02-TxkS4x/main"}
{"event":"cmd_name","sid":"20261006T103658.835297Z-Ha9d4ceab-P00007866","thread":"main","time":"2026-10-06T10:36:58.837261Z","file":"git.c","line":477,"name":"ls-files","hierarchy":"ls-files"}
{"event":"region_enter","sid":"20261006T103658.835297Z-Ha9d4ceab-P00007866","thread":"main","time":"2026-10-06T10:36:58.837506Z","file":"read-cache.c","line":2357,"repo":1,"nesting":1,"category":"index","label":"do_read_index","msg":".git/index"}
{"event":"region_enter","sid":"20261006T103658.835297Z-Ha9d4ceab-P00007866","thread":"main","time":"2026-10-06T10:36:58.837570Z","file":"cache-tree.c","line":643,"repo":1,"nesting":2,"category":"cache_tree","label":"read"}
{"event":"region_leave","sid":"20261006T103658.835297Z-Ha9d4ceab-P00007866","thread":"main","time":"2026-10-06T10:36:58.837597Z","file":"cache-tree.c","line":645,"repo":1,"t_rel":0.000026,"nesting":2,"category":"cache_tree","label":"read"}
{"event":"data","sid":"20261006T103658.835297Z-Ha9d4ceab-P00007866","thread":"main","time":"2026-10-06T10:36:58.837624Z","file":"read-cache.c","line":2306,"repo":1,"t_abs":0.002731,"t_rel":0.000118,"nesting":2,"category":"index","key":"read/version","value":"2"}
{"event":"data","sid":"20261006T103658.835297Z-Ha9d4ceab-P00007866","thread":"main","time":"2026-10-06T10:36:58.837630Z","file":"read-cache.c","line":2308,"repo":1,"t_abs":0.002738,"t_rel":0.000125,"nesting":2,"category":"index","key":"read/cache_nr","value":"389"}
{"event":"region_leave","sid":"20261006T103658.835297Z-Ha9d4ceab-P00007866","thread":"main","time":"2026-10-06T10:36:58.837638Z","file":"read-cache.c","line":2362,"repo":1,"t_rel":0.000133,"nesting":1,"category":"index","label":"do_read_index","msg":".git/index"}
{"event":"exit","sid":"20261006T103658.834503Z-Ha9d4ceab-P0000786b","thread":"main","time":"2026-10-06T10:36:58.837672Z","file":"git.c","line":747,"t_abs":0.003716,"code":0}
{"event":"atexit","sid":"20261006T103658.834503Z-Ha9d4ceab-P0000786b","thread":"main","time":"2026-10-06T10:36:58.837720Z","file":"trace2/tr2_tgt_event.c","line":207,"t_abs":0.003764,"code":0}
{"event":"version","sid":"20261006T103658.837130Z-Ha9d4ceab-P00007870","thread":"main","time":"2026-10-06T10:36:58.837725Z","file":"common-init.c","line":57,"evt":"4","exe":"2.50.1 (Apple Git-155)"}
{"event":"start","sid":"20261006T103658.837130Z-Ha9d4ceab-P00007870","thread":"main","time":"2026-10-06T10:36:58.837736Z","file":"common-init.c","line":58,"t_abs":0.001138,"argv":["/Library/Developer/CommandLineTools/usr/bin/git","-C","/var/folders/f1/2xjyyqkn5plc19fx4nt4tpt00000gn/T/flow-dperf02-TxkS4x/main","diff","--name-only","-z","--no-renames","HEAD","--"]}
{"event":"cmd_name","sid":"20261006T103658.837130Z-Ha9d4ceab-P00007870","thread":"main","time":"2026-10-06T10:36:58.837864Z","file":"git.c","line":477,"name":"diff","hierarchy":"diff"}
{"event":"region_enter","sid":"20261006T103658.835297Z-Ha9d4ceab-P00007866","thread":"main","time":"2026-10-06T10:36:58.837884Z","file":"dir.c","line":3090,"repo":1,"nesting":1,"category":"dir","label":"read_directory"}
{"event":"region_enter","sid":"20261006T103658.834759Z-Ha9d4ceab-P00007861","thread":"main","time":"2026-10-06T10:36:58.837930Z","file":"read-cache.c","line":2357,"repo":1,"nesting":1,"category":"index","label":"do_read_index","msg":".git/index"}
{"event":"region_enter","sid":"20261006T103658.834759Z-Ha9d4ceab-P00007861","thread":"main","time":"2026-10-06T10:36:58.837983Z","file":"cache-tree.c","line":643,"repo":1,"nesting":2,"category":"cache_tree","label":"read"}
{"event":"region_leave","sid":"20261006T103658.834759Z-Ha9d4ceab-P00007861","thread":"main","time":"2026-10-06T10:36:58.838008Z","file":"cache-tree.c","line":645,"repo":1,"t_rel":0.000025,"nesting":2,"category":"cache_tree","label":"read"}
{"event":"def_repo","sid":"20261006T103658.837130Z-Ha9d4ceab-P00007870","thread":"main","time":"2026-10-06T10:36:58.838018Z","file":"repository.c","line":241,"repo":1,"worktree":"/private/var/folders/f1/2xjyyqkn5plc19fx4nt4tpt00000gn/T/flow-dperf02-TxkS4x/main"}
{"event":"data","sid":"20261006T103658.834759Z-Ha9d4ceab-P00007861","thread":"main","time":"2026-10-06T10:36:58.838018Z","file":"read-cache.c","line":2306,"repo":1,"t_abs":0.003811,"t_rel":0.000088,"nesting":2,"category":"index","key":"read/version","value":"2"}
{"event":"data","sid":"20261006T103658.834759Z-Ha9d4ceab-P00007861","thread":"main","time":"2026-10-06T10:36:58.838036Z","file":"read-cache.c","line":2308,"repo":1,"t_abs":0.003828,"t_rel":0.000105,"nesting":2,"category":"index","key":"read/cache_nr","value":"389"}
{"event":"region_leave","sid":"20261006T103658.834759Z-Ha9d4ceab-P00007861","thread":"main","time":"2026-10-06T10:36:58.838046Z","file":"read-cache.c","line":2362,"repo":1,"t_rel":0.000116,"nesting":1,"category":"index","label":"do_read_index","msg":".git/index"}
{"event":"region_enter","sid":"20261006T103658.834759Z-Ha9d4ceab-P00007861","thread":"main","time":"2026-10-06T10:36:58.838113Z","file":"unpack-trees.c","line":1905,"repo":1,"nesting":1,"category":"unpack_trees","label":"unpack_trees"}
{"event":"region_enter","sid":"20261006T103658.834759Z-Ha9d4ceab-P00007861","thread":"main","time":"2026-10-06T10:36:58.838252Z","file":"unpack-trees.c","line":2009,"repo":1,"nesting":2,"category":"unpack_trees","label":"traverse_trees"}
{"event":"region_enter","sid":"20261006T103658.835297Z-Ha9d4ceab-P00007866","thread":"main","time":"2026-10-06T10:36:58.838512Z","file":"name-hash.c","line":597,"repo":1,"nesting":2,"category":"index","label":"name-hash-init"}
{"event":"region_leave","sid":"20261006T103658.835297Z-Ha9d4ceab-P00007866","thread":"main","time":"2026-10-06T10:36:58.838554Z","file":"name-hash.c","line":618,"repo":1,"t_rel":0.000044,"nesting":2,"category":"index","label":"name-hash-init"}
{"event":"version","sid":"20261006T103658.838156Z-Ha9d4ceab-P00007875","thread":"main","time":"2026-10-06T10:36:58.838597Z","file":"common-init.c","line":57,"evt":"4","exe":"2.50.1 (Apple Git-155)"}
{"event":"start","sid":"20261006T103658.838156Z-Ha9d4ceab-P00007875","thread":"main","time":"2026-10-06T10:36:58.838608Z","file":"common-init.c","line":58,"t_abs":0.000847,"argv":["/Library/Developer/CommandLineTools/usr/bin/git","-C","/var/folders/f1/2xjyyqkn5plc19fx4nt4tpt00000gn/T/flow-dperf02-TxkS4x/main","ls-files","--others","--exclude-standard","-z"]}
{"event":"def_repo","sid":"20261006T103658.838156Z-Ha9d4ceab-P00007875","thread":"main","time":"2026-10-06T10:36:58.838879Z","file":"repository.c","line":241,"repo":1,"worktree":"/private/var/folders/f1/2xjyyqkn5plc19fx4nt4tpt00000gn/T/flow-dperf02-TxkS4x/main"}
{"event":"cmd_name","sid":"20261006T103658.838156Z-Ha9d4ceab-P00007875","thread":"main","time":"2026-10-06T10:36:58.839131Z","file":"git.c","line":477,"name":"ls-files","hierarchy":"ls-files"}
{"event":"region_leave","sid":"20261006T103658.834759Z-Ha9d4ceab-P00007861","thread":"main","time":"2026-10-06T10:36:58.839205Z","file":"unpack-trees.c","line":2011,"repo":1,"t_rel":0.000953,"nesting":2,"category":"unpack_trees","label":"traverse_trees"}
{"event":"region_leave","sid":"20261006T103658.834759Z-Ha9d4ceab-P00007861","thread":"main","time":"2026-10-06T10:36:58.839220Z","file":"unpack-trees.c","line":2108,"repo":1,"t_rel":0.001108,"nesting":1,"category":"unpack_trees","label":"unpack_trees"}
{"event":"exit","sid":"20261006T103658.834759Z-Ha9d4ceab-P00007861","thread":"main","time":"2026-10-06T10:36:58.839233Z","file":"git.c","line":747,"t_abs":0.005026,"code":0}
{"event":"data_json","sid":"20261006T103658.834759Z-Ha9d4ceab-P00007861","thread":"main","time":"2026-10-06T10:36:58.839239Z","file":"tree-walk.c","line":186,"repo":1,"t_abs":0.005033,"t_rel":0.005033,"nesting":1,"category":"traverse_trees","key":"statistics","value":{"traverse_trees_count":1,"traverse_trees_max_depth":1}}
{"event":"atexit","sid":"20261006T103658.834759Z-Ha9d4ceab-P00007861","thread":"main","time":"2026-10-06T10:36:58.839247Z","file":"trace2/tr2_tgt_event.c","line":207,"t_abs":0.005040,"code":0}
{"event":"region_enter","sid":"20261006T103658.838156Z-Ha9d4ceab-P00007875","thread":"main","time":"2026-10-06T10:36:58.839491Z","file":"read-cache.c","line":2357,"repo":1,"nesting":1,"category":"index","label":"do_read_index","msg":".git/index"}
{"event":"region_enter","sid":"20261006T103658.838156Z-Ha9d4ceab-P00007875","thread":"main","time":"2026-10-06T10:36:58.839548Z","file":"cache-tree.c","line":643,"repo":1,"nesting":2,"category":"cache_tree","label":"read"}
{"event":"region_leave","sid":"20261006T103658.838156Z-Ha9d4ceab-P00007875","thread":"main","time":"2026-10-06T10:36:58.839575Z","file":"cache-tree.c","line":645,"repo":1,"t_rel":0.000027,"nesting":2,"category":"cache_tree","label":"read"}
{"event":"data","sid":"20261006T103658.838156Z-Ha9d4ceab-P00007875","thread":"main","time":"2026-10-06T10:36:58.839584Z","file":"read-cache.c","line":2306,"repo":1,"t_abs":0.001823,"t_rel":0.000094,"nesting":2,"category":"index","key":"read/version","value":"2"}
{"event":"region_enter","sid":"20261006T103658.837130Z-Ha9d4ceab-P00007870","thread":"main","time":"2026-10-06T10:36:58.839589Z","file":"read-cache.c","line":2357,"repo":1,"nesting":1,"category":"index","label":"do_read_index","msg":".git/index"}
{"event":"data","sid":"20261006T103658.838156Z-Ha9d4ceab-P00007875","thread":"main","time":"2026-10-06T10:36:58.839594Z","file":"read-cache.c","line":2308,"repo":1,"t_abs":0.001832,"t_rel":0.000103,"nesting":2,"category":"index","key":"read/cache_nr","value":"389"}
{"event":"region_leave","sid":"20261006T103658.838156Z-Ha9d4ceab-P00007875","thread":"main","time":"2026-10-06T10:36:58.839602Z","file":"read-cache.c","line":2362,"repo":1,"t_rel":0.000112,"nesting":1,"category":"index","label":"do_read_index","msg":".git/index"}
{"event":"region_enter","sid":"20261006T103658.837130Z-Ha9d4ceab-P00007870","thread":"main","time":"2026-10-06T10:36:58.839635Z","file":"cache-tree.c","line":643,"repo":1,"nesting":2,"category":"cache_tree","label":"read"}
{"event":"region_leave","sid":"20261006T103658.837130Z-Ha9d4ceab-P00007870","thread":"main","time":"2026-10-06T10:36:58.839661Z","file":"cache-tree.c","line":645,"repo":1,"t_rel":0.000026,"nesting":2,"category":"cache_tree","label":"read"}
{"event":"data","sid":"20261006T103658.837130Z-Ha9d4ceab-P00007870","thread":"main","time":"2026-10-06T10:36:58.839695Z","file":"read-cache.c","line":2306,"repo":1,"t_abs":0.003098,"t_rel":0.000107,"nesting":2,"category":"index","key":"read/version","value":"2"}
{"event":"data","sid":"20261006T103658.837130Z-Ha9d4ceab-P00007870","thread":"main","time":"2026-10-06T10:36:58.839701Z","file":"read-cache.c","line":2308,"repo":1,"t_abs":0.003104,"t_rel":0.000113,"nesting":2,"category":"index","key":"read/cache_nr","value":"389"}
{"event":"region_leave","sid":"20261006T103658.837130Z-Ha9d4ceab-P00007870","thread":"main","time":"2026-10-06T10:36:58.839708Z","file":"read-cache.c","line":2362,"repo":1,"t_rel":0.000119,"nesting":1,"category":"index","label":"do_read_index","msg":".git/index"}
{"event":"region_enter","sid":"20261006T103658.838156Z-Ha9d4ceab-P00007875","thread":"main","time":"2026-10-06T10:36:58.839736Z","file":"dir.c","line":3090,"repo":1,"nesting":1,"category":"dir","label":"read_directory"}
{"event":"region_enter","sid":"20261006T103658.837130Z-Ha9d4ceab-P00007870","thread":"main","time":"2026-10-06T10:36:58.839766Z","file":"unpack-trees.c","line":1905,"repo":1,"nesting":1,"category":"unpack_trees","label":"unpack_trees"}
{"event":"region_enter","sid":"20261006T103658.837130Z-Ha9d4ceab-P00007870","thread":"main","time":"2026-10-06T10:36:58.839870Z","file":"unpack-trees.c","line":2009,"repo":1,"nesting":2,"category":"unpack_trees","label":"traverse_trees"}
{"event":"version","sid":"20261006T103658.839394Z-Ha9d4ceab-P0000787a","thread":"main","time":"2026-10-06T10:36:58.839975Z","file":"common-init.c","line":57,"evt":"4","exe":"2.50.1 (Apple Git-155)"}
{"event":"start","sid":"20261006T103658.839394Z-Ha9d4ceab-P0000787a","thread":"main","time":"2026-10-06T10:36:58.840016Z","file":"common-init.c","line":58,"t_abs":0.001090,"argv":["/Library/Developer/CommandLineTools/usr/bin/git","-C","/var/folders/f1/2xjyyqkn5plc19fx4nt4tpt00000gn/T/flow-dperf02-TxkS4x/main","cat-file","-t","33fbfd2c9ca677261c07f9845935727ea0f757b0"]}
{"event":"region_enter","sid":"20261006T103658.838156Z-Ha9d4ceab-P00007875","thread":"main","time":"2026-10-06T10:36:58.840263Z","file":"name-hash.c","line":597,"repo":1,"nesting":2,"category":"index","label":"name-hash-init"}
{"event":"region_leave","sid":"20261006T103658.838156Z-Ha9d4ceab-P00007875","thread":"main","time":"2026-10-06T10:36:58.840299Z","file":"name-hash.c","line":618,"repo":1,"t_rel":0.000035,"nesting":2,"category":"index","label":"name-hash-init"}
{"event":"def_repo","sid":"20261006T103658.839394Z-Ha9d4ceab-P0000787a","thread":"main","time":"2026-10-06T10:36:58.840369Z","file":"repository.c","line":241,"repo":1,"worktree":"/private/var/folders/f1/2xjyyqkn5plc19fx4nt4tpt00000gn/T/flow-dperf02-TxkS4x/main"}
{"event":"region_leave","sid":"20261006T103658.837130Z-Ha9d4ceab-P00007870","thread":"main","time":"2026-10-06T10:36:58.840554Z","file":"unpack-trees.c","line":2011,"repo":1,"t_rel":0.000685,"nesting":2,"category":"unpack_trees","label":"traverse_trees"}
{"event":"region_leave","sid":"20261006T103658.837130Z-Ha9d4ceab-P00007870","thread":"main","time":"2026-10-06T10:36:58.840567Z","file":"unpack-trees.c","line":2108,"repo":1,"t_rel":0.000801,"nesting":1,"category":"unpack_trees","label":"unpack_trees"}
{"event":"exit","sid":"20261006T103658.837130Z-Ha9d4ceab-P00007870","thread":"main","time":"2026-10-06T10:36:58.840578Z","file":"git.c","line":747,"t_abs":0.003981,"code":0}
{"event":"data_json","sid":"20261006T103658.837130Z-Ha9d4ceab-P00007870","thread":"main","time":"2026-10-06T10:36:58.840587Z","file":"tree-walk.c","line":186,"repo":1,"t_abs":0.003990,"t_rel":0.003990,"nesting":1,"category":"traverse_trees","key":"statistics","value":{"traverse_trees_count":1,"traverse_trees_max_depth":1}}
{"event":"atexit","sid":"20261006T103658.837130Z-Ha9d4ceab-P00007870","thread":"main","time":"2026-10-06T10:36:58.840595Z","file":"trace2/tr2_tgt_event.c","line":207,"t_abs":0.003997,"code":0}
{"event":"cmd_name","sid":"20261006T103658.839394Z-Ha9d4ceab-P0000787a","thread":"main","time":"2026-10-06T10:36:58.840606Z","file":"git.c","line":477,"name":"cat-file","hierarchy":"cat-file"}
{"event":"exit","sid":"20261006T103658.839394Z-Ha9d4ceab-P0000787a","thread":"main","time":"2026-10-06T10:36:58.841684Z","file":"git.c","line":747,"t_abs":0.002758,"code":0}
{"event":"atexit","sid":"20261006T103658.839394Z-Ha9d4ceab-P0000787a","thread":"main","time":"2026-10-06T10:36:58.841695Z","file":"trace2/tr2_tgt_event.c","line":207,"t_abs":0.002769,"code":0}
{"event":"version","sid":"20261006T103658.842318Z-Ha9d4ceab-P0000787f","thread":"main","time":"2026-10-06T10:36:58.842827Z","file":"common-init.c","line":57,"evt":"4","exe":"2.50.1 (Apple Git-155)"}
{"event":"start","sid":"20261006T103658.842318Z-Ha9d4ceab-P0000787f","thread":"main","time":"2026-10-06T10:36:58.842852Z","file":"common-init.c","line":58,"t_abs":0.001103,"argv":["/Library/Developer/CommandLineTools/usr/bin/git","-C","/var/folders/f1/2xjyyqkn5plc19fx4nt4tpt00000gn/T/flow-dperf02-TxkS4x/main","diff","--name-only","-z","--no-renames","HEAD","--"]}
{"event":"cmd_name","sid":"20261006T103658.842318Z-Ha9d4ceab-P0000787f","thread":"main","time":"2026-10-06T10:36:58.842940Z","file":"git.c","line":477,"name":"diff","hierarchy":"diff"}
{"event":"def_repo","sid":"20261006T103658.842318Z-Ha9d4ceab-P0000787f","thread":"main","time":"2026-10-06T10:36:58.843215Z","file":"repository.c","line":241,"repo":1,"worktree":"/private/var/folders/f1/2xjyyqkn5plc19fx4nt4tpt00000gn/T/flow-dperf02-TxkS4x/main"}
{"event":"version","sid":"20261006T103658.842854Z-Ha9d4ceab-P00007889","thread":"main","time":"2026-10-06T10:36:58.843719Z","file":"common-init.c","line":57,"evt":"4","exe":"2.50.1 (Apple Git-155)"}
{"event":"start","sid":"20261006T103658.842854Z-Ha9d4ceab-P00007889","thread":"main","time":"2026-10-06T10:36:58.843730Z","file":"common-init.c","line":58,"t_abs":0.001352,"argv":["/Library/Developer/CommandLineTools/usr/bin/git","-C","/var/folders/f1/2xjyyqkn5plc19fx4nt4tpt00000gn/T/flow-dperf02-TxkS4x/main","cat-file","-t","33fbfd2c9ca677261c07f9845935727ea0f757b0"]}
{"event":"def_repo","sid":"20261006T103658.842854Z-Ha9d4ceab-P00007889","thread":"main","time":"2026-10-06T10:36:58.844162Z","file":"repository.c","line":241,"repo":1,"worktree":"/private/var/folders/f1/2xjyyqkn5plc19fx4nt4tpt00000gn/T/flow-dperf02-TxkS4x/main"}
{"event":"cmd_name","sid":"20261006T103658.842854Z-Ha9d4ceab-P00007889","thread":"main","time":"2026-10-06T10:36:58.844739Z","file":"git.c","line":477,"name":"cat-file","hierarchy":"cat-file"}
{"event":"version","sid":"20261006T103658.844074Z-Ha9d4ceab-P00007884","thread":"main","time":"2026-10-06T10:36:58.844770Z","file":"common-init.c","line":57,"evt":"4","exe":"2.50.1 (Apple Git-155)"}
{"event":"start","sid":"20261006T103658.844074Z-Ha9d4ceab-P00007884","thread":"main","time":"2026-10-06T10:36:58.844813Z","file":"common-init.c","line":58,"t_abs":0.001286,"argv":["/Library/Developer/CommandLineTools/usr/bin/git","-C","/var/folders/f1/2xjyyqkn5plc19fx4nt4tpt00000gn/T/flow-dperf02-TxkS4x/main","ls-files","--others","--exclude-standard","-z"]}
{"event":"version","sid":"20261006T103658.844465Z-Ha9d4ceab-P0000788e","thread":"main","time":"2026-10-06T10:36:58.845039Z","file":"common-init.c","line":57,"evt":"4","exe":"2.50.1 (Apple Git-155)"}
{"event":"start","sid":"20261006T103658.844465Z-Ha9d4ceab-P0000788e","thread":"main","time":"2026-10-06T10:36:58.845053Z","file":"common-init.c","line":58,"t_abs":0.001249,"argv":["/Library/Developer/CommandLineTools/usr/bin/git","-C","/var/folders/f1/2xjyyqkn5plc19fx4nt4tpt00000gn/T/flow-dperf02-TxkS4x/main","diff","--name-only","-z","--no-renames","HEAD","--"]}
{"event":"cmd_name","sid":"20261006T103658.844465Z-Ha9d4ceab-P0000788e","thread":"main","time":"2026-10-06T10:36:58.845251Z","file":"git.c","line":477,"name":"diff","hierarchy":"diff"}
{"event":"region_enter","sid":"20261006T103658.842318Z-Ha9d4ceab-P0000787f","thread":"main","time":"2026-10-06T10:36:58.845500Z","file":"read-cache.c","line":2357,"repo":1,"nesting":1,"category":"index","label":"do_read_index","msg":".git/index"}
{"event":"def_repo","sid":"20261006T103658.844465Z-Ha9d4ceab-P0000788e","thread":"main","time":"2026-10-06T10:36:58.845591Z","file":"repository.c","line":241,"repo":1,"worktree":"/private/var/folders/f1/2xjyyqkn5plc19fx4nt4tpt00000gn/T/flow-dperf02-TxkS4x/main"}
{"event":"region_enter","sid":"20261006T103658.842318Z-Ha9d4ceab-P0000787f","thread":"main","time":"2026-10-06T10:36:58.845630Z","file":"cache-tree.c","line":643,"repo":1,"nesting":2,"category":"cache_tree","label":"read"}
{"event":"region_leave","sid":"20261006T103658.842318Z-Ha9d4ceab-P0000787f","thread":"main","time":"2026-10-06T10:36:58.845661Z","file":"cache-tree.c","line":645,"repo":1,"t_rel":0.000030,"nesting":2,"category":"cache_tree","label":"read"}
{"event":"data","sid":"20261006T103658.842318Z-Ha9d4ceab-P0000787f","thread":"main","time":"2026-10-06T10:36:58.845670Z","file":"read-cache.c","line":2306,"repo":1,"t_abs":0.003922,"t_rel":0.000171,"nesting":2,"category":"index","key":"read/version","value":"2"}
{"event":"data","sid":"20261006T103658.842318Z-Ha9d4ceab-P0000787f","thread":"main","time":"2026-10-06T10:36:58.845677Z","file":"read-cache.c","line":2308,"repo":1,"t_abs":0.003929,"t_rel":0.000178,"nesting":2,"category":"index","key":"read/cache_nr","value":"389"}
{"event":"region_leave","sid":"20261006T103658.842318Z-Ha9d4ceab-P0000787f","thread":"main","time":"2026-10-06T10:36:58.845686Z","file":"read-cache.c","line":2362,"repo":1,"t_rel":0.000187,"nesting":1,"category":"index","label":"do_read_index","msg":".git/index"}
{"event":"def_repo","sid":"20261006T103658.844074Z-Ha9d4ceab-P00007884","thread":"main","time":"2026-10-06T10:36:58.845710Z","file":"repository.c","line":241,"repo":1,"worktree":"/private/var/folders/f1/2xjyyqkn5plc19fx4nt4tpt00000gn/T/flow-dperf02-TxkS4x/main"}
{"event":"region_enter","sid":"20261006T103658.842318Z-Ha9d4ceab-P0000787f","thread":"main","time":"2026-10-06T10:36:58.845849Z","file":"unpack-trees.c","line":1905,"repo":1,"nesting":1,"category":"unpack_trees","label":"unpack_trees"}
{"event":"region_enter","sid":"20261006T103658.842318Z-Ha9d4ceab-P0000787f","thread":"main","time":"2026-10-06T10:36:58.846270Z","file":"unpack-trees.c","line":2009,"repo":1,"nesting":2,"category":"unpack_trees","label":"traverse_trees"}
{"event":"data","sid":"20261006T103658.835297Z-Ha9d4ceab-P00007866","thread":"main","time":"2026-10-06T10:36:58.846355Z","file":"dir.c","line":3058,"repo":1,"t_abs":0.011462,"t_rel":0.008471,"nesting":2,"category":"read_directory","key":"path","value":""}
{"event":"data","sid":"20261006T103658.835297Z-Ha9d4ceab-P00007866","thread":"main","time":"2026-10-06T10:36:58.846371Z","file":"dir.c","line":3067,"repo":1,"t_abs":0.011478,"t_rel":0.008487,"nesting":2,"category":"read_directory","key":"directories-visited","value":"133"}
{"event":"data","sid":"20261006T103658.835297Z-Ha9d4ceab-P00007866","thread":"main","time":"2026-10-06T10:36:58.846381Z","file":"dir.c","line":3069,"repo":1,"t_abs":0.011488,"t_rel":0.008497,"nesting":2,"category":"read_directory","key":"paths-visited","value":"522"}
{"event":"region_leave","sid":"20261006T103658.835297Z-Ha9d4ceab-P00007866","thread":"main","time":"2026-10-06T10:36:58.846387Z","file":"dir.c","line":3113,"repo":1,"t_rel":0.008504,"nesting":1,"category":"dir","label":"read_directory"}
{"event":"exit","sid":"20261006T103658.835297Z-Ha9d4ceab-P00007866","thread":"main","time":"2026-10-06T10:36:58.846398Z","file":"git.c","line":747,"t_abs":0.011506,"code":0}
{"event":"atexit","sid":"20261006T103658.835297Z-Ha9d4ceab-P00007866","thread":"main","time":"2026-10-06T10:36:58.846404Z","file":"trace2/tr2_tgt_event.c","line":207,"t_abs":0.011511,"code":0}
{"event":"exit","sid":"20261006T103658.842854Z-Ha9d4ceab-P00007889","thread":"main","time":"2026-10-06T10:36:58.846421Z","file":"git.c","line":747,"t_abs":0.004042,"code":0}
{"event":"atexit","sid":"20261006T103658.842854Z-Ha9d4ceab-P00007889","thread":"main","time":"2026-10-06T10:36:58.846434Z","file":"trace2/tr2_tgt_event.c","line":207,"t_abs":0.004055,"code":0}
{"event":"cmd_name","sid":"20261006T103658.844074Z-Ha9d4ceab-P00007884","thread":"main","time":"2026-10-06T10:36:58.846543Z","file":"git.c","line":477,"name":"ls-files","hierarchy":"ls-files"}
{"event":"region_enter","sid":"20261006T103658.844074Z-Ha9d4ceab-P00007884","thread":"main","time":"2026-10-06T10:36:58.846796Z","file":"read-cache.c","line":2357,"repo":1,"nesting":1,"category":"index","label":"do_read_index","msg":".git/index"}
{"event":"region_enter","sid":"20261006T103658.844074Z-Ha9d4ceab-P00007884","thread":"main","time":"2026-10-06T10:36:58.846863Z","file":"cache-tree.c","line":643,"repo":1,"nesting":2,"category":"cache_tree","label":"read"}
{"event":"region_leave","sid":"20261006T103658.844074Z-Ha9d4ceab-P00007884","thread":"main","time":"2026-10-06T10:36:58.846893Z","file":"cache-tree.c","line":645,"repo":1,"t_rel":0.000030,"nesting":2,"category":"cache_tree","label":"read"}
{"event":"data","sid":"20261006T103658.844074Z-Ha9d4ceab-P00007884","thread":"main","time":"2026-10-06T10:36:58.846906Z","file":"read-cache.c","line":2306,"repo":1,"t_abs":0.003380,"t_rel":0.000111,"nesting":2,"category":"index","key":"read/version","value":"2"}
{"event":"data","sid":"20261006T103658.844074Z-Ha9d4ceab-P00007884","thread":"main","time":"2026-10-06T10:36:58.846915Z","file":"read-cache.c","line":2308,"repo":1,"t_abs":0.003389,"t_rel":0.000120,"nesting":2,"category":"index","key":"read/cache_nr","value":"389"}
{"event":"region_leave","sid":"20261006T103658.844074Z-Ha9d4ceab-P00007884","thread":"main","time":"2026-10-06T10:36:58.846923Z","file":"read-cache.c","line":2362,"repo":1,"t_rel":0.000128,"nesting":1,"category":"index","label":"do_read_index","msg":".git/index"}
{"event":"region_enter","sid":"20261006T103658.844074Z-Ha9d4ceab-P00007884","thread":"main","time":"2026-10-06T10:36:58.847170Z","file":"dir.c","line":3090,"repo":1,"nesting":1,"category":"dir","label":"read_directory"}
{"event":"region_leave","sid":"20261006T103658.842318Z-Ha9d4ceab-P0000787f","thread":"main","time":"2026-10-06T10:36:58.847258Z","file":"unpack-trees.c","line":2011,"repo":1,"t_rel":0.000989,"nesting":2,"category":"unpack_trees","label":"traverse_trees"}
{"event":"region_leave","sid":"20261006T103658.842318Z-Ha9d4ceab-P0000787f","thread":"main","time":"2026-10-06T10:36:58.847274Z","file":"unpack-trees.c","line":2108,"repo":1,"t_rel":0.001424,"nesting":1,"category":"unpack_trees","label":"unpack_trees"}
{"event":"exit","sid":"20261006T103658.842318Z-Ha9d4ceab-P0000787f","thread":"main","time":"2026-10-06T10:36:58.847287Z","file":"git.c","line":747,"t_abs":0.005539,"code":0}
{"event":"data_json","sid":"20261006T103658.842318Z-Ha9d4ceab-P0000787f","thread":"main","time":"2026-10-06T10:36:58.847294Z","file":"tree-walk.c","line":186,"repo":1,"t_abs":0.005545,"t_rel":0.005545,"nesting":1,"category":"traverse_trees","key":"statistics","value":{"traverse_trees_count":1,"traverse_trees_max_depth":1}}
{"event":"atexit","sid":"20261006T103658.842318Z-Ha9d4ceab-P0000787f","thread":"main","time":"2026-10-06T10:36:58.847300Z","file":"trace2/tr2_tgt_event.c","line":207,"t_abs":0.005552,"code":0}
{"event":"version","sid":"20261006T103658.847225Z-Ha9d4ceab-P00007893","thread":"main","time":"2026-10-06T10:36:58.847713Z","file":"common-init.c","line":57,"evt":"4","exe":"2.50.1 (Apple Git-155)"}
{"event":"start","sid":"20261006T103658.847225Z-Ha9d4ceab-P00007893","thread":"main","time":"2026-10-06T10:36:58.847725Z","file":"common-init.c","line":58,"t_abs":0.000969,"argv":["/Library/Developer/CommandLineTools/usr/bin/git","-C","/var/folders/f1/2xjyyqkn5plc19fx4nt4tpt00000gn/T/flow-dperf02-TxkS4x/main","ls-files","--others","--exclude-standard","-z"]}
{"event":"region_enter","sid":"20261006T103658.844074Z-Ha9d4ceab-P00007884","thread":"main","time":"2026-10-06T10:36:58.847765Z","file":"name-hash.c","line":597,"repo":1,"nesting":2,"category":"index","label":"name-hash-init"}
{"event":"region_enter","sid":"20261006T103658.844465Z-Ha9d4ceab-P0000788e","thread":"main","time":"2026-10-06T10:36:58.847789Z","file":"read-cache.c","line":2357,"repo":1,"nesting":1,"category":"index","label":"do_read_index","msg":".git/index"}
{"event":"region_leave","sid":"20261006T103658.844074Z-Ha9d4ceab-P00007884","thread":"main","time":"2026-10-06T10:36:58.847804Z","file":"name-hash.c","line":618,"repo":1,"t_rel":0.000041,"nesting":2,"category":"index","label":"name-hash-init"}
{"event":"region_enter","sid":"20261006T103658.844465Z-Ha9d4ceab-P0000788e","thread":"main","time":"2026-10-06T10:36:58.847889Z","file":"cache-tree.c","line":643,"repo":1,"nesting":2,"category":"cache_tree","label":"read"}
{"event":"region_leave","sid":"20261006T103658.844465Z-Ha9d4ceab-P0000788e","thread":"main","time":"2026-10-06T10:36:58.847916Z","file":"cache-tree.c","line":645,"repo":1,"t_rel":0.000027,"nesting":2,"category":"cache_tree","label":"read"}
{"event":"data","sid":"20261006T103658.844465Z-Ha9d4ceab-P0000788e","thread":"main","time":"2026-10-06T10:36:58.847928Z","file":"read-cache.c","line":2306,"repo":1,"t_abs":0.004124,"t_rel":0.000139,"nesting":2,"category":"index","key":"read/version","value":"2"}
{"event":"def_repo","sid":"20261006T103658.847225Z-Ha9d4ceab-P00007893","thread":"main","time":"2026-10-06T10:36:58.847933Z","file":"repository.c","line":241,"repo":1,"worktree":"/private/var/folders/f1/2xjyyqkn5plc19fx4nt4tpt00000gn/T/flow-dperf02-TxkS4x/main"}
{"event":"data","sid":"20261006T103658.844465Z-Ha9d4ceab-P0000788e","thread":"main","time":"2026-10-06T10:36:58.847936Z","file":"read-cache.c","line":2308,"repo":1,"t_abs":0.004132,"t_rel":0.000147,"nesting":2,"category":"index","key":"read/cache_nr","value":"389"}
{"event":"data","sid":"20261006T103658.838156Z-Ha9d4ceab-P00007875","thread":"main","time":"2026-10-06T10:36:58.847948Z","file":"dir.c","line":3058,"repo":1,"t_abs":0.010185,"t_rel":0.008211,"nesting":2,"category":"read_directory","key":"path","value":""}
{"event":"region_leave","sid":"20261006T103658.844465Z-Ha9d4ceab-P0000788e","thread":"main","time":"2026-10-06T10:36:58.847955Z","file":"read-cache.c","line":2362,"repo":1,"t_rel":0.000167,"nesting":1,"category":"index","label":"do_read_index","msg":".git/index"}
{"event":"data","sid":"20261006T103658.838156Z-Ha9d4ceab-P00007875","thread":"main","time":"2026-10-06T10:36:58.847967Z","file":"dir.c","line":3067,"repo":1,"t_abs":0.010206,"t_rel":0.008232,"nesting":2,"category":"read_directory","key":"directories-visited","value":"133"}
{"event":"data","sid":"20261006T103658.838156Z-Ha9d4ceab-P00007875","thread":"main","time":"2026-10-06T10:36:58.847984Z","file":"dir.c","line":3069,"repo":1,"t_abs":0.010223,"t_rel":0.008249,"nesting":2,"category":"read_directory","key":"paths-visited","value":"522"}
{"event":"region_leave","sid":"20261006T103658.838156Z-Ha9d4ceab-P00007875","thread":"main","time":"2026-10-06T10:36:58.847991Z","file":"dir.c","line":3113,"repo":1,"t_rel":0.008255,"nesting":1,"category":"dir","label":"read_directory"}
{"event":"exit","sid":"20261006T103658.838156Z-Ha9d4ceab-P00007875","thread":"main","time":"2026-10-06T10:36:58.848004Z","file":"git.c","line":747,"t_abs":0.010243,"code":0}
{"event":"atexit","sid":"20261006T103658.838156Z-Ha9d4ceab-P00007875","thread":"main","time":"2026-10-06T10:36:58.848010Z","file":"trace2/tr2_tgt_event.c","line":207,"t_abs":0.010248,"code":0}
{"event":"region_enter","sid":"20261006T103658.844465Z-Ha9d4ceab-P0000788e","thread":"main","time":"2026-10-06T10:36:58.848085Z","file":"unpack-trees.c","line":1905,"repo":1,"nesting":1,"category":"unpack_trees","label":"unpack_trees"}
{"event":"region_enter","sid":"20261006T103658.844465Z-Ha9d4ceab-P0000788e","thread":"main","time":"2026-10-06T10:36:58.848272Z","file":"unpack-trees.c","line":2009,"repo":1,"nesting":2,"category":"unpack_trees","label":"traverse_trees"}
{"event":"cmd_name","sid":"20261006T103658.847225Z-Ha9d4ceab-P00007893","thread":"main","time":"2026-10-06T10:36:58.848308Z","file":"git.c","line":477,"name":"ls-files","hierarchy":"ls-files"}
{"event":"region_enter","sid":"20261006T103658.847225Z-Ha9d4ceab-P00007893","thread":"main","time":"2026-10-06T10:36:58.848520Z","file":"read-cache.c","line":2357,"repo":1,"nesting":1,"category":"index","label":"do_read_index","msg":".git/index"}
{"event":"region_enter","sid":"20261006T103658.847225Z-Ha9d4ceab-P00007893","thread":"main","time":"2026-10-06T10:36:58.848609Z","file":"cache-tree.c","line":643,"repo":1,"nesting":2,"category":"cache_tree","label":"read"}
{"event":"region_leave","sid":"20261006T103658.847225Z-Ha9d4ceab-P00007893","thread":"main","time":"2026-10-06T10:36:58.848637Z","file":"cache-tree.c","line":645,"repo":1,"t_rel":0.000028,"nesting":2,"category":"cache_tree","label":"read"}
{"event":"data","sid":"20261006T103658.847225Z-Ha9d4ceab-P00007893","thread":"main","time":"2026-10-06T10:36:58.848648Z","file":"read-cache.c","line":2306,"repo":1,"t_abs":0.001893,"t_rel":0.000128,"nesting":2,"category":"index","key":"read/version","value":"2"}
{"event":"data","sid":"20261006T103658.847225Z-Ha9d4ceab-P00007893","thread":"main","time":"2026-10-06T10:36:58.848658Z","file":"read-cache.c","line":2308,"repo":1,"t_abs":0.001903,"t_rel":0.000138,"nesting":2,"category":"index","key":"read/cache_nr","value":"389"}
{"event":"region_leave","sid":"20261006T103658.847225Z-Ha9d4ceab-P00007893","thread":"main","time":"2026-10-06T10:36:58.848667Z","file":"read-cache.c","line":2362,"repo":1,"t_rel":0.000146,"nesting":1,"category":"index","label":"do_read_index","msg":".git/index"}
{"event":"region_enter","sid":"20261006T103658.847225Z-Ha9d4ceab-P00007893","thread":"main","time":"2026-10-06T10:36:58.848789Z","file":"dir.c","line":3090,"repo":1,"nesting":1,"category":"dir","label":"read_directory"}
{"event":"region_leave","sid":"20261006T103658.844465Z-Ha9d4ceab-P0000788e","thread":"main","time":"2026-10-06T10:36:58.849156Z","file":"unpack-trees.c","line":2011,"repo":1,"t_rel":0.000883,"nesting":2,"category":"unpack_trees","label":"traverse_trees"}
{"event":"region_leave","sid":"20261006T103658.844465Z-Ha9d4ceab-P0000788e","thread":"main","time":"2026-10-06T10:36:58.849175Z","file":"unpack-trees.c","line":2108,"repo":1,"t_rel":0.001091,"nesting":1,"category":"unpack_trees","label":"unpack_trees"}
{"event":"exit","sid":"20261006T103658.844465Z-Ha9d4ceab-P0000788e","thread":"main","time":"2026-10-06T10:36:58.849191Z","file":"git.c","line":747,"t_abs":0.005388,"code":0}
{"event":"data_json","sid":"20261006T103658.844465Z-Ha9d4ceab-P0000788e","thread":"main","time":"2026-10-06T10:36:58.849199Z","file":"tree-walk.c","line":186,"repo":1,"t_abs":0.005396,"t_rel":0.005396,"nesting":1,"category":"traverse_trees","key":"statistics","value":{"traverse_trees_count":1,"traverse_trees_max_depth":1}}
{"event":"atexit","sid":"20261006T103658.844465Z-Ha9d4ceab-P0000788e","thread":"main","time":"2026-10-06T10:36:58.849207Z","file":"trace2/tr2_tgt_event.c","line":207,"t_abs":0.005403,"code":0}
{"event":"region_enter","sid":"20261006T103658.847225Z-Ha9d4ceab-P00007893","thread":"main","time":"2026-10-06T10:36:58.849306Z","file":"name-hash.c","line":597,"repo":1,"nesting":2,"category":"index","label":"name-hash-init"}
{"event":"region_leave","sid":"20261006T103658.847225Z-Ha9d4ceab-P00007893","thread":"main","time":"2026-10-06T10:36:58.849344Z","file":"name-hash.c","line":618,"repo":1,"t_rel":0.000039,"nesting":2,"category":"index","label":"name-hash-init"}
{"event":"version","sid":"20261006T103658.850952Z-Ha9d4ceab-P00007898","thread":"main","time":"2026-10-06T10:36:58.851552Z","file":"common-init.c","line":57,"evt":"4","exe":"2.50.1 (Apple Git-155)"}
{"event":"start","sid":"20261006T103658.850952Z-Ha9d4ceab-P00007898","thread":"main","time":"2026-10-06T10:36:58.851572Z","file":"common-init.c","line":58,"t_abs":0.001021,"argv":["/Library/Developer/CommandLineTools/usr/bin/git","-C","/var/folders/f1/2xjyyqkn5plc19fx4nt4tpt00000gn/T/flow-dperf02-TxkS4x/main","cat-file","-t","33fbfd2c9ca677261c07f9845935727ea0f757b0"]}
{"event":"def_repo","sid":"20261006T103658.850952Z-Ha9d4ceab-P00007898","thread":"main","time":"2026-10-06T10:36:58.851910Z","file":"repository.c","line":241,"repo":1,"worktree":"/private/var/folders/f1/2xjyyqkn5plc19fx4nt4tpt00000gn/T/flow-dperf02-TxkS4x/main"}
{"event":"version","sid":"20261006T103658.851505Z-Ha9d4ceab-P0000789d","thread":"main","time":"2026-10-06T10:36:58.852015Z","file":"common-init.c","line":57,"evt":"4","exe":"2.50.1 (Apple Git-155)"}
{"event":"start","sid":"20261006T103658.851505Z-Ha9d4ceab-P0000789d","thread":"main","time":"2026-10-06T10:36:58.852071Z","file":"common-init.c","line":58,"t_abs":0.001032,"argv":["/Library/Developer/CommandLineTools/usr/bin/git","-C","/var/folders/f1/2xjyyqkn5plc19fx4nt4tpt00000gn/T/flow-dperf02-TxkS4x/main","diff","--name-only","-z","--no-renames","HEAD","--"]}
{"event":"cmd_name","sid":"20261006T103658.851505Z-Ha9d4ceab-P0000789d","thread":"main","time":"2026-10-06T10:36:58.852246Z","file":"git.c","line":477,"name":"diff","hierarchy":"diff"}
{"event":"cmd_name","sid":"20261006T103658.850952Z-Ha9d4ceab-P00007898","thread":"main","time":"2026-10-06T10:36:58.852254Z","file":"git.c","line":477,"name":"cat-file","hierarchy":"cat-file"}
{"event":"def_repo","sid":"20261006T103658.851505Z-Ha9d4ceab-P0000789d","thread":"main","time":"2026-10-06T10:36:58.852466Z","file":"repository.c","line":241,"repo":1,"worktree":"/private/var/folders/f1/2xjyyqkn5plc19fx4nt4tpt00000gn/T/flow-dperf02-TxkS4x/main"}
{"event":"exit","sid":"20261006T103658.850952Z-Ha9d4ceab-P00007898","thread":"main","time":"2026-10-06T10:36:58.853304Z","file":"git.c","line":747,"t_abs":0.002753,"code":0}
{"event":"atexit","sid":"20261006T103658.850952Z-Ha9d4ceab-P00007898","thread":"main","time":"2026-10-06T10:36:58.853318Z","file":"trace2/tr2_tgt_event.c","line":207,"t_abs":0.002768,"code":0}
{"event":"version","sid":"20261006T103658.853087Z-Ha9d4ceab-P000078a2","thread":"main","time":"2026-10-06T10:36:58.853787Z","file":"common-init.c","line":57,"evt":"4","exe":"2.50.1 (Apple Git-155)"}
{"event":"start","sid":"20261006T103658.853087Z-Ha9d4ceab-P000078a2","thread":"main","time":"2026-10-06T10:36:58.853797Z","file":"common-init.c","line":58,"t_abs":0.001159,"argv":["/Library/Developer/CommandLineTools/usr/bin/git","-C","/var/folders/f1/2xjyyqkn5plc19fx4nt4tpt00000gn/T/flow-dperf02-TxkS4x/main","ls-files","--others","--exclude-standard","-z"]}
{"event":"def_repo","sid":"20261006T103658.853087Z-Ha9d4ceab-P000078a2","thread":"main","time":"2026-10-06T10:36:58.854275Z","file":"repository.c","line":241,"repo":1,"worktree":"/private/var/folders/f1/2xjyyqkn5plc19fx4nt4tpt00000gn/T/flow-dperf02-TxkS4x/main"}
{"event":"cmd_name","sid":"20261006T103658.853087Z-Ha9d4ceab-P000078a2","thread":"main","time":"2026-10-06T10:36:58.854729Z","file":"git.c","line":477,"name":"ls-files","hierarchy":"ls-files"}
{"event":"region_enter","sid":"20261006T103658.851505Z-Ha9d4ceab-P0000789d","thread":"main","time":"2026-10-06T10:36:58.854832Z","file":"read-cache.c","line":2357,"repo":1,"nesting":1,"category":"index","label":"do_read_index","msg":".git/index"}
{"event":"region_enter","sid":"20261006T103658.851505Z-Ha9d4ceab-P0000789d","thread":"main","time":"2026-10-06T10:36:58.855034Z","file":"cache-tree.c","line":643,"repo":1,"nesting":2,"category":"cache_tree","label":"read"}
{"event":"region_enter","sid":"20261006T103658.853087Z-Ha9d4ceab-P000078a2","thread":"main","time":"2026-10-06T10:36:58.855055Z","file":"read-cache.c","line":2357,"repo":1,"nesting":1,"category":"index","label":"do_read_index","msg":".git/index"}
{"event":"region_leave","sid":"20261006T103658.851505Z-Ha9d4ceab-P0000789d","thread":"main","time":"2026-10-06T10:36:58.855069Z","file":"cache-tree.c","line":645,"repo":1,"t_rel":0.000037,"nesting":2,"category":"cache_tree","label":"read"}
{"event":"data","sid":"20261006T103658.851505Z-Ha9d4ceab-P0000789d","thread":"main","time":"2026-10-06T10:36:58.855085Z","file":"read-cache.c","line":2306,"repo":1,"t_abs":0.004047,"t_rel":0.000254,"nesting":2,"category":"index","key":"read/version","value":"2"}
{"event":"data","sid":"20261006T103658.851505Z-Ha9d4ceab-P0000789d","thread":"main","time":"2026-10-06T10:36:58.855098Z","file":"read-cache.c","line":2308,"repo":1,"t_abs":0.004060,"t_rel":0.000267,"nesting":2,"category":"index","key":"read/cache_nr","value":"389"}
{"event":"region_leave","sid":"20261006T103658.851505Z-Ha9d4ceab-P0000789d","thread":"main","time":"2026-10-06T10:36:58.855105Z","file":"read-cache.c","line":2362,"repo":1,"t_rel":0.000274,"nesting":1,"category":"index","label":"do_read_index","msg":".git/index"}
{"event":"region_enter","sid":"20261006T103658.853087Z-Ha9d4ceab-P000078a2","thread":"main","time":"2026-10-06T10:36:58.855143Z","file":"cache-tree.c","line":643,"repo":1,"nesting":2,"category":"cache_tree","label":"read"}
{"event":"region_leave","sid":"20261006T103658.853087Z-Ha9d4ceab-P000078a2","thread":"main","time":"2026-10-06T10:36:58.855181Z","file":"cache-tree.c","line":645,"repo":1,"t_rel":0.000038,"nesting":2,"category":"cache_tree","label":"read"}
{"event":"data","sid":"20261006T103658.853087Z-Ha9d4ceab-P000078a2","thread":"main","time":"2026-10-06T10:36:58.855195Z","file":"read-cache.c","line":2306,"repo":1,"t_abs":0.002558,"t_rel":0.000141,"nesting":2,"category":"index","key":"read/version","value":"2"}
{"event":"data","sid":"20261006T103658.853087Z-Ha9d4ceab-P000078a2","thread":"main","time":"2026-10-06T10:36:58.855204Z","file":"read-cache.c","line":2308,"repo":1,"t_abs":0.002566,"t_rel":0.000149,"nesting":2,"category":"index","key":"read/cache_nr","value":"389"}
{"event":"region_leave","sid":"20261006T103658.853087Z-Ha9d4ceab-P000078a2","thread":"main","time":"2026-10-06T10:36:58.855213Z","file":"read-cache.c","line":2362,"repo":1,"t_rel":0.000159,"nesting":1,"category":"index","label":"do_read_index","msg":".git/index"}
{"event":"region_enter","sid":"20261006T103658.851505Z-Ha9d4ceab-P0000789d","thread":"main","time":"2026-10-06T10:36:58.855263Z","file":"unpack-trees.c","line":1905,"repo":1,"nesting":1,"category":"unpack_trees","label":"unpack_trees"}
{"event":"region_enter","sid":"20261006T103658.853087Z-Ha9d4ceab-P000078a2","thread":"main","time":"2026-10-06T10:36:58.855496Z","file":"dir.c","line":3090,"repo":1,"nesting":1,"category":"dir","label":"read_directory"}
{"event":"data","sid":"20261006T103658.844074Z-Ha9d4ceab-P00007884","thread":"main","time":"2026-10-06T10:36:58.855720Z","file":"dir.c","line":3058,"repo":1,"t_abs":0.012190,"t_rel":0.008547,"nesting":2,"category":"read_directory","key":"path","value":""}
{"event":"data","sid":"20261006T103658.844074Z-Ha9d4ceab-P00007884","thread":"main","time":"2026-10-06T10:36:58.855736Z","file":"dir.c","line":3067,"repo":1,"t_abs":0.012210,"t_rel":0.008567,"nesting":2,"category":"read_directory","key":"directories-visited","value":"133"}
{"event":"data","sid":"20261006T103658.844074Z-Ha9d4ceab-P00007884","thread":"main","time":"2026-10-06T10:36:58.855745Z","file":"dir.c","line":3069,"repo":1,"t_abs":0.012218,"t_rel":0.008575,"nesting":2,"category":"read_directory","key":"paths-visited","value":"522"}
{"event":"region_leave","sid":"20261006T103658.844074Z-Ha9d4ceab-P00007884","thread":"main","time":"2026-10-06T10:36:58.855751Z","file":"dir.c","line":3113,"repo":1,"t_rel":0.008582,"nesting":1,"category":"dir","label":"read_directory"}
{"event":"exit","sid":"20261006T103658.844074Z-Ha9d4ceab-P00007884","thread":"main","time":"2026-10-06T10:36:58.855765Z","file":"git.c","line":747,"t_abs":0.012238,"code":0}
{"event":"atexit","sid":"20261006T103658.844074Z-Ha9d4ceab-P00007884","thread":"main","time":"2026-10-06T10:36:58.855771Z","file":"trace2/tr2_tgt_event.c","line":207,"t_abs":0.012244,"code":0}
{"event":"region_enter","sid":"20261006T103658.851505Z-Ha9d4ceab-P0000789d","thread":"main","time":"2026-10-06T10:36:58.855838Z","file":"unpack-trees.c","line":2009,"repo":1,"nesting":2,"category":"unpack_trees","label":"traverse_trees"}
{"event":"region_enter","sid":"20261006T103658.853087Z-Ha9d4ceab-P000078a2","thread":"main","time":"2026-10-06T10:36:58.856067Z","file":"name-hash.c","line":597,"repo":1,"nesting":2,"category":"index","label":"name-hash-init"}
{"event":"region_leave","sid":"20261006T103658.853087Z-Ha9d4ceab-P000078a2","thread":"main","time":"2026-10-06T10:36:58.856102Z","file":"name-hash.c","line":618,"repo":1,"t_rel":0.000036,"nesting":2,"category":"index","label":"name-hash-init"}
{"event":"region_leave","sid":"20261006T103658.851505Z-Ha9d4ceab-P0000789d","thread":"main","time":"2026-10-06T10:36:58.856811Z","file":"unpack-trees.c","line":2011,"repo":1,"t_rel":0.000974,"nesting":2,"category":"unpack_trees","label":"traverse_trees"}
{"event":"region_leave","sid":"20261006T103658.851505Z-Ha9d4ceab-P0000789d","thread":"main","time":"2026-10-06T10:36:58.856854Z","file":"unpack-trees.c","line":2108,"repo":1,"t_rel":0.001590,"nesting":1,"category":"unpack_trees","label":"unpack_trees"}
{"event":"exit","sid":"20261006T103658.851505Z-Ha9d4ceab-P0000789d","thread":"main","time":"2026-10-06T10:36:58.856874Z","file":"git.c","line":747,"t_abs":0.005837,"code":0}
{"event":"data_json","sid":"20261006T103658.851505Z-Ha9d4ceab-P0000789d","thread":"main","time":"2026-10-06T10:36:58.856885Z","file":"tree-walk.c","line":186,"repo":1,"t_abs":0.005847,"t_rel":0.005847,"nesting":1,"category":"traverse_trees","key":"statistics","value":{"traverse_trees_count":1,"traverse_trees_max_depth":1}}
{"event":"atexit","sid":"20261006T103658.851505Z-Ha9d4ceab-P0000789d","thread":"main","time":"2026-10-06T10:36:58.856892Z","file":"trace2/tr2_tgt_event.c","line":207,"t_abs":0.005854,"code":0}
{"event":"version","sid":"20261006T103658.856894Z-Ha9d4ceab-P000078a7","thread":"main","time":"2026-10-06T10:36:58.857365Z","file":"common-init.c","line":57,"evt":"4","exe":"2.50.1 (Apple Git-155)"}
{"event":"start","sid":"20261006T103658.856894Z-Ha9d4ceab-P000078a7","thread":"main","time":"2026-10-06T10:36:58.857382Z","file":"common-init.c","line":58,"t_abs":0.000948,"argv":["/Library/Developer/CommandLineTools/usr/bin/git","-C","/var/folders/f1/2xjyyqkn5plc19fx4nt4tpt00000gn/T/flow-dperf02-TxkS4x/main","ls-tree","-r","-z","--full-tree","33fbfd2c9ca677261c07f9845935727ea0f757b0","--",":(literal)src/shared",":(literal)src/shared/a.txt",":(literal)src/second",":(literal)src/third.txt",":(literal)src/fourth.txt"]}
{"event":"def_repo","sid":"20261006T103658.856894Z-Ha9d4ceab-P000078a7","thread":"main","time":"2026-10-06T10:36:58.857869Z","file":"repository.c","line":241,"repo":1,"worktree":"/private/var/folders/f1/2xjyyqkn5plc19fx4nt4tpt00000gn/T/flow-dperf02-TxkS4x/main"}
{"event":"cmd_name","sid":"20261006T103658.856894Z-Ha9d4ceab-P000078a7","thread":"main","time":"2026-10-06T10:36:58.858212Z","file":"git.c","line":477,"name":"ls-tree","hierarchy":"ls-tree"}
{"event":"data","sid":"20261006T103658.847225Z-Ha9d4ceab-P00007893","thread":"main","time":"2026-10-06T10:36:58.858934Z","file":"dir.c","line":3058,"repo":1,"t_abs":0.012177,"t_rel":0.010143,"nesting":2,"category":"read_directory","key":"path","value":""}
{"event":"data","sid":"20261006T103658.847225Z-Ha9d4ceab-P00007893","thread":"main","time":"2026-10-06T10:36:58.858955Z","file":"dir.c","line":3067,"repo":1,"t_abs":0.012199,"t_rel":0.010165,"nesting":2,"category":"read_directory","key":"directories-visited","value":"133"}
{"event":"data","sid":"20261006T103658.847225Z-Ha9d4ceab-P00007893","thread":"main","time":"2026-10-06T10:36:58.858961Z","file":"dir.c","line":3069,"repo":1,"t_abs":0.012206,"t_rel":0.010172,"nesting":2,"category":"read_directory","key":"paths-visited","value":"522"}
{"event":"region_leave","sid":"20261006T103658.847225Z-Ha9d4ceab-P00007893","thread":"main","time":"2026-10-06T10:36:58.858968Z","file":"dir.c","line":3113,"repo":1,"t_rel":0.010178,"nesting":1,"category":"dir","label":"read_directory"}
{"event":"exit","sid":"20261006T103658.847225Z-Ha9d4ceab-P00007893","thread":"main","time":"2026-10-06T10:36:58.858983Z","file":"git.c","line":747,"t_abs":0.012227,"code":0}
{"event":"atexit","sid":"20261006T103658.847225Z-Ha9d4ceab-P00007893","thread":"main","time":"2026-10-06T10:36:58.858992Z","file":"trace2/tr2_tgt_event.c","line":207,"t_abs":0.012236,"code":0}
{"event":"exit","sid":"20261006T103658.856894Z-Ha9d4ceab-P000078a7","thread":"main","time":"2026-10-06T10:36:58.859604Z","file":"git.c","line":747,"t_abs":0.003170,"code":0}
{"event":"atexit","sid":"20261006T103658.856894Z-Ha9d4ceab-P000078a7","thread":"main","time":"2026-10-06T10:36:58.859616Z","file":"trace2/tr2_tgt_event.c","line":207,"t_abs":0.003183,"code":0}
{"event":"version","sid":"20261006T103658.862741Z-Ha9d4ceab-P000078ac","thread":"main","time":"2026-10-06T10:36:58.863432Z","file":"common-init.c","line":57,"evt":"4","exe":"2.50.1 (Apple Git-155)"}
{"event":"start","sid":"20261006T103658.862741Z-Ha9d4ceab-P000078ac","thread":"main","time":"2026-10-06T10:36:58.863560Z","file":"common-init.c","line":58,"t_abs":0.001185,"argv":["/Library/Developer/CommandLineTools/usr/bin/git","-C","/var/folders/f1/2xjyyqkn5plc19fx4nt4tpt00000gn/T/flow-dperf02-TxkS4x/main","ls-tree","-r","-z","--full-tree","33fbfd2c9ca677261c07f9845935727ea0f757b0","--",":(literal)src/shared",":(literal)src/shared/a.txt",":(literal)src/second",":(literal)src/third.txt",":(literal)src/fourth.txt"]}
{"event":"data","sid":"20261006T103658.853087Z-Ha9d4ceab-P000078a2","thread":"main","time":"2026-10-06T10:36:58.863578Z","file":"dir.c","line":3058,"repo":1,"t_abs":0.010936,"t_rel":0.008078,"nesting":2,"category":"read_directory","key":"path","value":""}
{"event":"data","sid":"20261006T103658.853087Z-Ha9d4ceab-P000078a2","thread":"main","time":"2026-10-06T10:36:58.863598Z","file":"dir.c","line":3067,"repo":1,"t_abs":0.010961,"t_rel":0.008103,"nesting":2,"category":"read_directory","key":"directories-visited","value":"133"}
{"event":"data","sid":"20261006T103658.853087Z-Ha9d4ceab-P000078a2","thread":"main","time":"2026-10-06T10:36:58.863604Z","file":"dir.c","line":3069,"repo":1,"t_abs":0.010967,"t_rel":0.008109,"nesting":2,"category":"read_directory","key":"paths-visited","value":"522"}
{"event":"region_leave","sid":"20261006T103658.853087Z-Ha9d4ceab-P000078a2","thread":"main","time":"2026-10-06T10:36:58.863610Z","file":"dir.c","line":3113,"repo":1,"t_rel":0.008114,"nesting":1,"category":"dir","label":"read_directory"}
{"event":"exit","sid":"20261006T103658.853087Z-Ha9d4ceab-P000078a2","thread":"main","time":"2026-10-06T10:36:58.863623Z","file":"git.c","line":747,"t_abs":0.010986,"code":0}
{"event":"atexit","sid":"20261006T103658.853087Z-Ha9d4ceab-P000078a2","thread":"main","time":"2026-10-06T10:36:58.863630Z","file":"trace2/tr2_tgt_event.c","line":207,"t_abs":0.010992,"code":0}
{"event":"def_repo","sid":"20261006T103658.862741Z-Ha9d4ceab-P000078ac","thread":"main","time":"2026-10-06T10:36:58.864051Z","file":"repository.c","line":241,"repo":1,"worktree":"/private/var/folders/f1/2xjyyqkn5plc19fx4nt4tpt00000gn/T/flow-dperf02-TxkS4x/main"}
{"event":"cmd_name","sid":"20261006T103658.862741Z-Ha9d4ceab-P000078ac","thread":"main","time":"2026-10-06T10:36:58.864272Z","file":"git.c","line":477,"name":"ls-tree","hierarchy":"ls-tree"}
{"event":"exit","sid":"20261006T103658.862741Z-Ha9d4ceab-P000078ac","thread":"main","time":"2026-10-06T10:36:58.865384Z","file":"git.c","line":747,"t_abs":0.003010,"code":0}
{"event":"atexit","sid":"20261006T103658.862741Z-Ha9d4ceab-P000078ac","thread":"main","time":"2026-10-06T10:36:58.865398Z","file":"trace2/tr2_tgt_event.c","line":207,"t_abs":0.003024,"code":0}
{"event":"version","sid":"20261006T103658.864770Z-Ha9d4ceab-P000078b1","thread":"main","time":"2026-10-06T10:36:58.865531Z","file":"common-init.c","line":57,"evt":"4","exe":"2.50.1 (Apple Git-155)"}
{"event":"start","sid":"20261006T103658.864770Z-Ha9d4ceab-P000078b1","thread":"main","time":"2026-10-06T10:36:58.865558Z","file":"common-init.c","line":58,"t_abs":0.001096,"argv":["/Library/Developer/CommandLineTools/usr/bin/git","-C","/var/folders/f1/2xjyyqkn5plc19fx4nt4tpt00000gn/T/flow-dperf02-TxkS4x/main","ls-tree","-r","-z","--full-tree","33fbfd2c9ca677261c07f9845935727ea0f757b0","--",":(literal)src/shared",":(literal)src/shared/a.txt",":(literal)src/second",":(literal)src/third.txt",":(literal)src/fourth.txt"]}
{"event":"def_repo","sid":"20261006T103658.864770Z-Ha9d4ceab-P000078b1","thread":"main","time":"2026-10-06T10:36:58.865937Z","file":"repository.c","line":241,"repo":1,"worktree":"/private/var/folders/f1/2xjyyqkn5plc19fx4nt4tpt00000gn/T/flow-dperf02-TxkS4x/main"}
{"event":"cmd_name","sid":"20261006T103658.864770Z-Ha9d4ceab-P000078b1","thread":"main","time":"2026-10-06T10:36:58.866267Z","file":"git.c","line":477,"name":"ls-tree","hierarchy":"ls-tree"}
{"event":"version","sid":"20261006T103658.866285Z-Ha9d4ceab-P000078b6","thread":"main","time":"2026-10-06T10:36:58.866885Z","file":"common-init.c","line":57,"evt":"4","exe":"2.50.1 (Apple Git-155)"}
{"event":"start","sid":"20261006T103658.866285Z-Ha9d4ceab-P000078b6","thread":"main","time":"2026-10-06T10:36:58.866949Z","file":"common-init.c","line":58,"t_abs":0.001241,"argv":["/Library/Developer/CommandLineTools/usr/bin/git","-C","/var/folders/f1/2xjyyqkn5plc19fx4nt4tpt00000gn/T/flow-dperf02-TxkS4x/main","ls-tree","-r","-z","--full-tree","33fbfd2c9ca677261c07f9845935727ea0f757b0","--",":(literal)src/shared",":(literal)src/shared/a.txt",":(literal)src/second",":(literal)src/third.txt",":(literal)src/fourth.txt"]}
{"event":"def_repo","sid":"20261006T103658.866285Z-Ha9d4ceab-P000078b6","thread":"main","time":"2026-10-06T10:36:58.867184Z","file":"repository.c","line":241,"repo":1,"worktree":"/private/var/folders/f1/2xjyyqkn5plc19fx4nt4tpt00000gn/T/flow-dperf02-TxkS4x/main"}
{"event":"cmd_name","sid":"20261006T103658.866285Z-Ha9d4ceab-P000078b6","thread":"main","time":"2026-10-06T10:36:58.867399Z","file":"git.c","line":477,"name":"ls-tree","hierarchy":"ls-tree"}
{"event":"exit","sid":"20261006T103658.864770Z-Ha9d4ceab-P000078b1","thread":"main","time":"2026-10-06T10:36:58.867842Z","file":"git.c","line":747,"t_abs":0.003379,"code":0}
{"event":"atexit","sid":"20261006T103658.864770Z-Ha9d4ceab-P000078b1","thread":"main","time":"2026-10-06T10:36:58.867885Z","file":"trace2/tr2_tgt_event.c","line":207,"t_abs":0.003423,"code":0}
{"event":"exit","sid":"20261006T103658.866285Z-Ha9d4ceab-P000078b6","thread":"main","time":"2026-10-06T10:36:58.868724Z","file":"git.c","line":747,"t_abs":0.003016,"code":0}
{"event":"atexit","sid":"20261006T103658.866285Z-Ha9d4ceab-P000078b6","thread":"main","time":"2026-10-06T10:36:58.868735Z","file":"trace2/tr2_tgt_event.c","line":207,"t_abs":0.003027,"code":0}
{"event":"version","sid":"20261006T103658.868642Z-Ha9d4ceab-P000078bb","thread":"main","time":"2026-10-06T10:36:58.869032Z","file":"common-init.c","line":57,"evt":"4","exe":"2.50.1 (Apple Git-155)"}
{"event":"start","sid":"20261006T103658.868642Z-Ha9d4ceab-P000078bb","thread":"main","time":"2026-10-06T10:36:58.869051Z","file":"common-init.c","line":58,"t_abs":0.000816,"argv":["/Library/Developer/CommandLineTools/usr/bin/git","-C","/var/folders/f1/2xjyyqkn5plc19fx4nt4tpt00000gn/T/flow-dperf02-TxkS4x/main","ls-tree","-r","-z","--full-tree","33fbfd2c9ca677261c07f9845935727ea0f757b0","--",":(literal)src/shared",":(literal)src/shared/a.txt",":(literal)src/second",":(literal)src/third.txt",":(literal)src/fourth.txt"]}
{"event":"def_repo","sid":"20261006T103658.868642Z-Ha9d4ceab-P000078bb","thread":"main","time":"2026-10-06T10:36:58.869300Z","file":"repository.c","line":241,"repo":1,"worktree":"/private/var/folders/f1/2xjyyqkn5plc19fx4nt4tpt00000gn/T/flow-dperf02-TxkS4x/main"}
{"event":"cmd_name","sid":"20261006T103658.868642Z-Ha9d4ceab-P000078bb","thread":"main","time":"2026-10-06T10:36:58.869640Z","file":"git.c","line":477,"name":"ls-tree","hierarchy":"ls-tree"}
{"event":"version","sid":"20261006T103658.869281Z-Ha9d4ceab-P000078c0","thread":"main","time":"2026-10-06T10:36:58.869776Z","file":"common-init.c","line":57,"evt":"4","exe":"2.50.1 (Apple Git-155)"}
{"event":"start","sid":"20261006T103658.869281Z-Ha9d4ceab-P000078c0","thread":"main","time":"2026-10-06T10:36:58.869790Z","file":"common-init.c","line":58,"t_abs":0.000875,"argv":["/Library/Developer/CommandLineTools/usr/bin/git","-C","/var/folders/f1/2xjyyqkn5plc19fx4nt4tpt00000gn/T/flow-dperf02-TxkS4x/main","ls-tree","-r","-z","--full-tree","33fbfd2c9ca677261c07f9845935727ea0f757b0","--",":(literal)src/shared",":(literal)src/shared/a.txt",":(literal)src/second",":(literal)src/third.txt",":(literal)src/fourth.txt"]}
{"event":"def_repo","sid":"20261006T103658.869281Z-Ha9d4ceab-P000078c0","thread":"main","time":"2026-10-06T10:36:58.870123Z","file":"repository.c","line":241,"repo":1,"worktree":"/private/var/folders/f1/2xjyyqkn5plc19fx4nt4tpt00000gn/T/flow-dperf02-TxkS4x/main"}
{"event":"cmd_name","sid":"20261006T103658.869281Z-Ha9d4ceab-P000078c0","thread":"main","time":"2026-10-06T10:36:58.870408Z","file":"git.c","line":477,"name":"ls-tree","hierarchy":"ls-tree"}
{"event":"exit","sid":"20261006T103658.868642Z-Ha9d4ceab-P000078bb","thread":"main","time":"2026-10-06T10:36:58.870891Z","file":"git.c","line":747,"t_abs":0.002655,"code":0}
{"event":"atexit","sid":"20261006T103658.868642Z-Ha9d4ceab-P000078bb","thread":"main","time":"2026-10-06T10:36:58.870902Z","file":"trace2/tr2_tgt_event.c","line":207,"t_abs":0.002666,"code":0}
{"event":"version","sid":"20261006T103658.870524Z-Ha9d4ceab-P000078c5","thread":"main","time":"2026-10-06T10:36:58.870901Z","file":"common-init.c","line":57,"evt":"4","exe":"2.50.1 (Apple Git-155)"}
{"event":"start","sid":"20261006T103658.870524Z-Ha9d4ceab-P000078c5","thread":"main","time":"2026-10-06T10:36:58.870920Z","file":"common-init.c","line":58,"t_abs":0.000790,"argv":["/Library/Developer/CommandLineTools/usr/bin/git","-C","/var/folders/f1/2xjyyqkn5plc19fx4nt4tpt00000gn/T/flow-dperf02-TxkS4x/main","ls-tree","-r","-z","--full-tree","33fbfd2c9ca677261c07f9845935727ea0f757b0","--",":(literal)src/shared",":(literal)src/shared/a.txt",":(literal)src/second",":(literal)src/third.txt",":(literal)src/fourth.txt"]}
{"event":"def_repo","sid":"20261006T103658.870524Z-Ha9d4ceab-P000078c5","thread":"main","time":"2026-10-06T10:36:58.871178Z","file":"repository.c","line":241,"repo":1,"worktree":"/private/var/folders/f1/2xjyyqkn5plc19fx4nt4tpt00000gn/T/flow-dperf02-TxkS4x/main"}
{"event":"cmd_name","sid":"20261006T103658.870524Z-Ha9d4ceab-P000078c5","thread":"main","time":"2026-10-06T10:36:58.871432Z","file":"git.c","line":477,"name":"ls-tree","hierarchy":"ls-tree"}
{"event":"version","sid":"20261006T103658.871034Z-Ha9d4ceab-P000078ca","thread":"main","time":"2026-10-06T10:36:58.871523Z","file":"common-init.c","line":57,"evt":"4","exe":"2.50.1 (Apple Git-155)"}
{"event":"start","sid":"20261006T103658.871034Z-Ha9d4ceab-P000078ca","thread":"main","time":"2026-10-06T10:36:58.871537Z","file":"common-init.c","line":58,"t_abs":0.000853,"argv":["/Library/Developer/CommandLineTools/usr/bin/git","-C","/var/folders/f1/2xjyyqkn5plc19fx4nt4tpt00000gn/T/flow-dperf02-TxkS4x/main","ls-tree","-r","-z","--full-tree","33fbfd2c9ca677261c07f9845935727ea0f757b0","--",":(literal)src/shared",":(literal)src/shared/a.txt",":(literal)src/second",":(literal)src/third.txt",":(literal)src/fourth.txt"]}
{"event":"exit","sid":"20261006T103658.869281Z-Ha9d4ceab-P000078c0","thread":"main","time":"2026-10-06T10:36:58.871791Z","file":"git.c","line":747,"t_abs":0.002875,"code":0}
{"event":"atexit","sid":"20261006T103658.869281Z-Ha9d4ceab-P000078c0","thread":"main","time":"2026-10-06T10:36:58.871803Z","file":"trace2/tr2_tgt_event.c","line":207,"t_abs":0.002887,"code":0}
{"event":"def_repo","sid":"20261006T103658.871034Z-Ha9d4ceab-P000078ca","thread":"main","time":"2026-10-06T10:36:58.871897Z","file":"repository.c","line":241,"repo":1,"worktree":"/private/var/folders/f1/2xjyyqkn5plc19fx4nt4tpt00000gn/T/flow-dperf02-TxkS4x/main"}
{"event":"cmd_name","sid":"20261006T103658.871034Z-Ha9d4ceab-P000078ca","thread":"main","time":"2026-10-06T10:36:58.872151Z","file":"git.c","line":477,"name":"ls-tree","hierarchy":"ls-tree"}
{"event":"exit","sid":"20261006T103658.870524Z-Ha9d4ceab-P000078c5","thread":"main","time":"2026-10-06T10:36:58.872666Z","file":"git.c","line":747,"t_abs":0.002536,"code":0}
{"event":"atexit","sid":"20261006T103658.870524Z-Ha9d4ceab-P000078c5","thread":"main","time":"2026-10-06T10:36:58.872676Z","file":"trace2/tr2_tgt_event.c","line":207,"t_abs":0.002546,"code":0}
{"event":"exit","sid":"20261006T103658.871034Z-Ha9d4ceab-P000078ca","thread":"main","time":"2026-10-06T10:36:58.873214Z","file":"git.c","line":747,"t_abs":0.002530,"code":0}
{"event":"atexit","sid":"20261006T103658.871034Z-Ha9d4ceab-P000078ca","thread":"main","time":"2026-10-06T10:36:58.873227Z","file":"trace2/tr2_tgt_event.c","line":207,"t_abs":0.002543,"code":0}
{"event":"version","sid":"20261006T103658.872854Z-Ha9d4ceab-P000078cf","thread":"main","time":"2026-10-06T10:36:58.873247Z","file":"common-init.c","line":57,"evt":"4","exe":"2.50.1 (Apple Git-155)"}
{"event":"start","sid":"20261006T103658.872854Z-Ha9d4ceab-P000078cf","thread":"main","time":"2026-10-06T10:36:58.873300Z","file":"common-init.c","line":58,"t_abs":0.000795,"argv":["/Library/Developer/CommandLineTools/usr/bin/git","-C","/var/folders/f1/2xjyyqkn5plc19fx4nt4tpt00000gn/T/flow-dperf02-TxkS4x/main","ls-tree","-r","-z","--full-tree","33fbfd2c9ca677261c07f9845935727ea0f757b0","--",":(literal)src/shared",":(literal)src/shared/a.txt",":(literal)src/second",":(literal)src/third.txt",":(literal)src/fourth.txt"]}
{"event":"def_repo","sid":"20261006T103658.872854Z-Ha9d4ceab-P000078cf","thread":"main","time":"2026-10-06T10:36:58.873478Z","file":"repository.c","line":241,"repo":1,"worktree":"/private/var/folders/f1/2xjyyqkn5plc19fx4nt4tpt00000gn/T/flow-dperf02-TxkS4x/main"}
{"event":"cmd_name","sid":"20261006T103658.872854Z-Ha9d4ceab-P000078cf","thread":"main","time":"2026-10-06T10:36:58.873694Z","file":"git.c","line":477,"name":"ls-tree","hierarchy":"ls-tree"}
{"event":"version","sid":"20261006T103658.874218Z-Ha9d4ceab-P000078d9","thread":"main","time":"2026-10-06T10:36:58.874583Z","file":"common-init.c","line":57,"evt":"4","exe":"2.50.1 (Apple Git-155)"}
{"event":"start","sid":"20261006T103658.874218Z-Ha9d4ceab-P000078d9","thread":"main","time":"2026-10-06T10:36:58.874598Z","file":"common-init.c","line":58,"t_abs":0.000716,"argv":["/Library/Developer/CommandLineTools/usr/bin/git","-C","/var/folders/f1/2xjyyqkn5plc19fx4nt4tpt00000gn/T/flow-dperf02-TxkS4x/main","ls-tree","-r","-z","--full-tree","33fbfd2c9ca677261c07f9845935727ea0f757b0","--",":(literal)src/shared",":(literal)src/shared/a.txt",":(literal)src/second",":(literal)src/third.txt",":(literal)src/fourth.txt"]}
{"event":"exit","sid":"20261006T103658.872854Z-Ha9d4ceab-P000078cf","thread":"main","time":"2026-10-06T10:36:58.874737Z","file":"git.c","line":747,"t_abs":0.002232,"code":0}
{"event":"atexit","sid":"20261006T103658.872854Z-Ha9d4ceab-P000078cf","thread":"main","time":"2026-10-06T10:36:58.874745Z","file":"trace2/tr2_tgt_event.c","line":207,"t_abs":0.002241,"code":0}
{"event":"def_repo","sid":"20261006T103658.874218Z-Ha9d4ceab-P000078d9","thread":"main","time":"2026-10-06T10:36:58.874776Z","file":"repository.c","line":241,"repo":1,"worktree":"/private/var/folders/f1/2xjyyqkn5plc19fx4nt4tpt00000gn/T/flow-dperf02-TxkS4x/main"}
{"event":"version","sid":"20261006T103658.874432Z-Ha9d4ceab-P000078d4","thread":"main","time":"2026-10-06T10:36:58.874883Z","file":"common-init.c","line":57,"evt":"4","exe":"2.50.1 (Apple Git-155)"}
{"event":"start","sid":"20261006T103658.874432Z-Ha9d4ceab-P000078d4","thread":"main","time":"2026-10-06T10:36:58.874901Z","file":"common-init.c","line":58,"t_abs":0.000744,"argv":["/Library/Developer/CommandLineTools/usr/bin/git","-C","/var/folders/f1/2xjyyqkn5plc19fx4nt4tpt00000gn/T/flow-dperf02-TxkS4x/main","ls-tree","-r","-z","--full-tree","33fbfd2c9ca677261c07f9845935727ea0f757b0","--",":(literal)src/shared",":(literal)src/shared/a.txt",":(literal)src/second",":(literal)src/third.txt",":(literal)src/fourth.txt"]}
{"event":"cmd_name","sid":"20261006T103658.874218Z-Ha9d4ceab-P000078d9","thread":"main","time":"2026-10-06T10:36:58.874915Z","file":"git.c","line":477,"name":"ls-tree","hierarchy":"ls-tree"}
{"event":"def_repo","sid":"20261006T103658.874432Z-Ha9d4ceab-P000078d4","thread":"main","time":"2026-10-06T10:36:58.875178Z","file":"repository.c","line":241,"repo":1,"worktree":"/private/var/folders/f1/2xjyyqkn5plc19fx4nt4tpt00000gn/T/flow-dperf02-TxkS4x/main"}
{"event":"cmd_name","sid":"20261006T103658.874432Z-Ha9d4ceab-P000078d4","thread":"main","time":"2026-10-06T10:36:58.875439Z","file":"git.c","line":477,"name":"ls-tree","hierarchy":"ls-tree"}
{"event":"exit","sid":"20261006T103658.874218Z-Ha9d4ceab-P000078d9","thread":"main","time":"2026-10-06T10:36:58.875932Z","file":"git.c","line":747,"t_abs":0.002050,"code":0}
{"event":"atexit","sid":"20261006T103658.874218Z-Ha9d4ceab-P000078d9","thread":"main","time":"2026-10-06T10:36:58.875942Z","file":"trace2/tr2_tgt_event.c","line":207,"t_abs":0.002060,"code":0}
{"event":"exit","sid":"20261006T103658.874432Z-Ha9d4ceab-P000078d4","thread":"main","time":"2026-10-06T10:36:58.876322Z","file":"git.c","line":747,"t_abs":0.002165,"code":0}
{"event":"atexit","sid":"20261006T103658.874432Z-Ha9d4ceab-P000078d4","thread":"main","time":"2026-10-06T10:36:58.876332Z","file":"trace2/tr2_tgt_event.c","line":207,"t_abs":0.002175,"code":0}
{"event":"version","sid":"20261006T103658.877036Z-Ha9d4ceab-P000078de","thread":"main","time":"2026-10-06T10:36:58.877457Z","file":"common-init.c","line":57,"evt":"4","exe":"2.50.1 (Apple Git-155)"}
{"event":"start","sid":"20261006T103658.877036Z-Ha9d4ceab-P000078de","thread":"main","time":"2026-10-06T10:36:58.877491Z","file":"common-init.c","line":58,"t_abs":0.000850,"argv":["/Library/Developer/CommandLineTools/usr/bin/git","-C","/var/folders/f1/2xjyyqkn5plc19fx4nt4tpt00000gn/T/flow-dperf02-TxkS4x/main","ls-tree","-r","-z","--full-tree","33fbfd2c9ca677261c07f9845935727ea0f757b0","--",":(literal)src/shared",":(literal)src/shared/a.txt",":(literal)src/second",":(literal)src/third.txt",":(literal)src/fourth.txt"]}
{"event":"version","sid":"20261006T103658.877042Z-Ha9d4ceab-P000078e3","thread":"main","time":"2026-10-06T10:36:58.877614Z","file":"common-init.c","line":57,"evt":"4","exe":"2.50.1 (Apple Git-155)"}
{"event":"start","sid":"20261006T103658.877042Z-Ha9d4ceab-P000078e3","thread":"main","time":"2026-10-06T10:36:58.877627Z","file":"common-init.c","line":58,"t_abs":0.000993,"argv":["/Library/Developer/CommandLineTools/usr/bin/git","-C","/var/folders/f1/2xjyyqkn5plc19fx4nt4tpt00000gn/T/flow-dperf02-TxkS4x/main","ls-tree","-r","-z","--full-tree","33fbfd2c9ca677261c07f9845935727ea0f757b0","--",":(literal)src/shared",":(literal)src/shared/a.txt",":(literal)src/second",":(literal)src/third.txt",":(literal)src/fourth.txt"]}
{"event":"version","sid":"20261006T103658.877179Z-Ha9d4ceab-P000078e8","thread":"main","time":"2026-10-06T10:36:58.877650Z","file":"common-init.c","line":57,"evt":"4","exe":"2.50.1 (Apple Git-155)"}
{"event":"start","sid":"20261006T103658.877179Z-Ha9d4ceab-P000078e8","thread":"main","time":"2026-10-06T10:36:58.877661Z","file":"common-init.c","line":58,"t_abs":0.000889,"argv":["/Library/Developer/CommandLineTools/usr/bin/git","-C","/var/folders/f1/2xjyyqkn5plc19fx4nt4tpt00000gn/T/flow-dperf02-TxkS4x/main","ls-tree","-r","-z","--full-tree","33fbfd2c9ca677261c07f9845935727ea0f757b0","--",":(literal)src/shared",":(literal)src/shared/a.txt",":(literal)src/second",":(literal)src/third.txt",":(literal)src/fourth.txt"]}
{"event":"def_repo","sid":"20261006T103658.877036Z-Ha9d4ceab-P000078de","thread":"main","time":"2026-10-06T10:36:58.877678Z","file":"repository.c","line":241,"repo":1,"worktree":"/private/var/folders/f1/2xjyyqkn5plc19fx4nt4tpt00000gn/T/flow-dperf02-TxkS4x/main"}
{"event":"def_repo","sid":"20261006T103658.877042Z-Ha9d4ceab-P000078e3","thread":"main","time":"2026-10-06T10:36:58.877806Z","file":"repository.c","line":241,"repo":1,"worktree":"/private/var/folders/f1/2xjyyqkn5plc19fx4nt4tpt00000gn/T/flow-dperf02-TxkS4x/main"}
{"event":"def_repo","sid":"20261006T103658.877179Z-Ha9d4ceab-P000078e8","thread":"main","time":"2026-10-06T10:36:58.877879Z","file":"repository.c","line":241,"repo":1,"worktree":"/private/var/folders/f1/2xjyyqkn5plc19fx4nt4tpt00000gn/T/flow-dperf02-TxkS4x/main"}
{"event":"cmd_name","sid":"20261006T103658.877036Z-Ha9d4ceab-P000078de","thread":"main","time":"2026-10-06T10:36:58.877903Z","file":"git.c","line":477,"name":"ls-tree","hierarchy":"ls-tree"}
{"event":"cmd_name","sid":"20261006T103658.877042Z-Ha9d4ceab-P000078e3","thread":"main","time":"2026-10-06T10:36:58.878023Z","file":"git.c","line":477,"name":"ls-tree","hierarchy":"ls-tree"}
{"event":"cmd_name","sid":"20261006T103658.877179Z-Ha9d4ceab-P000078e8","thread":"main","time":"2026-10-06T10:36:58.878102Z","file":"git.c","line":477,"name":"ls-tree","hierarchy":"ls-tree"}
{"event":"version","sid":"20261006T103658.877697Z-Ha9d4ceab-P000078ed","thread":"main","time":"2026-10-06T10:36:58.878119Z","file":"common-init.c","line":57,"evt":"4","exe":"2.50.1 (Apple Git-155)"}
{"event":"start","sid":"20261006T103658.877697Z-Ha9d4ceab-P000078ed","thread":"main","time":"2026-10-06T10:36:58.878160Z","file":"common-init.c","line":58,"t_abs":0.000807,"argv":["/Library/Developer/CommandLineTools/usr/bin/git","-C","/var/folders/f1/2xjyyqkn5plc19fx4nt4tpt00000gn/T/flow-dperf02-TxkS4x/main","ls-tree","-r","-z","--full-tree","33fbfd2c9ca677261c07f9845935727ea0f757b0","--",":(literal)src/shared",":(literal)src/shared/a.txt",":(literal)src/second",":(literal)src/third.txt",":(literal)src/fourth.txt"]}
{"event":"def_repo","sid":"20261006T103658.877697Z-Ha9d4ceab-P000078ed","thread":"main","time":"2026-10-06T10:36:58.878303Z","file":"repository.c","line":241,"repo":1,"worktree":"/private/var/folders/f1/2xjyyqkn5plc19fx4nt4tpt00000gn/T/flow-dperf02-TxkS4x/main"}
{"event":"version","sid":"20261006T103658.877939Z-Ha9d4ceab-P000078f2","thread":"main","time":"2026-10-06T10:36:58.878321Z","file":"common-init.c","line":57,"evt":"4","exe":"2.50.1 (Apple Git-155)"}
{"event":"start","sid":"20261006T103658.877939Z-Ha9d4ceab-P000078f2","thread":"main","time":"2026-10-06T10:36:58.878331Z","file":"common-init.c","line":58,"t_abs":0.000729,"argv":["/Library/Developer/CommandLineTools/usr/bin/git","-C","/var/folders/f1/2xjyyqkn5plc19fx4nt4tpt00000gn/T/flow-dperf02-TxkS4x/main","ls-tree","-r","-z","--full-tree","33fbfd2c9ca677261c07f9845935727ea0f757b0","--",":(literal)src/shared",":(literal)src/shared/a.txt",":(literal)src/second",":(literal)src/third.txt",":(literal)src/fourth.txt"]}
{"event":"cmd_name","sid":"20261006T103658.877697Z-Ha9d4ceab-P000078ed","thread":"main","time":"2026-10-06T10:36:58.878455Z","file":"git.c","line":477,"name":"ls-tree","hierarchy":"ls-tree"}
{"event":"def_repo","sid":"20261006T103658.877939Z-Ha9d4ceab-P000078f2","thread":"main","time":"2026-10-06T10:36:58.878496Z","file":"repository.c","line":241,"repo":1,"worktree":"/private/var/folders/f1/2xjyyqkn5plc19fx4nt4tpt00000gn/T/flow-dperf02-TxkS4x/main"}
{"event":"cmd_name","sid":"20261006T103658.877939Z-Ha9d4ceab-P000078f2","thread":"main","time":"2026-10-06T10:36:58.878645Z","file":"git.c","line":477,"name":"ls-tree","hierarchy":"ls-tree"}
{"event":"exit","sid":"20261006T103658.877042Z-Ha9d4ceab-P000078e3","thread":"main","time":"2026-10-06T10:36:58.879142Z","file":"git.c","line":747,"t_abs":0.002508,"code":0}
{"event":"atexit","sid":"20261006T103658.877042Z-Ha9d4ceab-P000078e3","thread":"main","time":"2026-10-06T10:36:58.879150Z","file":"trace2/tr2_tgt_event.c","line":207,"t_abs":0.002515,"code":0}
{"event":"exit","sid":"20261006T103658.877036Z-Ha9d4ceab-P000078de","thread":"main","time":"2026-10-06T10:36:58.879152Z","file":"git.c","line":747,"t_abs":0.002511,"code":0}
{"event":"exit","sid":"20261006T103658.877179Z-Ha9d4ceab-P000078e8","thread":"main","time":"2026-10-06T10:36:58.879159Z","file":"git.c","line":747,"t_abs":0.002387,"code":0}
{"event":"atexit","sid":"20261006T103658.877036Z-Ha9d4ceab-P000078de","thread":"main","time":"2026-10-06T10:36:58.879159Z","file":"trace2/tr2_tgt_event.c","line":207,"t_abs":0.002519,"code":0}
{"event":"atexit","sid":"20261006T103658.877179Z-Ha9d4ceab-P000078e8","thread":"main","time":"2026-10-06T10:36:58.879166Z","file":"trace2/tr2_tgt_event.c","line":207,"t_abs":0.002394,"code":0}
{"event":"exit","sid":"20261006T103658.877697Z-Ha9d4ceab-P000078ed","thread":"main","time":"2026-10-06T10:36:58.879302Z","file":"git.c","line":747,"t_abs":0.001949,"code":0}
{"event":"atexit","sid":"20261006T103658.877697Z-Ha9d4ceab-P000078ed","thread":"main","time":"2026-10-06T10:36:58.879310Z","file":"trace2/tr2_tgt_event.c","line":207,"t_abs":0.001957,"code":0}
{"event":"exit","sid":"20261006T103658.877939Z-Ha9d4ceab-P000078f2","thread":"main","time":"2026-10-06T10:36:58.879513Z","file":"git.c","line":747,"t_abs":0.001910,"code":0}
{"event":"atexit","sid":"20261006T103658.877939Z-Ha9d4ceab-P000078f2","thread":"main","time":"2026-10-06T10:36:58.879525Z","file":"trace2/tr2_tgt_event.c","line":207,"t_abs":0.001922,"code":0}
