{"event":"version","sid":"20261006T103237.498954Z-Ha9d4ceab-P0001294b","thread":"main","time":"2026-10-06T10:32:37.500190Z","file":"common-init.c","line":57,"evt":"4","exe":"2.50.1 (Apple Git-155)"}
{"event":"start","sid":"20261006T103237.498954Z-Ha9d4ceab-P0001294b","thread":"main","time":"2026-10-06T10:32:37.500369Z","file":"common-init.c","line":58,"t_abs":0.001922,"argv":["/Library/Developer/CommandLineTools/usr/bin/git","-C","/var/folders/f1/2xjyyqkn5plc19fx4nt4tpt00000gn/T/flow-dperf02-tWIHzq/main","rev-parse","--show-toplevel"]}
{"event":"cmd_name","sid":"20261006T103237.498954Z-Ha9d4ceab-P0001294b","thread":"main","time":"2026-10-06T10:32:37.500480Z","file":"git.c","line":477,"name":"rev-parse","hierarchy":"rev-parse"}
{"event":"def_repo","sid":"20261006T103237.498954Z-Ha9d4ceab-P0001294b","thread":"main","time":"2026-10-06T10:32:37.500766Z","file":"repository.c","line":241,"repo":1,"worktree":"/private/var/folders/f1/2xjyyqkn5plc19fx4nt4tpt00000gn/T/flow-dperf02-tWIHzq/main"}
{"event":"exit","sid":"20261006T103237.498954Z-Ha9d4ceab-P0001294b","thread":"main","time":"2026-10-06T10:32:37.501717Z","file":"git.c","line":747,"t_abs":0.003271,"code":0}
{"event":"atexit","sid":"20261006T103237.498954Z-Ha9d4ceab-P0001294b","thread":"main","time":"2026-10-06T10:32:37.501740Z","file":"trace2/tr2_tgt_event.c","line":207,"t_abs":0.003295,"code":0}
{"event":"version","sid":"20261006T103237.505309Z-Ha9d4ceab-P0001295f","thread":"main","time":"2026-10-06T10:32:37.506453Z","file":"common-init.c","line":57,"evt":"4","exe":"2.50.1 (Apple Git-155)"}
{"event":"start","sid":"20261006T103237.505309Z-Ha9d4ceab-P0001295f","thread":"main","time":"2026-10-06T10:32:37.506486Z","file":"common-init.c","line":58,"t_abs":0.001499,"argv":["/Library/Developer/CommandLineTools/usr/bin/git","-C","/var/folders/f1/2xjyyqkn5plc19fx4nt4tpt00000gn/T/flow-dperf02-tWIHzq/main","branch","--show-current"]}
{"event":"def_repo","sid":"20261006T103237.505309Z-Ha9d4ceab-P0001295f","thread":"main","time":"2026-10-06T10:32:37.506749Z","file":"repository.c","line":241,"repo":1,"worktree":"/private/var/folders/f1/2xjyyqkn5plc19fx4nt4tpt00000gn/T/flow-dperf02-tWIHzq/main"}
{"event":"cmd_name","sid":"20261006T103237.505309Z-Ha9d4ceab-P0001295f","thread":"main","time":"2026-10-06T10:32:37.506792Z","file":"git.c","line":477,"name":"branch","hierarchy":"branch"}
{"event":"exit","sid":"20261006T103237.505309Z-Ha9d4ceab-P0001295f","thread":"main","time":"2026-10-06T10:32:37.507175Z","file":"git.c","line":747,"t_abs":0.002188,"code":0}
{"event":"atexit","sid":"20261006T103237.505309Z-Ha9d4ceab-P0001295f","thread":"main","time":"2026-10-06T10:32:37.507185Z","file":"trace2/tr2_tgt_event.c","line":207,"t_abs":0.002199,"code":0}
{"event":"version","sid":"20261006T103237.511142Z-Ha9d4ceab-P0001297a","thread":"main","time":"2026-10-06T10:32:37.513772Z","file":"common-init.c","line":57,"evt":"4","exe":"2.50.1 (Apple Git-155)"}
{"event":"start","sid":"20261006T103237.511142Z-Ha9d4ceab-P0001297a","thread":"main","time":"2026-10-06T10:32:37.513799Z","file":"common-init.c","line":58,"t_abs":0.003395,"argv":["/Library/Developer/CommandLineTools/usr/bin/git","-C","/var/folders/f1/2xjyyqkn5plc19fx4nt4tpt00000gn/T/flow-dperf02-tWIHzq/main","status","--porcelain","--untracked-files=normal"]}
{"event":"version","sid":"20261006T103237.510686Z-Ha9d4ceab-P0001296e","thread":"main","time":"2026-10-06T10:32:37.513822Z","file":"common-init.c","line":57,"evt":"4","exe":"2.50.1 (Apple Git-155)"}
{"event":"start","sid":"20261006T103237.510686Z-Ha9d4ceab-P0001296e","thread":"main","time":"2026-10-06T10:32:37.513859Z","file":"common-init.c","line":58,"t_abs":0.003882,"argv":["/Library/Developer/CommandLineTools/usr/bin/git","-C","/var/folders/f1/2xjyyqkn5plc19fx4nt4tpt00000gn/T/flow-dperf02-tWIHzq/main","rev-parse","HEAD"]}
{"event":"cmd_name","sid":"20261006T103237.510686Z-Ha9d4ceab-P0001296e","thread":"main","time":"2026-10-06T10:32:37.514027Z","file":"git.c","line":477,"name":"rev-parse","hierarchy":"rev-parse"}
{"event":"def_repo","sid":"20261006T103237.511142Z-Ha9d4ceab-P0001297a","thread":"main","time":"2026-10-06T10:32:37.514274Z","file":"repository.c","line":241,"repo":1,"worktree":"/private/var/folders/f1/2xjyyqkn5plc19fx4nt4tpt00000gn/T/flow-dperf02-tWIHzq/main"}
{"event":"def_repo","sid":"20261006T103237.510686Z-Ha9d4ceab-P0001296e","thread":"main","time":"2026-10-06T10:32:37.514414Z","file":"repository.c","line":241,"repo":1,"worktree":"/private/var/folders/f1/2xjyyqkn5plc19fx4nt4tpt00000gn/T/flow-dperf02-tWIHzq/main"}
{"event":"cmd_name","sid":"20261006T103237.511142Z-Ha9d4ceab-P0001297a","thread":"main","time":"2026-10-06T10:32:37.514938Z","file":"git.c","line":477,"name":"status","hierarchy":"status"}
{"event":"exit","sid":"20261006T103237.510686Z-Ha9d4ceab-P0001296e","thread":"main","time":"2026-10-06T10:32:37.515412Z","file":"git.c","line":747,"t_abs":0.005435,"code":0}
{"event":"atexit","sid":"20261006T103237.510686Z-Ha9d4ceab-P0001296e","thread":"main","time":"2026-10-06T10:32:37.515434Z","file":"trace2/tr2_tgt_event.c","line":207,"t_abs":0.005456,"code":0}
{"event":"region_enter","sid":"20261006T103237.511142Z-Ha9d4ceab-P0001297a","thread":"main","time":"2026-10-06T10:32:37.515561Z","file":"read-cache.c","line":2357,"repo":1,"nesting":1,"category":"index","label":"do_read_index","msg":".git/index"}
{"event":"region_enter","sid":"20261006T103237.511142Z-Ha9d4ceab-P0001297a","thread":"main","time":"2026-10-06T10:32:37.516198Z","file":"cache-tree.c","line":643,"repo":1,"nesting":2,"category":"cache_tree","label":"read"}
{"event":"region_leave","sid":"20261006T103237.511142Z-Ha9d4ceab-P0001297a","thread":"main","time":"2026-10-06T10:32:37.516290Z","file":"cache-tree.c","line":645,"repo":1,"t_rel":0.000095,"nesting":2,"category":"cache_tree","label":"read"}
{"event":"data","sid":"20261006T103237.511142Z-Ha9d4ceab-P0001297a","thread":"main","time":"2026-10-06T10:32:37.516326Z","file":"read-cache.c","line":2306,"repo":1,"t_abs":0.005922,"t_rel":0.000765,"nesting":2,"category":"index","key":"read/version","value":"2"}
{"event":"data","sid":"20261006T103237.511142Z-Ha9d4ceab-P0001297a","thread":"main","time":"2026-10-06T10:32:37.516345Z","file":"read-cache.c","line":2308,"repo":1,"t_abs":0.005941,"t_rel":0.000784,"nesting":2,"category":"index","key":"read/cache_nr","value":"389"}
{"event":"region_leave","sid":"20261006T103237.511142Z-Ha9d4ceab-P0001297a","thread":"main","time":"2026-10-06T10:32:37.516377Z","file":"read-cache.c","line":2362,"repo":1,"t_rel":0.000815,"nesting":1,"category":"index","label":"do_read_index","msg":".git/index"}
{"event":"region_enter","sid":"20261006T103237.511142Z-Ha9d4ceab-P0001297a","thread":"main","time":"2026-10-06T10:32:37.516468Z","file":"read-cache.c","line":1513,"nesting":1,"category":"index","label":"refresh"}
{"event":"data","sid":"20261006T103237.511142Z-Ha9d4ceab-P0001297a","thread":"main","time":"2026-10-06T10:32:37.519625Z","file":"read-cache.c","line":1595,"t_abs":0.009220,"t_rel":0.003156,"nesting":2,"category":"index","key":"refresh/sum_lstat","value":"389"}
{"event":"data","sid":"20261006T103237.511142Z-Ha9d4ceab-P0001297a","thread":"main","time":"2026-10-06T10:32:37.519654Z","file":"read-cache.c","line":1596,"t_abs":0.009250,"t_rel":0.003186,"nesting":2,"category":"index","key":"refresh/sum_scan","value":"0"}
{"event":"region_leave","sid":"20261006T103237.511142Z-Ha9d4ceab-P0001297a","thread":"main","time":"2026-10-06T10:32:37.519662Z","file":"read-cache.c","line":1597,"t_rel":0.003194,"nesting":1,"category":"index","label":"refresh"}
{"event":"region_enter","sid":"20261006T103237.511142Z-Ha9d4ceab-P0001297a","thread":"main","time":"2026-10-06T10:32:37.519844Z","file":"wt-status.c","line":841,"repo":1,"nesting":1,"category":"status","label":"worktrees"}
{"event":"region_enter","sid":"20261006T103237.511142Z-Ha9d4ceab-P0001297a","thread":"main","time":"2026-10-06T10:32:37.519868Z","file":"diffcore-rename.c","line":1407,"repo":1,"nesting":2,"category":"diff","label":"setup"}
{"event":"region_leave","sid":"20261006T103237.511142Z-Ha9d4ceab-P0001297a","thread":"main","time":"2026-10-06T10:32:37.519877Z","file":"diffcore-rename.c","line":1460,"repo":1,"t_rel":0.000009,"nesting":2,"category":"diff","label":"setup"}
{"event":"region_enter","sid":"20261006T103237.511142Z-Ha9d4ceab-P0001297a","thread":"main","time":"2026-10-06T10:32:37.519911Z","file":"diffcore-rename.c","line":1640,"repo":1,"nesting":2,"category":"diff","label":"write back to queue"}
{"event":"region_leave","sid":"20261006T103237.511142Z-Ha9d4ceab-P0001297a","thread":"main","time":"2026-10-06T10:32:37.519916Z","file":"diffcore-rename.c","line":1717,"repo":1,"t_rel":0.000006,"nesting":2,"category":"diff","label":"write back to queue"}
{"event":"region_leave","sid":"20261006T103237.511142Z-Ha9d4ceab-P0001297a","thread":"main","time":"2026-10-06T10:32:37.519927Z","file":"wt-status.c","line":843,"repo":1,"t_rel":0.000084,"nesting":1,"category":"status","label":"worktrees"}
{"event":"region_enter","sid":"20261006T103237.511142Z-Ha9d4ceab-P0001297a","thread":"main","time":"2026-10-06T10:32:37.519936Z","file":"wt-status.c","line":850,"repo":1,"nesting":1,"category":"status","label":"index"}
{"event":"region_enter","sid":"20261006T103237.511142Z-Ha9d4ceab-P0001297a","thread":"main","time":"2026-10-06T10:32:37.521179Z","file":"unpack-trees.c","line":1905,"repo":1,"nesting":2,"category":"unpack_trees","label":"unpack_trees"}
{"event":"region_leave","sid":"20261006T103237.511142Z-Ha9d4ceab-P0001297a","thread":"main","time":"2026-10-06T10:32:37.521453Z","file":"unpack-trees.c","line":2108,"repo":1,"t_rel":0.000274,"nesting":2,"category":"unpack_trees","label":"unpack_trees"}
{"event":"region_enter","sid":"20261006T103237.511142Z-Ha9d4ceab-P0001297a","thread":"main","time":"2026-10-06T10:32:37.521465Z","file":"diffcore-rename.c","line":1407,"repo":1,"nesting":2,"category":"diff","label":"setup"}
{"event":"region_leave","sid":"20261006T103237.511142Z-Ha9d4ceab-P0001297a","thread":"main","time":"2026-10-06T10:32:37.521472Z","file":"diffcore-rename.c","line":1460,"repo":1,"t_rel":0.000009,"nesting":2,"category":"diff","label":"setup"}
{"event":"region_enter","sid":"20261006T103237.511142Z-Ha9d4ceab-P0001297a","thread":"main","time":"2026-10-06T10:32:37.521480Z","file":"diffcore-rename.c","line":1640,"repo":1,"nesting":2,"category":"diff","label":"write back to queue"}
{"event":"region_leave","sid":"20261006T103237.511142Z-Ha9d4ceab-P0001297a","thread":"main","time":"2026-10-06T10:32:37.521484Z","file":"diffcore-rename.c","line":1717,"repo":1,"t_rel":0.000005,"nesting":2,"category":"diff","label":"write back to queue"}
{"event":"region_leave","sid":"20261006T103237.511142Z-Ha9d4ceab-P0001297a","thread":"main","time":"2026-10-06T10:32:37.521489Z","file":"wt-status.c","line":852,"repo":1,"t_rel":0.001553,"nesting":1,"category":"status","label":"index"}
{"event":"region_enter","sid":"20261006T103237.511142Z-Ha9d4ceab-P0001297a","thread":"main","time":"2026-10-06T10:32:37.521494Z","file":"wt-status.c","line":855,"repo":1,"nesting":1,"category":"status","label":"untracked"}
{"event":"region_enter","sid":"20261006T103237.511142Z-Ha9d4ceab-P0001297a","thread":"main","time":"2026-10-06T10:32:37.521623Z","file":"dir.c","line":3090,"repo":1,"nesting":2,"category":"dir","label":"read_directory"}
{"event":"version","sid":"20261006T103237.522549Z-Ha9d4ceab-P00012986","thread":"main","time":"2026-10-06T10:32:37.523497Z","file":"common-init.c","line":57,"evt":"4","exe":"2.50.1 (Apple Git-155)"}
{"event":"start","sid":"20261006T103237.522549Z-Ha9d4ceab-P00012986","thread":"main","time":"2026-10-06T10:32:37.523521Z","file":"common-init.c","line":58,"t_abs":0.001850,"argv":["/Library/Developer/CommandLineTools/usr/bin/git","-C","/var/folders/f1/2xjyyqkn5plc19fx4nt4tpt00000gn/T/flow-dperf02-tWIHzq/worker","rev-parse","--show-toplevel"]}
{"event":"cmd_name","sid":"20261006T103237.522549Z-Ha9d4ceab-P00012986","thread":"main","time":"2026-10-06T10:32:37.523683Z","file":"git.c","line":477,"name":"rev-parse","hierarchy":"rev-parse"}
{"event":"def_repo","sid":"20261006T103237.522549Z-Ha9d4ceab-P00012986","thread":"main","time":"2026-10-06T10:32:37.524317Z","file":"repository.c","line":241,"repo":1,"worktree":"/private/var/folders/f1/2xjyyqkn5plc19fx4nt4tpt00000gn/T/flow-dperf02-tWIHzq/worker"}
{"event":"exit","sid":"20261006T103237.522549Z-Ha9d4ceab-P00012986","thread":"main","time":"2026-10-06T10:32:37.524796Z","file":"git.c","line":747,"t_abs":0.003125,"code":0}
{"event":"atexit","sid":"20261006T103237.522549Z-Ha9d4ceab-P00012986","thread":"main","time":"2026-10-06T10:32:37.524809Z","file":"trace2/tr2_tgt_event.c","line":207,"t_abs":0.003138,"code":0}
{"event":"version","sid":"20261006T103237.532500Z-Ha9d4ceab-P000129aa","thread":"main","time":"2026-10-06T10:32:37.533369Z","file":"common-init.c","line":57,"evt":"4","exe":"2.50.1 (Apple Git-155)"}
{"event":"start","sid":"20261006T103237.532500Z-Ha9d4ceab-P000129aa","thread":"main","time":"2026-10-06T10:32:37.533386Z","file":"common-init.c","line":58,"t_abs":0.001590,"argv":["/Library/Developer/CommandLineTools/usr/bin/git","-C","/var/folders/f1/2xjyyqkn5plc19fx4nt4tpt00000gn/T/flow-dperf02-tWIHzq/worker","branch","--show-current"]}
{"event":"def_repo","sid":"20261006T103237.532500Z-Ha9d4ceab-P000129aa","thread":"main","time":"2026-10-06T10:32:37.535073Z","file":"repository.c","line":241,"repo":1,"worktree":"/private/var/folders/f1/2xjyyqkn5plc19fx4nt4tpt00000gn/T/flow-dperf02-tWIHzq/worker"}
{"event":"cmd_name","sid":"20261006T103237.532500Z-Ha9d4ceab-P000129aa","thread":"main","time":"2026-10-06T10:32:37.536180Z","file":"git.c","line":477,"name":"branch","hierarchy":"branch"}
{"event":"exit","sid":"20261006T103237.532500Z-Ha9d4ceab-P000129aa","thread":"main","time":"2026-10-06T10:32:37.537098Z","file":"git.c","line":747,"t_abs":0.005301,"code":0}
{"event":"atexit","sid":"20261006T103237.532500Z-Ha9d4ceab-P000129aa","thread":"main","time":"2026-10-06T10:32:37.537117Z","file":"trace2/tr2_tgt_event.c","line":207,"t_abs":0.005321,"code":0}
{"event":"region_leave","sid":"20261006T103237.511142Z-Ha9d4ceab-P0001297a","thread":"main","time":"2026-10-06T10:32:37.546208Z","file":"dir.c","line":3113,"repo":1,"t_rel":0.024583,"nesting":2,"category":"dir","label":"read_directory"}
{"event":"region_leave","sid":"20261006T103237.511142Z-Ha9d4ceab-P0001297a","thread":"main","time":"2026-10-06T10:32:37.546237Z","file":"wt-status.c","line":857,"repo":1,"t_rel":0.024743,"nesting":1,"category":"status","label":"untracked"}
{"event":"data","sid":"20261006T103237.511142Z-Ha9d4ceab-P0001297a","thread":"main","time":"2026-10-06T10:32:37.546274Z","file":"wt-status.c","line":2569,"repo":1,"t_abs":0.035870,"t_rel":0.035870,"nesting":1,"category":"status","key":"count/changed","value":"0"}
{"event":"data","sid":"20261006T103237.511142Z-Ha9d4ceab-P0001297a","thread":"main","time":"2026-10-06T10:32:37.546282Z","file":"wt-status.c","line":2571,"repo":1,"t_abs":0.035878,"t_rel":0.035878,"nesting":1,"category":"status","key":"count/untracked","value":"0"}
{"event":"data","sid":"20261006T103237.511142Z-Ha9d4ceab-P0001297a","thread":"main","time":"2026-10-06T10:32:37.546288Z","file":"wt-status.c","line":2572,"repo":1,"t_abs":0.035885,"t_rel":0.035885,"nesting":1,"category":"status","key":"count/ignored","value":"0"}
{"event":"region_enter","sid":"20261006T103237.511142Z-Ha9d4ceab-P0001297a","thread":"main","time":"2026-10-06T10:32:37.546295Z","file":"wt-status.c","line":2574,"repo":1,"nesting":1,"category":"status","label":"print"}
{"event":"region_leave","sid":"20261006T103237.511142Z-Ha9d4ceab-P0001297a","thread":"main","time":"2026-10-06T10:32:37.546303Z","file":"wt-status.c","line":2595,"repo":1,"t_rel":0.000008,"nesting":1,"category":"status","label":"print"}
{"event":"exit","sid":"20261006T103237.511142Z-Ha9d4ceab-P0001297a","thread":"main","time":"2026-10-06T10:32:37.546310Z","file":"git.c","line":747,"t_abs":0.035907,"code":0}
{"event":"data_json","sid":"20261006T103237.511142Z-Ha9d4ceab-P0001297a","thread":"main","time":"2026-10-06T10:32:37.546319Z","file":"tree-walk.c","line":186,"repo":1,"t_abs":0.035915,"t_rel":0.035915,"nesting":1,"category":"traverse_trees","key":"statistics","value":{"traverse_trees_count":1,"traverse_trees_max_depth":1}}
{"event":"atexit","sid":"20261006T103237.511142Z-Ha9d4ceab-P0001297a","thread":"main","time":"2026-10-06T10:32:37.546328Z","file":"trace2/tr2_tgt_event.c","line":207,"t_abs":0.035924,"code":0}
{"event":"version","sid":"20261006T103237.573322Z-Ha9d4ceab-P00012a11","thread":"main","time":"2026-10-06T10:32:37.574825Z","file":"common-init.c","line":57,"evt":"4","exe":"2.50.1 (Apple Git-155)"}
{"event":"start","sid":"20261006T103237.573322Z-Ha9d4ceab-P00012a11","thread":"main","time":"2026-10-06T10:32:37.574883Z","file":"common-init.c","line":58,"t_abs":0.002008,"argv":["/Library/Developer/CommandLineTools/usr/bin/git","-C","/var/folders/f1/2xjyyqkn5plc19fx4nt4tpt00000gn/T/flow-dperf02-tWIHzq/worker","rev-parse","HEAD"]}
{"event":"cmd_name","sid":"20261006T103237.573322Z-Ha9d4ceab-P00012a11","thread":"main","time":"2026-10-06T10:32:37.575037Z","file":"git.c","line":477,"name":"rev-parse","hierarchy":"rev-parse"}
{"event":"def_repo","sid":"20261006T103237.573322Z-Ha9d4ceab-P00012a11","thread":"main","time":"2026-10-06T10:32:37.575562Z","file":"repository.c","line":241,"repo":1,"worktree":"/private/var/folders/f1/2xjyyqkn5plc19fx4nt4tpt00000gn/T/flow-dperf02-tWIHzq/worker"}
{"event":"exit","sid":"20261006T103237.573322Z-Ha9d4ceab-P00012a11","thread":"main","time":"2026-10-06T10:32:37.578094Z","file":"git.c","line":747,"t_abs":0.005219,"code":0}
{"event":"atexit","sid":"20261006T103237.573322Z-Ha9d4ceab-P00012a11","thread":"main","time":"2026-10-06T10:32:37.578115Z","file":"trace2/tr2_tgt_event.c","line":207,"t_abs":0.005240,"code":0}
{"event":"version","sid":"20261006T103237.617753Z-Ha9d4ceab-P00012a4d","thread":"main","time":"2026-10-06T10:32:37.620534Z","file":"common-init.c","line":57,"evt":"4","exe":"2.50.1 (Apple Git-155)"}
{"event":"start","sid":"20261006T103237.617753Z-Ha9d4ceab-P00012a4d","thread":"main","time":"2026-10-06T10:32:37.620563Z","file":"common-init.c","line":58,"t_abs":0.003512,"argv":["/Library/Developer/CommandLineTools/usr/bin/git","-C","/var/folders/f1/2xjyyqkn5plc19fx4nt4tpt00000gn/T/flow-dperf02-tWIHzq/worker","status","--porcelain","--untracked-files=normal"]}
{"event":"def_repo","sid":"20261006T103237.617753Z-Ha9d4ceab-P00012a4d","thread":"main","time":"2026-10-06T10:32:37.620944Z","file":"repository.c","line":241,"repo":1,"worktree":"/private/var/folders/f1/2xjyyqkn5plc19fx4nt4tpt00000gn/T/flow-dperf02-tWIHzq/worker"}
{"event":"cmd_name","sid":"20261006T103237.617753Z-Ha9d4ceab-P00012a4d","thread":"main","time":"2026-10-06T10:32:37.621255Z","file":"git.c","line":477,"name":"status","hierarchy":"status"}
{"event":"region_enter","sid":"20261006T103237.617753Z-Ha9d4ceab-P00012a4d","thread":"main","time":"2026-10-06T10:32:37.621772Z","file":"read-cache.c","line":2357,"repo":1,"nesting":1,"category":"index","label":"do_read_index","msg":"/private/var/folders/f1/2xjyyqkn5plc19fx4nt4tpt00000gn/T/flow-dperf02-tWIHzq/main/.git/worktrees/worker/index"}
{"event":"region_enter","sid":"20261006T103237.617753Z-Ha9d4ceab-P00012a4d","thread":"main","time":"2026-10-06T10:32:37.621901Z","file":"cache-tree.c","line":643,"repo":1,"nesting":2,"category":"cache_tree","label":"read"}
{"event":"region_leave","sid":"20261006T103237.617753Z-Ha9d4ceab-P00012a4d","thread":"main","time":"2026-10-06T10:32:37.621925Z","file":"cache-tree.c","line":645,"repo":1,"t_rel":0.000024,"nesting":2,"category":"cache_tree","label":"read"}
{"event":"data","sid":"20261006T103237.617753Z-Ha9d4ceab-P00012a4d","thread":"main","time":"2026-10-06T10:32:37.621934Z","file":"read-cache.c","line":2306,"repo":1,"t_abs":0.004884,"t_rel":0.000162,"nesting":2,"category":"index","key":"read/version","value":"2"}
{"event":"data","sid":"20261006T103237.617753Z-Ha9d4ceab-P00012a4d","thread":"main","time":"2026-10-06T10:32:37.621940Z","file":"read-cache.c","line":2308,"repo":1,"t_abs":0.004890,"t_rel":0.000168,"nesting":2,"category":"index","key":"read/cache_nr","value":"389"}
{"event":"region_leave","sid":"20261006T103237.617753Z-Ha9d4ceab-P00012a4d","thread":"main","time":"2026-10-06T10:32:37.621948Z","file":"read-cache.c","line":2362,"repo":1,"t_rel":0.000175,"nesting":1,"category":"index","label":"do_read_index","msg":"/private/var/folders/f1/2xjyyqkn5plc19fx4nt4tpt00000gn/T/flow-dperf02-tWIHzq/main/.git/worktrees/worker/index"}
{"event":"region_enter","sid":"20261006T103237.617753Z-Ha9d4ceab-P00012a4d","thread":"main","time":"2026-10-06T10:32:37.621984Z","file":"read-cache.c","line":1513,"nesting":1,"category":"index","label":"refresh"}
{"event":"data","sid":"20261006T103237.617753Z-Ha9d4ceab-P00012a4d","thread":"main","time":"2026-10-06T10:32:37.643045Z","file":"read-cache.c","line":1595,"t_abs":0.025993,"t_rel":0.021059,"nesting":2,"category":"index","key":"refresh/sum_lstat","value":"389"}
{"event":"data","sid":"20261006T103237.617753Z-Ha9d4ceab-P00012a4d","thread":"main","time":"2026-10-06T10:32:37.643072Z","file":"read-cache.c","line":1596,"t_abs":0.026021,"t_rel":0.021087,"nesting":2,"category":"index","key":"refresh/sum_scan","value":"0"}
{"event":"region_leave","sid":"20261006T103237.617753Z-Ha9d4ceab-P00012a4d","thread":"main","time":"2026-10-06T10:32:37.643081Z","file":"read-cache.c","line":1597,"t_rel":0.021097,"nesting":1,"category":"index","label":"refresh"}
{"event":"region_enter","sid":"20261006T103237.617753Z-Ha9d4ceab-P00012a4d","thread":"main","time":"2026-10-06T10:32:37.643167Z","file":"wt-status.c","line":841,"repo":1,"nesting":1,"category":"status","label":"worktrees"}
{"event":"region_enter","sid":"20261006T103237.617753Z-Ha9d4ceab-P00012a4d","thread":"main","time":"2026-10-06T10:32:37.643192Z","file":"diffcore-rename.c","line":1407,"repo":1,"nesting":2,"category":"diff","label":"setup"}
{"event":"region_leave","sid":"20261006T103237.617753Z-Ha9d4ceab-P00012a4d","thread":"main","time":"2026-10-06T10:32:37.643199Z","file":"diffcore-rename.c","line":1460,"repo":1,"t_rel":0.000008,"nesting":2,"category":"diff","label":"setup"}
{"event":"region_enter","sid":"20261006T103237.617753Z-Ha9d4ceab-P00012a4d","thread":"main","time":"2026-10-06T10:32:37.643204Z","file":"diffcore-rename.c","line":1640,"repo":1,"nesting":2,"category":"diff","label":"write back to queue"}
{"event":"region_leave","sid":"20261006T103237.617753Z-Ha9d4ceab-P00012a4d","thread":"main","time":"2026-10-06T10:32:37.643210Z","file":"diffcore-rename.c","line":1717,"repo":1,"t_rel":0.000006,"nesting":2,"category":"diff","label":"write back to queue"}
{"event":"region_leave","sid":"20261006T103237.617753Z-Ha9d4ceab-P00012a4d","thread":"main","time":"2026-10-06T10:32:37.643219Z","file":"wt-status.c","line":843,"repo":1,"t_rel":0.000052,"nesting":1,"category":"status","label":"worktrees"}
{"event":"region_enter","sid":"20261006T103237.617753Z-Ha9d4ceab-P00012a4d","thread":"main","time":"2026-10-06T10:32:37.643224Z","file":"wt-status.c","line":850,"repo":1,"nesting":1,"category":"status","label":"index"}
{"event":"region_enter","sid":"20261006T103237.617753Z-Ha9d4ceab-P00012a4d","thread":"main","time":"2026-10-06T10:32:37.644063Z","file":"unpack-trees.c","line":1905,"repo":1,"nesting":2,"category":"unpack_trees","label":"unpack_trees"}
{"event":"region_leave","sid":"20261006T103237.617753Z-Ha9d4ceab-P00012a4d","thread":"main","time":"2026-10-06T10:32:37.644226Z","file":"unpack-trees.c","line":2108,"repo":1,"t_rel":0.000163,"nesting":2,"category":"unpack_trees","label":"unpack_trees"}
{"event":"region_enter","sid":"20261006T103237.617753Z-Ha9d4ceab-P00012a4d","thread":"main","time":"2026-10-06T10:32:37.644253Z","file":"diffcore-rename.c","line":1407,"repo":1,"nesting":2,"category":"diff","label":"setup"}
{"event":"region_leave","sid":"20261006T103237.617753Z-Ha9d4ceab-P00012a4d","thread":"main","time":"2026-10-06T10:32:37.644259Z","file":"diffcore-rename.c","line":1460,"repo":1,"t_rel":0.000006,"nesting":2,"category":"diff","label":"setup"}
{"event":"region_enter","sid":"20261006T103237.617753Z-Ha9d4ceab-P00012a4d","thread":"main","time":"2026-10-06T10:32:37.644265Z","file":"diffcore-rename.c","line":1640,"repo":1,"nesting":2,"category":"diff","label":"write back to queue"}
{"event":"region_leave","sid":"20261006T103237.617753Z-Ha9d4ceab-P00012a4d","thread":"main","time":"2026-10-06T10:32:37.644269Z","file":"diffcore-rename.c","line":1717,"repo":1,"t_rel":0.000005,"nesting":2,"category":"diff","label":"write back to queue"}
{"event":"region_leave","sid":"20261006T103237.617753Z-Ha9d4ceab-P00012a4d","thread":"main","time":"2026-10-06T10:32:37.644308Z","file":"wt-status.c","line":852,"repo":1,"t_rel":0.001083,"nesting":1,"category":"status","label":"index"}
{"event":"region_enter","sid":"20261006T103237.617753Z-Ha9d4ceab-P00012a4d","thread":"main","time":"2026-10-06T10:32:37.644314Z","file":"wt-status.c","line":855,"repo":1,"nesting":1,"category":"status","label":"untracked"}
{"event":"region_enter","sid":"20261006T103237.617753Z-Ha9d4ceab-P00012a4d","thread":"main","time":"2026-10-06T10:32:37.644728Z","file":"dir.c","line":3090,"repo":1,"nesting":2,"category":"dir","label":"read_directory"}
{"event":"region_leave","sid":"20261006T103237.617753Z-Ha9d4ceab-P00012a4d","thread":"main","time":"2026-10-06T10:32:37.652049Z","file":"dir.c","line":3113,"repo":1,"t_rel":0.007322,"nesting":2,"category":"dir","label":"read_directory"}
{"event":"region_leave","sid":"20261006T103237.617753Z-Ha9d4ceab-P00012a4d","thread":"main","time":"2026-10-06T10:32:37.652080Z","file":"wt-status.c","line":857,"repo":1,"t_rel":0.007765,"nesting":1,"category":"status","label":"untracked"}
{"event":"data","sid":"20261006T103237.617753Z-Ha9d4ceab-P00012a4d","thread":"main","time":"2026-10-06T10:32:37.652128Z","file":"wt-status.c","line":2569,"repo":1,"t_abs":0.035077,"t_rel":0.035077,"nesting":1,"category":"status","key":"count/changed","value":"0"}
{"event":"data","sid":"20261006T103237.617753Z-Ha9d4ceab-P00012a4d","thread":"main","time":"2026-10-06T10:32:37.652137Z","file":"wt-status.c","line":2571,"repo":1,"t_abs":0.035087,"t_rel":0.035087,"nesting":1,"category":"status","key":"count/untracked","value":"0"}
{"event":"data","sid":"20261006T103237.617753Z-Ha9d4ceab-P00012a4d","thread":"main","time":"2026-10-06T10:32:37.652143Z","file":"wt-status.c","line":2572,"repo":1,"t_abs":0.035092,"t_rel":0.035092,"nesting":1,"category":"status","key":"count/ignored","value":"0"}
{"event":"region_enter","sid":"20261006T103237.617753Z-Ha9d4ceab-P00012a4d","thread":"main","time":"2026-10-06T10:32:37.652148Z","file":"wt-status.c","line":2574,"repo":1,"nesting":1,"category":"status","label":"print"}
{"event":"region_leave","sid":"20261006T103237.617753Z-Ha9d4ceab-P00012a4d","thread":"main","time":"2026-10-06T10:32:37.652155Z","file":"wt-status.c","line":2595,"repo":1,"t_rel":0.000007,"nesting":1,"category":"status","label":"print"}
{"event":"exit","sid":"20261006T103237.617753Z-Ha9d4ceab-P00012a4d","thread":"main","time":"2026-10-06T10:32:37.652163Z","file":"git.c","line":747,"t_abs":0.035112,"code":0}
{"event":"data_json","sid":"20261006T103237.617753Z-Ha9d4ceab-P00012a4d","thread":"main","time":"2026-10-06T10:32:37.652169Z","file":"tree-walk.c","line":186,"repo":1,"t_abs":0.035119,"t_rel":0.035119,"nesting":1,"category":"traverse_trees","key":"statistics","value":{"traverse_trees_count":1,"traverse_trees_max_depth":1}}
{"event":"atexit","sid":"20261006T103237.617753Z-Ha9d4ceab-P00012a4d","thread":"main","time":"2026-10-06T10:32:37.652175Z","file":"trace2/tr2_tgt_event.c","line":207,"t_abs":0.035124,"code":0}
{"event":"version","sid":"20261006T103237.708460Z-Ha9d4ceab-P00012b26","thread":"main","time":"2026-10-06T10:32:37.715630Z","file":"common-init.c","line":57,"evt":"4","exe":"2.50.1 (Apple Git-155)"}
{"event":"start","sid":"20261006T103237.708460Z-Ha9d4ceab-P00012b26","thread":"main","time":"2026-10-06T10:32:37.715666Z","file":"common-init.c","line":58,"t_abs":0.007601,"argv":["/Library/Developer/CommandLineTools/usr/bin/git","-C","/var/folders/f1/2xjyyqkn5plc19fx4nt4tpt00000gn/T/flow-dperf02-tWIHzq/worker","cat-file","-t","5f4529721d854dc490f98e9546ec64121d705216"]}
{"event":"def_repo","sid":"20261006T103237.708460Z-Ha9d4ceab-P00012b26","thread":"main","time":"2026-10-06T10:32:37.716021Z","file":"repository.c","line":241,"repo":1,"worktree":"/private/var/folders/f1/2xjyyqkn5plc19fx4nt4tpt00000gn/T/flow-dperf02-tWIHzq/worker"}
{"event":"cmd_name","sid":"20261006T103237.708460Z-Ha9d4ceab-P00012b26","thread":"main","time":"2026-10-06T10:32:37.716299Z","file":"git.c","line":477,"name":"cat-file","hierarchy":"cat-file"}
{"event":"exit","sid":"20261006T103237.708460Z-Ha9d4ceab-P00012b26","thread":"main","time":"2026-10-06T10:32:37.717354Z","file":"git.c","line":747,"t_abs":0.009289,"code":0}
{"event":"atexit","sid":"20261006T103237.708460Z-Ha9d4ceab-P00012b26","thread":"main","time":"2026-10-06T10:32:37.717365Z","file":"trace2/tr2_tgt_event.c","line":207,"t_abs":0.009300,"code":0}
{"event":"version","sid":"20261006T103237.711615Z-Ha9d4ceab-P00012b11","thread":"main","time":"2026-10-06T10:32:37.720070Z","file":"common-init.c","line":57,"evt":"4","exe":"2.50.1 (Apple Git-155)"}
{"event":"start","sid":"20261006T103237.711615Z-Ha9d4ceab-P00012b11","thread":"main","time":"2026-10-06T10:32:37.720097Z","file":"common-init.c","line":58,"t_abs":0.009023,"argv":["/Library/Developer/CommandLineTools/usr/bin/git","-C","/var/folders/f1/2xjyyqkn5plc19fx4nt4tpt00000gn/T/flow-dperf02-tWIHzq/worker","cat-file","-t","5f4529721d854dc490f98e9546ec64121d705216"]}
{"event":"def_repo","sid":"20261006T103237.711615Z-Ha9d4ceab-P00012b11","thread":"main","time":"2026-10-06T10:32:37.720344Z","file":"repository.c","line":241,"repo":1,"worktree":"/private/var/folders/f1/2xjyyqkn5plc19fx4nt4tpt00000gn/T/flow-dperf02-tWIHzq/worker"}
{"event":"cmd_name","sid":"20261006T103237.711615Z-Ha9d4ceab-P00012b11","thread":"main","time":"2026-10-06T10:32:37.720593Z","file":"git.c","line":477,"name":"cat-file","hierarchy":"cat-file"}
{"event":"exit","sid":"20261006T103237.711615Z-Ha9d4ceab-P00012b11","thread":"main","time":"2026-10-06T10:32:37.721789Z","file":"git.c","line":747,"t_abs":0.010714,"code":0}
{"event":"atexit","sid":"20261006T103237.711615Z-Ha9d4ceab-P00012b11","thread":"main","time":"2026-10-06T10:32:37.721811Z","file":"trace2/tr2_tgt_event.c","line":207,"t_abs":0.010737,"code":0}
{"event":"version","sid":"20261006T103237.721465Z-Ha9d4ceab-P00012b31","thread":"main","time":"2026-10-06T10:32:37.723906Z","file":"common-init.c","line":57,"evt":"4","exe":"2.50.1 (Apple Git-155)"}
{"event":"start","sid":"20261006T103237.721465Z-Ha9d4ceab-P00012b31","thread":"main","time":"2026-10-06T10:32:37.723945Z","file":"common-init.c","line":58,"t_abs":0.002792,"argv":["/Library/Developer/CommandLineTools/usr/bin/git","-C","/var/folders/f1/2xjyyqkn5plc19fx4nt4tpt00000gn/T/flow-dperf02-tWIHzq/worker","cat-file","-t","5f4529721d854dc490f98e9546ec64121d705216"]}
{"event":"def_repo","sid":"20261006T103237.721465Z-Ha9d4ceab-P00012b31","thread":"main","time":"2026-10-06T10:32:37.724617Z","file":"repository.c","line":241,"repo":1,"worktree":"/private/var/folders/f1/2xjyyqkn5plc19fx4nt4tpt00000gn/T/flow-dperf02-tWIHzq/worker"}
{"event":"cmd_name","sid":"20261006T103237.721465Z-Ha9d4ceab-P00012b31","thread":"main","time":"2026-10-06T10:32:37.725156Z","file":"git.c","line":477,"name":"cat-file","hierarchy":"cat-file"}
{"event":"exit","sid":"20261006T103237.721465Z-Ha9d4ceab-P00012b31","thread":"main","time":"2026-10-06T10:32:37.726087Z","file":"git.c","line":747,"t_abs":0.004934,"code":0}
{"event":"atexit","sid":"20261006T103237.721465Z-Ha9d4ceab-P00012b31","thread":"main","time":"2026-10-06T10:32:37.726102Z","file":"trace2/tr2_tgt_event.c","line":207,"t_abs":0.004949,"code":0}
{"event":"version","sid":"20261006T103237.722366Z-Ha9d4ceab-P00012b52","thread":"main","time":"2026-10-06T10:32:37.726615Z","file":"common-init.c","line":57,"evt":"4","exe":"2.50.1 (Apple Git-155)"}
{"event":"start","sid":"20261006T103237.722366Z-Ha9d4ceab-P00012b52","thread":"main","time":"2026-10-06T10:32:37.726639Z","file":"common-init.c","line":58,"t_abs":0.004521,"argv":["/Library/Developer/CommandLineTools/usr/bin/git","-C","/var/folders/f1/2xjyyqkn5plc19fx4nt4tpt00000gn/T/flow-dperf02-tWIHzq/worker","cat-file","-t","5f4529721d854dc490f98e9546ec64121d705216"]}
{"event":"def_repo","sid":"20261006T103237.722366Z-Ha9d4ceab-P00012b52","thread":"main","time":"2026-10-06T10:32:37.726944Z","file":"repository.c","line":241,"repo":1,"worktree":"/private/var/folders/f1/2xjyyqkn5plc19fx4nt4tpt00000gn/T/flow-dperf02-tWIHzq/worker"}
{"event":"cmd_name","sid":"20261006T103237.722366Z-Ha9d4ceab-P00012b52","thread":"main","time":"2026-10-06T10:32:37.727179Z","file":"git.c","line":477,"name":"cat-file","hierarchy":"cat-file"}
{"event":"exit","sid":"20261006T103237.722366Z-Ha9d4ceab-P00012b52","thread":"main","time":"2026-10-06T10:32:37.728008Z","file":"git.c","line":747,"t_abs":0.005890,"code":0}
{"event":"atexit","sid":"20261006T103237.722366Z-Ha9d4ceab-P00012b52","thread":"main","time":"2026-10-06T10:32:37.728021Z","file":"trace2/tr2_tgt_event.c","line":207,"t_abs":0.005903,"code":0}
{"event":"version","sid":"20261006T103237.725931Z-Ha9d4ceab-P00012b3d","thread":"main","time":"2026-10-06T10:32:37.729112Z","file":"common-init.c","line":57,"evt":"4","exe":"2.50.1 (Apple Git-155)"}
{"event":"start","sid":"20261006T103237.725931Z-Ha9d4ceab-P00012b3d","thread":"main","time":"2026-10-06T10:32:37.729133Z","file":"common-init.c","line":58,"t_abs":0.003502,"argv":["/Library/Developer/CommandLineTools/usr/bin/git","-C","/var/folders/f1/2xjyyqkn5plc19fx4nt4tpt00000gn/T/flow-dperf02-tWIHzq/worker","cat-file","-t","5f4529721d854dc490f98e9546ec64121d705216"]}
{"event":"def_repo","sid":"20261006T103237.725931Z-Ha9d4ceab-P00012b3d","thread":"main","time":"2026-10-06T10:32:37.729483Z","file":"repository.c","line":241,"repo":1,"worktree":"/private/var/folders/f1/2xjyyqkn5plc19fx4nt4tpt00000gn/T/flow-dperf02-tWIHzq/worker"}
{"event":"cmd_name","sid":"20261006T103237.725931Z-Ha9d4ceab-P00012b3d","thread":"main","time":"2026-10-06T10:32:37.729731Z","file":"git.c","line":477,"name":"cat-file","hierarchy":"cat-file"}
{"event":"exit","sid":"20261006T103237.725931Z-Ha9d4ceab-P00012b3d","thread":"main","time":"2026-10-06T10:32:37.730934Z","file":"git.c","line":747,"t_abs":0.005303,"code":0}
{"event":"atexit","sid":"20261006T103237.725931Z-Ha9d4ceab-P00012b3d","thread":"main","time":"2026-10-06T10:32:37.730949Z","file":"trace2/tr2_tgt_event.c","line":207,"t_abs":0.005318,"code":0}
{"event":"version","sid":"20261006T103237.730266Z-Ha9d4ceab-P00012b44","thread":"main","time":"2026-10-06T10:32:37.733942Z","file":"common-init.c","line":57,"evt":"4","exe":"2.50.1 (Apple Git-155)"}
{"event":"start","sid":"20261006T103237.730266Z-Ha9d4ceab-P00012b44","thread":"main","time":"2026-10-06T10:32:37.733966Z","file":"common-init.c","line":58,"t_abs":0.004248,"argv":["/Library/Developer/CommandLineTools/usr/bin/git","-C","/var/folders/f1/2xjyyqkn5plc19fx4nt4tpt00000gn/T/flow-dperf02-tWIHzq/worker","cat-file","-t","5f4529721d854dc490f98e9546ec64121d705216"]}
{"event":"def_repo","sid":"20261006T103237.730266Z-Ha9d4ceab-P00012b44","thread":"main","time":"2026-10-06T10:32:37.734657Z","file":"repository.c","line":241,"repo":1,"worktree":"/private/var/folders/f1/2xjyyqkn5plc19fx4nt4tpt00000gn/T/flow-dperf02-tWIHzq/worker"}
{"event":"cmd_name","sid":"20261006T103237.730266Z-Ha9d4ceab-P00012b44","thread":"main","time":"2026-10-06T10:32:37.735155Z","file":"git.c","line":477,"name":"cat-file","hierarchy":"cat-file"}
{"event":"exit","sid":"20261006T103237.730266Z-Ha9d4ceab-P00012b44","thread":"main","time":"2026-10-06T10:32:37.736353Z","file":"git.c","line":747,"t_abs":0.006635,"code":0}
{"event":"atexit","sid":"20261006T103237.730266Z-Ha9d4ceab-P00012b44","thread":"main","time":"2026-10-06T10:32:37.736364Z","file":"trace2/tr2_tgt_event.c","line":207,"t_abs":0.006646,"code":0}
{"event":"version","sid":"20261006T103237.732118Z-Ha9d4ceab-P00012b5c","thread":"main","time":"2026-10-06T10:32:37.735765Z","file":"common-init.c","line":57,"evt":"4","exe":"2.50.1 (Apple Git-155)"}
{"event":"start","sid":"20261006T103237.732118Z-Ha9d4ceab-P00012b5c","thread":"main","time":"2026-10-06T10:32:37.736879Z","file":"common-init.c","line":58,"t_abs":0.005172,"argv":["/Library/Developer/CommandLineTools/usr/bin/git","-C","/var/folders/f1/2xjyyqkn5plc19fx4nt4tpt00000gn/T/flow-dperf02-tWIHzq/worker","cat-file","-t","5f4529721d854dc490f98e9546ec64121d705216"]}
{"event":"def_repo","sid":"20261006T103237.732118Z-Ha9d4ceab-P00012b5c","thread":"main","time":"2026-10-06T10:32:37.737285Z","file":"repository.c","line":241,"repo":1,"worktree":"/private/var/folders/f1/2xjyyqkn5plc19fx4nt4tpt00000gn/T/flow-dperf02-tWIHzq/worker"}
{"event":"version","sid":"20261006T103237.734365Z-Ha9d4ceab-P00012b70","thread":"main","time":"2026-10-06T10:32:37.737533Z","file":"common-init.c","line":57,"evt":"4","exe":"2.50.1 (Apple Git-155)"}
{"event":"start","sid":"20261006T103237.734365Z-Ha9d4ceab-P00012b70","thread":"main","time":"2026-10-06T10:32:37.737550Z","file":"common-init.c","line":58,"t_abs":0.004066,"argv":["/Library/Developer/CommandLineTools/usr/bin/git","-C","/var/folders/f1/2xjyyqkn5plc19fx4nt4tpt00000gn/T/flow-dperf02-tWIHzq/worker","cat-file","-t","5f4529721d854dc490f98e9546ec64121d705216"]}
{"event":"cmd_name","sid":"20261006T103237.732118Z-Ha9d4ceab-P00012b5c","thread":"main","time":"2026-10-06T10:32:37.737614Z","file":"git.c","line":477,"name":"cat-file","hierarchy":"cat-file"}
{"event":"def_repo","sid":"20261006T103237.734365Z-Ha9d4ceab-P00012b70","thread":"main","time":"2026-10-06T10:32:37.737968Z","file":"repository.c","line":241,"repo":1,"worktree":"/private/var/folders/f1/2xjyyqkn5plc19fx4nt4tpt00000gn/T/flow-dperf02-tWIHzq/worker"}
{"event":"cmd_name","sid":"20261006T103237.734365Z-Ha9d4ceab-P00012b70","thread":"main","time":"2026-10-06T10:32:37.738673Z","file":"git.c","line":477,"name":"cat-file","hierarchy":"cat-file"}
{"event":"exit","sid":"20261006T103237.732118Z-Ha9d4ceab-P00012b5c","thread":"main","time":"2026-10-06T10:32:37.738701Z","file":"git.c","line":747,"t_abs":0.006995,"code":0}
{"event":"atexit","sid":"20261006T103237.732118Z-Ha9d4ceab-P00012b5c","thread":"main","time":"2026-10-06T10:32:37.738721Z","file":"trace2/tr2_tgt_event.c","line":207,"t_abs":0.007015,"code":0}
{"event":"exit","sid":"20261006T103237.734365Z-Ha9d4ceab-P00012b70","thread":"main","time":"2026-10-06T10:32:37.740916Z","file":"git.c","line":747,"t_abs":0.007431,"code":0}
{"event":"atexit","sid":"20261006T103237.734365Z-Ha9d4ceab-P00012b70","thread":"main","time":"2026-10-06T10:32:37.740957Z","file":"trace2/tr2_tgt_event.c","line":207,"t_abs":0.007473,"code":0}
{"event":"version","sid":"20261006T103237.741979Z-Ha9d4ceab-P00012b96","thread":"main","time":"2026-10-06T10:32:37.742650Z","file":"common-init.c","line":57,"evt":"4","exe":"2.50.1 (Apple Git-155)"}
{"event":"start","sid":"20261006T103237.741979Z-Ha9d4ceab-P00012b96","thread":"main","time":"2026-10-06T10:32:37.742714Z","file":"common-init.c","line":58,"t_abs":0.001162,"argv":["/Library/Developer/CommandLineTools/usr/bin/git","-C","/var/folders/f1/2xjyyqkn5plc19fx4nt4tpt00000gn/T/flow-dperf02-tWIHzq/worker","cat-file","-t","5f4529721d854dc490f98e9546ec64121d705216"]}
{"event":"def_repo","sid":"20261006T103237.741979Z-Ha9d4ceab-P00012b96","thread":"main","time":"2026-10-06T10:32:37.743846Z","file":"repository.c","line":241,"repo":1,"worktree":"/private/var/folders/f1/2xjyyqkn5plc19fx4nt4tpt00000gn/T/flow-dperf02-tWIHzq/worker"}
{"event":"cmd_name","sid":"20261006T103237.741979Z-Ha9d4ceab-P00012b96","thread":"main","time":"2026-10-06T10:32:37.744297Z","file":"git.c","line":477,"name":"cat-file","hierarchy":"cat-file"}
{"event":"exit","sid":"20261006T103237.741979Z-Ha9d4ceab-P00012b96","thread":"main","time":"2026-10-06T10:32:37.746852Z","file":"git.c","line":747,"t_abs":0.005299,"code":0}
{"event":"atexit","sid":"20261006T103237.741979Z-Ha9d4ceab-P00012b96","thread":"main","time":"2026-10-06T10:32:37.746873Z","file":"trace2/tr2_tgt_event.c","line":207,"t_abs":0.005322,"code":0}
{"event":"version","sid":"20261006T103237.747945Z-Ha9d4ceab-P00012b88","thread":"main","time":"2026-10-06T10:32:37.748769Z","file":"common-init.c","line":57,"evt":"4","exe":"2.50.1 (Apple Git-155)"}
{"event":"start","sid":"20261006T103237.747945Z-Ha9d4ceab-P00012b88","thread":"main","time":"2026-10-06T10:32:37.748794Z","file":"common-init.c","line":58,"t_abs":0.001257,"argv":["/Library/Developer/CommandLineTools/usr/bin/git","-C","/var/folders/f1/2xjyyqkn5plc19fx4nt4tpt00000gn/T/flow-dperf02-tWIHzq/worker","cat-file","-t","5f4529721d854dc490f98e9546ec64121d705216"]}
{"event":"def_repo","sid":"20261006T103237.747945Z-Ha9d4ceab-P00012b88","thread":"main","time":"2026-10-06T10:32:37.749245Z","file":"repository.c","line":241,"repo":1,"worktree":"/private/var/folders/f1/2xjyyqkn5plc19fx4nt4tpt00000gn/T/flow-dperf02-tWIHzq/worker"}
{"event":"version","sid":"20261006T103237.748295Z-Ha9d4ceab-P00012b91","thread":"main","time":"2026-10-06T10:32:37.749284Z","file":"common-init.c","line":57,"evt":"4","exe":"2.50.1 (Apple Git-155)"}
{"event":"start","sid":"20261006T103237.748295Z-Ha9d4ceab-P00012b91","thread":"main","time":"2026-10-06T10:32:37.749330Z","file":"common-init.c","line":58,"t_abs":0.001484,"argv":["/Library/Developer/CommandLineTools/usr/bin/git","-C","/var/folders/f1/2xjyyqkn5plc19fx4nt4tpt00000gn/T/flow-dperf02-tWIHzq/worker","cat-file","-t","5f4529721d854dc490f98e9546ec64121d705216"]}
{"event":"cmd_name","sid":"20261006T103237.747945Z-Ha9d4ceab-P00012b88","thread":"main","time":"2026-10-06T10:32:37.749656Z","file":"git.c","line":477,"name":"cat-file","hierarchy":"cat-file"}
{"event":"def_repo","sid":"20261006T103237.748295Z-Ha9d4ceab-P00012b91","thread":"main","time":"2026-10-06T10:32:37.750824Z","file":"repository.c","line":241,"repo":1,"worktree":"/private/var/folders/f1/2xjyyqkn5plc19fx4nt4tpt00000gn/T/flow-dperf02-tWIHzq/worker"}
{"event":"cmd_name","sid":"20261006T103237.748295Z-Ha9d4ceab-P00012b91","thread":"main","time":"2026-10-06T10:32:37.751278Z","file":"git.c","line":477,"name":"cat-file","hierarchy":"cat-file"}
{"event":"exit","sid":"20261006T103237.748295Z-Ha9d4ceab-P00012b91","thread":"main","time":"2026-10-06T10:32:37.752537Z","file":"git.c","line":747,"t_abs":0.004690,"code":0}
{"event":"atexit","sid":"20261006T103237.748295Z-Ha9d4ceab-P00012b91","thread":"main","time":"2026-10-06T10:32:37.752616Z","file":"trace2/tr2_tgt_event.c","line":207,"t_abs":0.004769,"code":0}
{"event":"exit","sid":"20261006T103237.747945Z-Ha9d4ceab-P00012b88","thread":"main","time":"2026-10-06T10:32:37.753447Z","file":"git.c","line":747,"t_abs":0.005909,"code":0}
{"event":"atexit","sid":"20261006T103237.747945Z-Ha9d4ceab-P00012b88","thread":"main","time":"2026-10-06T10:32:37.753469Z","file":"trace2/tr2_tgt_event.c","line":207,"t_abs":0.005932,"code":0}
{"event":"version","sid":"20261006T103237.754997Z-Ha9d4ceab-P00012ba0","thread":"main","time":"2026-10-06T10:32:37.757094Z","file":"common-init.c","line":57,"evt":"4","exe":"2.50.1 (Apple Git-155)"}
{"event":"start","sid":"20261006T103237.754997Z-Ha9d4ceab-P00012ba0","thread":"main","time":"2026-10-06T10:32:37.757122Z","file":"common-init.c","line":58,"t_abs":0.003127,"argv":["/Library/Developer/CommandLineTools/usr/bin/git","-C","/var/folders/f1/2xjyyqkn5plc19fx4nt4tpt00000gn/T/flow-dperf02-tWIHzq/worker","cat-file","-t","5f4529721d854dc490f98e9546ec64121d705216"]}
{"event":"def_repo","sid":"20261006T103237.754997Z-Ha9d4ceab-P00012ba0","thread":"main","time":"2026-10-06T10:32:37.759010Z","file":"repository.c","line":241,"repo":1,"worktree":"/private/var/folders/f1/2xjyyqkn5plc19fx4nt4tpt00000gn/T/flow-dperf02-tWIHzq/worker"}
{"event":"version","sid":"20261006T103237.757134Z-Ha9d4ceab-P00012bae","thread":"main","time":"2026-10-06T10:32:37.759196Z","file":"common-init.c","line":57,"evt":"4","exe":"2.50.1 (Apple Git-155)"}
{"event":"start","sid":"20261006T103237.757134Z-Ha9d4ceab-P00012bae","thread":"main","time":"2026-10-06T10:32:37.759213Z","file":"common-init.c","line":58,"t_abs":0.002620,"argv":["/Library/Developer/CommandLineTools/usr/bin/git","-C","/var/folders/f1/2xjyyqkn5plc19fx4nt4tpt00000gn/T/flow-dperf02-tWIHzq/worker","cat-file","-t","5f4529721d854dc490f98e9546ec64121d705216"]}
{"event":"cmd_name","sid":"20261006T103237.754997Z-Ha9d4ceab-P00012ba0","thread":"main","time":"2026-10-06T10:32:37.760839Z","file":"git.c","line":477,"name":"cat-file","hierarchy":"cat-file"}
{"event":"def_repo","sid":"20261006T103237.757134Z-Ha9d4ceab-P00012bae","thread":"main","time":"2026-10-06T10:32:37.761387Z","file":"repository.c","line":241,"repo":1,"worktree":"/private/var/folders/f1/2xjyyqkn5plc19fx4nt4tpt00000gn/T/flow-dperf02-tWIHzq/worker"}
{"event":"cmd_name","sid":"20261006T103237.757134Z-Ha9d4ceab-P00012bae","thread":"main","time":"2026-10-06T10:32:37.762642Z","file":"git.c","line":477,"name":"cat-file","hierarchy":"cat-file"}
{"event":"exit","sid":"20261006T103237.754997Z-Ha9d4ceab-P00012ba0","thread":"main","time":"2026-10-06T10:32:37.763297Z","file":"git.c","line":747,"t_abs":0.009301,"code":0}
{"event":"atexit","sid":"20261006T103237.754997Z-Ha9d4ceab-P00012ba0","thread":"main","time":"2026-10-06T10:32:37.763317Z","file":"trace2/tr2_tgt_event.c","line":207,"t_abs":0.009320,"code":0}
{"event":"exit","sid":"20261006T103237.757134Z-Ha9d4ceab-P00012bae","thread":"main","time":"2026-10-06T10:32:37.766170Z","file":"git.c","line":747,"t_abs":0.009576,"code":0}
{"event":"atexit","sid":"20261006T103237.757134Z-Ha9d4ceab-P00012bae","thread":"main","time":"2026-10-06T10:32:37.769434Z","file":"trace2/tr2_tgt_event.c","line":207,"t_abs":0.012839,"code":0}
{"event":"version","sid":"20261006T103237.769368Z-Ha9d4ceab-P00012bce","thread":"main","time":"2026-10-06T10:32:37.771328Z","file":"common-init.c","line":57,"evt":"4","exe":"2.50.1 (Apple Git-155)"}
{"event":"start","sid":"20261006T103237.769368Z-Ha9d4ceab-P00012bce","thread":"main","time":"2026-10-06T10:32:37.771348Z","file":"common-init.c","line":58,"t_abs":0.002411,"argv":["/Library/Developer/CommandLineTools/usr/bin/git","-C","/var/folders/f1/2xjyyqkn5plc19fx4nt4tpt00000gn/T/flow-dperf02-tWIHzq/worker","cat-file","-t","5f4529721d854dc490f98e9546ec64121d705216"]}
{"event":"def_repo","sid":"20261006T103237.769368Z-Ha9d4ceab-P00012bce","thread":"main","time":"2026-10-06T10:32:37.772130Z","file":"repository.c","line":241,"repo":1,"worktree":"/private/var/folders/f1/2xjyyqkn5plc19fx4nt4tpt00000gn/T/flow-dperf02-tWIHzq/worker"}
{"event":"cmd_name","sid":"20261006T103237.769368Z-Ha9d4ceab-P00012bce","thread":"main","time":"2026-10-06T10:32:37.772882Z","file":"git.c","line":477,"name":"cat-file","hierarchy":"cat-file"}
{"event":"version","sid":"20261006T103237.770479Z-Ha9d4ceab-P00012bb7","thread":"main","time":"2026-10-06T10:32:37.773146Z","file":"common-init.c","line":57,"evt":"4","exe":"2.50.1 (Apple Git-155)"}
{"event":"start","sid":"20261006T103237.770479Z-Ha9d4ceab-P00012bb7","thread":"main","time":"2026-10-06T10:32:37.773159Z","file":"common-init.c","line":58,"t_abs":0.003903,"argv":["/Library/Developer/CommandLineTools/usr/bin/git","-C","/var/folders/f1/2xjyyqkn5plc19fx4nt4tpt00000gn/T/flow-dperf02-tWIHzq/worker","ls-tree","-r","-z","--full-tree","5f4529721d854dc490f98e9546ec64121d705216","--",":(literal)src/shared"]}
{"event":"def_repo","sid":"20261006T103237.770479Z-Ha9d4ceab-P00012bb7","thread":"main","time":"2026-10-06T10:32:37.773780Z","file":"repository.c","line":241,"repo":1,"worktree":"/private/var/folders/f1/2xjyyqkn5plc19fx4nt4tpt00000gn/T/flow-dperf02-tWIHzq/worker"}
{"event":"exit","sid":"20261006T103237.769368Z-Ha9d4ceab-P00012bce","thread":"main","time":"2026-10-06T10:32:37.774744Z","file":"git.c","line":747,"t_abs":0.005807,"code":0}
{"event":"atexit","sid":"20261006T103237.769368Z-Ha9d4ceab-P00012bce","thread":"main","time":"2026-10-06T10:32:37.777305Z","file":"trace2/tr2_tgt_event.c","line":207,"t_abs":0.008366,"code":0}
{"event":"cmd_name","sid":"20261006T103237.770479Z-Ha9d4ceab-P00012bb7","thread":"main","time":"2026-10-06T10:32:37.778465Z","file":"git.c","line":477,"name":"ls-tree","hierarchy":"ls-tree"}
{"event":"version","sid":"20261006T103237.777321Z-Ha9d4ceab-P00012bdc","thread":"main","time":"2026-10-06T10:32:37.778690Z","file":"common-init.c","line":57,"evt":"4","exe":"2.50.1 (Apple Git-155)"}
{"event":"start","sid":"20261006T103237.777321Z-Ha9d4ceab-P00012bdc","thread":"main","time":"2026-10-06T10:32:37.778705Z","file":"common-init.c","line":58,"t_abs":0.003782,"argv":["/Library/Developer/CommandLineTools/usr/bin/git","-C","/var/folders/f1/2xjyyqkn5plc19fx4nt4tpt00000gn/T/flow-dperf02-tWIHzq/worker","cat-file","-t","5f4529721d854dc490f98e9546ec64121d705216"]}
{"event":"def_repo","sid":"20261006T103237.777321Z-Ha9d4ceab-P00012bdc","thread":"main","time":"2026-10-06T10:32:37.778989Z","file":"repository.c","line":241,"repo":1,"worktree":"/private/var/folders/f1/2xjyyqkn5plc19fx4nt4tpt00000gn/T/flow-dperf02-tWIHzq/worker"}
{"event":"cmd_name","sid":"20261006T103237.777321Z-Ha9d4ceab-P00012bdc","thread":"main","time":"2026-10-06T10:32:37.779366Z","file":"git.c","line":477,"name":"cat-file","hierarchy":"cat-file"}
{"event":"exit","sid":"20261006T103237.770479Z-Ha9d4ceab-P00012bb7","thread":"main","time":"2026-10-06T10:32:37.780614Z","file":"git.c","line":747,"t_abs":0.011357,"code":0}
{"event":"atexit","sid":"20261006T103237.770479Z-Ha9d4ceab-P00012bb7","thread":"main","time":"2026-10-06T10:32:37.780634Z","file":"trace2/tr2_tgt_event.c","line":207,"t_abs":0.011378,"code":0}
{"event":"exit","sid":"20261006T103237.777321Z-Ha9d4ceab-P00012bdc","thread":"main","time":"2026-10-06T10:32:37.780674Z","file":"git.c","line":747,"t_abs":0.005749,"code":0}
{"event":"atexit","sid":"20261006T103237.777321Z-Ha9d4ceab-P00012bdc","thread":"main","time":"2026-10-06T10:32:37.780698Z","file":"trace2/tr2_tgt_event.c","line":207,"t_abs":0.005773,"code":0}
{"event":"version","sid":"20261006T103237.787405Z-Ha9d4ceab-P00012bee","thread":"main","time":"2026-10-06T10:32:37.788685Z","file":"common-init.c","line":57,"evt":"4","exe":"2.50.1 (Apple Git-155)"}
{"event":"start","sid":"20261006T103237.787405Z-Ha9d4ceab-P00012bee","thread":"main","time":"2026-10-06T10:32:37.788754Z","file":"common-init.c","line":58,"t_abs":0.001717,"argv":["/Library/Developer/CommandLineTools/usr/bin/git","-C","/var/folders/f1/2xjyyqkn5plc19fx4nt4tpt00000gn/T/flow-dperf02-tWIHzq/worker","cat-file","-t","5f4529721d854dc490f98e9546ec64121d705216"]}
{"event":"def_repo","sid":"20261006T103237.787405Z-Ha9d4ceab-P00012bee","thread":"main","time":"2026-10-06T10:32:37.789502Z","file":"repository.c","line":241,"repo":1,"worktree":"/private/var/folders/f1/2xjyyqkn5plc19fx4nt4tpt00000gn/T/flow-dperf02-tWIHzq/worker"}
{"event":"version","sid":"20261006T103237.789114Z-Ha9d4ceab-P00012c00","thread":"main","time":"2026-10-06T10:32:37.789757Z","file":"common-init.c","line":57,"evt":"4","exe":"2.50.1 (Apple Git-155)"}
{"event":"start","sid":"20261006T103237.789114Z-Ha9d4ceab-P00012c00","thread":"main","time":"2026-10-06T10:32:37.789767Z","file":"common-init.c","line":58,"t_abs":0.001159,"argv":["/Library/Developer/CommandLineTools/usr/bin/git","-C","/var/folders/f1/2xjyyqkn5plc19fx4nt4tpt00000gn/T/flow-dperf02-tWIHzq/worker","ls-tree","-r","-z","--full-tree","5f4529721d854dc490f98e9546ec64121d705216","--",":(literal)src/shared"]}
{"event":"cmd_name","sid":"20261006T103237.787405Z-Ha9d4ceab-P00012bee","thread":"main","time":"2026-10-06T10:32:37.790066Z","file":"git.c","line":477,"name":"cat-file","hierarchy":"cat-file"}
{"event":"def_repo","sid":"20261006T103237.789114Z-Ha9d4ceab-P00012c00","thread":"main","time":"2026-10-06T10:32:37.790241Z","file":"repository.c","line":241,"repo":1,"worktree":"/private/var/folders/f1/2xjyyqkn5plc19fx4nt4tpt00000gn/T/flow-dperf02-tWIHzq/worker"}
{"event":"version","sid":"20261006T103237.789354Z-Ha9d4ceab-P00012c0b","thread":"main","time":"2026-10-06T10:32:37.790286Z","file":"common-init.c","line":57,"evt":"4","exe":"2.50.1 (Apple Git-155)"}
{"event":"start","sid":"20261006T103237.789354Z-Ha9d4ceab-P00012c0b","thread":"main","time":"2026-10-06T10:32:37.790299Z","file":"common-init.c","line":58,"t_abs":0.001488,"argv":["/Library/Developer/CommandLineTools/usr/bin/git","-C","/var/folders/f1/2xjyyqkn5plc19fx4nt4tpt00000gn/T/flow-dperf02-tWIHzq/worker","ls-tree","-r","-z","--full-tree","5f4529721d854dc490f98e9546ec64121d705216","--",":(literal)src/shared"]}
{"event":"cmd_name","sid":"20261006T103237.789114Z-Ha9d4ceab-P00012c00","thread":"main","time":"2026-10-06T10:32:37.790780Z","file":"git.c","line":477,"name":"ls-tree","hierarchy":"ls-tree"}
{"event":"def_repo","sid":"20261006T103237.789354Z-Ha9d4ceab-P00012c0b","thread":"main","time":"2026-10-06T10:32:37.791410Z","file":"repository.c","line":241,"repo":1,"worktree":"/private/var/folders/f1/2xjyyqkn5plc19fx4nt4tpt00000gn/T/flow-dperf02-tWIHzq/worker"}
{"event":"exit","sid":"20261006T103237.789114Z-Ha9d4ceab-P00012c00","thread":"main","time":"2026-10-06T10:32:37.792789Z","file":"git.c","line":747,"t_abs":0.004180,"code":0}
{"event":"exit","sid":"20261006T103237.787405Z-Ha9d4ceab-P00012bee","thread":"main","time":"2026-10-06T10:32:37.791516Z","file":"git.c","line":747,"t_abs":0.004479,"code":0}
{"event":"atexit","sid":"20261006T103237.789114Z-Ha9d4ceab-P00012c00","thread":"main","time":"2026-10-06T10:32:37.794863Z","file":"trace2/tr2_tgt_event.c","line":207,"t_abs":0.006252,"code":0}
{"event":"atexit","sid":"20261006T103237.787405Z-Ha9d4ceab-P00012bee","thread":"main","time":"2026-10-06T10:32:37.794878Z","file":"trace2/tr2_tgt_event.c","line":207,"t_abs":0.007835,"code":0}
{"event":"cmd_name","sid":"20261006T103237.789354Z-Ha9d4ceab-P00012c0b","thread":"main","time":"2026-10-06T10:32:37.795207Z","file":"git.c","line":477,"name":"ls-tree","hierarchy":"ls-tree"}
{"event":"version","sid":"20261006T103237.795277Z-Ha9d4ceab-P00012c27","thread":"main","time":"2026-10-06T10:32:37.796387Z","file":"common-init.c","line":57,"evt":"4","exe":"2.50.1 (Apple Git-155)"}
{"event":"version","sid":"20261006T103237.795473Z-Ha9d4ceab-P00012c2c","thread":"main","time":"2026-10-06T10:32:37.796492Z","file":"common-init.c","line":57,"evt":"4","exe":"2.50.1 (Apple Git-155)"}
{"event":"start","sid":"20261006T103237.795473Z-Ha9d4ceab-P00012c2c","thread":"main","time":"2026-10-06T10:32:37.796537Z","file":"common-init.c","line":58,"t_abs":0.002733,"argv":["/Library/Developer/CommandLineTools/usr/bin/git","-C","/var/folders/f1/2xjyyqkn5plc19fx4nt4tpt00000gn/T/flow-dperf02-tWIHzq/worker","ls-tree","-r","-z","--full-tree","5f4529721d854dc490f98e9546ec64121d705216","--",":(literal)src/shared"]}
{"event":"start","sid":"20261006T103237.795277Z-Ha9d4ceab-P00012c27","thread":"main","time":"2026-10-06T10:32:37.796542Z","file":"common-init.c","line":58,"t_abs":0.004875,"argv":["/Library/Developer/CommandLineTools/usr/bin/git","-C","/var/folders/f1/2xjyyqkn5plc19fx4nt4tpt00000gn/T/flow-dperf02-tWIHzq/worker","ls-tree","-r","-z","--full-tree","5f4529721d854dc490f98e9546ec64121d705216","--",":(literal)src/shared"]}
{"event":"exit","sid":"20261006T103237.789354Z-Ha9d4ceab-P00012c0b","thread":"main","time":"2026-10-06T10:32:37.796657Z","file":"git.c","line":747,"t_abs":0.007846,"code":0}
{"event":"atexit","sid":"20261006T103237.789354Z-Ha9d4ceab-P00012c0b","thread":"main","time":"2026-10-06T10:32:37.796673Z","file":"trace2/tr2_tgt_event.c","line":207,"t_abs":0.007862,"code":0}
{"event":"version","sid":"20261006T103237.796276Z-Ha9d4ceab-P00012c31","thread":"main","time":"2026-10-06T10:32:37.797006Z","file":"common-init.c","line":57,"evt":"4","exe":"2.50.1 (Apple Git-155)"}
{"event":"def_repo","sid":"20261006T103237.795277Z-Ha9d4ceab-P00012c27","thread":"main","time":"2026-10-06T10:32:37.797091Z","file":"repository.c","line":241,"repo":1,"worktree":"/private/var/folders/f1/2xjyyqkn5plc19fx4nt4tpt00000gn/T/flow-dperf02-tWIHzq/worker"}
{"event":"def_repo","sid":"20261006T103237.795473Z-Ha9d4ceab-P00012c2c","thread":"main","time":"2026-10-06T10:32:37.797369Z","file":"repository.c","line":241,"repo":1,"worktree":"/private/var/folders/f1/2xjyyqkn5plc19fx4nt4tpt00000gn/T/flow-dperf02-tWIHzq/worker"}
{"event":"start","sid":"20261006T103237.796276Z-Ha9d4ceab-P00012c31","thread":"main","time":"2026-10-06T10:32:37.800409Z","file":"common-init.c","line":58,"t_abs":0.004689,"argv":["/Library/Developer/CommandLineTools/usr/bin/git","-C","/var/folders/f1/2xjyyqkn5plc19fx4nt4tpt00000gn/T/flow-dperf02-tWIHzq/worker","ls-tree","-r","-z","--full-tree","5f4529721d854dc490f98e9546ec64121d705216","--",":(literal)src/shared"]}
{"event":"cmd_name","sid":"20261006T103237.795277Z-Ha9d4ceab-P00012c27","thread":"main","time":"2026-10-06T10:32:37.801249Z","file":"git.c","line":477,"name":"ls-tree","hierarchy":"ls-tree"}
{"event":"cmd_name","sid":"20261006T103237.795473Z-Ha9d4ceab-P00012c2c","thread":"main","time":"2026-10-06T10:32:37.801304Z","file":"git.c","line":477,"name":"ls-tree","hierarchy":"ls-tree"}
{"event":"def_repo","sid":"20261006T103237.796276Z-Ha9d4ceab-P00012c31","thread":"main","time":"2026-10-06T10:32:37.801626Z","file":"repository.c","line":241,"repo":1,"worktree":"/private/var/folders/f1/2xjyyqkn5plc19fx4nt4tpt00000gn/T/flow-dperf02-tWIHzq/worker"}
{"event":"cmd_name","sid":"20261006T103237.796276Z-Ha9d4ceab-P00012c31","thread":"main","time":"2026-10-06T10:32:37.802576Z","file":"git.c","line":477,"name":"ls-tree","hierarchy":"ls-tree"}
{"event":"exit","sid":"20261006T103237.795473Z-Ha9d4ceab-P00012c2c","thread":"main","time":"2026-10-06T10:32:37.803323Z","file":"git.c","line":747,"t_abs":0.009519,"code":0}
{"event":"atexit","sid":"20261006T103237.795473Z-Ha9d4ceab-P00012c2c","thread":"main","time":"2026-10-06T10:32:37.803341Z","file":"trace2/tr2_tgt_event.c","line":207,"t_abs":0.009538,"code":0}
{"event":"exit","sid":"20261006T103237.795277Z-Ha9d4ceab-P00012c27","thread":"main","time":"2026-10-06T10:32:37.803932Z","file":"git.c","line":747,"t_abs":0.012265,"code":0}
{"event":"atexit","sid":"20261006T103237.795277Z-Ha9d4ceab-P00012c27","thread":"main","time":"2026-10-06T10:32:37.803960Z","file":"trace2/tr2_tgt_event.c","line":207,"t_abs":0.012294,"code":0}
{"event":"exit","sid":"20261006T103237.796276Z-Ha9d4ceab-P00012c31","thread":"main","time":"2026-10-06T10:32:37.805029Z","file":"git.c","line":747,"t_abs":0.009308,"code":0}
{"event":"atexit","sid":"20261006T103237.796276Z-Ha9d4ceab-P00012c31","thread":"main","time":"2026-10-06T10:32:37.805078Z","file":"trace2/tr2_tgt_event.c","line":207,"t_abs":0.009352,"code":0}
{"event":"version","sid":"20261006T103237.810358Z-Ha9d4ceab-P00012c36","thread":"main","time":"2026-10-06T10:32:37.811354Z","file":"common-init.c","line":57,"evt":"4","exe":"2.50.1 (Apple Git-155)"}
{"event":"start","sid":"20261006T103237.810358Z-Ha9d4ceab-P00012c36","thread":"main","time":"2026-10-06T10:32:37.811382Z","file":"common-init.c","line":58,"t_abs":0.001369,"argv":["/Library/Developer/CommandLineTools/usr/bin/git","-C","/var/folders/f1/2xjyyqkn5plc19fx4nt4tpt00000gn/T/flow-dperf02-tWIHzq/worker","ls-tree","-r","-z","--full-tree","5f4529721d854dc490f98e9546ec64121d705216","--",":(literal)src/shared"]}
{"event":"def_repo","sid":"20261006T103237.810358Z-Ha9d4ceab-P00012c36","thread":"main","time":"2026-10-06T10:32:37.812854Z","file":"repository.c","line":241,"repo":1,"worktree":"/private/var/folders/f1/2xjyyqkn5plc19fx4nt4tpt00000gn/T/flow-dperf02-tWIHzq/worker"}
{"event":"cmd_name","sid":"20261006T103237.810358Z-Ha9d4ceab-P00012c36","thread":"main","time":"2026-10-06T10:32:37.813199Z","file":"git.c","line":477,"name":"ls-tree","hierarchy":"ls-tree"}
{"event":"exit","sid":"20261006T103237.810358Z-Ha9d4ceab-P00012c36","thread":"main","time":"2026-10-06T10:32:37.814379Z","file":"git.c","line":747,"t_abs":0.004366,"code":0}
{"event":"atexit","sid":"20261006T103237.810358Z-Ha9d4ceab-P00012c36","thread":"main","time":"2026-10-06T10:32:37.814393Z","file":"trace2/tr2_tgt_event.c","line":207,"t_abs":0.004380,"code":0}
{"event":"version","sid":"20261006T103237.824041Z-Ha9d4ceab-P00012c56","thread":"main","time":"2026-10-06T10:32:37.827049Z","file":"common-init.c","line":57,"evt":"4","exe":"2.50.1 (Apple Git-155)"}
{"event":"start","sid":"20261006T103237.824041Z-Ha9d4ceab-P00012c56","thread":"main","time":"2026-10-06T10:32:37.827103Z","file":"common-init.c","line":58,"t_abs":0.003416,"argv":["/Library/Developer/CommandLineTools/usr/bin/git","-C","/var/folders/f1/2xjyyqkn5plc19fx4nt4tpt00000gn/T/flow-dperf02-tWIHzq/worker","ls-tree","-r","-z","--full-tree","5f4529721d854dc490f98e9546ec64121d705216","--",":(literal)src/shared"]}
{"event":"def_repo","sid":"20261006T103237.824041Z-Ha9d4ceab-P00012c56","thread":"main","time":"2026-10-06T10:32:37.828745Z","file":"repository.c","line":241,"repo":1,"worktree":"/private/var/folders/f1/2xjyyqkn5plc19fx4nt4tpt00000gn/T/flow-dperf02-tWIHzq/worker"}
{"event":"cmd_name","sid":"20261006T103237.824041Z-Ha9d4ceab-P00012c56","thread":"main","time":"2026-10-06T10:32:37.829141Z","file":"git.c","line":477,"name":"ls-tree","hierarchy":"ls-tree"}
{"event":"version","sid":"20261006T103237.826454Z-Ha9d4ceab-P00012c5e","thread":"main","time":"2026-10-06T10:32:37.829523Z","file":"common-init.c","line":57,"evt":"4","exe":"2.50.1 (Apple Git-155)"}
{"event":"start","sid":"20261006T103237.826454Z-Ha9d4ceab-P00012c5e","thread":"main","time":"2026-10-06T10:32:37.830384Z","file":"common-init.c","line":58,"t_abs":0.004323,"argv":["/Library/Developer/CommandLineTools/usr/bin/git","-C","/var/folders/f1/2xjyyqkn5plc19fx4nt4tpt00000gn/T/flow-dperf02-tWIHzq/worker","ls-tree","-r","-z","--full-tree","5f4529721d854dc490f98e9546ec64121d705216","--",":(literal)src/shared"]}
{"event":"def_repo","sid":"20261006T103237.826454Z-Ha9d4ceab-P00012c5e","thread":"main","time":"2026-10-06T10:32:37.831981Z","file":"repository.c","line":241,"repo":1,"worktree":"/private/var/folders/f1/2xjyyqkn5plc19fx4nt4tpt00000gn/T/flow-dperf02-tWIHzq/worker"}
{"event":"cmd_name","sid":"20261006T103237.826454Z-Ha9d4ceab-P00012c5e","thread":"main","time":"2026-10-06T10:32:37.832566Z","file":"git.c","line":477,"name":"ls-tree","hierarchy":"ls-tree"}
{"event":"exit","sid":"20261006T103237.826454Z-Ha9d4ceab-P00012c5e","thread":"main","time":"2026-10-06T10:32:37.834288Z","file":"git.c","line":747,"t_abs":0.008228,"code":0}
{"event":"atexit","sid":"20261006T103237.826454Z-Ha9d4ceab-P00012c5e","thread":"main","time":"2026-10-06T10:32:37.834303Z","file":"trace2/tr2_tgt_event.c","line":207,"t_abs":0.008243,"code":0}
{"event":"exit","sid":"20261006T103237.824041Z-Ha9d4ceab-P00012c56","thread":"main","time":"2026-10-06T10:32:37.835154Z","file":"git.c","line":747,"t_abs":0.011467,"code":0}
{"event":"atexit","sid":"20261006T103237.824041Z-Ha9d4ceab-P00012c56","thread":"main","time":"2026-10-06T10:32:37.835170Z","file":"trace2/tr2_tgt_event.c","line":207,"t_abs":0.011483,"code":0}
{"event":"version","sid":"20261006T103237.834312Z-Ha9d4ceab-P00012c75","thread":"main","time":"2026-10-06T10:32:37.836060Z","file":"common-init.c","line":57,"evt":"4","exe":"2.50.1 (Apple Git-155)"}
{"event":"start","sid":"20261006T103237.834312Z-Ha9d4ceab-P00012c75","thread":"main","time":"2026-10-06T10:32:37.836077Z","file":"common-init.c","line":58,"t_abs":0.002300,"argv":["/Library/Developer/CommandLineTools/usr/bin/git","-C","/var/folders/f1/2xjyyqkn5plc19fx4nt4tpt00000gn/T/flow-dperf02-tWIHzq/worker","ls-tree","-r","-z","--full-tree","5f4529721d854dc490f98e9546ec64121d705216","--",":(literal)src/shared"]}
{"event":"def_repo","sid":"20261006T103237.834312Z-Ha9d4ceab-P00012c75","thread":"main","time":"2026-10-06T10:32:37.836751Z","file":"repository.c","line":241,"repo":1,"worktree":"/private/var/folders/f1/2xjyyqkn5plc19fx4nt4tpt00000gn/T/flow-dperf02-tWIHzq/worker"}
{"event":"cmd_name","sid":"20261006T103237.834312Z-Ha9d4ceab-P00012c75","thread":"main","time":"2026-10-06T10:32:37.837134Z","file":"git.c","line":477,"name":"ls-tree","hierarchy":"ls-tree"}
{"event":"exit","sid":"20261006T103237.834312Z-Ha9d4ceab-P00012c75","thread":"main","time":"2026-10-06T10:32:37.838428Z","file":"git.c","line":747,"t_abs":0.004651,"code":0}
{"event":"atexit","sid":"20261006T103237.834312Z-Ha9d4ceab-P00012c75","thread":"main","time":"2026-10-06T10:32:37.838443Z","file":"trace2/tr2_tgt_event.c","line":207,"t_abs":0.004666,"code":0}
{"event":"version","sid":"20261006T103237.840650Z-Ha9d4ceab-P00012c84","thread":"main","time":"2026-10-06T10:32:37.842915Z","file":"common-init.c","line":57,"evt":"4","exe":"2.50.1 (Apple Git-155)"}
{"event":"start","sid":"20261006T103237.840650Z-Ha9d4ceab-P00012c84","thread":"main","time":"2026-10-06T10:32:37.842946Z","file":"common-init.c","line":58,"t_abs":0.002633,"argv":["/Library/Developer/CommandLineTools/usr/bin/git","-C","/var/folders/f1/2xjyyqkn5plc19fx4nt4tpt00000gn/T/flow-dperf02-tWIHzq/worker","ls-tree","-r","-z","--full-tree","5f4529721d854dc490f98e9546ec64121d705216","--",":(literal)src/shared"]}
{"event":"def_repo","sid":"20261006T103237.840650Z-Ha9d4ceab-P00012c84","thread":"main","time":"2026-10-06T10:32:37.843393Z","file":"repository.c","line":241,"repo":1,"worktree":"/private/var/folders/f1/2xjyyqkn5plc19fx4nt4tpt00000gn/T/flow-dperf02-tWIHzq/worker"}
{"event":"cmd_name","sid":"20261006T103237.840650Z-Ha9d4ceab-P00012c84","thread":"main","time":"2026-10-06T10:32:37.844595Z","file":"git.c","line":477,"name":"ls-tree","hierarchy":"ls-tree"}
{"event":"version","sid":"20261006T103237.843874Z-Ha9d4ceab-P00012c90","thread":"main","time":"2026-10-06T10:32:37.845926Z","file":"common-init.c","line":57,"evt":"4","exe":"2.50.1 (Apple Git-155)"}
{"event":"start","sid":"20261006T103237.843874Z-Ha9d4ceab-P00012c90","thread":"main","time":"2026-10-06T10:32:37.845945Z","file":"common-init.c","line":58,"t_abs":0.003553,"argv":["/Library/Developer/CommandLineTools/usr/bin/git","-C","/var/folders/f1/2xjyyqkn5plc19fx4nt4tpt00000gn/T/flow-dperf02-tWIHzq/worker","ls-tree","-r","-z","--full-tree","5f4529721d854dc490f98e9546ec64121d705216","--",":(literal)src/shared"]}
{"event":"exit","sid":"20261006T103237.840650Z-Ha9d4ceab-P00012c84","thread":"main","time":"2026-10-06T10:32:37.846439Z","file":"git.c","line":747,"t_abs":0.006126,"code":0}
{"event":"atexit","sid":"20261006T103237.840650Z-Ha9d4ceab-P00012c84","thread":"main","time":"2026-10-06T10:32:37.846454Z","file":"trace2/tr2_tgt_event.c","line":207,"t_abs":0.006141,"code":0}
{"event":"def_repo","sid":"20261006T103237.843874Z-Ha9d4ceab-P00012c90","thread":"main","time":"2026-10-06T10:32:37.846607Z","file":"repository.c","line":241,"repo":1,"worktree":"/private/var/folders/f1/2xjyyqkn5plc19fx4nt4tpt00000gn/T/flow-dperf02-tWIHzq/worker"}
{"event":"cmd_name","sid":"20261006T103237.843874Z-Ha9d4ceab-P00012c90","thread":"main","time":"2026-10-06T10:32:37.847077Z","file":"git.c","line":477,"name":"ls-tree","hierarchy":"ls-tree"}
{"event":"exit","sid":"20261006T103237.843874Z-Ha9d4ceab-P00012c90","thread":"main","time":"2026-10-06T10:32:37.848479Z","file":"git.c","line":747,"t_abs":0.006086,"code":0}
{"event":"atexit","sid":"20261006T103237.843874Z-Ha9d4ceab-P00012c90","thread":"main","time":"2026-10-06T10:32:37.848503Z","file":"trace2/tr2_tgt_event.c","line":207,"t_abs":0.006111,"code":0}
{"event":"version","sid":"20261006T103237.847329Z-Ha9d4ceab-P00012c9c","thread":"main","time":"2026-10-06T10:32:37.848686Z","file":"common-init.c","line":57,"evt":"4","exe":"2.50.1 (Apple Git-155)"}
{"event":"start","sid":"20261006T103237.847329Z-Ha9d4ceab-P00012c9c","thread":"main","time":"2026-10-06T10:32:37.848701Z","file":"common-init.c","line":58,"t_abs":0.002428,"argv":["/Library/Developer/CommandLineTools/usr/bin/git","-C","/var/folders/f1/2xjyyqkn5plc19fx4nt4tpt00000gn/T/flow-dperf02-tWIHzq/worker","ls-tree","-r","-z","--full-tree","5f4529721d854dc490f98e9546ec64121d705216","--",":(literal)src/shared"]}
{"event":"def_repo","sid":"20261006T103237.847329Z-Ha9d4ceab-P00012c9c","thread":"main","time":"2026-10-06T10:32:37.849248Z","file":"repository.c","line":241,"repo":1,"worktree":"/private/var/folders/f1/2xjyyqkn5plc19fx4nt4tpt00000gn/T/flow-dperf02-tWIHzq/worker"}
{"event":"version","sid":"20261006T103237.848707Z-Ha9d4ceab-P00012ca7","thread":"main","time":"2026-10-06T10:32:37.849349Z","file":"common-init.c","line":57,"evt":"4","exe":"2.50.1 (Apple Git-155)"}
{"event":"start","sid":"20261006T103237.848707Z-Ha9d4ceab-P00012ca7","thread":"main","time":"2026-10-06T10:32:37.849361Z","file":"common-init.c","line":58,"t_abs":0.000986,"argv":["/Library/Developer/CommandLineTools/usr/bin/git","-C","/var/folders/f1/2xjyyqkn5plc19fx4nt4tpt00000gn/T/flow-dperf02-tWIHzq/worker","ls-tree","-r","-z","--full-tree","5f4529721d854dc490f98e9546ec64121d705216","--",":(literal)src/shared"]}
{"event":"cmd_name","sid":"20261006T103237.847329Z-Ha9d4ceab-P00012c9c","thread":"main","time":"2026-10-06T10:32:37.849730Z","file":"git.c","line":477,"name":"ls-tree","hierarchy":"ls-tree"}
{"event":"def_repo","sid":"20261006T103237.848707Z-Ha9d4ceab-P00012ca7","thread":"main","time":"2026-10-06T10:32:37.849913Z","file":"repository.c","line":241,"repo":1,"worktree":"/private/var/folders/f1/2xjyyqkn5plc19fx4nt4tpt00000gn/T/flow-dperf02-tWIHzq/worker"}
{"event":"cmd_name","sid":"20261006T103237.848707Z-Ha9d4ceab-P00012ca7","thread":"main","time":"2026-10-06T10:32:37.850192Z","file":"git.c","line":477,"name":"ls-tree","hierarchy":"ls-tree"}
{"event":"exit","sid":"20261006T103237.847329Z-Ha9d4ceab-P00012c9c","thread":"main","time":"2026-10-06T10:32:37.850924Z","file":"git.c","line":747,"t_abs":0.004651,"code":0}
{"event":"atexit","sid":"20261006T103237.847329Z-Ha9d4ceab-P00012c9c","thread":"main","time":"2026-10-06T10:32:37.850966Z","file":"trace2/tr2_tgt_event.c","line":207,"t_abs":0.004693,"code":0}
{"event":"exit","sid":"20261006T103237.848707Z-Ha9d4ceab-P00012ca7","thread":"main","time":"2026-10-06T10:32:37.851300Z","file":"git.c","line":747,"t_abs":0.002925,"code":0}
{"event":"atexit","sid":"20261006T103237.848707Z-Ha9d4ceab-P00012ca7","thread":"main","time":"2026-10-06T10:32:37.851311Z","file":"trace2/tr2_tgt_event.c","line":207,"t_abs":0.002936,"code":0}
{"event":"version","sid":"20261006T103237.855444Z-Ha9d4ceab-P00012cc6","thread":"main","time":"2026-10-06T10:32:37.856022Z","file":"common-init.c","line":57,"evt":"4","exe":"2.50.1 (Apple Git-155)"}
{"event":"start","sid":"20261006T103237.855444Z-Ha9d4ceab-P00012cc6","thread":"main","time":"2026-10-06T10:32:37.856049Z","file":"common-init.c","line":58,"t_abs":0.000954,"argv":["/Library/Developer/CommandLineTools/usr/bin/git","-C","/var/folders/f1/2xjyyqkn5plc19fx4nt4tpt00000gn/T/flow-dperf02-tWIHzq/worker","ls-tree","-r","-z","--full-tree","5f4529721d854dc490f98e9546ec64121d705216","--",":(literal)src/shared"]}
{"event":"def_repo","sid":"20261006T103237.855444Z-Ha9d4ceab-P00012cc6","thread":"main","time":"2026-10-06T10:32:37.856413Z","file":"repository.c","line":241,"repo":1,"worktree":"/private/var/folders/f1/2xjyyqkn5plc19fx4nt4tpt00000gn/T/flow-dperf02-tWIHzq/worker"}
{"event":"cmd_name","sid":"20261006T103237.855444Z-Ha9d4ceab-P00012cc6","thread":"main","time":"2026-10-06T10:32:37.856628Z","file":"git.c","line":477,"name":"ls-tree","hierarchy":"ls-tree"}
{"event":"version","sid":"20261006T103237.856030Z-Ha9d4ceab-P00012cec","thread":"main","time":"2026-10-06T10:32:37.856976Z","file":"common-init.c","line":57,"evt":"4","exe":"2.50.1 (Apple Git-155)"}
{"event":"start","sid":"20261006T103237.856030Z-Ha9d4ceab-P00012cec","thread":"main","time":"2026-10-06T10:32:37.856999Z","file":"common-init.c","line":58,"t_abs":0.001481,"argv":["/Library/Developer/CommandLineTools/usr/bin/git","-C","/var/folders/f1/2xjyyqkn5plc19fx4nt4tpt00000gn/T/flow-dperf02-tWIHzq/worker","ls-tree","-r","-z","--full-tree","5f4529721d854dc490f98e9546ec64121d705216","--",":(literal)src/shared/a.txt"]}
{"event":"version","sid":"20261006T103237.855991Z-Ha9d4ceab-P00012cf1","thread":"main","time":"2026-10-06T10:32:37.857074Z","file":"common-init.c","line":57,"evt":"4","exe":"2.50.1 (Apple Git-155)"}
{"event":"start","sid":"20261006T103237.855991Z-Ha9d4ceab-P00012cf1","thread":"main","time":"2026-10-06T10:32:37.857086Z","file":"common-init.c","line":58,"t_abs":0.001499,"argv":["/Library/Developer/CommandLineTools/usr/bin/git","-C","/var/folders/f1/2xjyyqkn5plc19fx4nt4tpt00000gn/T/flow-dperf02-tWIHzq/worker","ls-tree","-r","-z","--full-tree","5f4529721d854dc490f98e9546ec64121d705216","--",":(literal)src/shared/a.txt"]}
{"event":"def_repo","sid":"20261006T103237.856030Z-Ha9d4ceab-P00012cec","thread":"main","time":"2026-10-06T10:32:37.857456Z","file":"repository.c","line":241,"repo":1,"worktree":"/private/var/folders/f1/2xjyyqkn5plc19fx4nt4tpt00000gn/T/flow-dperf02-tWIHzq/worker"}
{"event":"def_repo","sid":"20261006T103237.855991Z-Ha9d4ceab-P00012cf1","thread":"main","time":"2026-10-06T10:32:37.857458Z","file":"repository.c","line":241,"repo":1,"worktree":"/private/var/folders/f1/2xjyyqkn5plc19fx4nt4tpt00000gn/T/flow-dperf02-tWIHzq/worker"}
{"event":"cmd_name","sid":"20261006T103237.856030Z-Ha9d4ceab-P00012cec","thread":"main","time":"2026-10-06T10:32:37.857802Z","file":"git.c","line":477,"name":"ls-tree","hierarchy":"ls-tree"}
{"event":"cmd_name","sid":"20261006T103237.855991Z-Ha9d4ceab-P00012cf1","thread":"main","time":"2026-10-06T10:32:37.857824Z","file":"git.c","line":477,"name":"ls-tree","hierarchy":"ls-tree"}
{"event":"exit","sid":"20261006T103237.855444Z-Ha9d4ceab-P00012cc6","thread":"main","time":"2026-10-06T10:32:37.858489Z","file":"git.c","line":747,"t_abs":0.003394,"code":0}
{"event":"atexit","sid":"20261006T103237.855444Z-Ha9d4ceab-P00012cc6","thread":"main","time":"2026-10-06T10:32:37.858505Z","file":"trace2/tr2_tgt_event.c","line":207,"t_abs":0.003410,"code":0}
{"event":"exit","sid":"20261006T103237.856030Z-Ha9d4ceab-P00012cec","thread":"main","time":"2026-10-06T10:32:37.859336Z","file":"git.c","line":747,"t_abs":0.003818,"code":0}
{"event":"atexit","sid":"20261006T103237.856030Z-Ha9d4ceab-P00012cec","thread":"main","time":"2026-10-06T10:32:37.859349Z","file":"trace2/tr2_tgt_event.c","line":207,"t_abs":0.003831,"code":0}
{"event":"exit","sid":"20261006T103237.855991Z-Ha9d4ceab-P00012cf1","thread":"main","time":"2026-10-06T10:32:37.859410Z","file":"git.c","line":747,"t_abs":0.003822,"code":0}
{"event":"atexit","sid":"20261006T103237.855991Z-Ha9d4ceab-P00012cf1","thread":"main","time":"2026-10-06T10:32:37.859589Z","file":"trace2/tr2_tgt_event.c","line":207,"t_abs":0.004000,"code":0}
{"event":"version","sid":"20261006T103237.861686Z-Ha9d4ceab-P00012cd9","thread":"main","time":"2026-10-06T10:32:37.862151Z","file":"common-init.c","line":57,"evt":"4","exe":"2.50.1 (Apple Git-155)"}
{"event":"start","sid":"20261006T103237.861686Z-Ha9d4ceab-P00012cd9","thread":"main","time":"2026-10-06T10:32:37.862181Z","file":"common-init.c","line":58,"t_abs":0.000810,"argv":["/Library/Developer/CommandLineTools/usr/bin/git","-C","/var/folders/f1/2xjyyqkn5plc19fx4nt4tpt00000gn/T/flow-dperf02-tWIHzq/worker","ls-tree","-r","-z","--full-tree","5f4529721d854dc490f98e9546ec64121d705216","--",":(literal)src/shared"]}
{"event":"def_repo","sid":"20261006T103237.861686Z-Ha9d4ceab-P00012cd9","thread":"main","time":"2026-10-06T10:32:37.862548Z","file":"repository.c","line":241,"repo":1,"worktree":"/private/var/folders/f1/2xjyyqkn5plc19fx4nt4tpt00000gn/T/flow-dperf02-tWIHzq/worker"}
{"event":"cmd_name","sid":"20261006T103237.861686Z-Ha9d4ceab-P00012cd9","thread":"main","time":"2026-10-06T10:32:37.862941Z","file":"git.c","line":477,"name":"ls-tree","hierarchy":"ls-tree"}
{"event":"exit","sid":"20261006T103237.861686Z-Ha9d4ceab-P00012cd9","thread":"main","time":"2026-10-06T10:32:37.864398Z","file":"git.c","line":747,"t_abs":0.003026,"code":0}
{"event":"atexit","sid":"20261006T103237.861686Z-Ha9d4ceab-P00012cd9","thread":"main","time":"2026-10-06T10:32:37.864420Z","file":"trace2/tr2_tgt_event.c","line":207,"t_abs":0.003049,"code":0}
{"event":"version","sid":"20261006T103237.865746Z-Ha9d4ceab-P00012cb9","thread":"main","time":"2026-10-06T10:32:37.866615Z","file":"common-init.c","line":57,"evt":"4","exe":"2.50.1 (Apple Git-155)"}
{"event":"start","sid":"20261006T103237.865746Z-Ha9d4ceab-P00012cb9","thread":"main","time":"2026-10-06T10:32:37.866642Z","file":"common-init.c","line":58,"t_abs":0.001236,"argv":["/Library/Developer/CommandLineTools/usr/bin/git","-C","/var/folders/f1/2xjyyqkn5plc19fx4nt4tpt00000gn/T/flow-dperf02-tWIHzq/worker","ls-tree","-r","-z","--full-tree","5f4529721d854dc490f98e9546ec64121d705216","--",":(literal)src/shared/a.txt"]}
{"event":"def_repo","sid":"20261006T103237.865746Z-Ha9d4ceab-P00012cb9","thread":"main","time":"2026-10-06T10:32:37.867931Z","file":"repository.c","line":241,"repo":1,"worktree":"/private/var/folders/f1/2xjyyqkn5plc19fx4nt4tpt00000gn/T/flow-dperf02-tWIHzq/worker"}
{"event":"cmd_name","sid":"20261006T103237.865746Z-Ha9d4ceab-P00012cb9","thread":"main","time":"2026-10-06T10:32:37.868441Z","file":"git.c","line":477,"name":"ls-tree","hierarchy":"ls-tree"}
{"event":"version","sid":"20261006T103237.867645Z-Ha9d4ceab-P00012ce5","thread":"main","time":"2026-10-06T10:32:37.868578Z","file":"common-init.c","line":57,"evt":"4","exe":"2.50.1 (Apple Git-155)"}
{"event":"start","sid":"20261006T103237.867645Z-Ha9d4ceab-P00012ce5","thread":"main","time":"2026-10-06T10:32:37.868597Z","file":"common-init.c","line":58,"t_abs":0.001375,"argv":["/Library/Developer/CommandLineTools/usr/bin/git","-C","/var/folders/f1/2xjyyqkn5plc19fx4nt4tpt00000gn/T/flow-dperf02-tWIHzq/worker","ls-tree","-r","-z","--full-tree","5f4529721d854dc490f98e9546ec64121d705216","--",":(literal)src/shared/a.txt"]}
{"event":"version","sid":"20261006T103237.868212Z-Ha9d4ceab-P00012cd1","thread":"main","time":"2026-10-06T10:32:37.868878Z","file":"common-init.c","line":57,"evt":"4","exe":"2.50.1 (Apple Git-155)"}
{"event":"start","sid":"20261006T103237.868212Z-Ha9d4ceab-P00012cd1","thread":"main","time":"2026-10-06T10:32:37.868995Z","file":"common-init.c","line":58,"t_abs":0.001445,"argv":["/Library/Developer/CommandLineTools/usr/bin/git","-C","/var/folders/f1/2xjyyqkn5plc19fx4nt4tpt00000gn/T/flow-dperf02-tWIHzq/worker","ls-tree","-r","-z","--full-tree","5f4529721d854dc490f98e9546ec64121d705216","--",":(literal)src/shared/a.txt"]}
{"event":"def_repo","sid":"20261006T103237.867645Z-Ha9d4ceab-P00012ce5","thread":"main","time":"2026-10-06T10:32:37.869404Z","file":"repository.c","line":241,"repo":1,"worktree":"/private/var/folders/f1/2xjyyqkn5plc19fx4nt4tpt00000gn/T/flow-dperf02-tWIHzq/worker"}
{"event":"def_repo","sid":"20261006T103237.868212Z-Ha9d4ceab-P00012cd1","thread":"main","time":"2026-10-06T10:32:37.869801Z","file":"repository.c","line":241,"repo":1,"worktree":"/private/var/folders/f1/2xjyyqkn5plc19fx4nt4tpt00000gn/T/flow-dperf02-tWIHzq/worker"}
{"event":"cmd_name","sid":"20261006T103237.867645Z-Ha9d4ceab-P00012ce5","thread":"main","time":"2026-10-06T10:32:37.870047Z","file":"git.c","line":477,"name":"ls-tree","hierarchy":"ls-tree"}
{"event":"cmd_name","sid":"20261006T103237.868212Z-Ha9d4ceab-P00012cd1","thread":"main","time":"2026-10-06T10:32:37.870647Z","file":"git.c","line":477,"name":"ls-tree","hierarchy":"ls-tree"}
{"event":"exit","sid":"20261006T103237.865746Z-Ha9d4ceab-P00012cb9","thread":"main","time":"2026-10-06T10:32:37.870699Z","file":"git.c","line":747,"t_abs":0.005291,"code":0}
{"event":"atexit","sid":"20261006T103237.865746Z-Ha9d4ceab-P00012cb9","thread":"main","time":"2026-10-06T10:32:37.870746Z","file":"trace2/tr2_tgt_event.c","line":207,"t_abs":0.005339,"code":0}
{"event":"exit","sid":"20261006T103237.867645Z-Ha9d4ceab-P00012ce5","thread":"main","time":"2026-10-06T10:32:37.871573Z","file":"git.c","line":747,"t_abs":0.004350,"code":0}
{"event":"atexit","sid":"20261006T103237.867645Z-Ha9d4ceab-P00012ce5","thread":"main","time":"2026-10-06T10:32:37.871589Z","file":"trace2/tr2_tgt_event.c","line":207,"t_abs":0.004366,"code":0}
{"event":"exit","sid":"20261006T103237.868212Z-Ha9d4ceab-P00012cd1","thread":"main","time":"2026-10-06T10:32:37.871807Z","file":"git.c","line":747,"t_abs":0.004258,"code":0}
{"event":"atexit","sid":"20261006T103237.868212Z-Ha9d4ceab-P00012cd1","thread":"main","time":"2026-10-06T10:32:37.871819Z","file":"trace2/tr2_tgt_event.c","line":207,"t_abs":0.004271,"code":0}
{"event":"version","sid":"20261006T103237.870982Z-Ha9d4ceab-P00012cfd","thread":"main","time":"2026-10-06T10:32:37.872144Z","file":"common-init.c","line":57,"evt":"4","exe":"2.50.1 (Apple Git-155)"}
{"event":"start","sid":"20261006T103237.870982Z-Ha9d4ceab-P00012cfd","thread":"main","time":"2026-10-06T10:32:37.872157Z","file":"common-init.c","line":58,"t_abs":0.001657,"argv":["/Library/Developer/CommandLineTools/usr/bin/git","-C","/var/folders/f1/2xjyyqkn5plc19fx4nt4tpt00000gn/T/flow-dperf02-tWIHzq/worker","ls-tree","-r","-z","--full-tree","5f4529721d854dc490f98e9546ec64121d705216","--",":(literal)src/shared/a.txt"]}
{"event":"def_repo","sid":"20261006T103237.870982Z-Ha9d4ceab-P00012cfd","thread":"main","time":"2026-10-06T10:32:37.872461Z","file":"repository.c","line":241,"repo":1,"worktree":"/private/var/folders/f1/2xjyyqkn5plc19fx4nt4tpt00000gn/T/flow-dperf02-tWIHzq/worker"}
{"event":"cmd_name","sid":"20261006T103237.870982Z-Ha9d4ceab-P00012cfd","thread":"main","time":"2026-10-06T10:32:37.872681Z","file":"git.c","line":477,"name":"ls-tree","hierarchy":"ls-tree"}
{"event":"exit","sid":"20261006T103237.870982Z-Ha9d4ceab-P00012cfd","thread":"main","time":"2026-10-06T10:32:37.873756Z","file":"git.c","line":747,"t_abs":0.003256,"code":0}
{"event":"atexit","sid":"20261006T103237.870982Z-Ha9d4ceab-P00012cfd","thread":"main","time":"2026-10-06T10:32:37.873771Z","file":"trace2/tr2_tgt_event.c","line":207,"t_abs":0.003271,"code":0}
{"event":"version","sid":"20261006T103237.881051Z-Ha9d4ceab-P00012d2a","thread":"main","time":"2026-10-06T10:32:37.881711Z","file":"common-init.c","line":57,"evt":"4","exe":"2.50.1 (Apple Git-155)"}
{"event":"start","sid":"20261006T103237.881051Z-Ha9d4ceab-P00012d2a","thread":"main","time":"2026-10-06T10:32:37.881758Z","file":"common-init.c","line":58,"t_abs":0.001044,"argv":["/Library/Developer/CommandLineTools/usr/bin/git","-C","/var/folders/f1/2xjyyqkn5plc19fx4nt4tpt00000gn/T/flow-dperf02-tWIHzq/worker","ls-tree","-r","-z","--full-tree","5f4529721d854dc490f98e9546ec64121d705216","--",":(literal)src/shared/a.txt"]}
{"event":"def_repo","sid":"20261006T103237.881051Z-Ha9d4ceab-P00012d2a","thread":"main","time":"2026-10-06T10:32:37.882095Z","file":"repository.c","line":241,"repo":1,"worktree":"/private/var/folders/f1/2xjyyqkn5plc19fx4nt4tpt00000gn/T/flow-dperf02-tWIHzq/worker"}
{"event":"cmd_name","sid":"20261006T103237.881051Z-Ha9d4ceab-P00012d2a","thread":"main","time":"2026-10-06T10:32:37.882426Z","file":"git.c","line":477,"name":"ls-tree","hierarchy":"ls-tree"}
{"event":"exit","sid":"20261006T103237.881051Z-Ha9d4ceab-P00012d2a","thread":"main","time":"2026-10-06T10:32:37.883648Z","file":"git.c","line":747,"t_abs":0.002935,"code":0}
{"event":"atexit","sid":"20261006T103237.881051Z-Ha9d4ceab-P00012d2a","thread":"main","time":"2026-10-06T10:32:37.883657Z","file":"trace2/tr2_tgt_event.c","line":207,"t_abs":0.002943,"code":0}
{"event":"version","sid":"20261006T103237.890155Z-Ha9d4ceab-P00012d24","thread":"main","time":"2026-10-06T10:32:37.891252Z","file":"common-init.c","line":57,"evt":"4","exe":"2.50.1 (Apple Git-155)"}
{"event":"start","sid":"20261006T103237.890155Z-Ha9d4ceab-P00012d24","thread":"main","time":"2026-10-06T10:32:37.891281Z","file":"common-init.c","line":58,"t_abs":0.001825,"argv":["/Library/Developer/CommandLineTools/usr/bin/git","-C","/var/folders/f1/2xjyyqkn5plc19fx4nt4tpt00000gn/T/flow-dperf02-tWIHzq/worker","ls-tree","-r","-z","--full-tree","5f4529721d854dc490f98e9546ec64121d705216","--",":(literal)src/shared/a.txt"]}
{"event":"version","sid":"20261006T103237.890189Z-Ha9d4ceab-P00012d34","thread":"main","time":"2026-10-06T10:32:37.891471Z","file":"common-init.c","line":57,"evt":"4","exe":"2.50.1 (Apple Git-155)"}
{"event":"start","sid":"20261006T103237.890189Z-Ha9d4ceab-P00012d34","thread":"main","time":"2026-10-06T10:32:37.891486Z","file":"common-init.c","line":58,"t_abs":0.001650,"argv":["/Library/Developer/CommandLineTools/usr/bin/git","-C","/var/folders/f1/2xjyyqkn5plc19fx4nt4tpt00000gn/T/flow-dperf02-tWIHzq/worker","ls-tree","-r","-z","--full-tree","5f4529721d854dc490f98e9546ec64121d705216","--",":(literal)src/shared/a.txt"]}
{"event":"def_repo","sid":"20261006T103237.890155Z-Ha9d4ceab-P00012d24","thread":"main","time":"2026-10-06T10:32:37.892190Z","file":"repository.c","line":241,"repo":1,"worktree":"/private/var/folders/f1/2xjyyqkn5plc19fx4nt4tpt00000gn/T/flow-dperf02-tWIHzq/worker"}
{"event":"def_repo","sid":"20261006T103237.890189Z-Ha9d4ceab-P00012d34","thread":"main","time":"2026-10-06T10:32:37.892236Z","file":"repository.c","line":241,"repo":1,"worktree":"/private/var/folders/f1/2xjyyqkn5plc19fx4nt4tpt00000gn/T/flow-dperf02-tWIHzq/worker"}
{"event":"cmd_name","sid":"20261006T103237.890155Z-Ha9d4ceab-P00012d24","thread":"main","time":"2026-10-06T10:32:37.892874Z","file":"git.c","line":477,"name":"ls-tree","hierarchy":"ls-tree"}
{"event":"cmd_name","sid":"20261006T103237.890189Z-Ha9d4ceab-P00012d34","thread":"main","time":"2026-10-06T10:32:37.892908Z","file":"git.c","line":477,"name":"ls-tree","hierarchy":"ls-tree"}
{"event":"exit","sid":"20261006T103237.890189Z-Ha9d4ceab-P00012d34","thread":"main","time":"2026-10-06T10:32:37.895865Z","file":"git.c","line":747,"t_abs":0.006029,"code":0}
{"event":"atexit","sid":"20261006T103237.890189Z-Ha9d4ceab-P00012d34","thread":"main","time":"2026-10-06T10:32:37.895884Z","file":"trace2/tr2_tgt_event.c","line":207,"t_abs":0.006048,"code":0}
{"event":"exit","sid":"20261006T103237.890155Z-Ha9d4ceab-P00012d24","thread":"main","time":"2026-10-06T10:32:37.897347Z","file":"git.c","line":747,"t_abs":0.007890,"code":0}
{"event":"atexit","sid":"20261006T103237.890155Z-Ha9d4ceab-P00012d24","thread":"main","time":"2026-10-06T10:32:37.897368Z","file":"trace2/tr2_tgt_event.c","line":207,"t_abs":0.007913,"code":0}
{"event":"version","sid":"20261006T103237.895661Z-Ha9d4ceab-P00012d4d","thread":"main","time":"2026-10-06T10:32:37.897678Z","file":"common-init.c","line":57,"evt":"4","exe":"2.50.1 (Apple Git-155)"}
{"event":"start","sid":"20261006T103237.895661Z-Ha9d4ceab-P00012d4d","thread":"main","time":"2026-10-06T10:32:37.897698Z","file":"common-init.c","line":58,"t_abs":0.002409,"argv":["/Library/Developer/CommandLineTools/usr/bin/git","-C","/var/folders/f1/2xjyyqkn5plc19fx4nt4tpt00000gn/T/flow-dperf02-tWIHzq/worker","ls-tree","-r","-z","--full-tree","5f4529721d854dc490f98e9546ec64121d705216","--",":(literal)src/shared/a.txt"]}
{"event":"version","sid":"20261006T103237.896883Z-Ha9d4ceab-P00012d42","thread":"main","time":"2026-10-06T10:32:37.897851Z","file":"common-init.c","line":57,"evt":"4","exe":"2.50.1 (Apple Git-155)"}
{"event":"start","sid":"20261006T103237.896883Z-Ha9d4ceab-P00012d42","thread":"main","time":"2026-10-06T10:32:37.897863Z","file":"common-init.c","line":58,"t_abs":0.001374,"argv":["/Library/Developer/CommandLineTools/usr/bin/git","-C","/var/folders/f1/2xjyyqkn5plc19fx4nt4tpt00000gn/T/flow-dperf02-tWIHzq/worker","ls-tree","-r","-z","--full-tree","5f4529721d854dc490f98e9546ec64121d705216","--",":(literal)src/shared/a.txt"]}
{"event":"def_repo","sid":"20261006T103237.895661Z-Ha9d4ceab-P00012d4d","thread":"main","time":"2026-10-06T10:32:37.898304Z","file":"repository.c","line":241,"repo":1,"worktree":"/private/var/folders/f1/2xjyyqkn5plc19fx4nt4tpt00000gn/T/flow-dperf02-tWIHzq/worker"}
{"event":"cmd_name","sid":"20261006T103237.895661Z-Ha9d4ceab-P00012d4d","thread":"main","time":"2026-10-06T10:32:37.898645Z","file":"git.c","line":477,"name":"ls-tree","hierarchy":"ls-tree"}
{"event":"def_repo","sid":"20261006T103237.896883Z-Ha9d4ceab-P00012d42","thread":"main","time":"2026-10-06T10:32:37.898657Z","file":"repository.c","line":241,"repo":1,"worktree":"/private/var/folders/f1/2xjyyqkn5plc19fx4nt4tpt00000gn/T/flow-dperf02-tWIHzq/worker"}
{"event":"cmd_name","sid":"20261006T103237.896883Z-Ha9d4ceab-P00012d42","thread":"main","time":"2026-10-06T10:32:37.899248Z","file":"git.c","line":477,"name":"ls-tree","hierarchy":"ls-tree"}
{"event":"exit","sid":"20261006T103237.895661Z-Ha9d4ceab-P00012d4d","thread":"main","time":"2026-10-06T10:32:37.900189Z","file":"git.c","line":747,"t_abs":0.004899,"code":0}
{"event":"atexit","sid":"20261006T103237.895661Z-Ha9d4ceab-P00012d4d","thread":"main","time":"2026-10-06T10:32:37.900201Z","file":"trace2/tr2_tgt_event.c","line":207,"t_abs":0.004912,"code":0}
{"event":"exit","sid":"20261006T103237.896883Z-Ha9d4ceab-P00012d42","thread":"main","time":"2026-10-06T10:32:37.900414Z","file":"git.c","line":747,"t_abs":0.003925,"code":0}
{"event":"atexit","sid":"20261006T103237.896883Z-Ha9d4ceab-P00012d42","thread":"main","time":"2026-10-06T10:32:37.900423Z","file":"trace2/tr2_tgt_event.c","line":207,"t_abs":0.003934,"code":0}
{"event":"version","sid":"20261006T103237.905404Z-Ha9d4ceab-P00012d5a","thread":"main","time":"2026-10-06T10:32:37.906155Z","file":"common-init.c","line":57,"evt":"4","exe":"2.50.1 (Apple Git-155)"}
{"event":"start","sid":"20261006T103237.905404Z-Ha9d4ceab-P00012d5a","thread":"main","time":"2026-10-06T10:32:37.906210Z","file":"common-init.c","line":58,"t_abs":0.001129,"argv":["/Library/Developer/CommandLineTools/usr/bin/git","-C","/var/folders/f1/2xjyyqkn5plc19fx4nt4tpt00000gn/T/flow-dperf02-tWIHzq/worker","ls-tree","-r","-z","--full-tree","5f4529721d854dc490f98e9546ec64121d705216","--",":(literal)src/shared/a.txt"]}
{"event":"def_repo","sid":"20261006T103237.905404Z-Ha9d4ceab-P00012d5a","thread":"main","time":"2026-10-06T10:32:37.906625Z","file":"repository.c","line":241,"repo":1,"worktree":"/private/var/folders/f1/2xjyyqkn5plc19fx4nt4tpt00000gn/T/flow-dperf02-tWIHzq/worker"}
{"event":"cmd_name","sid":"20261006T103237.905404Z-Ha9d4ceab-P00012d5a","thread":"main","time":"2026-10-06T10:32:37.907110Z","file":"git.c","line":477,"name":"ls-tree","hierarchy":"ls-tree"}
{"event":"version","sid":"20261006T103237.908303Z-Ha9d4ceab-P00012d69","thread":"main","time":"2026-10-06T10:32:37.909176Z","file":"common-init.c","line":57,"evt":"4","exe":"2.50.1 (Apple Git-155)"}
{"event":"start","sid":"20261006T103237.908303Z-Ha9d4ceab-P00012d69","thread":"main","time":"2026-10-06T10:32:37.909201Z","file":"common-init.c","line":58,"t_abs":0.001236,"argv":["/Library/Developer/CommandLineTools/usr/bin/git","-C","/var/folders/f1/2xjyyqkn5plc19fx4nt4tpt00000gn/T/flow-dperf02-tWIHzq/worker","ls-tree","-r","-z","--full-tree","5f4529721d854dc490f98e9546ec64121d705216","--",":(literal)src/shared/a.txt"]}
{"event":"exit","sid":"20261006T103237.905404Z-Ha9d4ceab-P00012d5a","thread":"main","time":"2026-10-06T10:32:37.909325Z","file":"git.c","line":747,"t_abs":0.004245,"code":0}
{"event":"atexit","sid":"20261006T103237.905404Z-Ha9d4ceab-P00012d5a","thread":"main","time":"2026-10-06T10:32:37.909341Z","file":"trace2/tr2_tgt_event.c","line":207,"t_abs":0.004261,"code":0}
{"event":"def_repo","sid":"20261006T103237.908303Z-Ha9d4ceab-P00012d69","thread":"main","time":"2026-10-06T10:32:37.909985Z","file":"repository.c","line":241,"repo":1,"worktree":"/private/var/folders/f1/2xjyyqkn5plc19fx4nt4tpt00000gn/T/flow-dperf02-tWIHzq/worker"}
{"event":"cmd_name","sid":"20261006T103237.908303Z-Ha9d4ceab-P00012d69","thread":"main","time":"2026-10-06T10:32:37.910444Z","file":"git.c","line":477,"name":"ls-tree","hierarchy":"ls-tree"}
{"event":"exit","sid":"20261006T103237.908303Z-Ha9d4ceab-P00012d69","thread":"main","time":"2026-10-06T10:32:37.912537Z","file":"git.c","line":747,"t_abs":0.004571,"code":0}
{"event":"atexit","sid":"20261006T103237.908303Z-Ha9d4ceab-P00012d69","thread":"main","time":"2026-10-06T10:32:37.912563Z","file":"trace2/tr2_tgt_event.c","line":207,"t_abs":0.004598,"code":0}
{"event":"version","sid":"20261006T103237.913032Z-Ha9d4ceab-P00012d70","thread":"main","time":"2026-10-06T10:32:37.914321Z","file":"common-init.c","line":57,"evt":"4","exe":"2.50.1 (Apple Git-155)"}
{"event":"start","sid":"20261006T103237.913032Z-Ha9d4ceab-P00012d70","thread":"main","time":"2026-10-06T10:32:37.914359Z","file":"common-init.c","line":58,"t_abs":0.001666,"argv":["/Library/Developer/CommandLineTools/usr/bin/git","-C","/var/folders/f1/2xjyyqkn5plc19fx4nt4tpt00000gn/T/flow-dperf02-tWIHzq/worker","ls-tree","-r","-z","--full-tree","5f4529721d854dc490f98e9546ec64121d705216","--",":(literal)src/shared/a.txt"]}
{"event":"def_repo","sid":"20261006T103237.913032Z-Ha9d4ceab-P00012d70","thread":"main","time":"2026-10-06T10:32:37.914993Z","file":"repository.c","line":241,"repo":1,"worktree":"/private/var/folders/f1/2xjyyqkn5plc19fx4nt4tpt00000gn/T/flow-dperf02-tWIHzq/worker"}
{"event":"cmd_name","sid":"20261006T103237.913032Z-Ha9d4ceab-P00012d70","thread":"main","time":"2026-10-06T10:32:37.915360Z","file":"git.c","line":477,"name":"ls-tree","hierarchy":"ls-tree"}
{"event":"version","sid":"20261006T103237.914854Z-Ha9d4ceab-P00012d87","thread":"main","time":"2026-10-06T10:32:37.915658Z","file":"common-init.c","line":57,"evt":"4","exe":"2.50.1 (Apple Git-155)"}
{"event":"start","sid":"20261006T103237.914854Z-Ha9d4ceab-P00012d87","thread":"main","time":"2026-10-06T10:32:37.915678Z","file":"common-init.c","line":58,"t_abs":0.001280,"argv":["/Library/Developer/CommandLineTools/usr/bin/git","-C","/var/folders/f1/2xjyyqkn5plc19fx4nt4tpt00000gn/T/flow-dperf02-tWIHzq/worker","ls-tree","-r","-z","--full-tree","5f4529721d854dc490f98e9546ec64121d705216","--",":(literal)src/shared/a.txt"]}
{"event":"def_repo","sid":"20261006T103237.914854Z-Ha9d4ceab-P00012d87","thread":"main","time":"2026-10-06T10:32:37.916128Z","file":"repository.c","line":241,"repo":1,"worktree":"/private/var/folders/f1/2xjyyqkn5plc19fx4nt4tpt00000gn/T/flow-dperf02-tWIHzq/worker"}
{"event":"cmd_name","sid":"20261006T103237.914854Z-Ha9d4ceab-P00012d87","thread":"main","time":"2026-10-06T10:32:37.916456Z","file":"git.c","line":477,"name":"ls-tree","hierarchy":"ls-tree"}
{"event":"exit","sid":"20261006T103237.913032Z-Ha9d4ceab-P00012d70","thread":"main","time":"2026-10-06T10:32:37.917297Z","file":"git.c","line":747,"t_abs":0.004575,"code":0}
{"event":"atexit","sid":"20261006T103237.913032Z-Ha9d4ceab-P00012d70","thread":"main","time":"2026-10-06T10:32:37.917348Z","file":"trace2/tr2_tgt_event.c","line":207,"t_abs":0.004669,"code":0}
{"event":"exit","sid":"20261006T103237.914854Z-Ha9d4ceab-P00012d87","thread":"main","time":"2026-10-06T10:32:37.917851Z","file":"git.c","line":747,"t_abs":0.003452,"code":0}
{"event":"atexit","sid":"20261006T103237.914854Z-Ha9d4ceab-P00012d87","thread":"main","time":"2026-10-06T10:32:37.917875Z","file":"trace2/tr2_tgt_event.c","line":207,"t_abs":0.003477,"code":0}
{"event":"version","sid":"20261006T103237.920115Z-Ha9d4ceab-P00012d9e","thread":"main","time":"2026-10-06T10:32:37.921185Z","file":"common-init.c","line":57,"evt":"4","exe":"2.50.1 (Apple Git-155)"}
{"event":"start","sid":"20261006T103237.920115Z-Ha9d4ceab-P00012d9e","thread":"main","time":"2026-10-06T10:32:37.921216Z","file":"common-init.c","line":58,"t_abs":0.001673,"argv":["/Library/Developer/CommandLineTools/usr/bin/git","-C","/var/folders/f1/2xjyyqkn5plc19fx4nt4tpt00000gn/T/flow-dperf02-tWIHzq/worker","ls-tree","-r","-z","--full-tree","5f4529721d854dc490f98e9546ec64121d705216","--",":(literal)src/shared/a.txt"]}
{"event":"def_repo","sid":"20261006T103237.920115Z-Ha9d4ceab-P00012d9e","thread":"main","time":"2026-10-06T10:32:37.921703Z","file":"repository.c","line":241,"repo":1,"worktree":"/private/var/folders/f1/2xjyyqkn5plc19fx4nt4tpt00000gn/T/flow-dperf02-tWIHzq/worker"}
{"event":"cmd_name","sid":"20261006T103237.920115Z-Ha9d4ceab-P00012d9e","thread":"main","time":"2026-10-06T10:32:37.922078Z","file":"git.c","line":477,"name":"ls-tree","hierarchy":"ls-tree"}
{"event":"exit","sid":"20261006T103237.920115Z-Ha9d4ceab-P00012d9e","thread":"main","time":"2026-10-06T10:32:37.923458Z","file":"git.c","line":747,"t_abs":0.003915,"code":0}
{"event":"atexit","sid":"20261006T103237.920115Z-Ha9d4ceab-P00012d9e","thread":"main","time":"2026-10-06T10:32:37.923475Z","file":"trace2/tr2_tgt_event.c","line":207,"t_abs":0.003932,"code":0}
{"event":"version","sid":"20261006T103237.924999Z-Ha9d4ceab-P00012da3","thread":"main","time":"2026-10-06T10:32:37.925437Z","file":"common-init.c","line":57,"evt":"4","exe":"2.50.1 (Apple Git-155)"}
{"event":"start","sid":"20261006T103237.924999Z-Ha9d4ceab-P00012da3","thread":"main","time":"2026-10-06T10:32:37.925465Z","file":"common-init.c","line":58,"t_abs":0.000801,"argv":["/Library/Developer/CommandLineTools/usr/bin/git","-C","/var/folders/f1/2xjyyqkn5plc19fx4nt4tpt00000gn/T/flow-dperf02-tWIHzq/worker","ls-tree","-r","-z","--full-tree","5f4529721d854dc490f98e9546ec64121d705216","--",":(literal)src/second"]}
{"event":"version","sid":"20261006T103237.925261Z-Ha9d4ceab-P00012da8","thread":"main","time":"2026-10-06T10:32:37.925812Z","file":"common-init.c","line":57,"evt":"4","exe":"2.50.1 (Apple Git-155)"}
{"event":"def_repo","sid":"20261006T103237.924999Z-Ha9d4ceab-P00012da3","thread":"main","time":"2026-10-06T10:32:37.925836Z","file":"repository.c","line":241,"repo":1,"worktree":"/private/var/folders/f1/2xjyyqkn5plc19fx4nt4tpt00000gn/T/flow-dperf02-tWIHzq/worker"}
{"event":"start","sid":"20261006T103237.925261Z-Ha9d4ceab-P00012da8","thread":"main","time":"2026-10-06T10:32:37.925857Z","file":"common-init.c","line":58,"t_abs":0.000909,"argv":["/Library/Developer/CommandLineTools/usr/bin/git","-C","/var/folders/f1/2xjyyqkn5plc19fx4nt4tpt00000gn/T/flow-dperf02-tWIHzq/worker","ls-tree","-r","-z","--full-tree","5f4529721d854dc490f98e9546ec64121d705216","--",":(literal)src/second"]}
{"event":"version","sid":"20261006T103237.925425Z-Ha9d4ceab-P00012db4","thread":"main","time":"2026-10-06T10:32:37.925871Z","file":"common-init.c","line":57,"evt":"4","exe":"2.50.1 (Apple Git-155)"}
{"event":"start","sid":"20261006T103237.925425Z-Ha9d4ceab-P00012db4","thread":"main","time":"2026-10-06T10:32:37.925909Z","file":"common-init.c","line":58,"t_abs":0.000893,"argv":["/Library/Developer/CommandLineTools/usr/bin/git","-C","/var/folders/f1/2xjyyqkn5plc19fx4nt4tpt00000gn/T/flow-dperf02-tWIHzq/worker","ls-tree","-r","-z","--full-tree","5f4529721d854dc490f98e9546ec64121d705216","--",":(literal)src/second"]}
{"event":"cmd_name","sid":"20261006T103237.924999Z-Ha9d4ceab-P00012da3","thread":"main","time":"2026-10-06T10:32:37.926553Z","file":"git.c","line":477,"name":"ls-tree","hierarchy":"ls-tree"}
{"event":"def_repo","sid":"20261006T103237.925425Z-Ha9d4ceab-P00012db4","thread":"main","time":"2026-10-06T10:32:37.926878Z","file":"repository.c","line":241,"repo":1,"worktree":"/private/var/folders/f1/2xjyyqkn5plc19fx4nt4tpt00000gn/T/flow-dperf02-tWIHzq/worker"}
{"event":"def_repo","sid":"20261006T103237.925261Z-Ha9d4ceab-P00012da8","thread":"main","time":"2026-10-06T10:32:37.927304Z","file":"repository.c","line":241,"repo":1,"worktree":"/private/var/folders/f1/2xjyyqkn5plc19fx4nt4tpt00000gn/T/flow-dperf02-tWIHzq/worker"}
{"event":"cmd_name","sid":"20261006T103237.925425Z-Ha9d4ceab-P00012db4","thread":"main","time":"2026-10-06T10:32:37.927366Z","file":"git.c","line":477,"name":"ls-tree","hierarchy":"ls-tree"}
{"event":"cmd_name","sid":"20261006T103237.925261Z-Ha9d4ceab-P00012da8","thread":"main","time":"2026-10-06T10:32:37.927559Z","file":"git.c","line":477,"name":"ls-tree","hierarchy":"ls-tree"}
{"event":"exit","sid":"20261006T103237.924999Z-Ha9d4ceab-P00012da3","thread":"main","time":"2026-10-06T10:32:37.928358Z","file":"git.c","line":747,"t_abs":0.003694,"code":0}
{"event":"atexit","sid":"20261006T103237.924999Z-Ha9d4ceab-P00012da3","thread":"main","time":"2026-10-06T10:32:37.928381Z","file":"trace2/tr2_tgt_event.c","line":207,"t_abs":0.003717,"code":0}
{"event":"exit","sid":"20261006T103237.925425Z-Ha9d4ceab-P00012db4","thread":"main","time":"2026-10-06T10:32:37.928797Z","file":"git.c","line":747,"t_abs":0.003780,"code":0}
{"event":"atexit","sid":"20261006T103237.925425Z-Ha9d4ceab-P00012db4","thread":"main","time":"2026-10-06T10:32:37.928815Z","file":"trace2/tr2_tgt_event.c","line":207,"t_abs":0.003799,"code":0}
{"event":"version","sid":"20261006T103237.928579Z-Ha9d4ceab-P00012dad","thread":"main","time":"2026-10-06T10:32:37.929306Z","file":"common-init.c","line":57,"evt":"4","exe":"2.50.1 (Apple Git-155)"}
{"event":"start","sid":"20261006T103237.928579Z-Ha9d4ceab-P00012dad","thread":"main","time":"2026-10-06T10:32:37.929321Z","file":"common-init.c","line":58,"t_abs":0.001697,"argv":["/Library/Developer/CommandLineTools/usr/bin/git","-C","/var/folders/f1/2xjyyqkn5plc19fx4nt4tpt00000gn/T/flow-dperf02-tWIHzq/worker","ls-tree","-r","-z","--full-tree","5f4529721d854dc490f98e9546ec64121d705216","--",":(literal)src/second"]}
{"event":"def_repo","sid":"20261006T103237.928579Z-Ha9d4ceab-P00012dad","thread":"main","time":"2026-10-06T10:32:37.929984Z","file":"repository.c","line":241,"repo":1,"worktree":"/private/var/folders/f1/2xjyyqkn5plc19fx4nt4tpt00000gn/T/flow-dperf02-tWIHzq/worker"}
{"event":"exit","sid":"20261006T103237.925261Z-Ha9d4ceab-P00012da8","thread":"main","time":"2026-10-06T10:32:37.930195Z","file":"git.c","line":747,"t_abs":0.005246,"code":0}
{"event":"atexit","sid":"20261006T103237.925261Z-Ha9d4ceab-P00012da8","thread":"main","time":"2026-10-06T10:32:37.930215Z","file":"trace2/tr2_tgt_event.c","line":207,"t_abs":0.005267,"code":0}
{"event":"cmd_name","sid":"20261006T103237.928579Z-Ha9d4ceab-P00012dad","thread":"main","time":"2026-10-06T10:32:37.930644Z","file":"git.c","line":477,"name":"ls-tree","hierarchy":"ls-tree"}
{"event":"exit","sid":"20261006T103237.928579Z-Ha9d4ceab-P00012dad","thread":"main","time":"2026-10-06T10:32:37.932153Z","file":"git.c","line":747,"t_abs":0.004528,"code":0}
{"event":"atexit","sid":"20261006T103237.928579Z-Ha9d4ceab-P00012dad","thread":"main","time":"2026-10-06T10:32:37.932174Z","file":"trace2/tr2_tgt_event.c","line":207,"t_abs":0.004550,"code":0}
{"event":"version","sid":"20261006T103237.936053Z-Ha9d4ceab-P00012dc3","thread":"main","time":"2026-10-06T10:32:37.936489Z","file":"common-init.c","line":57,"evt":"4","exe":"2.50.1 (Apple Git-155)"}
{"event":"start","sid":"20261006T103237.936053Z-Ha9d4ceab-P00012dc3","thread":"main","time":"2026-10-06T10:32:37.936515Z","file":"common-init.c","line":58,"t_abs":0.000846,"argv":["/Library/Developer/CommandLineTools/usr/bin/git","-C","/var/folders/f1/2xjyyqkn5plc19fx4nt4tpt00000gn/T/flow-dperf02-tWIHzq/worker","ls-tree","-r","-z","--full-tree","5f4529721d854dc490f98e9546ec64121d705216","--",":(literal)src/second"]}
{"event":"def_repo","sid":"20261006T103237.936053Z-Ha9d4ceab-P00012dc3","thread":"main","time":"2026-10-06T10:32:37.937265Z","file":"repository.c","line":241,"repo":1,"worktree":"/private/var/folders/f1/2xjyyqkn5plc19fx4nt4tpt00000gn/T/flow-dperf02-tWIHzq/worker"}
{"event":"cmd_name","sid":"20261006T103237.936053Z-Ha9d4ceab-P00012dc3","thread":"main","time":"2026-10-06T10:32:37.937596Z","file":"git.c","line":477,"name":"ls-tree","hierarchy":"ls-tree"}
{"event":"version","sid":"20261006T103237.937773Z-Ha9d4ceab-P00012dcd","thread":"main","time":"2026-10-06T10:32:37.938483Z","file":"common-init.c","line":57,"evt":"4","exe":"2.50.1 (Apple Git-155)"}
{"event":"start","sid":"20261006T103237.937773Z-Ha9d4ceab-P00012dcd","thread":"main","time":"2026-10-06T10:32:37.938502Z","file":"common-init.c","line":58,"t_abs":0.001095,"argv":["/Library/Developer/CommandLineTools/usr/bin/git","-C","/var/folders/f1/2xjyyqkn5plc19fx4nt4tpt00000gn/T/flow-dperf02-tWIHzq/worker","ls-tree","-r","-z","--full-tree","5f4529721d854dc490f98e9546ec64121d705216","--",":(literal)src/second"]}
{"event":"def_repo","sid":"20261006T103237.937773Z-Ha9d4ceab-P00012dcd","thread":"main","time":"2026-10-06T10:32:37.939041Z","file":"repository.c","line":241,"repo":1,"worktree":"/private/var/folders/f1/2xjyyqkn5plc19fx4nt4tpt00000gn/T/flow-dperf02-tWIHzq/worker"}
{"event":"cmd_name","sid":"20261006T103237.937773Z-Ha9d4ceab-P00012dcd","thread":"main","time":"2026-10-06T10:32:37.939338Z","file":"git.c","line":477,"name":"ls-tree","hierarchy":"ls-tree"}
{"event":"exit","sid":"20261006T103237.936053Z-Ha9d4ceab-P00012dc3","thread":"main","time":"2026-10-06T10:32:37.939508Z","file":"git.c","line":747,"t_abs":0.003839,"code":0}
{"event":"atexit","sid":"20261006T103237.936053Z-Ha9d4ceab-P00012dc3","thread":"main","time":"2026-10-06T10:32:37.939522Z","file":"trace2/tr2_tgt_event.c","line":207,"t_abs":0.003853,"code":0}
{"event":"exit","sid":"20261006T103237.937773Z-Ha9d4ceab-P00012dcd","thread":"main","time":"2026-10-06T10:32:37.940546Z","file":"git.c","line":747,"t_abs":0.003139,"code":0}
{"event":"atexit","sid":"20261006T103237.937773Z-Ha9d4ceab-P00012dcd","thread":"main","time":"2026-10-06T10:32:37.940560Z","file":"trace2/tr2_tgt_event.c","line":207,"t_abs":0.003153,"code":0}
{"event":"version","sid":"20261006T103237.941249Z-Ha9d4ceab-P00012dd3","thread":"main","time":"2026-10-06T10:32:37.942282Z","file":"common-init.c","line":57,"evt":"4","exe":"2.50.1 (Apple Git-155)"}
{"event":"start","sid":"20261006T103237.941249Z-Ha9d4ceab-P00012dd3","thread":"main","time":"2026-10-06T10:32:37.942329Z","file":"common-init.c","line":58,"t_abs":0.001391,"argv":["/Library/Developer/CommandLineTools/usr/bin/git","-C","/var/folders/f1/2xjyyqkn5plc19fx4nt4tpt00000gn/T/flow-dperf02-tWIHzq/worker","ls-tree","-r","-z","--full-tree","5f4529721d854dc490f98e9546ec64121d705216","--",":(literal)src/second"]}
{"event":"def_repo","sid":"20261006T103237.941249Z-Ha9d4ceab-P00012dd3","thread":"main","time":"2026-10-06T10:32:37.943099Z","file":"repository.c","line":241,"repo":1,"worktree":"/private/var/folders/f1/2xjyyqkn5plc19fx4nt4tpt00000gn/T/flow-dperf02-tWIHzq/worker"}
{"event":"cmd_name","sid":"20261006T103237.941249Z-Ha9d4ceab-P00012dd3","thread":"main","time":"2026-10-06T10:32:37.944818Z","file":"git.c","line":477,"name":"ls-tree","hierarchy":"ls-tree"}
{"event":"exit","sid":"20261006T103237.941249Z-Ha9d4ceab-P00012dd3","thread":"main","time":"2026-10-06T10:32:37.946029Z","file":"git.c","line":747,"t_abs":0.005090,"code":0}
{"event":"atexit","sid":"20261006T103237.941249Z-Ha9d4ceab-P00012dd3","thread":"main","time":"2026-10-06T10:32:37.946051Z","file":"trace2/tr2_tgt_event.c","line":207,"t_abs":0.005113,"code":0}
{"event":"version","sid":"20261006T103237.951685Z-Ha9d4ceab-P00012df6","thread":"main","time":"2026-10-06T10:32:37.952590Z","file":"common-init.c","line":57,"evt":"4","exe":"2.50.1 (Apple Git-155)"}
{"event":"start","sid":"20261006T103237.951685Z-Ha9d4ceab-P00012df6","thread":"main","time":"2026-10-06T10:32:37.952709Z","file":"common-init.c","line":58,"t_abs":0.001467,"argv":["/Library/Developer/CommandLineTools/usr/bin/git","-C","/var/folders/f1/2xjyyqkn5plc19fx4nt4tpt00000gn/T/flow-dperf02-tWIHzq/worker","ls-tree","-r","-z","--full-tree","5f4529721d854dc490f98e9546ec64121d705216","--",":(literal)src/second"]}
{"event":"def_repo","sid":"20261006T103237.951685Z-Ha9d4ceab-P00012df6","thread":"main","time":"2026-10-06T10:32:37.953153Z","file":"repository.c","line":241,"repo":1,"worktree":"/private/var/folders/f1/2xjyyqkn5plc19fx4nt4tpt00000gn/T/flow-dperf02-tWIHzq/worker"}
{"event":"cmd_name","sid":"20261006T103237.951685Z-Ha9d4ceab-P00012df6","thread":"main","time":"2026-10-06T10:32:37.953386Z","file":"git.c","line":477,"name":"ls-tree","hierarchy":"ls-tree"}
{"event":"exit","sid":"20261006T103237.951685Z-Ha9d4ceab-P00012df6","thread":"main","time":"2026-10-06T10:32:37.954616Z","file":"git.c","line":747,"t_abs":0.003374,"code":0}
{"event":"atexit","sid":"20261006T103237.951685Z-Ha9d4ceab-P00012df6","thread":"main","time":"2026-10-06T10:32:37.954632Z","file":"trace2/tr2_tgt_event.c","line":207,"t_abs":0.003390,"code":0}
{"event":"version","sid":"20261006T103237.955990Z-Ha9d4ceab-P00012dfd","thread":"main","time":"2026-10-06T10:32:37.956479Z","file":"common-init.c","line":57,"evt":"4","exe":"2.50.1 (Apple Git-155)"}
{"event":"start","sid":"20261006T103237.955990Z-Ha9d4ceab-P00012dfd","thread":"main","time":"2026-10-06T10:32:37.956505Z","file":"common-init.c","line":58,"t_abs":0.001080,"argv":["/Library/Developer/CommandLineTools/usr/bin/git","-C","/var/folders/f1/2xjyyqkn5plc19fx4nt4tpt00000gn/T/flow-dperf02-tWIHzq/worker","ls-tree","-r","-z","--full-tree","5f4529721d854dc490f98e9546ec64121d705216","--",":(literal)src/second"]}
{"event":"def_repo","sid":"20261006T103237.955990Z-Ha9d4ceab-P00012dfd","thread":"main","time":"2026-10-06T10:32:37.957238Z","file":"repository.c","line":241,"repo":1,"worktree":"/private/var/folders/f1/2xjyyqkn5plc19fx4nt4tpt00000gn/T/flow-dperf02-tWIHzq/worker"}
{"event":"cmd_name","sid":"20261006T103237.955990Z-Ha9d4ceab-P00012dfd","thread":"main","time":"2026-10-06T10:32:37.957609Z","file":"git.c","line":477,"name":"ls-tree","hierarchy":"ls-tree"}
{"event":"version","sid":"20261006T103237.956930Z-Ha9d4ceab-P00012e0d","thread":"main","time":"2026-10-06T10:32:37.957984Z","file":"common-init.c","line":57,"evt":"4","exe":"2.50.1 (Apple Git-155)"}
{"event":"start","sid":"20261006T103237.956930Z-Ha9d4ceab-P00012e0d","thread":"main","time":"2026-10-06T10:32:37.958257Z","file":"common-init.c","line":58,"t_abs":0.001816,"argv":["/Library/Developer/CommandLineTools/usr/bin/git","-C","/var/folders/f1/2xjyyqkn5plc19fx4nt4tpt00000gn/T/flow-dperf02-tWIHzq/worker","ls-tree","-r","-z","--full-tree","5f4529721d854dc490f98e9546ec64121d705216","--",":(literal)src/second"]}
{"event":"def_repo","sid":"20261006T103237.956930Z-Ha9d4ceab-P00012e0d","thread":"main","time":"2026-10-06T10:32:37.958728Z","file":"repository.c","line":241,"repo":1,"worktree":"/private/var/folders/f1/2xjyyqkn5plc19fx4nt4tpt00000gn/T/flow-dperf02-tWIHzq/worker"}
{"event":"cmd_name","sid":"20261006T103237.956930Z-Ha9d4ceab-P00012e0d","thread":"main","time":"2026-10-06T10:32:37.959042Z","file":"git.c","line":477,"name":"ls-tree","hierarchy":"ls-tree"}
{"event":"exit","sid":"20261006T103237.955990Z-Ha9d4ceab-P00012dfd","thread":"main","time":"2026-10-06T10:32:37.960251Z","file":"git.c","line":747,"t_abs":0.004824,"code":0}
{"event":"atexit","sid":"20261006T103237.955990Z-Ha9d4ceab-P00012dfd","thread":"main","time":"2026-10-06T10:32:37.960299Z","file":"trace2/tr2_tgt_event.c","line":207,"t_abs":0.004875,"code":0}
{"event":"exit","sid":"20261006T103237.956930Z-Ha9d4ceab-P00012e0d","thread":"main","time":"2026-10-06T10:32:37.960937Z","file":"git.c","line":747,"t_abs":0.004497,"code":0}
{"event":"atexit","sid":"20261006T103237.956930Z-Ha9d4ceab-P00012e0d","thread":"main","time":"2026-10-06T10:32:37.960952Z","file":"trace2/tr2_tgt_event.c","line":207,"t_abs":0.004513,"code":0}
{"event":"version","sid":"20261006T103237.959787Z-Ha9d4ceab-P00012e06","thread":"main","time":"2026-10-06T10:32:37.962590Z","file":"common-init.c","line":57,"evt":"4","exe":"2.50.1 (Apple Git-155)"}
{"event":"start","sid":"20261006T103237.959787Z-Ha9d4ceab-P00012e06","thread":"main","time":"2026-10-06T10:32:37.962632Z","file":"common-init.c","line":58,"t_abs":0.003408,"argv":["/Library/Developer/CommandLineTools/usr/bin/git","-C","/var/folders/f1/2xjyyqkn5plc19fx4nt4tpt00000gn/T/flow-dperf02-tWIHzq/worker","ls-tree","-r","-z","--full-tree","5f4529721d854dc490f98e9546ec64121d705216","--",":(literal)src/second"]}
{"event":"def_repo","sid":"20261006T103237.959787Z-Ha9d4ceab-P00012e06","thread":"main","time":"2026-10-06T10:32:37.963489Z","file":"repository.c","line":241,"repo":1,"worktree":"/private/var/folders/f1/2xjyyqkn5plc19fx4nt4tpt00000gn/T/flow-dperf02-tWIHzq/worker"}
{"event":"cmd_name","sid":"20261006T103237.959787Z-Ha9d4ceab-P00012e06","thread":"main","time":"2026-10-06T10:32:37.964228Z","file":"git.c","line":477,"name":"ls-tree","hierarchy":"ls-tree"}
{"event":"exit","sid":"20261006T103237.959787Z-Ha9d4ceab-P00012e06","thread":"main","time":"2026-10-06T10:32:37.965597Z","file":"git.c","line":747,"t_abs":0.006373,"code":0}
{"event":"atexit","sid":"20261006T103237.959787Z-Ha9d4ceab-P00012e06","thread":"main","time":"2026-10-06T10:32:37.965616Z","file":"trace2/tr2_tgt_event.c","line":207,"t_abs":0.006391,"code":0}
{"event":"version","sid":"20261006T103237.967790Z-Ha9d4ceab-P00012e16","thread":"main","time":"2026-10-06T10:32:37.968304Z","file":"common-init.c","line":57,"evt":"4","exe":"2.50.1 (Apple Git-155)"}
{"event":"start","sid":"20261006T103237.967790Z-Ha9d4ceab-P00012e16","thread":"main","time":"2026-10-06T10:32:37.968328Z","file":"common-init.c","line":58,"t_abs":0.000973,"argv":["/Library/Developer/CommandLineTools/usr/bin/git","-C","/var/folders/f1/2xjyyqkn5plc19fx4nt4tpt00000gn/T/flow-dperf02-tWIHzq/worker","ls-tree","-r","-z","--full-tree","5f4529721d854dc490f98e9546ec64121d705216","--",":(literal)src/second"]}
{"event":"def_repo","sid":"20261006T103237.967790Z-Ha9d4ceab-P00012e16","thread":"main","time":"2026-10-06T10:32:37.969488Z","file":"repository.c","line":241,"repo":1,"worktree":"/private/var/folders/f1/2xjyyqkn5plc19fx4nt4tpt00000gn/T/flow-dperf02-tWIHzq/worker"}
{"event":"cmd_name","sid":"20261006T103237.967790Z-Ha9d4ceab-P00012e16","thread":"main","time":"2026-10-06T10:32:37.970154Z","file":"git.c","line":477,"name":"ls-tree","hierarchy":"ls-tree"}
{"event":"version","sid":"20261006T103237.970663Z-Ha9d4ceab-P00012e1b","thread":"main","time":"2026-10-06T10:32:37.972206Z","file":"common-init.c","line":57,"evt":"4","exe":"2.50.1 (Apple Git-155)"}
{"event":"start","sid":"20261006T103237.970663Z-Ha9d4ceab-P00012e1b","thread":"main","time":"2026-10-06T10:32:37.972231Z","file":"common-init.c","line":58,"t_abs":0.002107,"argv":["/Library/Developer/CommandLineTools/usr/bin/git","-C","/var/folders/f1/2xjyyqkn5plc19fx4nt4tpt00000gn/T/flow-dperf02-tWIHzq/worker","ls-tree","-r","-z","--full-tree","5f4529721d854dc490f98e9546ec64121d705216","--",":(literal)src/second"]}
{"event":"def_repo","sid":"20261006T103237.970663Z-Ha9d4ceab-P00012e1b","thread":"main","time":"2026-10-06T10:32:37.973449Z","file":"repository.c","line":241,"repo":1,"worktree":"/private/var/folders/f1/2xjyyqkn5plc19fx4nt4tpt00000gn/T/flow-dperf02-tWIHzq/worker"}
{"event":"exit","sid":"20261006T103237.967790Z-Ha9d4ceab-P00012e16","thread":"main","time":"2026-10-06T10:32:37.973752Z","file":"git.c","line":747,"t_abs":0.006397,"code":0}
{"event":"atexit","sid":"20261006T103237.967790Z-Ha9d4ceab-P00012e16","thread":"main","time":"2026-10-06T10:32:37.973769Z","file":"trace2/tr2_tgt_event.c","line":207,"t_abs":0.006414,"code":0}
{"event":"version","sid":"20261006T103237.972778Z-Ha9d4ceab-P00012e38","thread":"main","time":"2026-10-06T10:32:37.973942Z","file":"common-init.c","line":57,"evt":"4","exe":"2.50.1 (Apple Git-155)"}
{"event":"start","sid":"20261006T103237.972778Z-Ha9d4ceab-P00012e38","thread":"main","time":"2026-10-06T10:32:37.973983Z","file":"common-init.c","line":58,"t_abs":0.001896,"argv":["/Library/Developer/CommandLineTools/usr/bin/git","-C","/var/folders/f1/2xjyyqkn5plc19fx4nt4tpt00000gn/T/flow-dperf02-tWIHzq/worker","ls-tree","-r","-z","--full-tree","5f4529721d854dc490f98e9546ec64121d705216","--",":(literal)src/second"]}
{"event":"cmd_name","sid":"20261006T103237.970663Z-Ha9d4ceab-P00012e1b","thread":"main","time":"2026-10-06T10:32:37.974152Z","file":"git.c","line":477,"name":"ls-tree","hierarchy":"ls-tree"}
{"event":"def_repo","sid":"20261006T103237.972778Z-Ha9d4ceab-P00012e38","thread":"main","time":"2026-10-06T10:32:37.974484Z","file":"repository.c","line":241,"repo":1,"worktree":"/private/var/folders/f1/2xjyyqkn5plc19fx4nt4tpt00000gn/T/flow-dperf02-tWIHzq/worker"}
{"event":"cmd_name","sid":"20261006T103237.972778Z-Ha9d4ceab-P00012e38","thread":"main","time":"2026-10-06T10:32:37.974891Z","file":"git.c","line":477,"name":"ls-tree","hierarchy":"ls-tree"}
{"event":"exit","sid":"20261006T103237.970663Z-Ha9d4ceab-P00012e1b","thread":"main","time":"2026-10-06T10:32:37.976137Z","file":"git.c","line":747,"t_abs":0.006013,"code":0}
{"event":"atexit","sid":"20261006T103237.970663Z-Ha9d4ceab-P00012e1b","thread":"main","time":"2026-10-06T10:32:37.976152Z","file":"trace2/tr2_tgt_event.c","line":207,"t_abs":0.006028,"code":0}
{"event":"exit","sid":"20261006T103237.972778Z-Ha9d4ceab-P00012e38","thread":"main","time":"2026-10-06T10:32:37.976844Z","file":"git.c","line":747,"t_abs":0.004757,"code":0}
{"event":"atexit","sid":"20261006T103237.972778Z-Ha9d4ceab-P00012e38","thread":"main","time":"2026-10-06T10:32:37.976860Z","file":"trace2/tr2_tgt_event.c","line":207,"t_abs":0.004773,"code":0}
{"event":"version","sid":"20261006T103237.980228Z-Ha9d4ceab-P00012e48","thread":"main","time":"2026-10-06T10:32:37.980889Z","file":"common-init.c","line":57,"evt":"4","exe":"2.50.1 (Apple Git-155)"}
{"event":"start","sid":"20261006T103237.980228Z-Ha9d4ceab-P00012e48","thread":"main","time":"2026-10-06T10:32:37.980937Z","file":"common-init.c","line":58,"t_abs":0.001297,"argv":["/Library/Developer/CommandLineTools/usr/bin/git","-C","/var/folders/f1/2xjyyqkn5plc19fx4nt4tpt00000gn/T/flow-dperf02-tWIHzq/worker","ls-tree","-r","-z","--full-tree","5f4529721d854dc490f98e9546ec64121d705216","--",":(literal)src/second"]}
{"event":"def_repo","sid":"20261006T103237.980228Z-Ha9d4ceab-P00012e48","thread":"main","time":"2026-10-06T10:32:37.982390Z","file":"repository.c","line":241,"repo":1,"worktree":"/private/var/folders/f1/2xjyyqkn5plc19fx4nt4tpt00000gn/T/flow-dperf02-tWIHzq/worker"}
{"event":"cmd_name","sid":"20261006T103237.980228Z-Ha9d4ceab-P00012e48","thread":"main","time":"2026-10-06T10:32:37.982841Z","file":"git.c","line":477,"name":"ls-tree","hierarchy":"ls-tree"}
{"event":"version","sid":"20261006T103237.983956Z-Ha9d4ceab-P00012e54","thread":"main","time":"2026-10-06T10:32:37.984553Z","file":"common-init.c","line":57,"evt":"4","exe":"2.50.1 (Apple Git-155)"}
{"event":"start","sid":"20261006T103237.983956Z-Ha9d4ceab-P00012e54","thread":"main","time":"2026-10-06T10:32:37.984568Z","file":"common-init.c","line":58,"t_abs":0.000993,"argv":["/Library/Developer/CommandLineTools/usr/bin/git","-C","/var/folders/f1/2xjyyqkn5plc19fx4nt4tpt00000gn/T/flow-dperf02-tWIHzq/worker","ls-tree","-r","-z","--full-tree","5f4529721d854dc490f98e9546ec64121d705216","--",":(literal)src/second"]}
{"event":"version","sid":"20261006T103237.983895Z-Ha9d4ceab-P00012e64","thread":"main","time":"2026-10-06T10:32:37.984755Z","file":"common-init.c","line":57,"evt":"4","exe":"2.50.1 (Apple Git-155)"}
{"event":"start","sid":"20261006T103237.983895Z-Ha9d4ceab-P00012e64","thread":"main","time":"2026-10-06T10:32:37.984795Z","file":"common-init.c","line":58,"t_abs":0.001375,"argv":["/Library/Developer/CommandLineTools/usr/bin/git","-C","/var/folders/f1/2xjyyqkn5plc19fx4nt4tpt00000gn/T/flow-dperf02-tWIHzq/worker","ls-tree","-r","-z","--full-tree","5f4529721d854dc490f98e9546ec64121d705216","--",":(literal)src/third.txt"]}
{"event":"exit","sid":"20261006T103237.980228Z-Ha9d4ceab-P00012e48","thread":"main","time":"2026-10-06T10:32:37.985095Z","file":"git.c","line":747,"t_abs":0.005455,"code":0}
{"event":"atexit","sid":"20261006T103237.980228Z-Ha9d4ceab-P00012e48","thread":"main","time":"2026-10-06T10:32:37.985109Z","file":"trace2/tr2_tgt_event.c","line":207,"t_abs":0.005469,"code":0}
{"event":"def_repo","sid":"20261006T103237.983895Z-Ha9d4ceab-P00012e64","thread":"main","time":"2026-10-06T10:32:37.985420Z","file":"repository.c","line":241,"repo":1,"worktree":"/private/var/folders/f1/2xjyyqkn5plc19fx4nt4tpt00000gn/T/flow-dperf02-tWIHzq/worker"}
{"event":"def_repo","sid":"20261006T103237.983956Z-Ha9d4ceab-P00012e54","thread":"main","time":"2026-10-06T10:32:37.985755Z","file":"repository.c","line":241,"repo":1,"worktree":"/private/var/folders/f1/2xjyyqkn5plc19fx4nt4tpt00000gn/T/flow-dperf02-tWIHzq/worker"}
{"event":"cmd_name","sid":"20261006T103237.983895Z-Ha9d4ceab-P00012e64","thread":"main","time":"2026-10-06T10:32:37.985860Z","file":"git.c","line":477,"name":"ls-tree","hierarchy":"ls-tree"}
{"event":"cmd_name","sid":"20261006T103237.983956Z-Ha9d4ceab-P00012e54","thread":"main","time":"2026-10-06T10:32:37.986008Z","file":"git.c","line":477,"name":"ls-tree","hierarchy":"ls-tree"}
{"event":"exit","sid":"20261006T103237.983956Z-Ha9d4ceab-P00012e54","thread":"main","time":"2026-10-06T10:32:37.987042Z","file":"git.c","line":747,"t_abs":0.003467,"code":0}
{"event":"atexit","sid":"20261006T103237.983956Z-Ha9d4ceab-P00012e54","thread":"main","time":"2026-10-06T10:32:37.987058Z","file":"trace2/tr2_tgt_event.c","line":207,"t_abs":0.003483,"code":0}
{"event":"version","sid":"20261006T103237.985466Z-Ha9d4ceab-P00012e5f","thread":"main","time":"2026-10-06T10:32:37.987083Z","file":"common-init.c","line":57,"evt":"4","exe":"2.50.1 (Apple Git-155)"}
{"event":"start","sid":"20261006T103237.985466Z-Ha9d4ceab-P00012e5f","thread":"main","time":"2026-10-06T10:32:37.987103Z","file":"common-init.c","line":58,"t_abs":0.002470,"argv":["/Library/Developer/CommandLineTools/usr/bin/git","-C","/var/folders/f1/2xjyyqkn5plc19fx4nt4tpt00000gn/T/flow-dperf02-tWIHzq/worker","ls-tree","-r","-z","--full-tree","5f4529721d854dc490f98e9546ec64121d705216","--",":(literal)src/third.txt"]}
{"event":"exit","sid":"20261006T103237.983895Z-Ha9d4ceab-P00012e64","thread":"main","time":"2026-10-06T10:32:37.987586Z","file":"git.c","line":747,"t_abs":0.004166,"code":0}
{"event":"atexit","sid":"20261006T103237.983895Z-Ha9d4ceab-P00012e64","thread":"main","time":"2026-10-06T10:32:37.987599Z","file":"trace2/tr2_tgt_event.c","line":207,"t_abs":0.004181,"code":0}
{"event":"def_repo","sid":"20261006T103237.985466Z-Ha9d4ceab-P00012e5f","thread":"main","time":"2026-10-06T10:32:37.987714Z","file":"repository.c","line":241,"repo":1,"worktree":"/private/var/folders/f1/2xjyyqkn5plc19fx4nt4tpt00000gn/T/flow-dperf02-tWIHzq/worker"}
{"event":"cmd_name","sid":"20261006T103237.985466Z-Ha9d4ceab-P00012e5f","thread":"main","time":"2026-10-06T10:32:37.988168Z","file":"git.c","line":477,"name":"ls-tree","hierarchy":"ls-tree"}
{"event":"exit","sid":"20261006T103237.985466Z-Ha9d4ceab-P00012e5f","thread":"main","time":"2026-10-06T10:32:37.989054Z","file":"git.c","line":747,"t_abs":0.004421,"code":0}
{"event":"atexit","sid":"20261006T103237.985466Z-Ha9d4ceab-P00012e5f","thread":"main","time":"2026-10-06T10:32:37.989068Z","file":"trace2/tr2_tgt_event.c","line":207,"t_abs":0.004434,"code":0}
{"event":"version","sid":"20261006T103237.989242Z-Ha9d4ceab-P00012e72","thread":"main","time":"2026-10-06T10:32:37.989653Z","file":"common-init.c","line":57,"evt":"4","exe":"2.50.1 (Apple Git-155)"}
{"event":"start","sid":"20261006T103237.989242Z-Ha9d4ceab-P00012e72","thread":"main","time":"2026-10-06T10:32:37.989685Z","file":"common-init.c","line":58,"t_abs":0.000794,"argv":["/Library/Developer/CommandLineTools/usr/bin/git","-C","/var/folders/f1/2xjyyqkn5plc19fx4nt4tpt00000gn/T/flow-dperf02-tWIHzq/worker","ls-tree","-r","-z","--full-tree","5f4529721d854dc490f98e9546ec64121d705216","--",":(literal)src/third.txt"]}
{"event":"def_repo","sid":"20261006T103237.989242Z-Ha9d4ceab-P00012e72","thread":"main","time":"2026-10-06T10:32:37.990035Z","file":"repository.c","line":241,"repo":1,"worktree":"/private/var/folders/f1/2xjyyqkn5plc19fx4nt4tpt00000gn/T/flow-dperf02-tWIHzq/worker"}
{"event":"cmd_name","sid":"20261006T103237.989242Z-Ha9d4ceab-P00012e72","thread":"main","time":"2026-10-06T10:32:37.990304Z","file":"git.c","line":477,"name":"ls-tree","hierarchy":"ls-tree"}
{"event":"exit","sid":"20261006T103237.989242Z-Ha9d4ceab-P00012e72","thread":"main","time":"2026-10-06T10:32:37.991466Z","file":"git.c","line":747,"t_abs":0.002575,"code":0}
{"event":"atexit","sid":"20261006T103237.989242Z-Ha9d4ceab-P00012e72","thread":"main","time":"2026-10-06T10:32:37.991482Z","file":"trace2/tr2_tgt_event.c","line":207,"t_abs":0.002591,"code":0}
{"event":"version","sid":"20261006T103237.991290Z-Ha9d4ceab-P00012e6c","thread":"main","time":"2026-10-06T10:32:37.992214Z","file":"common-init.c","line":57,"evt":"4","exe":"2.50.1 (Apple Git-155)"}
{"event":"start","sid":"20261006T103237.991290Z-Ha9d4ceab-P00012e6c","thread":"main","time":"2026-10-06T10:32:37.992235Z","file":"common-init.c","line":58,"t_abs":0.001344,"argv":["/Library/Developer/CommandLineTools/usr/bin/git","-C","/var/folders/f1/2xjyyqkn5plc19fx4nt4tpt00000gn/T/flow-dperf02-tWIHzq/worker","ls-tree","-r","-z","--full-tree","5f4529721d854dc490f98e9546ec64121d705216","--",":(literal)src/third.txt"]}
{"event":"def_repo","sid":"20261006T103237.991290Z-Ha9d4ceab-P00012e6c","thread":"main","time":"2026-10-06T10:32:37.992533Z","file":"repository.c","line":241,"repo":1,"worktree":"/private/var/folders/f1/2xjyyqkn5plc19fx4nt4tpt00000gn/T/flow-dperf02-tWIHzq/worker"}
{"event":"cmd_name","sid":"20261006T103237.991290Z-Ha9d4ceab-P00012e6c","thread":"main","time":"2026-10-06T10:32:37.993137Z","file":"git.c","line":477,"name":"ls-tree","hierarchy":"ls-tree"}
{"event":"version","sid":"20261006T103237.993122Z-Ha9d4ceab-P00012e82","thread":"main","time":"2026-10-06T10:32:37.994181Z","file":"common-init.c","line":57,"evt":"4","exe":"2.50.1 (Apple Git-155)"}
{"event":"start","sid":"20261006T103237.993122Z-Ha9d4ceab-P00012e82","thread":"main","time":"2026-10-06T10:32:37.994202Z","file":"common-init.c","line":58,"t_abs":0.001716,"argv":["/Library/Developer/CommandLineTools/usr/bin/git","-C","/var/folders/f1/2xjyyqkn5plc19fx4nt4tpt00000gn/T/flow-dperf02-tWIHzq/worker","ls-tree","-r","-z","--full-tree","5f4529721d854dc490f98e9546ec64121d705216","--",":(literal)src/third.txt"]}
{"event":"def_repo","sid":"20261006T103237.993122Z-Ha9d4ceab-P00012e82","thread":"main","time":"2026-10-06T10:32:37.994500Z","file":"repository.c","line":241,"repo":1,"worktree":"/private/var/folders/f1/2xjyyqkn5plc19fx4nt4tpt00000gn/T/flow-dperf02-tWIHzq/worker"}
{"event":"cmd_name","sid":"20261006T103237.993122Z-Ha9d4ceab-P00012e82","thread":"main","time":"2026-10-06T10:32:37.994732Z","file":"git.c","line":477,"name":"ls-tree","hierarchy":"ls-tree"}
{"event":"exit","sid":"20261006T103237.991290Z-Ha9d4ceab-P00012e6c","thread":"main","time":"2026-10-06T10:32:37.995239Z","file":"git.c","line":747,"t_abs":0.004347,"code":0}
{"event":"atexit","sid":"20261006T103237.991290Z-Ha9d4ceab-P00012e6c","thread":"main","time":"2026-10-06T10:32:37.995265Z","file":"trace2/tr2_tgt_event.c","line":207,"t_abs":0.004374,"code":0}
{"event":"version","sid":"20261006T103237.993961Z-Ha9d4ceab-P00012e7a","thread":"main","time":"2026-10-06T10:32:37.995474Z","file":"common-init.c","line":57,"evt":"4","exe":"2.50.1 (Apple Git-155)"}
{"event":"start","sid":"20261006T103237.993961Z-Ha9d4ceab-P00012e7a","thread":"main","time":"2026-10-06T10:32:37.995487Z","file":"common-init.c","line":58,"t_abs":0.001974,"argv":["/Library/Developer/CommandLineTools/usr/bin/git","-C","/var/folders/f1/2xjyyqkn5plc19fx4nt4tpt00000gn/T/flow-dperf02-tWIHzq/worker","ls-tree","-r","-z","--full-tree","5f4529721d854dc490f98e9546ec64121d705216","--",":(literal)src/third.txt"]}
{"event":"def_repo","sid":"20261006T103237.993961Z-Ha9d4ceab-P00012e7a","thread":"main","time":"2026-10-06T10:32:37.996352Z","file":"repository.c","line":241,"repo":1,"worktree":"/private/var/folders/f1/2xjyyqkn5plc19fx4nt4tpt00000gn/T/flow-dperf02-tWIHzq/worker"}
{"event":"exit","sid":"20261006T103237.993122Z-Ha9d4ceab-P00012e82","thread":"main","time":"2026-10-06T10:32:37.996499Z","file":"git.c","line":747,"t_abs":0.004012,"code":0}
{"event":"atexit","sid":"20261006T103237.993122Z-Ha9d4ceab-P00012e82","thread":"main","time":"2026-10-06T10:32:37.996512Z","file":"trace2/tr2_tgt_event.c","line":207,"t_abs":0.004026,"code":0}
{"event":"cmd_name","sid":"20261006T103237.993961Z-Ha9d4ceab-P00012e7a","thread":"main","time":"2026-10-06T10:32:37.997069Z","file":"git.c","line":477,"name":"ls-tree","hierarchy":"ls-tree"}
{"event":"exit","sid":"20261006T103237.993961Z-Ha9d4ceab-P00012e7a","thread":"main","time":"2026-10-06T10:32:37.999306Z","file":"git.c","line":747,"t_abs":0.005792,"code":0}
{"event":"atexit","sid":"20261006T103237.993961Z-Ha9d4ceab-P00012e7a","thread":"main","time":"2026-10-06T10:32:37.999333Z","file":"trace2/tr2_tgt_event.c","line":207,"t_abs":0.005820,"code":0}
{"event":"version","sid":"20261006T103238.005013Z-Ha9d4ceab-P00012eaa","thread":"main","time":"2026-10-06T10:32:38.005796Z","file":"common-init.c","line":57,"evt":"4","exe":"2.50.1 (Apple Git-155)"}
{"event":"start","sid":"20261006T103238.005013Z-Ha9d4ceab-P00012eaa","thread":"main","time":"2026-10-06T10:32:38.005823Z","file":"common-init.c","line":58,"t_abs":0.001155,"argv":["/Library/Developer/CommandLineTools/usr/bin/git","-C","/var/folders/f1/2xjyyqkn5plc19fx4nt4tpt00000gn/T/flow-dperf02-tWIHzq/worker","ls-tree","-r","-z","--full-tree","5f4529721d854dc490f98e9546ec64121d705216","--",":(literal)src/third.txt"]}
{"event":"def_repo","sid":"20261006T103238.005013Z-Ha9d4ceab-P00012eaa","thread":"main","time":"2026-10-06T10:32:38.006452Z","file":"repository.c","line":241,"repo":1,"worktree":"/private/var/folders/f1/2xjyyqkn5plc19fx4nt4tpt00000gn/T/flow-dperf02-tWIHzq/worker"}
{"event":"cmd_name","sid":"20261006T103238.005013Z-Ha9d4ceab-P00012eaa","thread":"main","time":"2026-10-06T10:32:38.006708Z","file":"git.c","line":477,"name":"ls-tree","hierarchy":"ls-tree"}
{"event":"exit","sid":"20261006T103238.005013Z-Ha9d4ceab-P00012eaa","thread":"main","time":"2026-10-06T10:32:38.007860Z","file":"git.c","line":747,"t_abs":0.003193,"code":0}
{"event":"atexit","sid":"20261006T103238.005013Z-Ha9d4ceab-P00012eaa","thread":"main","time":"2026-10-06T10:32:38.007874Z","file":"trace2/tr2_tgt_event.c","line":207,"t_abs":0.003206,"code":0}
{"event":"version","sid":"20261006T103238.006927Z-Ha9d4ceab-P00012e96","thread":"main","time":"2026-10-06T10:32:38.008516Z","file":"common-init.c","line":57,"evt":"4","exe":"2.50.1 (Apple Git-155)"}
{"event":"start","sid":"20261006T103238.006927Z-Ha9d4ceab-P00012e96","thread":"main","time":"2026-10-06T10:32:38.008533Z","file":"common-init.c","line":58,"t_abs":0.002011,"argv":["/Library/Developer/CommandLineTools/usr/bin/git","-C","/var/folders/f1/2xjyyqkn5plc19fx4nt4tpt00000gn/T/flow-dperf02-tWIHzq/worker","ls-tree","-r","-z","--full-tree","5f4529721d854dc490f98e9546ec64121d705216","--",":(literal)src/third.txt"]}
{"event":"def_repo","sid":"20261006T103238.006927Z-Ha9d4ceab-P00012e96","thread":"main","time":"2026-10-06T10:32:38.009166Z","file":"repository.c","line":241,"repo":1,"worktree":"/private/var/folders/f1/2xjyyqkn5plc19fx4nt4tpt00000gn/T/flow-dperf02-tWIHzq/worker"}
{"event":"cmd_name","sid":"20261006T103238.006927Z-Ha9d4ceab-P00012e96","thread":"main","time":"2026-10-06T10:32:38.009488Z","file":"git.c","line":477,"name":"ls-tree","hierarchy":"ls-tree"}
{"event":"version","sid":"20261006T103238.008922Z-Ha9d4ceab-P00012eb5","thread":"main","time":"2026-10-06T10:32:38.010075Z","file":"common-init.c","line":57,"evt":"4","exe":"2.50.1 (Apple Git-155)"}
{"event":"start","sid":"20261006T103238.008922Z-Ha9d4ceab-P00012eb5","thread":"main","time":"2026-10-06T10:32:38.010094Z","file":"common-init.c","line":58,"t_abs":0.001652,"argv":["/Library/Developer/CommandLineTools/usr/bin/git","-C","/var/folders/f1/2xjyyqkn5plc19fx4nt4tpt00000gn/T/flow-dperf02-tWIHzq/worker","ls-tree","-r","-z","--full-tree","5f4529721d854dc490f98e9546ec64121d705216","--",":(literal)src/third.txt"]}
{"event":"def_repo","sid":"20261006T103238.008922Z-Ha9d4ceab-P00012eb5","thread":"main","time":"2026-10-06T10:32:38.010845Z","file":"repository.c","line":241,"repo":1,"worktree":"/private/var/folders/f1/2xjyyqkn5plc19fx4nt4tpt00000gn/T/flow-dperf02-tWIHzq/worker"}
{"event":"exit","sid":"20261006T103238.006927Z-Ha9d4ceab-P00012e96","thread":"main","time":"2026-10-06T10:32:38.011979Z","file":"git.c","line":747,"t_abs":0.005457,"code":0}
{"event":"atexit","sid":"20261006T103238.006927Z-Ha9d4ceab-P00012e96","thread":"main","time":"2026-10-06T10:32:38.012001Z","file":"trace2/tr2_tgt_event.c","line":207,"t_abs":0.005479,"code":0}
{"event":"cmd_name","sid":"20261006T103238.008922Z-Ha9d4ceab-P00012eb5","thread":"main","time":"2026-10-06T10:32:38.012121Z","file":"git.c","line":477,"name":"ls-tree","hierarchy":"ls-tree"}
{"event":"exit","sid":"20261006T103238.008922Z-Ha9d4ceab-P00012eb5","thread":"main","time":"2026-10-06T10:32:38.014767Z","file":"git.c","line":747,"t_abs":0.006324,"code":0}
{"event":"atexit","sid":"20261006T103238.008922Z-Ha9d4ceab-P00012eb5","thread":"main","time":"2026-10-06T10:32:38.014785Z","file":"trace2/tr2_tgt_event.c","line":207,"t_abs":0.006343,"code":0}
{"event":"version","sid":"20261006T103238.022977Z-Ha9d4ceab-P00012ecc","thread":"main","time":"2026-10-06T10:32:38.025097Z","file":"common-init.c","line":57,"evt":"4","exe":"2.50.1 (Apple Git-155)"}
{"event":"start","sid":"20261006T103238.022977Z-Ha9d4ceab-P00012ecc","thread":"main","time":"2026-10-06T10:32:38.025126Z","file":"common-init.c","line":58,"t_abs":0.002587,"argv":["/Library/Developer/CommandLineTools/usr/bin/git","-C","/var/folders/f1/2xjyyqkn5plc19fx4nt4tpt00000gn/T/flow-dperf02-tWIHzq/worker","ls-tree","-r","-z","--full-tree","5f4529721d854dc490f98e9546ec64121d705216","--",":(literal)src/third.txt"]}
{"event":"def_repo","sid":"20261006T103238.022977Z-Ha9d4ceab-P00012ecc","thread":"main","time":"2026-10-06T10:32:38.025824Z","file":"repository.c","line":241,"repo":1,"worktree":"/private/var/folders/f1/2xjyyqkn5plc19fx4nt4tpt00000gn/T/flow-dperf02-tWIHzq/worker"}
{"event":"version","sid":"20261006T103238.024658Z-Ha9d4ceab-P00012ed1","thread":"main","time":"2026-10-06T10:32:38.026043Z","file":"common-init.c","line":57,"evt":"4","exe":"2.50.1 (Apple Git-155)"}
{"event":"start","sid":"20261006T103238.024658Z-Ha9d4ceab-P00012ed1","thread":"main","time":"2026-10-06T10:32:38.026053Z","file":"common-init.c","line":58,"t_abs":0.001740,"argv":["/Library/Developer/CommandLineTools/usr/bin/git","-C","/var/folders/f1/2xjyyqkn5plc19fx4nt4tpt00000gn/T/flow-dperf02-tWIHzq/worker","ls-tree","-r","-z","--full-tree","5f4529721d854dc490f98e9546ec64121d705216","--",":(literal)src/third.txt"]}
{"event":"cmd_name","sid":"20261006T103238.022977Z-Ha9d4ceab-P00012ecc","thread":"main","time":"2026-10-06T10:32:38.026192Z","file":"git.c","line":477,"name":"ls-tree","hierarchy":"ls-tree"}
{"event":"version","sid":"20261006T103238.025821Z-Ha9d4ceab-P00012ed7","thread":"main","time":"2026-10-06T10:32:38.027504Z","file":"common-init.c","line":57,"evt":"4","exe":"2.50.1 (Apple Git-155)"}
{"event":"start","sid":"20261006T103238.025821Z-Ha9d4ceab-P00012ed7","thread":"main","time":"2026-10-06T10:32:38.027518Z","file":"common-init.c","line":58,"t_abs":0.002269,"argv":["/Library/Developer/CommandLineTools/usr/bin/git","-C","/var/folders/f1/2xjyyqkn5plc19fx4nt4tpt00000gn/T/flow-dperf02-tWIHzq/worker","ls-tree","-r","-z","--full-tree","5f4529721d854dc490f98e9546ec64121d705216","--",":(literal)src/third.txt"]}
{"event":"def_repo","sid":"20261006T103238.025821Z-Ha9d4ceab-P00012ed7","thread":"main","time":"2026-10-06T10:32:38.027886Z","file":"repository.c","line":241,"repo":1,"worktree":"/private/var/folders/f1/2xjyyqkn5plc19fx4nt4tpt00000gn/T/flow-dperf02-tWIHzq/worker"}
{"event":"cmd_name","sid":"20261006T103238.025821Z-Ha9d4ceab-P00012ed7","thread":"main","time":"2026-10-06T10:32:38.028133Z","file":"git.c","line":477,"name":"ls-tree","hierarchy":"ls-tree"}
{"event":"def_repo","sid":"20261006T103238.024658Z-Ha9d4ceab-P00012ed1","thread":"main","time":"2026-10-06T10:32:38.028353Z","file":"repository.c","line":241,"repo":1,"worktree":"/private/var/folders/f1/2xjyyqkn5plc19fx4nt4tpt00000gn/T/flow-dperf02-tWIHzq/worker"}
{"event":"exit","sid":"20261006T103238.022977Z-Ha9d4ceab-P00012ecc","thread":"main","time":"2026-10-06T10:32:38.029211Z","file":"git.c","line":747,"t_abs":0.006671,"code":0}
{"event":"atexit","sid":"20261006T103238.022977Z-Ha9d4ceab-P00012ecc","thread":"main","time":"2026-10-06T10:32:38.029229Z","file":"trace2/tr2_tgt_event.c","line":207,"t_abs":0.006690,"code":0}
{"event":"cmd_name","sid":"20261006T103238.024658Z-Ha9d4ceab-P00012ed1","thread":"main","time":"2026-10-06T10:32:38.029452Z","file":"git.c","line":477,"name":"ls-tree","hierarchy":"ls-tree"}
{"event":"exit","sid":"20261006T103238.025821Z-Ha9d4ceab-P00012ed7","thread":"main","time":"2026-10-06T10:32:38.029840Z","file":"git.c","line":747,"t_abs":0.004590,"code":0}
{"event":"atexit","sid":"20261006T103238.025821Z-Ha9d4ceab-P00012ed7","thread":"main","time":"2026-10-06T10:32:38.029866Z","file":"trace2/tr2_tgt_event.c","line":207,"t_abs":0.004617,"code":0}
{"event":"exit","sid":"20261006T103238.024658Z-Ha9d4ceab-P00012ed1","thread":"main","time":"2026-10-06T10:32:38.030653Z","file":"git.c","line":747,"t_abs":0.006340,"code":0}
{"event":"atexit","sid":"20261006T103238.024658Z-Ha9d4ceab-P00012ed1","thread":"main","time":"2026-10-06T10:32:38.030668Z","file":"trace2/tr2_tgt_event.c","line":207,"t_abs":0.006354,"code":0}
{"event":"version","sid":"20261006T103238.029073Z-Ha9d4ceab-P00012ee2","thread":"main","time":"2026-10-06T10:32:38.030828Z","file":"common-init.c","line":57,"evt":"4","exe":"2.50.1 (Apple Git-155)"}
{"event":"start","sid":"20261006T103238.029073Z-Ha9d4ceab-P00012ee2","thread":"main","time":"2026-10-06T10:32:38.030846Z","file":"common-init.c","line":58,"t_abs":0.002507,"argv":["/Library/Developer/CommandLineTools/usr/bin/git","-C","/var/folders/f1/2xjyyqkn5plc19fx4nt4tpt00000gn/T/flow-dperf02-tWIHzq/worker","ls-tree","-r","-z","--full-tree","5f4529721d854dc490f98e9546ec64121d705216","--",":(literal)src/third.txt"]}
{"event":"def_repo","sid":"20261006T103238.029073Z-Ha9d4ceab-P00012ee2","thread":"main","time":"2026-10-06T10:32:38.031905Z","file":"repository.c","line":241,"repo":1,"worktree":"/private/var/folders/f1/2xjyyqkn5plc19fx4nt4tpt00000gn/T/flow-dperf02-tWIHzq/worker"}
{"event":"version","sid":"20261006T103238.031316Z-Ha9d4ceab-P00012eed","thread":"main","time":"2026-10-06T10:32:38.032077Z","file":"common-init.c","line":57,"evt":"4","exe":"2.50.1 (Apple Git-155)"}
{"event":"start","sid":"20261006T103238.031316Z-Ha9d4ceab-P00012eed","thread":"main","time":"2026-10-06T10:32:38.032090Z","file":"common-init.c","line":58,"t_abs":0.001223,"argv":["/Library/Developer/CommandLineTools/usr/bin/git","-C","/var/folders/f1/2xjyyqkn5plc19fx4nt4tpt00000gn/T/flow-dperf02-tWIHzq/worker","ls-tree","-r","-z","--full-tree","5f4529721d854dc490f98e9546ec64121d705216","--",":(literal)src/third.txt"]}
{"event":"cmd_name","sid":"20261006T103238.029073Z-Ha9d4ceab-P00012ee2","thread":"main","time":"2026-10-06T10:32:38.032433Z","file":"git.c","line":477,"name":"ls-tree","hierarchy":"ls-tree"}
{"event":"def_repo","sid":"20261006T103238.031316Z-Ha9d4ceab-P00012eed","thread":"main","time":"2026-10-06T10:32:38.032881Z","file":"repository.c","line":241,"repo":1,"worktree":"/private/var/folders/f1/2xjyyqkn5plc19fx4nt4tpt00000gn/T/flow-dperf02-tWIHzq/worker"}
{"event":"cmd_name","sid":"20261006T103238.031316Z-Ha9d4ceab-P00012eed","thread":"main","time":"2026-10-06T10:32:38.033153Z","file":"git.c","line":477,"name":"ls-tree","hierarchy":"ls-tree"}
{"event":"exit","sid":"20261006T103238.029073Z-Ha9d4ceab-P00012ee2","thread":"main","time":"2026-10-06T10:32:38.034063Z","file":"git.c","line":747,"t_abs":0.005724,"code":0}
{"event":"atexit","sid":"20261006T103238.029073Z-Ha9d4ceab-P00012ee2","thread":"main","time":"2026-10-06T10:32:38.034086Z","file":"trace2/tr2_tgt_event.c","line":207,"t_abs":0.005747,"code":0}
{"event":"exit","sid":"20261006T103238.031316Z-Ha9d4ceab-P00012eed","thread":"main","time":"2026-10-06T10:32:38.034556Z","file":"git.c","line":747,"t_abs":0.003688,"code":0}
{"event":"atexit","sid":"20261006T103238.031316Z-Ha9d4ceab-P00012eed","thread":"main","time":"2026-10-06T10:32:38.034605Z","file":"trace2/tr2_tgt_event.c","line":207,"t_abs":0.003736,"code":0}
{"event":"version","sid":"20261006T103238.034109Z-Ha9d4ceab-P00012ef4","thread":"main","time":"2026-10-06T10:32:38.034644Z","file":"common-init.c","line":57,"evt":"4","exe":"2.50.1 (Apple Git-155)"}
{"event":"start","sid":"20261006T103238.034109Z-Ha9d4ceab-P00012ef4","thread":"main","time":"2026-10-06T10:32:38.034661Z","file":"common-init.c","line":58,"t_abs":0.000936,"argv":["/Library/Developer/CommandLineTools/usr/bin/git","-C","/var/folders/f1/2xjyyqkn5plc19fx4nt4tpt00000gn/T/flow-dperf02-tWIHzq/worker","ls-tree","-r","-z","--full-tree","5f4529721d854dc490f98e9546ec64121d705216","--",":(literal)src/fourth.txt"]}
{"event":"def_repo","sid":"20261006T103238.034109Z-Ha9d4ceab-P00012ef4","thread":"main","time":"2026-10-06T10:32:38.035139Z","file":"repository.c","line":241,"repo":1,"worktree":"/private/var/folders/f1/2xjyyqkn5plc19fx4nt4tpt00000gn/T/flow-dperf02-tWIHzq/worker"}
{"event":"cmd_name","sid":"20261006T103238.034109Z-Ha9d4ceab-P00012ef4","thread":"main","time":"2026-10-06T10:32:38.035947Z","file":"git.c","line":477,"name":"ls-tree","hierarchy":"ls-tree"}
{"event":"exit","sid":"20261006T103238.034109Z-Ha9d4ceab-P00012ef4","thread":"main","time":"2026-10-06T10:32:38.037741Z","file":"git.c","line":747,"t_abs":0.004016,"code":0}
{"event":"atexit","sid":"20261006T103238.034109Z-Ha9d4ceab-P00012ef4","thread":"main","time":"2026-10-06T10:32:38.037755Z","file":"trace2/tr2_tgt_event.c","line":207,"t_abs":0.004030,"code":0}
{"event":"version","sid":"20261006T103238.036661Z-Ha9d4ceab-P00012efe","thread":"main","time":"2026-10-06T10:32:38.037999Z","file":"common-init.c","line":57,"evt":"4","exe":"2.50.1 (Apple Git-155)"}
{"event":"start","sid":"20261006T103238.036661Z-Ha9d4ceab-P00012efe","thread":"main","time":"2026-10-06T10:32:38.038013Z","file":"common-init.c","line":58,"t_abs":0.001783,"argv":["/Library/Developer/CommandLineTools/usr/bin/git","-C","/var/folders/f1/2xjyyqkn5plc19fx4nt4tpt00000gn/T/flow-dperf02-tWIHzq/worker","ls-tree","-r","-z","--full-tree","5f4529721d854dc490f98e9546ec64121d705216","--",":(literal)src/fourth.txt"]}
{"event":"def_repo","sid":"20261006T103238.036661Z-Ha9d4ceab-P00012efe","thread":"main","time":"2026-10-06T10:32:38.038434Z","file":"repository.c","line":241,"repo":1,"worktree":"/private/var/folders/f1/2xjyyqkn5plc19fx4nt4tpt00000gn/T/flow-dperf02-tWIHzq/worker"}
{"event":"cmd_name","sid":"20261006T103238.036661Z-Ha9d4ceab-P00012efe","thread":"main","time":"2026-10-06T10:32:38.039288Z","file":"git.c","line":477,"name":"ls-tree","hierarchy":"ls-tree"}
{"event":"exit","sid":"20261006T103238.036661Z-Ha9d4ceab-P00012efe","thread":"main","time":"2026-10-06T10:32:38.040438Z","file":"git.c","line":747,"t_abs":0.004208,"code":0}
{"event":"atexit","sid":"20261006T103238.036661Z-Ha9d4ceab-P00012efe","thread":"main","time":"2026-10-06T10:32:38.040451Z","file":"trace2/tr2_tgt_event.c","line":207,"t_abs":0.004221,"code":0}
{"event":"version","sid":"20261006T103238.047318Z-Ha9d4ceab-P00012f26","thread":"main","time":"2026-10-06T10:32:38.048916Z","file":"common-init.c","line":57,"evt":"4","exe":"2.50.1 (Apple Git-155)"}
{"event":"start","sid":"20261006T103238.047318Z-Ha9d4ceab-P00012f26","thread":"main","time":"2026-10-06T10:32:38.048944Z","file":"common-init.c","line":58,"t_abs":0.002645,"argv":["/Library/Developer/CommandLineTools/usr/bin/git","-C","/var/folders/f1/2xjyyqkn5plc19fx4nt4tpt00000gn/T/flow-dperf02-tWIHzq/worker","ls-tree","-r","-z","--full-tree","5f4529721d854dc490f98e9546ec64121d705216","--",":(literal)src/third.txt"]}
{"event":"def_repo","sid":"20261006T103238.047318Z-Ha9d4ceab-P00012f26","thread":"main","time":"2026-10-06T10:32:38.050126Z","file":"repository.c","line":241,"repo":1,"worktree":"/private/var/folders/f1/2xjyyqkn5plc19fx4nt4tpt00000gn/T/flow-dperf02-tWIHzq/worker"}
{"event":"version","sid":"20261006T103238.047937Z-Ha9d4ceab-P00012f09","thread":"main","time":"2026-10-06T10:32:38.050177Z","file":"common-init.c","line":57,"evt":"4","exe":"2.50.1 (Apple Git-155)"}
{"event":"start","sid":"20261006T103238.047937Z-Ha9d4ceab-P00012f09","thread":"main","time":"2026-10-06T10:32:38.050195Z","file":"common-init.c","line":58,"t_abs":0.003749,"argv":["/Library/Developer/CommandLineTools/usr/bin/git","-C","/var/folders/f1/2xjyyqkn5plc19fx4nt4tpt00000gn/T/flow-dperf02-tWIHzq/worker","ls-tree","-r","-z","--full-tree","5f4529721d854dc490f98e9546ec64121d705216","--",":(literal)src/fourth.txt"]}
{"event":"def_repo","sid":"20261006T103238.047937Z-Ha9d4ceab-P00012f09","thread":"main","time":"2026-10-06T10:32:38.050805Z","file":"repository.c","line":241,"repo":1,"worktree":"/private/var/folders/f1/2xjyyqkn5plc19fx4nt4tpt00000gn/T/flow-dperf02-tWIHzq/worker"}
{"event":"cmd_name","sid":"20261006T103238.047318Z-Ha9d4ceab-P00012f26","thread":"main","time":"2026-10-06T10:32:38.051007Z","file":"git.c","line":477,"name":"ls-tree","hierarchy":"ls-tree"}
{"event":"cmd_name","sid":"20261006T103238.047937Z-Ha9d4ceab-P00012f09","thread":"main","time":"2026-10-06T10:32:38.051713Z","file":"git.c","line":477,"name":"ls-tree","hierarchy":"ls-tree"}
{"event":"exit","sid":"20261006T103238.047318Z-Ha9d4ceab-P00012f26","thread":"main","time":"2026-10-06T10:32:38.053214Z","file":"git.c","line":747,"t_abs":0.006915,"code":0}
{"event":"atexit","sid":"20261006T103238.047318Z-Ha9d4ceab-P00012f26","thread":"main","time":"2026-10-06T10:32:38.053234Z","file":"trace2/tr2_tgt_event.c","line":207,"t_abs":0.006935,"code":0}
{"event":"exit","sid":"20261006T103238.047937Z-Ha9d4ceab-P00012f09","thread":"main","time":"2026-10-06T10:32:38.053885Z","file":"git.c","line":747,"t_abs":0.007439,"code":0}
{"event":"atexit","sid":"20261006T103238.047937Z-Ha9d4ceab-P00012f09","thread":"main","time":"2026-10-06T10:32:38.053899Z","file":"trace2/tr2_tgt_event.c","line":207,"t_abs":0.007452,"code":0}
{"event":"version","sid":"20261006T103238.056004Z-Ha9d4ceab-P00012f36","thread":"main","time":"2026-10-06T10:32:38.057981Z","file":"common-init.c","line":57,"evt":"4","exe":"2.50.1 (Apple Git-155)"}
{"event":"start","sid":"20261006T103238.056004Z-Ha9d4ceab-P00012f36","thread":"main","time":"2026-10-06T10:32:38.058039Z","file":"common-init.c","line":58,"t_abs":0.003221,"argv":["/Library/Developer/CommandLineTools/usr/bin/git","-C","/var/folders/f1/2xjyyqkn5plc19fx4nt4tpt00000gn/T/flow-dperf02-tWIHzq/worker","ls-tree","-r","-z","--full-tree","5f4529721d854dc490f98e9546ec64121d705216","--",":(literal)src/third.txt"]}
{"event":"def_repo","sid":"20261006T103238.056004Z-Ha9d4ceab-P00012f36","thread":"main","time":"2026-10-06T10:32:38.058733Z","file":"repository.c","line":241,"repo":1,"worktree":"/private/var/folders/f1/2xjyyqkn5plc19fx4nt4tpt00000gn/T/flow-dperf02-tWIHzq/worker"}
{"event":"cmd_name","sid":"20261006T103238.056004Z-Ha9d4ceab-P00012f36","thread":"main","time":"2026-10-06T10:32:38.059292Z","file":"git.c","line":477,"name":"ls-tree","hierarchy":"ls-tree"}
{"event":"exit","sid":"20261006T103238.056004Z-Ha9d4ceab-P00012f36","thread":"main","time":"2026-10-06T10:32:38.063359Z","file":"git.c","line":747,"t_abs":0.008541,"code":0}
{"event":"atexit","sid":"20261006T103238.056004Z-Ha9d4ceab-P00012f36","thread":"main","time":"2026-10-06T10:32:38.063383Z","file":"trace2/tr2_tgt_event.c","line":207,"t_abs":0.008565,"code":0}
{"event":"version","sid":"20261006T103238.062673Z-Ha9d4ceab-P00012f4e","thread":"main","time":"2026-10-06T10:32:38.064553Z","file":"common-init.c","line":57,"evt":"4","exe":"2.50.1 (Apple Git-155)"}
{"event":"start","sid":"20261006T103238.062673Z-Ha9d4ceab-P00012f4e","thread":"main","time":"2026-10-06T10:32:38.064589Z","file":"common-init.c","line":58,"t_abs":0.002339,"argv":["/Library/Developer/CommandLineTools/usr/bin/git","-C","/var/folders/f1/2xjyyqkn5plc19fx4nt4tpt00000gn/T/flow-dperf02-tWIHzq/worker","ls-tree","-r","-z","--full-tree","5f4529721d854dc490f98e9546ec64121d705216","--",":(literal)src/fourth.txt"]}
{"event":"def_repo","sid":"20261006T103238.062673Z-Ha9d4ceab-P00012f4e","thread":"main","time":"2026-10-06T10:32:38.065465Z","file":"repository.c","line":241,"repo":1,"worktree":"/private/var/folders/f1/2xjyyqkn5plc19fx4nt4tpt00000gn/T/flow-dperf02-tWIHzq/worker"}
{"event":"version","sid":"20261006T103238.063152Z-Ha9d4ceab-P00012f59","thread":"main","time":"2026-10-06T10:32:38.065810Z","file":"common-init.c","line":57,"evt":"4","exe":"2.50.1 (Apple Git-155)"}
{"event":"start","sid":"20261006T103238.063152Z-Ha9d4ceab-P00012f59","thread":"main","time":"2026-10-06T10:32:38.065824Z","file":"common-init.c","line":58,"t_abs":0.003297,"argv":["/Library/Developer/CommandLineTools/usr/bin/git","-C","/var/folders/f1/2xjyyqkn5plc19fx4nt4tpt00000gn/T/flow-dperf02-tWIHzq/worker","ls-tree","-r","-z","--full-tree","5f4529721d854dc490f98e9546ec64121d705216","--",":(literal)src/fourth.txt"]}
{"event":"cmd_name","sid":"20261006T103238.062673Z-Ha9d4ceab-P00012f4e","thread":"main","time":"2026-10-06T10:32:38.065837Z","file":"git.c","line":477,"name":"ls-tree","hierarchy":"ls-tree"}
{"event":"def_repo","sid":"20261006T103238.063152Z-Ha9d4ceab-P00012f59","thread":"main","time":"2026-10-06T10:32:38.066873Z","file":"repository.c","line":241,"repo":1,"worktree":"/private/var/folders/f1/2xjyyqkn5plc19fx4nt4tpt00000gn/T/flow-dperf02-tWIHzq/worker"}
{"event":"exit","sid":"20261006T103238.062673Z-Ha9d4ceab-P00012f4e","thread":"main","time":"2026-10-06T10:32:38.068178Z","file":"git.c","line":747,"t_abs":0.005927,"code":0}
{"event":"atexit","sid":"20261006T103238.062673Z-Ha9d4ceab-P00012f4e","thread":"main","time":"2026-10-06T10:32:38.068199Z","file":"trace2/tr2_tgt_event.c","line":207,"t_abs":0.005949,"code":0}
{"event":"cmd_name","sid":"20261006T103238.063152Z-Ha9d4ceab-P00012f59","thread":"main","time":"2026-10-06T10:32:38.068217Z","file":"git.c","line":477,"name":"ls-tree","hierarchy":"ls-tree"}
{"event":"exit","sid":"20261006T103238.063152Z-Ha9d4ceab-P00012f59","thread":"main","time":"2026-10-06T10:32:38.070406Z","file":"git.c","line":747,"t_abs":0.007877,"code":0}
{"event":"atexit","sid":"20261006T103238.063152Z-Ha9d4ceab-P00012f59","thread":"main","time":"2026-10-06T10:32:38.070428Z","file":"trace2/tr2_tgt_event.c","line":207,"t_abs":0.007900,"code":0}
{"event":"version","sid":"20261006T103238.069999Z-Ha9d4ceab-P00012f6e","thread":"main","time":"2026-10-06T10:32:38.071209Z","file":"common-init.c","line":57,"evt":"4","exe":"2.50.1 (Apple Git-155)"}
{"event":"version","sid":"20261006T103238.069800Z-Ha9d4ceab-P00012f69","thread":"main","time":"2026-10-06T10:32:38.071277Z","file":"common-init.c","line":57,"evt":"4","exe":"2.50.1 (Apple Git-155)"}
{"event":"start","sid":"20261006T103238.069800Z-Ha9d4ceab-P00012f69","thread":"main","time":"2026-10-06T10:32:38.071303Z","file":"common-init.c","line":58,"t_abs":0.001815,"argv":["/Library/Developer/CommandLineTools/usr/bin/git","-C","/var/folders/f1/2xjyyqkn5plc19fx4nt4tpt00000gn/T/flow-dperf02-tWIHzq/worker","ls-tree","-r","-z","--full-tree","5f4529721d854dc490f98e9546ec64121d705216","--",":(literal)src/fourth.txt"]}
{"event":"start","sid":"20261006T103238.069999Z-Ha9d4ceab-P00012f6e","thread":"main","time":"2026-10-06T10:32:38.071306Z","file":"common-init.c","line":58,"t_abs":0.001664,"argv":["/Library/Developer/CommandLineTools/usr/bin/git","-C","/var/folders/f1/2xjyyqkn5plc19fx4nt4tpt00000gn/T/flow-dperf02-tWIHzq/worker","ls-tree","-r","-z","--full-tree","5f4529721d854dc490f98e9546ec64121d705216","--",":(literal)src/fourth.txt"]}
{"event":"def_repo","sid":"20261006T103238.069999Z-Ha9d4ceab-P00012f6e","thread":"main","time":"2026-10-06T10:32:38.071923Z","file":"repository.c","line":241,"repo":1,"worktree":"/private/var/folders/f1/2xjyyqkn5plc19fx4nt4tpt00000gn/T/flow-dperf02-tWIHzq/worker"}
{"event":"cmd_name","sid":"20261006T103238.069999Z-Ha9d4ceab-P00012f6e","thread":"main","time":"2026-10-06T10:32:38.072223Z","file":"git.c","line":477,"name":"ls-tree","hierarchy":"ls-tree"}
{"event":"def_repo","sid":"20261006T103238.069800Z-Ha9d4ceab-P00012f69","thread":"main","time":"2026-10-06T10:32:38.072294Z","file":"repository.c","line":241,"repo":1,"worktree":"/private/var/folders/f1/2xjyyqkn5plc19fx4nt4tpt00000gn/T/flow-dperf02-tWIHzq/worker"}
{"event":"cmd_name","sid":"20261006T103238.069800Z-Ha9d4ceab-P00012f69","thread":"main","time":"2026-10-06T10:32:38.072858Z","file":"git.c","line":477,"name":"ls-tree","hierarchy":"ls-tree"}
{"event":"exit","sid":"20261006T103238.069800Z-Ha9d4ceab-P00012f69","thread":"main","time":"2026-10-06T10:32:38.073990Z","file":"git.c","line":747,"t_abs":0.004504,"code":0}
{"event":"atexit","sid":"20261006T103238.069800Z-Ha9d4ceab-P00012f69","thread":"main","time":"2026-10-06T10:32:38.074003Z","file":"trace2/tr2_tgt_event.c","line":207,"t_abs":0.004516,"code":0}
{"event":"exit","sid":"20261006T103238.069999Z-Ha9d4ceab-P00012f6e","thread":"main","time":"2026-10-06T10:32:38.074576Z","file":"git.c","line":747,"t_abs":0.004935,"code":0}
{"event":"atexit","sid":"20261006T103238.069999Z-Ha9d4ceab-P00012f6e","thread":"main","time":"2026-10-06T10:32:38.074597Z","file":"trace2/tr2_tgt_event.c","line":207,"t_abs":0.004956,"code":0}
{"event":"version","sid":"20261006T103238.076473Z-Ha9d4ceab-P00012f78","thread":"main","time":"2026-10-06T10:32:38.077052Z","file":"common-init.c","line":57,"evt":"4","exe":"2.50.1 (Apple Git-155)"}
{"event":"start","sid":"20261006T103238.076473Z-Ha9d4ceab-P00012f78","thread":"main","time":"2026-10-06T10:32:38.077076Z","file":"common-init.c","line":58,"t_abs":0.001074,"argv":["/Library/Developer/CommandLineTools/usr/bin/git","-C","/var/folders/f1/2xjyyqkn5plc19fx4nt4tpt00000gn/T/flow-dperf02-tWIHzq/worker","diff","--name-only","-z","--no-renames","5f4529721d854dc490f98e9546ec64121d705216","469d797d25a0efdfd6741c2e7415be27879df851","--"]}
{"event":"cmd_name","sid":"20261006T103238.076473Z-Ha9d4ceab-P00012f78","thread":"main","time":"2026-10-06T10:32:38.077290Z","file":"git.c","line":477,"name":"diff","hierarchy":"diff"}
{"event":"def_repo","sid":"20261006T103238.076473Z-Ha9d4ceab-P00012f78","thread":"main","time":"2026-10-06T10:32:38.078364Z","file":"repository.c","line":241,"repo":1,"worktree":"/private/var/folders/f1/2xjyyqkn5plc19fx4nt4tpt00000gn/T/flow-dperf02-tWIHzq/worker"}
{"event":"version","sid":"20261006T103238.077481Z-Ha9d4ceab-P00012f73","thread":"main","time":"2026-10-06T10:32:38.079191Z","file":"common-init.c","line":57,"evt":"4","exe":"2.50.1 (Apple Git-155)"}
{"event":"start","sid":"20261006T103238.077481Z-Ha9d4ceab-P00012f73","thread":"main","time":"2026-10-06T10:32:38.079210Z","file":"common-init.c","line":58,"t_abs":0.002898,"argv":["/Library/Developer/CommandLineTools/usr/bin/git","-C","/var/folders/f1/2xjyyqkn5plc19fx4nt4tpt00000gn/T/flow-dperf02-tWIHzq/worker","ls-tree","-r","-z","--full-tree","5f4529721d854dc490f98e9546ec64121d705216","--",":(literal)src/fourth.txt"]}
{"event":"def_repo","sid":"20261006T103238.077481Z-Ha9d4ceab-P00012f73","thread":"main","time":"2026-10-06T10:32:38.079934Z","file":"repository.c","line":241,"repo":1,"worktree":"/private/var/folders/f1/2xjyyqkn5plc19fx4nt4tpt00000gn/T/flow-dperf02-tWIHzq/worker"}
{"event":"cmd_name","sid":"20261006T103238.077481Z-Ha9d4ceab-P00012f73","thread":"main","time":"2026-10-06T10:32:38.080287Z","file":"git.c","line":477,"name":"ls-tree","hierarchy":"ls-tree"}
{"event":"exit","sid":"20261006T103238.077481Z-Ha9d4ceab-P00012f73","thread":"main","time":"2026-10-06T10:32:38.081937Z","file":"git.c","line":747,"t_abs":0.005624,"code":0}
{"event":"atexit","sid":"20261006T103238.077481Z-Ha9d4ceab-P00012f73","thread":"main","time":"2026-10-06T10:32:38.081956Z","file":"trace2/tr2_tgt_event.c","line":207,"t_abs":0.005644,"code":0}
{"event":"version","sid":"20261006T103238.083112Z-Ha9d4ceab-P00012f5e","thread":"main","time":"2026-10-06T10:32:38.083940Z","file":"common-init.c","line":57,"evt":"4","exe":"2.50.1 (Apple Git-155)"}
{"event":"start","sid":"20261006T103238.083112Z-Ha9d4ceab-P00012f5e","thread":"main","time":"2026-10-06T10:32:38.083957Z","file":"common-init.c","line":58,"t_abs":0.001226,"argv":["/Library/Developer/CommandLineTools/usr/bin/git","-C","/var/folders/f1/2xjyyqkn5plc19fx4nt4tpt00000gn/T/flow-dperf02-tWIHzq/worker","ls-tree","-r","-z","--full-tree","5f4529721d854dc490f98e9546ec64121d705216","--",":(literal)src/fourth.txt"]}
{"event":"version","sid":"20261006T103238.083570Z-Ha9d4ceab-P00012f8b","thread":"main","time":"2026-10-06T10:32:38.084334Z","file":"common-init.c","line":57,"evt":"4","exe":"2.50.1 (Apple Git-155)"}
{"event":"start","sid":"20261006T103238.083570Z-Ha9d4ceab-P00012f8b","thread":"main","time":"2026-10-06T10:32:38.084387Z","file":"common-init.c","line":58,"t_abs":0.001269,"argv":["/Library/Developer/CommandLineTools/usr/bin/git","-C","/var/folders/f1/2xjyyqkn5plc19fx4nt4tpt00000gn/T/flow-dperf02-tWIHzq/worker","ls-tree","-r","-z","--full-tree","5f4529721d854dc490f98e9546ec64121d705216","--",":(literal)src/fourth.txt"]}
{"event":"def_repo","sid":"20261006T103238.083112Z-Ha9d4ceab-P00012f5e","thread":"main","time":"2026-10-06T10:32:38.084544Z","file":"repository.c","line":241,"repo":1,"worktree":"/private/var/folders/f1/2xjyyqkn5plc19fx4nt4tpt00000gn/T/flow-dperf02-tWIHzq/worker"}
{"event":"cmd_name","sid":"20261006T103238.083112Z-Ha9d4ceab-P00012f5e","thread":"main","time":"2026-10-06T10:32:38.085054Z","file":"git.c","line":477,"name":"ls-tree","hierarchy":"ls-tree"}
{"event":"def_repo","sid":"20261006T103238.083570Z-Ha9d4ceab-P00012f8b","thread":"main","time":"2026-10-06T10:32:38.085210Z","file":"repository.c","line":241,"repo":1,"worktree":"/private/var/folders/f1/2xjyyqkn5plc19fx4nt4tpt00000gn/T/flow-dperf02-tWIHzq/worker"}
{"event":"version","sid":"20261006T103238.084751Z-Ha9d4ceab-P00012f81","thread":"main","time":"2026-10-06T10:32:38.085294Z","file":"common-init.c","line":57,"evt":"4","exe":"2.50.1 (Apple Git-155)"}
{"event":"start","sid":"20261006T103238.084751Z-Ha9d4ceab-P00012f81","thread":"main","time":"2026-10-06T10:32:38.085307Z","file":"common-init.c","line":58,"t_abs":0.001093,"argv":["/Library/Developer/CommandLineTools/usr/bin/git","-C","/var/folders/f1/2xjyyqkn5plc19fx4nt4tpt00000gn/T/flow-dperf02-tWIHzq/worker","diff","--name-only","-z","--no-renames","HEAD","--"]}
{"event":"cmd_name","sid":"20261006T103238.084751Z-Ha9d4ceab-P00012f81","thread":"main","time":"2026-10-06T10:32:38.085654Z","file":"git.c","line":477,"name":"diff","hierarchy":"diff"}
{"event":"cmd_name","sid":"20261006T103238.083570Z-Ha9d4ceab-P00012f8b","thread":"main","time":"2026-10-06T10:32:38.086343Z","file":"git.c","line":477,"name":"ls-tree","hierarchy":"ls-tree"}
{"event":"def_repo","sid":"20261006T103238.084751Z-Ha9d4ceab-P00012f81","thread":"main","time":"2026-10-06T10:32:38.086365Z","file":"repository.c","line":241,"repo":1,"worktree":"/private/var/folders/f1/2xjyyqkn5plc19fx4nt4tpt00000gn/T/flow-dperf02-tWIHzq/worker"}
{"event":"version","sid":"20261006T103238.085853Z-Ha9d4ceab-P00012f9a","thread":"main","time":"2026-10-06T10:32:38.086750Z","file":"common-init.c","line":57,"evt":"4","exe":"2.50.1 (Apple Git-155)"}
{"event":"start","sid":"20261006T103238.085853Z-Ha9d4ceab-P00012f9a","thread":"main","time":"2026-10-06T10:32:38.086770Z","file":"common-init.c","line":58,"t_abs":0.001769,"argv":["/Library/Developer/CommandLineTools/usr/bin/git","-C","/var/folders/f1/2xjyyqkn5plc19fx4nt4tpt00000gn/T/flow-dperf02-tWIHzq/worker","ls-tree","-r","-z","--full-tree","5f4529721d854dc490f98e9546ec64121d705216","--",":(literal)src/fourth.txt"]}
{"event":"exit","sid":"20261006T103238.083112Z-Ha9d4ceab-P00012f5e","thread":"main","time":"2026-10-06T10:32:38.087211Z","file":"git.c","line":747,"t_abs":0.004480,"code":0}
{"event":"atexit","sid":"20261006T103238.083112Z-Ha9d4ceab-P00012f5e","thread":"main","time":"2026-10-06T10:32:38.087225Z","file":"trace2/tr2_tgt_event.c","line":207,"t_abs":0.004494,"code":0}
{"event":"def_repo","sid":"20261006T103238.085853Z-Ha9d4ceab-P00012f9a","thread":"main","time":"2026-10-06T10:32:38.087561Z","file":"repository.c","line":241,"repo":1,"worktree":"/private/var/folders/f1/2xjyyqkn5plc19fx4nt4tpt00000gn/T/flow-dperf02-tWIHzq/worker"}
{"event":"version","sid":"20261006T103238.087321Z-Ha9d4ceab-P00012f86","thread":"main","time":"2026-10-06T10:32:38.087991Z","file":"common-init.c","line":57,"evt":"4","exe":"2.50.1 (Apple Git-155)"}
{"event":"start","sid":"20261006T103238.087321Z-Ha9d4ceab-P00012f86","thread":"main","time":"2026-10-06T10:32:38.088081Z","file":"common-init.c","line":58,"t_abs":0.001293,"argv":["/Library/Developer/CommandLineTools/usr/bin/git","-C","/var/folders/f1/2xjyyqkn5plc19fx4nt4tpt00000gn/T/flow-dperf02-tWIHzq/worker","ls-files","--others","--exclude-standard","-z"]}
{"event":"exit","sid":"20261006T103238.083570Z-Ha9d4ceab-P00012f8b","thread":"main","time":"2026-10-06T10:32:38.088190Z","file":"git.c","line":747,"t_abs":0.005070,"code":0}
{"event":"atexit","sid":"20261006T103238.083570Z-Ha9d4ceab-P00012f8b","thread":"main","time":"2026-10-06T10:32:38.088228Z","file":"trace2/tr2_tgt_event.c","line":207,"t_abs":0.005109,"code":0}
{"event":"cmd_name","sid":"20261006T103238.085853Z-Ha9d4ceab-P00012f9a","thread":"main","time":"2026-10-06T10:32:38.088446Z","file":"git.c","line":477,"name":"ls-tree","hierarchy":"ls-tree"}
{"event":"region_enter","sid":"20261006T103238.084751Z-Ha9d4ceab-P00012f81","thread":"main","time":"2026-10-06T10:32:38.088559Z","file":"read-cache.c","line":2357,"repo":1,"nesting":1,"category":"index","label":"do_read_index","msg":"/private/var/folders/f1/2xjyyqkn5plc19fx4nt4tpt00000gn/T/flow-dperf02-tWIHzq/main/.git/worktrees/worker/index"}
{"event":"region_enter","sid":"20261006T103238.084751Z-Ha9d4ceab-P00012f81","thread":"main","time":"2026-10-06T10:32:38.088693Z","file":"cache-tree.c","line":643,"repo":1,"nesting":2,"category":"cache_tree","label":"read"}
{"event":"region_leave","sid":"20261006T103238.084751Z-Ha9d4ceab-P00012f81","thread":"main","time":"2026-10-06T10:32:38.088717Z","file":"cache-tree.c","line":645,"repo":1,"t_rel":0.000025,"nesting":2,"category":"cache_tree","label":"read"}
{"event":"data","sid":"20261006T103238.084751Z-Ha9d4ceab-P00012f81","thread":"main","time":"2026-10-06T10:32:38.088729Z","file":"read-cache.c","line":2306,"repo":1,"t_abs":0.004516,"t_rel":0.000171,"nesting":2,"category":"index","key":"read/version","value":"2"}
{"event":"data","sid":"20261006T103238.084751Z-Ha9d4ceab-P00012f81","thread":"main","time":"2026-10-06T10:32:38.088740Z","file":"read-cache.c","line":2308,"repo":1,"t_abs":0.004526,"t_rel":0.000181,"nesting":2,"category":"index","key":"read/cache_nr","value":"389"}
{"event":"region_leave","sid":"20261006T103238.084751Z-Ha9d4ceab-P00012f81","thread":"main","time":"2026-10-06T10:32:38.088752Z","file":"read-cache.c","line":2362,"repo":1,"t_rel":0.000194,"nesting":1,"category":"index","label":"do_read_index","msg":"/private/var/folders/f1/2xjyyqkn5plc19fx4nt4tpt00000gn/T/flow-dperf02-tWIHzq/main/.git/worktrees/worker/index"}
{"event":"region_enter","sid":"20261006T103238.084751Z-Ha9d4ceab-P00012f81","thread":"main","time":"2026-10-06T10:32:38.088869Z","file":"unpack-trees.c","line":1905,"repo":1,"nesting":1,"category":"unpack_trees","label":"unpack_trees"}
{"event":"def_repo","sid":"20261006T103238.087321Z-Ha9d4ceab-P00012f86","thread":"main","time":"2026-10-06T10:32:38.089482Z","file":"repository.c","line":241,"repo":1,"worktree":"/private/var/folders/f1/2xjyyqkn5plc19fx4nt4tpt00000gn/T/flow-dperf02-tWIHzq/worker"}
{"event":"region_enter","sid":"20261006T103238.084751Z-Ha9d4ceab-P00012f81","thread":"main","time":"2026-10-06T10:32:38.089707Z","file":"unpack-trees.c","line":2009,"repo":1,"nesting":2,"category":"unpack_trees","label":"traverse_trees"}
{"event":"cmd_name","sid":"20261006T103238.087321Z-Ha9d4ceab-P00012f86","thread":"main","time":"2026-10-06T10:32:38.090342Z","file":"git.c","line":477,"name":"ls-files","hierarchy":"ls-files"}
{"event":"region_enter","sid":"20261006T103238.087321Z-Ha9d4ceab-P00012f86","thread":"main","time":"2026-10-06T10:32:38.091201Z","file":"read-cache.c","line":2357,"repo":1,"nesting":1,"category":"index","label":"do_read_index","msg":"/private/var/folders/f1/2xjyyqkn5plc19fx4nt4tpt00000gn/T/flow-dperf02-tWIHzq/main/.git/worktrees/worker/index"}
{"event":"region_enter","sid":"20261006T103238.087321Z-Ha9d4ceab-P00012f86","thread":"main","time":"2026-10-06T10:32:38.091366Z","file":"cache-tree.c","line":643,"repo":1,"nesting":2,"category":"cache_tree","label":"read"}
{"event":"region_leave","sid":"20261006T103238.087321Z-Ha9d4ceab-P00012f86","thread":"main","time":"2026-10-06T10:32:38.091421Z","file":"cache-tree.c","line":645,"repo":1,"t_rel":0.000055,"nesting":2,"category":"cache_tree","label":"read"}
{"event":"data","sid":"20261006T103238.087321Z-Ha9d4ceab-P00012f86","thread":"main","time":"2026-10-06T10:32:38.091435Z","file":"read-cache.c","line":2306,"repo":1,"t_abs":0.004648,"t_rel":0.000235,"nesting":2,"category":"index","key":"read/version","value":"2"}
{"event":"data","sid":"20261006T103238.087321Z-Ha9d4ceab-P00012f86","thread":"main","time":"2026-10-06T10:32:38.091447Z","file":"read-cache.c","line":2308,"repo":1,"t_abs":0.004660,"t_rel":0.000247,"nesting":2,"category":"index","key":"read/cache_nr","value":"389"}
{"event":"exit","sid":"20261006T103238.085853Z-Ha9d4ceab-P00012f9a","thread":"main","time":"2026-10-06T10:32:38.091715Z","file":"git.c","line":747,"t_abs":0.006714,"code":0}
{"event":"atexit","sid":"20261006T103238.085853Z-Ha9d4ceab-P00012f9a","thread":"main","time":"2026-10-06T10:32:38.091725Z","file":"trace2/tr2_tgt_event.c","line":207,"t_abs":0.006725,"code":0}
{"event":"region_leave","sid":"20261006T103238.087321Z-Ha9d4ceab-P00012f86","thread":"main","time":"2026-10-06T10:32:38.091455Z","file":"read-cache.c","line":2362,"repo":1,"t_rel":0.000255,"nesting":1,"category":"index","label":"do_read_index","msg":"/private/var/folders/f1/2xjyyqkn5plc19fx4nt4tpt00000gn/T/flow-dperf02-tWIHzq/main/.git/worktrees/worker/index"}
{"event":"version","sid":"20261006T103238.090788Z-Ha9d4ceab-P00012f90","thread":"main","time":"2026-10-06T10:32:38.092353Z","file":"common-init.c","line":57,"evt":"4","exe":"2.50.1 (Apple Git-155)"}
{"event":"region_enter","sid":"20261006T103238.087321Z-Ha9d4ceab-P00012f86","thread":"main","time":"2026-10-06T10:32:38.092361Z","file":"dir.c","line":3090,"repo":1,"nesting":1,"category":"dir","label":"read_directory"}
{"event":"start","sid":"20261006T103238.090788Z-Ha9d4ceab-P00012f90","thread":"main","time":"2026-10-06T10:32:38.092371Z","file":"common-init.c","line":58,"t_abs":0.002934,"argv":["/Library/Developer/CommandLineTools/usr/bin/git","-C","/var/folders/f1/2xjyyqkn5plc19fx4nt4tpt00000gn/T/flow-dperf02-tWIHzq/worker","ls-tree","-r","-z","--full-tree","5f4529721d854dc490f98e9546ec64121d705216","--",":(literal)src/fourth.txt"]}
{"event":"def_repo","sid":"20261006T103238.090788Z-Ha9d4ceab-P00012f90","thread":"main","time":"2026-10-06T10:32:38.093086Z","file":"repository.c","line":241,"repo":1,"worktree":"/private/var/folders/f1/2xjyyqkn5plc19fx4nt4tpt00000gn/T/flow-dperf02-tWIHzq/worker"}
{"event":"exit","sid":"20261006T103238.076473Z-Ha9d4ceab-P00012f78","thread":"main","time":"2026-10-06T10:32:38.093310Z","file":"git.c","line":747,"t_abs":0.017308,"code":0}
{"event":"atexit","sid":"20261006T103238.076473Z-Ha9d4ceab-P00012f78","thread":"main","time":"2026-10-06T10:32:38.093321Z","file":"trace2/tr2_tgt_event.c","line":207,"t_abs":0.017319,"code":0}
{"event":"region_enter","sid":"20261006T103238.087321Z-Ha9d4ceab-P00012f86","thread":"main","time":"2026-10-06T10:32:38.093694Z","file":"name-hash.c","line":597,"repo":1,"nesting":2,"category":"index","label":"name-hash-init"}
{"event":"region_leave","sid":"20261006T103238.087321Z-Ha9d4ceab-P00012f86","thread":"main","time":"2026-10-06T10:32:38.093740Z","file":"name-hash.c","line":618,"repo":1,"t_rel":0.000046,"nesting":2,"category":"index","label":"name-hash-init"}
{"event":"version","sid":"20261006T103238.091709Z-Ha9d4ceab-P00012faa","thread":"main","time":"2026-10-06T10:32:38.093851Z","file":"common-init.c","line":57,"evt":"4","exe":"2.50.1 (Apple Git-155)"}
{"event":"cmd_name","sid":"20261006T103238.090788Z-Ha9d4ceab-P00012f90","thread":"main","time":"2026-10-06T10:32:38.093861Z","file":"git.c","line":477,"name":"ls-tree","hierarchy":"ls-tree"}
{"event":"start","sid":"20261006T103238.091709Z-Ha9d4ceab-P00012faa","thread":"main","time":"2026-10-06T10:32:38.093863Z","file":"common-init.c","line":58,"t_abs":0.003151,"argv":["/Library/Developer/CommandLineTools/usr/bin/git","-C","/var/folders/f1/2xjyyqkn5plc19fx4nt4tpt00000gn/T/flow-dperf02-tWIHzq/worker","diff","--name-only","-z","--no-renames","5f4529721d854dc490f98e9546ec64121d705216","469d797d25a0efdfd6741c2e7415be27879df851","--"]}
{"event":"cmd_name","sid":"20261006T103238.091709Z-Ha9d4ceab-P00012faa","thread":"main","time":"2026-10-06T10:32:38.094012Z","file":"git.c","line":477,"name":"diff","hierarchy":"diff"}
{"event":"def_repo","sid":"20261006T103238.091709Z-Ha9d4ceab-P00012faa","thread":"main","time":"2026-10-06T10:32:38.095165Z","file":"repository.c","line":241,"repo":1,"worktree":"/private/var/folders/f1/2xjyyqkn5plc19fx4nt4tpt00000gn/T/flow-dperf02-tWIHzq/worker"}
{"event":"exit","sid":"20261006T103238.090788Z-Ha9d4ceab-P00012f90","thread":"main","time":"2026-10-06T10:32:38.096493Z","file":"git.c","line":747,"t_abs":0.007054,"code":0}
{"event":"atexit","sid":"20261006T103238.090788Z-Ha9d4ceab-P00012f90","thread":"main","time":"2026-10-06T10:32:38.096509Z","file":"trace2/tr2_tgt_event.c","line":207,"t_abs":0.007070,"code":0}
{"event":"version","sid":"20261006T103238.095352Z-Ha9d4ceab-P00012fa5","thread":"main","time":"2026-10-06T10:32:38.096917Z","file":"common-init.c","line":57,"evt":"4","exe":"2.50.1 (Apple Git-155)"}
{"event":"start","sid":"20261006T103238.095352Z-Ha9d4ceab-P00012fa5","thread":"main","time":"2026-10-06T10:32:38.096930Z","file":"common-init.c","line":58,"t_abs":0.002960,"argv":["/Library/Developer/CommandLineTools/usr/bin/git","-C","/var/folders/f1/2xjyyqkn5plc19fx4nt4tpt00000gn/T/flow-dperf02-tWIHzq/worker","ls-tree","-r","-z","--full-tree","5f4529721d854dc490f98e9546ec64121d705216","--",":(literal)src/fourth.txt"]}
{"event":"version","sid":"20261006T103238.095277Z-Ha9d4ceab-P00012fa0","thread":"main","time":"2026-10-06T10:32:38.097286Z","file":"common-init.c","line":57,"evt":"4","exe":"2.50.1 (Apple Git-155)"}
{"event":"start","sid":"20261006T103238.095277Z-Ha9d4ceab-P00012fa0","thread":"main","time":"2026-10-06T10:32:38.097326Z","file":"common-init.c","line":58,"t_abs":0.003626,"argv":["/Library/Developer/CommandLineTools/usr/bin/git","-C","/var/folders/f1/2xjyyqkn5plc19fx4nt4tpt00000gn/T/flow-dperf02-tWIHzq/worker","ls-tree","-r","-z","--full-tree","5f4529721d854dc490f98e9546ec64121d705216","--",":(literal)src/fourth.txt"]}
{"event":"def_repo","sid":"20261006T103238.095352Z-Ha9d4ceab-P00012fa5","thread":"main","time":"2026-10-06T10:32:38.097792Z","file":"repository.c","line":241,"repo":1,"worktree":"/private/var/folders/f1/2xjyyqkn5plc19fx4nt4tpt00000gn/T/flow-dperf02-tWIHzq/worker"}
{"event":"def_repo","sid":"20261006T103238.095277Z-Ha9d4ceab-P00012fa0","thread":"main","time":"2026-10-06T10:32:38.098323Z","file":"repository.c","line":241,"repo":1,"worktree":"/private/var/folders/f1/2xjyyqkn5plc19fx4nt4tpt00000gn/T/flow-dperf02-tWIHzq/worker"}
{"event":"cmd_name","sid":"20261006T103238.095352Z-Ha9d4ceab-P00012fa5","thread":"main","time":"2026-10-06T10:32:38.098575Z","file":"git.c","line":477,"name":"ls-tree","hierarchy":"ls-tree"}
{"event":"cmd_name","sid":"20261006T103238.095277Z-Ha9d4ceab-P00012fa0","thread":"main","time":"2026-10-06T10:32:38.099151Z","file":"git.c","line":477,"name":"ls-tree","hierarchy":"ls-tree"}
{"event":"exit","sid":"20261006T103238.095352Z-Ha9d4ceab-P00012fa5","thread":"main","time":"2026-10-06T10:32:38.100648Z","file":"git.c","line":747,"t_abs":0.006678,"code":0}
{"event":"atexit","sid":"20261006T103238.095352Z-Ha9d4ceab-P00012fa5","thread":"main","time":"2026-10-06T10:32:38.100660Z","file":"trace2/tr2_tgt_event.c","line":207,"t_abs":0.006690,"code":0}
{"event":"exit","sid":"20261006T103238.095277Z-Ha9d4ceab-P00012fa0","thread":"main","time":"2026-10-06T10:32:38.100942Z","file":"git.c","line":747,"t_abs":0.007243,"code":0}
{"event":"atexit","sid":"20261006T103238.095277Z-Ha9d4ceab-P00012fa0","thread":"main","time":"2026-10-06T10:32:38.100963Z","file":"trace2/tr2_tgt_event.c","line":207,"t_abs":0.007264,"code":0}
{"event":"version","sid":"20261006T103238.101156Z-Ha9d4ceab-P00012faf","thread":"main","time":"2026-10-06T10:32:38.101892Z","file":"common-init.c","line":57,"evt":"4","exe":"2.50.1 (Apple Git-155)"}
{"event":"start","sid":"20261006T103238.101156Z-Ha9d4ceab-P00012faf","thread":"main","time":"2026-10-06T10:32:38.101936Z","file":"common-init.c","line":58,"t_abs":0.001503,"argv":["/Library/Developer/CommandLineTools/usr/bin/git","-C","/var/folders/f1/2xjyyqkn5plc19fx4nt4tpt00000gn/T/flow-dperf02-tWIHzq/worker","diff","--name-only","-z","--no-renames","HEAD","--"]}
{"event":"cmd_name","sid":"20261006T103238.101156Z-Ha9d4ceab-P00012faf","thread":"main","time":"2026-10-06T10:32:38.102399Z","file":"git.c","line":477,"name":"diff","hierarchy":"diff"}
{"event":"def_repo","sid":"20261006T103238.101156Z-Ha9d4ceab-P00012faf","thread":"main","time":"2026-10-06T10:32:38.102888Z","file":"repository.c","line":241,"repo":1,"worktree":"/private/var/folders/f1/2xjyyqkn5plc19fx4nt4tpt00000gn/T/flow-dperf02-tWIHzq/worker"}
{"event":"region_enter","sid":"20261006T103238.101156Z-Ha9d4ceab-P00012faf","thread":"main","time":"2026-10-06T10:32:38.107753Z","file":"read-cache.c","line":2357,"repo":1,"nesting":1,"category":"index","label":"do_read_index","msg":"/private/var/folders/f1/2xjyyqkn5plc19fx4nt4tpt00000gn/T/flow-dperf02-tWIHzq/main/.git/worktrees/worker/index"}
{"event":"region_enter","sid":"20261006T103238.101156Z-Ha9d4ceab-P00012faf","thread":"main","time":"2026-10-06T10:32:38.107873Z","file":"cache-tree.c","line":643,"repo":1,"nesting":2,"category":"cache_tree","label":"read"}
{"event":"region_leave","sid":"20261006T103238.101156Z-Ha9d4ceab-P00012faf","thread":"main","time":"2026-10-06T10:32:38.107898Z","file":"cache-tree.c","line":645,"repo":1,"t_rel":0.000026,"nesting":2,"category":"cache_tree","label":"read"}
{"event":"data","sid":"20261006T103238.101156Z-Ha9d4ceab-P00012faf","thread":"main","time":"2026-10-06T10:32:38.107912Z","file":"read-cache.c","line":2306,"repo":1,"t_abs":0.007479,"t_rel":0.000160,"nesting":2,"category":"index","key":"read/version","value":"2"}
{"event":"data","sid":"20261006T103238.101156Z-Ha9d4ceab-P00012faf","thread":"main","time":"2026-10-06T10:32:38.107919Z","file":"read-cache.c","line":2308,"repo":1,"t_abs":0.007487,"t_rel":0.000168,"nesting":2,"category":"index","key":"read/cache_nr","value":"389"}
{"event":"region_leave","sid":"20261006T103238.101156Z-Ha9d4ceab-P00012faf","thread":"main","time":"2026-10-06T10:32:38.107927Z","file":"read-cache.c","line":2362,"repo":1,"t_rel":0.000176,"nesting":1,"category":"index","label":"do_read_index","msg":"/private/var/folders/f1/2xjyyqkn5plc19fx4nt4tpt00000gn/T/flow-dperf02-tWIHzq/main/.git/worktrees/worker/index"}
{"event":"region_enter","sid":"20261006T103238.101156Z-Ha9d4ceab-P00012faf","thread":"main","time":"2026-10-06T10:32:38.108028Z","file":"unpack-trees.c","line":1905,"repo":1,"nesting":1,"category":"unpack_trees","label":"unpack_trees"}
{"event":"region_enter","sid":"20261006T103238.101156Z-Ha9d4ceab-P00012faf","thread":"main","time":"2026-10-06T10:32:38.108591Z","file":"unpack-trees.c","line":2009,"repo":1,"nesting":2,"category":"unpack_trees","label":"traverse_trees"}
{"event":"version","sid":"20261006T103238.106829Z-Ha9d4ceab-P00012fb6","thread":"main","time":"2026-10-06T10:32:38.109353Z","file":"common-init.c","line":57,"evt":"4","exe":"2.50.1 (Apple Git-155)"}
{"event":"start","sid":"20261006T103238.106829Z-Ha9d4ceab-P00012fb6","thread":"main","time":"2026-10-06T10:32:38.109472Z","file":"common-init.c","line":58,"t_abs":0.003615,"argv":["/Library/Developer/CommandLineTools/usr/bin/git","-C","/var/folders/f1/2xjyyqkn5plc19fx4nt4tpt00000gn/T/flow-dperf02-tWIHzq/worker","ls-files","--others","--exclude-standard","-z"]}
{"event":"data","sid":"20261006T103238.087321Z-Ha9d4ceab-P00012f86","thread":"main","time":"2026-10-06T10:32:38.109988Z","file":"dir.c","line":3058,"repo":1,"t_abs":0.023199,"t_rel":0.017627,"nesting":2,"category":"read_directory","key":"path","value":""}
{"event":"data","sid":"20261006T103238.087321Z-Ha9d4ceab-P00012f86","thread":"main","time":"2026-10-06T10:32:38.110014Z","file":"dir.c","line":3067,"repo":1,"t_abs":0.023227,"t_rel":0.017655,"nesting":2,"category":"read_directory","key":"directories-visited","value":"133"}
{"event":"data","sid":"20261006T103238.087321Z-Ha9d4ceab-P00012f86","thread":"main","time":"2026-10-06T10:32:38.110049Z","file":"dir.c","line":3069,"repo":1,"t_abs":0.023262,"t_rel":0.017690,"nesting":2,"category":"read_directory","key":"paths-visited","value":"522"}
{"event":"region_leave","sid":"20261006T103238.087321Z-Ha9d4ceab-P00012f86","thread":"main","time":"2026-10-06T10:32:38.110065Z","file":"dir.c","line":3113,"repo":1,"t_rel":0.017705,"nesting":1,"category":"dir","label":"read_directory"}
{"event":"exit","sid":"20261006T103238.087321Z-Ha9d4ceab-P00012f86","thread":"main","time":"2026-10-06T10:32:38.110083Z","file":"git.c","line":747,"t_abs":0.023296,"code":0}
{"event":"atexit","sid":"20261006T103238.087321Z-Ha9d4ceab-P00012f86","thread":"main","time":"2026-10-06T10:32:38.110093Z","file":"trace2/tr2_tgt_event.c","line":207,"t_abs":0.023305,"code":0}
{"event":"def_repo","sid":"20261006T103238.106829Z-Ha9d4ceab-P00012fb6","thread":"main","time":"2026-10-06T10:32:38.110863Z","file":"repository.c","line":241,"repo":1,"worktree":"/private/var/folders/f1/2xjyyqkn5plc19fx4nt4tpt00000gn/T/flow-dperf02-tWIHzq/worker"}
{"event":"cmd_name","sid":"20261006T103238.106829Z-Ha9d4ceab-P00012fb6","thread":"main","time":"2026-10-06T10:32:38.111428Z","file":"git.c","line":477,"name":"ls-files","hierarchy":"ls-files"}
{"event":"region_enter","sid":"20261006T103238.106829Z-Ha9d4ceab-P00012fb6","thread":"main","time":"2026-10-06T10:32:38.112267Z","file":"read-cache.c","line":2357,"repo":1,"nesting":1,"category":"index","label":"do_read_index","msg":"/private/var/folders/f1/2xjyyqkn5plc19fx4nt4tpt00000gn/T/flow-dperf02-tWIHzq/main/.git/worktrees/worker/index"}
{"event":"region_enter","sid":"20261006T103238.106829Z-Ha9d4ceab-P00012fb6","thread":"main","time":"2026-10-06T10:32:38.112351Z","file":"cache-tree.c","line":643,"repo":1,"nesting":2,"category":"cache_tree","label":"read"}
{"event":"region_leave","sid":"20261006T103238.106829Z-Ha9d4ceab-P00012fb6","thread":"main","time":"2026-10-06T10:32:38.112382Z","file":"cache-tree.c","line":645,"repo":1,"t_rel":0.000031,"nesting":2,"category":"cache_tree","label":"read"}
{"event":"data","sid":"20261006T103238.106829Z-Ha9d4ceab-P00012fb6","thread":"main","time":"2026-10-06T10:32:38.112394Z","file":"read-cache.c","line":2306,"repo":1,"t_abs":0.006538,"t_rel":0.000127,"nesting":2,"category":"index","key":"read/version","value":"2"}
{"event":"data","sid":"20261006T103238.106829Z-Ha9d4ceab-P00012fb6","thread":"main","time":"2026-10-06T10:32:38.112404Z","file":"read-cache.c","line":2308,"repo":1,"t_abs":0.006548,"t_rel":0.000137,"nesting":2,"category":"index","key":"read/cache_nr","value":"389"}
{"event":"region_leave","sid":"20261006T103238.106829Z-Ha9d4ceab-P00012fb6","thread":"main","time":"2026-10-06T10:32:38.112412Z","file":"read-cache.c","line":2362,"repo":1,"t_rel":0.000146,"nesting":1,"category":"index","label":"do_read_index","msg":"/private/var/folders/f1/2xjyyqkn5plc19fx4nt4tpt00000gn/T/flow-dperf02-tWIHzq/main/.git/worktrees/worker/index"}
{"event":"region_enter","sid":"20261006T103238.106829Z-Ha9d4ceab-P00012fb6","thread":"main","time":"2026-10-06T10:32:38.112779Z","file":"dir.c","line":3090,"repo":1,"nesting":1,"category":"dir","label":"read_directory"}
{"event":"region_enter","sid":"20261006T103238.106829Z-Ha9d4ceab-P00012fb6","thread":"main","time":"2026-10-06T10:32:38.113505Z","file":"name-hash.c","line":597,"repo":1,"nesting":2,"category":"index","label":"name-hash-init"}
{"event":"region_leave","sid":"20261006T103238.106829Z-Ha9d4ceab-P00012fb6","thread":"main","time":"2026-10-06T10:32:38.113541Z","file":"name-hash.c","line":618,"repo":1,"t_rel":0.000036,"nesting":2,"category":"index","label":"name-hash-init"}
{"event":"exit","sid":"20261006T103238.091709Z-Ha9d4ceab-P00012faa","thread":"main","time":"2026-10-06T10:32:38.117188Z","file":"git.c","line":747,"t_abs":0.026474,"code":0}
{"event":"atexit","sid":"20261006T103238.091709Z-Ha9d4ceab-P00012faa","thread":"main","time":"2026-10-06T10:32:38.117213Z","file":"trace2/tr2_tgt_event.c","line":207,"t_abs":0.026501,"code":0}
{"event":"version","sid":"20261006T103238.117734Z-Ha9d4ceab-P00012fde","thread":"main","time":"2026-10-06T10:32:38.118607Z","file":"common-init.c","line":57,"evt":"4","exe":"2.50.1 (Apple Git-155)"}
{"event":"start","sid":"20261006T103238.117734Z-Ha9d4ceab-P00012fde","thread":"main","time":"2026-10-06T10:32:38.118644Z","file":"common-init.c","line":58,"t_abs":0.001587,"argv":["/Library/Developer/CommandLineTools/usr/bin/git","-C","/var/folders/f1/2xjyyqkn5plc19fx4nt4tpt00000gn/T/flow-dperf02-tWIHzq/worker","diff","--name-only","-z","--no-renames","HEAD","--"]}
{"event":"version","sid":"20261006T103238.117732Z-Ha9d4ceab-P00012fd9","thread":"main","time":"2026-10-06T10:32:38.118677Z","file":"common-init.c","line":57,"evt":"4","exe":"2.50.1 (Apple Git-155)"}
{"event":"start","sid":"20261006T103238.117732Z-Ha9d4ceab-P00012fd9","thread":"main","time":"2026-10-06T10:32:38.118698Z","file":"common-init.c","line":58,"t_abs":0.001502,"argv":["/Library/Developer/CommandLineTools/usr/bin/git","-C","/var/folders/f1/2xjyyqkn5plc19fx4nt4tpt00000gn/T/flow-dperf02-tWIHzq/worker","diff","--name-only","-z","--no-renames","5f4529721d854dc490f98e9546ec64121d705216","469d797d25a0efdfd6741c2e7415be27879df851","--"]}
{"event":"cmd_name","sid":"20261006T103238.117734Z-Ha9d4ceab-P00012fde","thread":"main","time":"2026-10-06T10:32:38.118857Z","file":"git.c","line":477,"name":"diff","hierarchy":"diff"}
{"event":"cmd_name","sid":"20261006T103238.117732Z-Ha9d4ceab-P00012fd9","thread":"main","time":"2026-10-06T10:32:38.118904Z","file":"git.c","line":477,"name":"diff","hierarchy":"diff"}
{"event":"def_repo","sid":"20261006T103238.117734Z-Ha9d4ceab-P00012fde","thread":"main","time":"2026-10-06T10:32:38.119708Z","file":"repository.c","line":241,"repo":1,"worktree":"/private/var/folders/f1/2xjyyqkn5plc19fx4nt4tpt00000gn/T/flow-dperf02-tWIHzq/worker"}
{"event":"def_repo","sid":"20261006T103238.117732Z-Ha9d4ceab-P00012fd9","thread":"main","time":"2026-10-06T10:32:38.119729Z","file":"repository.c","line":241,"repo":1,"worktree":"/private/var/folders/f1/2xjyyqkn5plc19fx4nt4tpt00000gn/T/flow-dperf02-tWIHzq/worker"}
{"event":"version","sid":"20261006T103238.118987Z-Ha9d4ceab-P00012ff9","thread":"main","time":"2026-10-06T10:32:38.120751Z","file":"common-init.c","line":57,"evt":"4","exe":"2.50.1 (Apple Git-155)"}
{"event":"start","sid":"20261006T103238.118987Z-Ha9d4ceab-P00012ff9","thread":"main","time":"2026-10-06T10:32:38.120769Z","file":"common-init.c","line":58,"t_abs":0.002646,"argv":["/Library/Developer/CommandLineTools/usr/bin/git","-C","/var/folders/f1/2xjyyqkn5plc19fx4nt4tpt00000gn/T/flow-dperf02-tWIHzq/worker","diff","--name-only","-z","--no-renames","5f4529721d854dc490f98e9546ec64121d705216","469d797d25a0efdfd6741c2e7415be27879df851","--"]}
{"event":"cmd_name","sid":"20261006T103238.118987Z-Ha9d4ceab-P00012ff9","thread":"main","time":"2026-10-06T10:32:38.120855Z","file":"git.c","line":477,"name":"diff","hierarchy":"diff"}
{"event":"def_repo","sid":"20261006T103238.118987Z-Ha9d4ceab-P00012ff9","thread":"main","time":"2026-10-06T10:32:38.122700Z","file":"repository.c","line":241,"repo":1,"worktree":"/private/var/folders/f1/2xjyyqkn5plc19fx4nt4tpt00000gn/T/flow-dperf02-tWIHzq/worker"}
{"event":"region_enter","sid":"20261006T103238.117734Z-Ha9d4ceab-P00012fde","thread":"main","time":"2026-10-06T10:32:38.123502Z","file":"read-cache.c","line":2357,"repo":1,"nesting":1,"category":"index","label":"do_read_index","msg":"/private/var/folders/f1/2xjyyqkn5plc19fx4nt4tpt00000gn/T/flow-dperf02-tWIHzq/main/.git/worktrees/worker/index"}
{"event":"region_enter","sid":"20261006T103238.117734Z-Ha9d4ceab-P00012fde","thread":"main","time":"2026-10-06T10:32:38.123712Z","file":"cache-tree.c","line":643,"repo":1,"nesting":2,"category":"cache_tree","label":"read"}
{"event":"region_leave","sid":"20261006T103238.117734Z-Ha9d4ceab-P00012fde","thread":"main","time":"2026-10-06T10:32:38.123743Z","file":"cache-tree.c","line":645,"repo":1,"t_rel":0.000030,"nesting":2,"category":"cache_tree","label":"read"}
{"event":"data","sid":"20261006T103238.117734Z-Ha9d4ceab-P00012fde","thread":"main","time":"2026-10-06T10:32:38.123754Z","file":"read-cache.c","line":2306,"repo":1,"t_abs":0.006698,"t_rel":0.000253,"nesting":2,"category":"index","key":"read/version","value":"2"}
{"event":"data","sid":"20261006T103238.117734Z-Ha9d4ceab-P00012fde","thread":"main","time":"2026-10-06T10:32:38.123792Z","file":"read-cache.c","line":2308,"repo":1,"t_abs":0.006736,"t_rel":0.000291,"nesting":2,"category":"index","key":"read/cache_nr","value":"389"}
{"event":"region_leave","sid":"20261006T103238.117734Z-Ha9d4ceab-P00012fde","thread":"main","time":"2026-10-06T10:32:38.123801Z","file":"read-cache.c","line":2362,"repo":1,"t_rel":0.000301,"nesting":1,"category":"index","label":"do_read_index","msg":"/private/var/folders/f1/2xjyyqkn5plc19fx4nt4tpt00000gn/T/flow-dperf02-tWIHzq/main/.git/worktrees/worker/index"}
{"event":"region_enter","sid":"20261006T103238.117734Z-Ha9d4ceab-P00012fde","thread":"main","time":"2026-10-06T10:32:38.124036Z","file":"unpack-trees.c","line":1905,"repo":1,"nesting":1,"category":"unpack_trees","label":"unpack_trees"}
{"event":"region_enter","sid":"20261006T103238.117734Z-Ha9d4ceab-P00012fde","thread":"main","time":"2026-10-06T10:32:38.124281Z","file":"unpack-trees.c","line":2009,"repo":1,"nesting":2,"category":"unpack_trees","label":"traverse_trees"}
{"event":"version","sid":"20261006T103238.123066Z-Ha9d4ceab-P00012feb","thread":"main","time":"2026-10-06T10:32:38.124913Z","file":"common-init.c","line":57,"evt":"4","exe":"2.50.1 (Apple Git-155)"}
{"event":"start","sid":"20261006T103238.123066Z-Ha9d4ceab-P00012feb","thread":"main","time":"2026-10-06T10:32:38.124927Z","file":"common-init.c","line":58,"t_abs":0.003375,"argv":["/Library/Developer/CommandLineTools/usr/bin/git","-C","/var/folders/f1/2xjyyqkn5plc19fx4nt4tpt00000gn/T/flow-dperf02-tWIHzq/worker","ls-tree","-r","-z","--full-tree","5f4529721d854dc490f98e9546ec64121d705216","--",":(literal)src/fourth.txt"]}
{"event":"def_repo","sid":"20261006T103238.123066Z-Ha9d4ceab-P00012feb","thread":"main","time":"2026-10-06T10:32:38.127097Z","file":"repository.c","line":241,"repo":1,"worktree":"/private/var/folders/f1/2xjyyqkn5plc19fx4nt4tpt00000gn/T/flow-dperf02-tWIHzq/worker"}
{"event":"version","sid":"20261006T103238.126856Z-Ha9d4ceab-P00012fe3","thread":"main","time":"2026-10-06T10:32:38.127739Z","file":"common-init.c","line":57,"evt":"4","exe":"2.50.1 (Apple Git-155)"}
{"event":"start","sid":"20261006T103238.126856Z-Ha9d4ceab-P00012fe3","thread":"main","time":"2026-10-06T10:32:38.127781Z","file":"common-init.c","line":58,"t_abs":0.002008,"argv":["/Library/Developer/CommandLineTools/usr/bin/git","-C","/var/folders/f1/2xjyyqkn5plc19fx4nt4tpt00000gn/T/flow-dperf02-tWIHzq/worker","ls-files","--others","--exclude-standard","-z"]}
{"event":"cmd_name","sid":"20261006T103238.123066Z-Ha9d4ceab-P00012feb","thread":"main","time":"2026-10-06T10:32:38.128679Z","file":"git.c","line":477,"name":"ls-tree","hierarchy":"ls-tree"}
{"event":"def_repo","sid":"20261006T103238.126856Z-Ha9d4ceab-P00012fe3","thread":"main","time":"2026-10-06T10:32:38.129305Z","file":"repository.c","line":241,"repo":1,"worktree":"/private/var/folders/f1/2xjyyqkn5plc19fx4nt4tpt00000gn/T/flow-dperf02-tWIHzq/worker"}
{"event":"data","sid":"20261006T103238.106829Z-Ha9d4ceab-P00012fb6","thread":"main","time":"2026-10-06T10:32:38.131495Z","file":"dir.c","line":3058,"repo":1,"t_abs":0.025637,"t_rel":0.018715,"nesting":2,"category":"read_directory","key":"path","value":""}
{"event":"data","sid":"20261006T103238.106829Z-Ha9d4ceab-P00012fb6","thread":"main","time":"2026-10-06T10:32:38.131525Z","file":"dir.c","line":3067,"repo":1,"t_abs":0.025669,"t_rel":0.018747,"nesting":2,"category":"read_directory","key":"directories-visited","value":"133"}
{"event":"cmd_name","sid":"20261006T103238.126856Z-Ha9d4ceab-P00012fe3","thread":"main","time":"2026-10-06T10:32:38.131737Z","file":"git.c","line":477,"name":"ls-files","hierarchy":"ls-files"}
{"event":"data","sid":"20261006T103238.106829Z-Ha9d4ceab-P00012fb6","thread":"main","time":"2026-10-06T10:32:38.131802Z","file":"dir.c","line":3069,"repo":1,"t_abs":0.025945,"t_rel":0.019023,"nesting":2,"category":"read_directory","key":"paths-visited","value":"522"}
{"event":"region_leave","sid":"20261006T103238.106829Z-Ha9d4ceab-P00012fb6","thread":"main","time":"2026-10-06T10:32:38.131842Z","file":"dir.c","line":3113,"repo":1,"t_rel":0.019064,"nesting":1,"category":"dir","label":"read_directory"}
{"event":"exit","sid":"20261006T103238.106829Z-Ha9d4ceab-P00012fb6","thread":"main","time":"2026-10-06T10:32:38.131900Z","file":"git.c","line":747,"t_abs":0.026029,"code":0}
{"event":"atexit","sid":"20261006T103238.106829Z-Ha9d4ceab-P00012fb6","thread":"main","time":"2026-10-06T10:32:38.131946Z","file":"trace2/tr2_tgt_event.c","line":207,"t_abs":0.026089,"code":0}
{"event":"exit","sid":"20261006T103238.123066Z-Ha9d4ceab-P00012feb","thread":"main","time":"2026-10-06T10:32:38.133557Z","file":"git.c","line":747,"t_abs":0.012003,"code":0}
{"event":"atexit","sid":"20261006T103238.123066Z-Ha9d4ceab-P00012feb","thread":"main","time":"2026-10-06T10:32:38.133611Z","file":"trace2/tr2_tgt_event.c","line":207,"t_abs":0.012049,"code":0}
{"event":"region_enter","sid":"20261006T103238.126856Z-Ha9d4ceab-P00012fe3","thread":"main","time":"2026-10-06T10:32:38.134021Z","file":"read-cache.c","line":2357,"repo":1,"nesting":1,"category":"index","label":"do_read_index","msg":"/private/var/folders/f1/2xjyyqkn5plc19fx4nt4tpt00000gn/T/flow-dperf02-tWIHzq/main/.git/worktrees/worker/index"}
{"event":"region_enter","sid":"20261006T103238.126856Z-Ha9d4ceab-P00012fe3","thread":"main","time":"2026-10-06T10:32:38.134190Z","file":"cache-tree.c","line":643,"repo":1,"nesting":2,"category":"cache_tree","label":"read"}
{"event":"region_leave","sid":"20261006T103238.126856Z-Ha9d4ceab-P00012fe3","thread":"main","time":"2026-10-06T10:32:38.134224Z","file":"cache-tree.c","line":645,"repo":1,"t_rel":0.000033,"nesting":2,"category":"cache_tree","label":"read"}
{"event":"data","sid":"20261006T103238.126856Z-Ha9d4ceab-P00012fe3","thread":"main","time":"2026-10-06T10:32:38.134234Z","file":"read-cache.c","line":2306,"repo":1,"t_abs":0.008462,"t_rel":0.000215,"nesting":2,"category":"index","key":"read/version","value":"2"}
{"event":"data","sid":"20261006T103238.126856Z-Ha9d4ceab-P00012fe3","thread":"main","time":"2026-10-06T10:32:38.134242Z","file":"read-cache.c","line":2308,"repo":1,"t_abs":0.008470,"t_rel":0.000223,"nesting":2,"category":"index","key":"read/cache_nr","value":"389"}
{"event":"region_leave","sid":"20261006T103238.126856Z-Ha9d4ceab-P00012fe3","thread":"main","time":"2026-10-06T10:32:38.134252Z","file":"read-cache.c","line":2362,"repo":1,"t_rel":0.000233,"nesting":1,"category":"index","label":"do_read_index","msg":"/private/var/folders/f1/2xjyyqkn5plc19fx4nt4tpt00000gn/T/flow-dperf02-tWIHzq/main/.git/worktrees/worker/index"}
{"event":"region_enter","sid":"20261006T103238.126856Z-Ha9d4ceab-P00012fe3","thread":"main","time":"2026-10-06T10:32:38.134577Z","file":"dir.c","line":3090,"repo":1,"nesting":1,"category":"dir","label":"read_directory"}
{"event":"region_enter","sid":"20261006T103238.126856Z-Ha9d4ceab-P00012fe3","thread":"main","time":"2026-10-06T10:32:38.136395Z","file":"name-hash.c","line":597,"repo":1,"nesting":2,"category":"index","label":"name-hash-init"}
{"event":"region_leave","sid":"20261006T103238.126856Z-Ha9d4ceab-P00012fe3","thread":"main","time":"2026-10-06T10:32:38.136447Z","file":"name-hash.c","line":618,"repo":1,"t_rel":0.000052,"nesting":2,"category":"index","label":"name-hash-init"}
{"event":"version","sid":"20261006T103238.143697Z-Ha9d4ceab-P0001300a","thread":"main","time":"2026-10-06T10:32:38.144973Z","file":"common-init.c","line":57,"evt":"4","exe":"2.50.1 (Apple Git-155)"}
{"event":"start","sid":"20261006T103238.143697Z-Ha9d4ceab-P0001300a","thread":"main","time":"2026-10-06T10:32:38.145020Z","file":"common-init.c","line":58,"t_abs":0.002551,"argv":["/Library/Developer/CommandLineTools/usr/bin/git","-C","/var/folders/f1/2xjyyqkn5plc19fx4nt4tpt00000gn/T/flow-dperf02-tWIHzq/worker","diff","--name-only","-z","--no-renames","HEAD","--"]}
{"event":"cmd_name","sid":"20261006T103238.143697Z-Ha9d4ceab-P0001300a","thread":"main","time":"2026-10-06T10:32:38.145330Z","file":"git.c","line":477,"name":"diff","hierarchy":"diff"}
{"event":"def_repo","sid":"20261006T103238.143697Z-Ha9d4ceab-P0001300a","thread":"main","time":"2026-10-06T10:32:38.147348Z","file":"repository.c","line":241,"repo":1,"worktree":"/private/var/folders/f1/2xjyyqkn5plc19fx4nt4tpt00000gn/T/flow-dperf02-tWIHzq/worker"}
{"event":"region_leave","sid":"20261006T103238.084751Z-Ha9d4ceab-P00012f81","thread":"main","time":"2026-10-06T10:32:38.152723Z","file":"unpack-trees.c","line":2011,"repo":1,"t_rel":0.063013,"nesting":2,"category":"unpack_trees","label":"traverse_trees"}
{"event":"region_leave","sid":"20261006T103238.084751Z-Ha9d4ceab-P00012f81","thread":"main","time":"2026-10-06T10:32:38.152772Z","file":"unpack-trees.c","line":2108,"repo":1,"t_rel":0.063902,"nesting":1,"category":"unpack_trees","label":"unpack_trees"}
{"event":"exit","sid":"20261006T103238.084751Z-Ha9d4ceab-P00012f81","thread":"main","time":"2026-10-06T10:32:38.152807Z","file":"git.c","line":747,"t_abs":0.068592,"code":0}
{"event":"data_json","sid":"20261006T103238.084751Z-Ha9d4ceab-P00012f81","thread":"main","time":"2026-10-06T10:32:38.152828Z","file":"tree-walk.c","line":186,"repo":1,"t_abs":0.068614,"t_rel":0.068614,"nesting":1,"category":"traverse_trees","key":"statistics","value":{"traverse_trees_count":1,"traverse_trees_max_depth":1}}
{"event":"atexit","sid":"20261006T103238.084751Z-Ha9d4ceab-P00012f81","thread":"main","time":"2026-10-06T10:32:38.152889Z","file":"trace2/tr2_tgt_event.c","line":207,"t_abs":0.068673,"code":0}
{"event":"region_enter","sid":"20261006T103238.143697Z-Ha9d4ceab-P0001300a","thread":"main","time":"2026-10-06T10:32:38.154045Z","file":"read-cache.c","line":2357,"repo":1,"nesting":1,"category":"index","label":"do_read_index","msg":"/private/var/folders/f1/2xjyyqkn5plc19fx4nt4tpt00000gn/T/flow-dperf02-tWIHzq/main/.git/worktrees/worker/index"}
{"event":"region_enter","sid":"20261006T103238.143697Z-Ha9d4ceab-P0001300a","thread":"main","time":"2026-10-06T10:32:38.154132Z","file":"cache-tree.c","line":643,"repo":1,"nesting":2,"category":"cache_tree","label":"read"}
{"event":"region_leave","sid":"20261006T103238.143697Z-Ha9d4ceab-P0001300a","thread":"main","time":"2026-10-06T10:32:38.154165Z","file":"cache-tree.c","line":645,"repo":1,"t_rel":0.000033,"nesting":2,"category":"cache_tree","label":"read"}
{"event":"data","sid":"20261006T103238.143697Z-Ha9d4ceab-P0001300a","thread":"main","time":"2026-10-06T10:32:38.154177Z","file":"read-cache.c","line":2306,"repo":1,"t_abs":0.011710,"t_rel":0.000133,"nesting":2,"category":"index","key":"read/version","value":"2"}
{"event":"data","sid":"20261006T103238.143697Z-Ha9d4ceab-P0001300a","thread":"main","time":"2026-10-06T10:32:38.154184Z","file":"read-cache.c","line":2308,"repo":1,"t_abs":0.011717,"t_rel":0.000140,"nesting":2,"category":"index","key":"read/cache_nr","value":"389"}
{"event":"region_leave","sid":"20261006T103238.143697Z-Ha9d4ceab-P0001300a","thread":"main","time":"2026-10-06T10:32:38.154191Z","file":"read-cache.c","line":2362,"repo":1,"t_rel":0.000147,"nesting":1,"category":"index","label":"do_read_index","msg":"/private/var/folders/f1/2xjyyqkn5plc19fx4nt4tpt00000gn/T/flow-dperf02-tWIHzq/main/.git/worktrees/worker/index"}
{"event":"region_enter","sid":"20261006T103238.143697Z-Ha9d4ceab-P0001300a","thread":"main","time":"2026-10-06T10:32:38.154365Z","file":"unpack-trees.c","line":1905,"repo":1,"nesting":1,"category":"unpack_trees","label":"unpack_trees"}
{"event":"region_enter","sid":"20261006T103238.143697Z-Ha9d4ceab-P0001300a","thread":"main","time":"2026-10-06T10:32:38.154778Z","file":"unpack-trees.c","line":2009,"repo":1,"nesting":2,"category":"unpack_trees","label":"traverse_trees"}
{"event":"version","sid":"20261006T103238.153747Z-Ha9d4ceab-P00013036","thread":"main","time":"2026-10-06T10:32:38.156091Z","file":"common-init.c","line":57,"evt":"4","exe":"2.50.1 (Apple Git-155)"}
{"event":"version","sid":"20261006T103238.151794Z-Ha9d4ceab-P00013024","thread":"main","time":"2026-10-06T10:32:38.156922Z","file":"common-init.c","line":57,"evt":"4","exe":"2.50.1 (Apple Git-155)"}
{"event":"exit","sid":"20261006T103238.117732Z-Ha9d4ceab-P00012fd9","thread":"main","time":"2026-10-06T10:32:38.159056Z","file":"git.c","line":747,"t_abs":0.041858,"code":0}
{"event":"atexit","sid":"20261006T103238.117732Z-Ha9d4ceab-P00012fd9","thread":"main","time":"2026-10-06T10:32:38.159432Z","file":"trace2/tr2_tgt_event.c","line":207,"t_abs":0.042234,"code":0}
{"event":"start","sid":"20261006T103238.153747Z-Ha9d4ceab-P00013036","thread":"main","time":"2026-10-06T10:32:38.160057Z","file":"common-init.c","line":58,"t_abs":0.006794,"argv":["/Library/Developer/CommandLineTools/usr/bin/git","-C","/var/folders/f1/2xjyyqkn5plc19fx4nt4tpt00000gn/T/flow-dperf02-tWIHzq/worker","ls-files","--others","--exclude-standard","-z"]}
{"event":"exit","sid":"20261006T103238.118987Z-Ha9d4ceab-P00012ff9","thread":"main","time":"2026-10-06T10:32:38.160151Z","file":"git.c","line":747,"t_abs":0.042028,"code":0}
{"event":"atexit","sid":"20261006T103238.118987Z-Ha9d4ceab-P00012ff9","thread":"main","time":"2026-10-06T10:32:38.160166Z","file":"trace2/tr2_tgt_event.c","line":207,"t_abs":0.042044,"code":0}
{"event":"start","sid":"20261006T103238.151794Z-Ha9d4ceab-P00013024","thread":"main","time":"2026-10-06T10:32:38.160190Z","file":"common-init.c","line":58,"t_abs":0.009492,"argv":["/Library/Developer/CommandLineTools/usr/bin/git","-C","/var/folders/f1/2xjyyqkn5plc19fx4nt4tpt00000gn/T/flow-dperf02-tWIHzq/worker","ls-files","--others","--exclude-standard","-z"]}
{"event":"def_repo","sid":"20261006T103238.153747Z-Ha9d4ceab-P00013036","thread":"main","time":"2026-10-06T10:32:38.161417Z","file":"repository.c","line":241,"repo":1,"worktree":"/private/var/folders/f1/2xjyyqkn5plc19fx4nt4tpt00000gn/T/flow-dperf02-tWIHzq/worker"}
{"event":"def_repo","sid":"20261006T103238.151794Z-Ha9d4ceab-P00013024","thread":"main","time":"2026-10-06T10:32:38.161596Z","file":"repository.c","line":241,"repo":1,"worktree":"/private/var/folders/f1/2xjyyqkn5plc19fx4nt4tpt00000gn/T/flow-dperf02-tWIHzq/worker"}
{"event":"data","sid":"20261006T103238.126856Z-Ha9d4ceab-P00012fe3","thread":"main","time":"2026-10-06T10:32:38.162779Z","file":"dir.c","line":3058,"repo":1,"t_abs":0.037004,"t_rel":0.028200,"nesting":2,"category":"read_directory","key":"path","value":""}
{"event":"data","sid":"20261006T103238.126856Z-Ha9d4ceab-P00012fe3","thread":"main","time":"2026-10-06T10:32:38.162875Z","file":"dir.c","line":3067,"repo":1,"t_abs":0.037100,"t_rel":0.028296,"nesting":2,"category":"read_directory","key":"directories-visited","value":"133"}
{"event":"data","sid":"20261006T103238.126856Z-Ha9d4ceab-P00012fe3","thread":"main","time":"2026-10-06T10:32:38.162890Z","file":"dir.c","line":3069,"repo":1,"t_abs":0.037118,"t_rel":0.028314,"nesting":2,"category":"read_directory","key":"paths-visited","value":"522"}
{"event":"region_leave","sid":"20261006T103238.126856Z-Ha9d4ceab-P00012fe3","thread":"main","time":"2026-10-06T10:32:38.162896Z","file":"dir.c","line":3113,"repo":1,"t_rel":0.028320,"nesting":1,"category":"dir","label":"read_directory"}
{"event":"exit","sid":"20261006T103238.126856Z-Ha9d4ceab-P00012fe3","thread":"main","time":"2026-10-06T10:32:38.162909Z","file":"git.c","line":747,"t_abs":0.037136,"code":0}
{"event":"atexit","sid":"20261006T103238.126856Z-Ha9d4ceab-P00012fe3","thread":"main","time":"2026-10-06T10:32:38.162916Z","file":"trace2/tr2_tgt_event.c","line":207,"t_abs":0.037143,"code":0}
{"event":"cmd_name","sid":"20261006T103238.153747Z-Ha9d4ceab-P00013036","thread":"main","time":"2026-10-06T10:32:38.163122Z","file":"git.c","line":477,"name":"ls-files","hierarchy":"ls-files"}
{"event":"cmd_name","sid":"20261006T103238.151794Z-Ha9d4ceab-P00013024","thread":"main","time":"2026-10-06T10:32:38.163180Z","file":"git.c","line":477,"name":"ls-files","hierarchy":"ls-files"}
{"event":"region_enter","sid":"20261006T103238.151794Z-Ha9d4ceab-P00013024","thread":"main","time":"2026-10-06T10:32:38.164063Z","file":"read-cache.c","line":2357,"repo":1,"nesting":1,"category":"index","label":"do_read_index","msg":"/private/var/folders/f1/2xjyyqkn5plc19fx4nt4tpt00000gn/T/flow-dperf02-tWIHzq/main/.git/worktrees/worker/index"}
{"event":"region_enter","sid":"20261006T103238.153747Z-Ha9d4ceab-P00013036","thread":"main","time":"2026-10-06T10:32:38.164173Z","file":"read-cache.c","line":2357,"repo":1,"nesting":1,"category":"index","label":"do_read_index","msg":"/private/var/folders/f1/2xjyyqkn5plc19fx4nt4tpt00000gn/T/flow-dperf02-tWIHzq/main/.git/worktrees/worker/index"}
{"event":"region_enter","sid":"20261006T103238.151794Z-Ha9d4ceab-P00013024","thread":"main","time":"2026-10-06T10:32:38.164428Z","file":"cache-tree.c","line":643,"repo":1,"nesting":2,"category":"cache_tree","label":"read"}
{"event":"region_leave","sid":"20261006T103238.151794Z-Ha9d4ceab-P00013024","thread":"main","time":"2026-10-06T10:32:38.164465Z","file":"cache-tree.c","line":645,"repo":1,"t_rel":0.000037,"nesting":2,"category":"cache_tree","label":"read"}
{"event":"data","sid":"20261006T103238.151794Z-Ha9d4ceab-P00013024","thread":"main","time":"2026-10-06T10:32:38.164476Z","file":"read-cache.c","line":2306,"repo":1,"t_abs":0.013779,"t_rel":0.000415,"nesting":2,"category":"index","key":"read/version","value":"2"}
{"event":"data","sid":"20261006T103238.151794Z-Ha9d4ceab-P00013024","thread":"main","time":"2026-10-06T10:32:38.164482Z","file":"read-cache.c","line":2308,"repo":1,"t_abs":0.013785,"t_rel":0.000421,"nesting":2,"category":"index","key":"read/cache_nr","value":"389"}
{"event":"region_leave","sid":"20261006T103238.151794Z-Ha9d4ceab-P00013024","thread":"main","time":"2026-10-06T10:32:38.164488Z","file":"read-cache.c","line":2362,"repo":1,"t_rel":0.000427,"nesting":1,"category":"index","label":"do_read_index","msg":"/private/var/folders/f1/2xjyyqkn5plc19fx4nt4tpt00000gn/T/flow-dperf02-tWIHzq/main/.git/worktrees/worker/index"}
{"event":"region_enter","sid":"20261006T103238.153747Z-Ha9d4ceab-P00013036","thread":"main","time":"2026-10-06T10:32:38.164699Z","file":"cache-tree.c","line":643,"repo":1,"nesting":2,"category":"cache_tree","label":"read"}
{"event":"region_leave","sid":"20261006T103238.153747Z-Ha9d4ceab-P00013036","thread":"main","time":"2026-10-06T10:32:38.164738Z","file":"cache-tree.c","line":645,"repo":1,"t_rel":0.000040,"nesting":2,"category":"cache_tree","label":"read"}
{"event":"data","sid":"20261006T103238.153747Z-Ha9d4ceab-P00013036","thread":"main","time":"2026-10-06T10:32:38.164751Z","file":"read-cache.c","line":2306,"repo":1,"t_abs":0.011489,"t_rel":0.000578,"nesting":2,"category":"index","key":"read/version","value":"2"}
{"event":"version","sid":"20261006T103238.162484Z-Ha9d4ceab-P0001302c","thread":"main","time":"2026-10-06T10:32:38.164793Z","file":"common-init.c","line":57,"evt":"4","exe":"2.50.1 (Apple Git-155)"}
{"event":"start","sid":"20261006T103238.162484Z-Ha9d4ceab-P0001302c","thread":"main","time":"2026-10-06T10:32:38.164809Z","file":"common-init.c","line":58,"t_abs":0.003495,"argv":["/Library/Developer/CommandLineTools/usr/bin/git","-C","/var/folders/f1/2xjyyqkn5plc19fx4nt4tpt00000gn/T/flow-dperf02-tWIHzq/worker","diff","--name-only","-z","--no-renames","5f4529721d854dc490f98e9546ec64121d705216","469d797d25a0efdfd6741c2e7415be27879df851","--"]}
{"event":"cmd_name","sid":"20261006T103238.162484Z-Ha9d4ceab-P0001302c","thread":"main","time":"2026-10-06T10:32:38.164872Z","file":"git.c","line":477,"name":"diff","hierarchy":"diff"}
{"event":"def_repo","sid":"20261006T103238.162484Z-Ha9d4ceab-P0001302c","thread":"main","time":"2026-10-06T10:32:38.165274Z","file":"repository.c","line":241,"repo":1,"worktree":"/private/var/folders/f1/2xjyyqkn5plc19fx4nt4tpt00000gn/T/flow-dperf02-tWIHzq/worker"}
{"event":"region_enter","sid":"20261006T103238.151794Z-Ha9d4ceab-P00013024","thread":"main","time":"2026-10-06T10:32:38.165542Z","file":"dir.c","line":3090,"repo":1,"nesting":1,"category":"dir","label":"read_directory"}
{"event":"data","sid":"20261006T103238.153747Z-Ha9d4ceab-P00013036","thread":"main","time":"2026-10-06T10:32:38.165999Z","file":"read-cache.c","line":2308,"repo":1,"t_abs":0.012736,"t_rel":0.001825,"nesting":2,"category":"index","key":"read/cache_nr","value":"389"}
{"event":"region_leave","sid":"20261006T103238.153747Z-Ha9d4ceab-P00013036","thread":"main","time":"2026-10-06T10:32:38.166093Z","file":"read-cache.c","line":2362,"repo":1,"t_rel":0.001919,"nesting":1,"category":"index","label":"do_read_index","msg":"/private/var/folders/f1/2xjyyqkn5plc19fx4nt4tpt00000gn/T/flow-dperf02-tWIHzq/main/.git/worktrees/worker/index"}
{"event":"region_enter","sid":"20261006T103238.151794Z-Ha9d4ceab-P00013024","thread":"main","time":"2026-10-06T10:32:38.166305Z","file":"name-hash.c","line":597,"repo":1,"nesting":2,"category":"index","label":"name-hash-init"}
{"event":"region_leave","sid":"20261006T103238.151794Z-Ha9d4ceab-P00013024","thread":"main","time":"2026-10-06T10:32:38.166345Z","file":"name-hash.c","line":618,"repo":1,"t_rel":0.000039,"nesting":2,"category":"index","label":"name-hash-init"}
{"event":"region_enter","sid":"20261006T103238.153747Z-Ha9d4ceab-P00013036","thread":"main","time":"2026-10-06T10:32:38.167116Z","file":"dir.c","line":3090,"repo":1,"nesting":1,"category":"dir","label":"read_directory"}
{"event":"region_enter","sid":"20261006T103238.153747Z-Ha9d4ceab-P00013036","thread":"main","time":"2026-10-06T10:32:38.168372Z","file":"name-hash.c","line":597,"repo":1,"nesting":2,"category":"index","label":"name-hash-init"}
{"event":"region_leave","sid":"20261006T103238.153747Z-Ha9d4ceab-P00013036","thread":"main","time":"2026-10-06T10:32:38.168415Z","file":"name-hash.c","line":618,"repo":1,"t_rel":0.000044,"nesting":2,"category":"index","label":"name-hash-init"}
{"event":"region_leave","sid":"20261006T103238.101156Z-Ha9d4ceab-P00012faf","thread":"main","time":"2026-10-06T10:32:38.179502Z","file":"unpack-trees.c","line":2011,"repo":1,"t_rel":0.070910,"nesting":2,"category":"unpack_trees","label":"traverse_trees"}
{"event":"region_leave","sid":"20261006T103238.101156Z-Ha9d4ceab-P00012faf","thread":"main","time":"2026-10-06T10:32:38.179528Z","file":"unpack-trees.c","line":2108,"repo":1,"t_rel":0.071499,"nesting":1,"category":"unpack_trees","label":"unpack_trees"}
{"event":"exit","sid":"20261006T103238.101156Z-Ha9d4ceab-P00012faf","thread":"main","time":"2026-10-06T10:32:38.179545Z","file":"git.c","line":747,"t_abs":0.079112,"code":0}
{"event":"data_json","sid":"20261006T103238.101156Z-Ha9d4ceab-P00012faf","thread":"main","time":"2026-10-06T10:32:38.179554Z","file":"tree-walk.c","line":186,"repo":1,"t_abs":0.079121,"t_rel":0.079121,"nesting":1,"category":"traverse_trees","key":"statistics","value":{"traverse_trees_count":1,"traverse_trees_max_depth":1}}
{"event":"atexit","sid":"20261006T103238.101156Z-Ha9d4ceab-P00012faf","thread":"main","time":"2026-10-06T10:32:38.179562Z","file":"trace2/tr2_tgt_event.c","line":207,"t_abs":0.079129,"code":0}
{"event":"version","sid":"20261006T103238.176417Z-Ha9d4ceab-P00013046","thread":"main","time":"2026-10-06T10:32:38.179960Z","file":"common-init.c","line":57,"evt":"4","exe":"2.50.1 (Apple Git-155)"}
{"event":"start","sid":"20261006T103238.176417Z-Ha9d4ceab-P00013046","thread":"main","time":"2026-10-06T10:32:38.179983Z","file":"common-init.c","line":58,"t_abs":0.005538,"argv":["/Library/Developer/CommandLineTools/usr/bin/git","-C","/var/folders/f1/2xjyyqkn5plc19fx4nt4tpt00000gn/T/flow-dperf02-tWIHzq/worker","diff","--name-only","-z","--no-renames","5f4529721d854dc490f98e9546ec64121d705216","469d797d25a0efdfd6741c2e7415be27879df851","--"]}
{"event":"cmd_name","sid":"20261006T103238.176417Z-Ha9d4ceab-P00013046","thread":"main","time":"2026-10-06T10:32:38.180141Z","file":"git.c","line":477,"name":"diff","hierarchy":"diff"}
{"event":"version","sid":"20261006T103238.177283Z-Ha9d4ceab-P0001303c","thread":"main","time":"2026-10-06T10:32:38.180389Z","file":"common-init.c","line":57,"evt":"4","exe":"2.50.1 (Apple Git-155)"}
{"event":"start","sid":"20261006T103238.177283Z-Ha9d4ceab-P0001303c","thread":"main","time":"2026-10-06T10:32:38.180404Z","file":"common-init.c","line":58,"t_abs":0.004946,"argv":["/Library/Developer/CommandLineTools/usr/bin/git","-C","/var/folders/f1/2xjyyqkn5plc19fx4nt4tpt00000gn/T/flow-dperf02-tWIHzq/worker","ls-tree","-r","-z","--full-tree","5f4529721d854dc490f98e9546ec64121d705216","--",":(literal)src/fourth.txt"]}
{"event":"version","sid":"20261006T103238.178384Z-Ha9d4ceab-P0001305a","thread":"main","time":"2026-10-06T10:32:38.180493Z","file":"common-init.c","line":57,"evt":"4","exe":"2.50.1 (Apple Git-155)"}
{"event":"start","sid":"20261006T103238.178384Z-Ha9d4ceab-P0001305a","thread":"main","time":"2026-10-06T10:32:38.180508Z","file":"common-init.c","line":58,"t_abs":0.005189,"argv":["/Library/Developer/CommandLineTools/usr/bin/git","-C","/var/folders/f1/2xjyyqkn5plc19fx4nt4tpt00000gn/T/flow-dperf02-tWIHzq/worker","diff","--name-only","-z","--no-renames","HEAD","--"]}
{"event":"cmd_name","sid":"20261006T103238.178384Z-Ha9d4ceab-P0001305a","thread":"main","time":"2026-10-06T10:32:38.180674Z","file":"git.c","line":477,"name":"diff","hierarchy":"diff"}
{"event":"version","sid":"20261006T103238.177663Z-Ha9d4ceab-P00013050","thread":"main","time":"2026-10-06T10:32:38.181093Z","file":"common-init.c","line":57,"evt":"4","exe":"2.50.1 (Apple Git-155)"}
{"event":"start","sid":"20261006T103238.177663Z-Ha9d4ceab-P00013050","thread":"main","time":"2026-10-06T10:32:38.181111Z","file":"common-init.c","line":58,"t_abs":0.004980,"argv":["/Library/Developer/CommandLineTools/usr/bin/git","-C","/var/folders/f1/2xjyyqkn5plc19fx4nt4tpt00000gn/T/flow-dperf02-tWIHzq/worker","ls-files","--others","--exclude-standard","-z"]}
{"event":"version","sid":"20261006T103238.177505Z-Ha9d4ceab-P00013031","thread":"main","time":"2026-10-06T10:32:38.181591Z","file":"common-init.c","line":57,"evt":"4","exe":"2.50.1 (Apple Git-155)"}
{"event":"start","sid":"20261006T103238.177505Z-Ha9d4ceab-P00013031","thread":"main","time":"2026-10-06T10:32:38.181628Z","file":"common-init.c","line":58,"t_abs":0.005818,"argv":["/Library/Developer/CommandLineTools/usr/bin/git","-C","/var/folders/f1/2xjyyqkn5plc19fx4nt4tpt00000gn/T/flow-dperf02-tWIHzq/worker","diff","--name-only","-z","--no-renames","HEAD","--"]}
{"event":"cmd_name","sid":"20261006T103238.177505Z-Ha9d4ceab-P00013031","thread":"main","time":"2026-10-06T10:32:38.181985Z","file":"git.c","line":477,"name":"diff","hierarchy":"diff"}
{"event":"def_repo","sid":"20261006T103238.176417Z-Ha9d4ceab-P00013046","thread":"main","time":"2026-10-06T10:32:38.183334Z","file":"repository.c","line":241,"repo":1,"worktree":"/private/var/folders/f1/2xjyyqkn5plc19fx4nt4tpt00000gn/T/flow-dperf02-tWIHzq/worker"}
{"event":"version","sid":"20261006T103238.178410Z-Ha9d4ceab-P0001304b","thread":"main","time":"2026-10-06T10:32:38.183724Z","file":"common-init.c","line":57,"evt":"4","exe":"2.50.1 (Apple Git-155)"}
{"event":"start","sid":"20261006T103238.178410Z-Ha9d4ceab-P0001304b","thread":"main","time":"2026-10-06T10:32:38.183739Z","file":"common-init.c","line":58,"t_abs":0.009305,"argv":["/Library/Developer/CommandLineTools/usr/bin/git","-C","/var/folders/f1/2xjyyqkn5plc19fx4nt4tpt00000gn/T/flow-dperf02-tWIHzq/worker","diff","--name-only","-z","--no-renames","HEAD","--"]}
{"event":"def_repo","sid":"20261006T103238.177663Z-Ha9d4ceab-P00013050","thread":"main","time":"2026-10-06T10:32:38.183778Z","file":"repository.c","line":241,"repo":1,"worktree":"/private/var/folders/f1/2xjyyqkn5plc19fx4nt4tpt00000gn/T/flow-dperf02-tWIHzq/worker"}
{"event":"cmd_name","sid":"20261006T103238.178410Z-Ha9d4ceab-P0001304b","thread":"main","time":"2026-10-06T10:32:38.184093Z","file":"git.c","line":477,"name":"diff","hierarchy":"diff"}
{"event":"def_repo","sid":"20261006T103238.177505Z-Ha9d4ceab-P00013031","thread":"main","time":"2026-10-06T10:32:38.184092Z","file":"repository.c","line":241,"repo":1,"worktree":"/private/var/folders/f1/2xjyyqkn5plc19fx4nt4tpt00000gn/T/flow-dperf02-tWIHzq/worker"}
{"event":"def_repo","sid":"20261006T103238.177283Z-Ha9d4ceab-P0001303c","thread":"main","time":"2026-10-06T10:32:38.184378Z","file":"repository.c","line":241,"repo":1,"worktree":"/private/var/folders/f1/2xjyyqkn5plc19fx4nt4tpt00000gn/T/flow-dperf02-tWIHzq/worker"}
{"event":"def_repo","sid":"20261006T103238.178384Z-Ha9d4ceab-P0001305a","thread":"main","time":"2026-10-06T10:32:38.184467Z","file":"repository.c","line":241,"repo":1,"worktree":"/private/var/folders/f1/2xjyyqkn5plc19fx4nt4tpt00000gn/T/flow-dperf02-tWIHzq/worker"}
{"event":"cmd_name","sid":"20261006T103238.177663Z-Ha9d4ceab-P00013050","thread":"main","time":"2026-10-06T10:32:38.186215Z","file":"git.c","line":477,"name":"ls-files","hierarchy":"ls-files"}
{"event":"def_repo","sid":"20261006T103238.178410Z-Ha9d4ceab-P0001304b","thread":"main","time":"2026-10-06T10:32:38.186728Z","file":"repository.c","line":241,"repo":1,"worktree":"/private/var/folders/f1/2xjyyqkn5plc19fx4nt4tpt00000gn/T/flow-dperf02-tWIHzq/worker"}
{"event":"cmd_name","sid":"20261006T103238.177283Z-Ha9d4ceab-P0001303c","thread":"main","time":"2026-10-06T10:32:38.189443Z","file":"git.c","line":477,"name":"ls-tree","hierarchy":"ls-tree"}
{"event":"region_enter","sid":"20261006T103238.177663Z-Ha9d4ceab-P00013050","thread":"main","time":"2026-10-06T10:32:38.189535Z","file":"read-cache.c","line":2357,"repo":1,"nesting":1,"category":"index","label":"do_read_index","msg":"/private/var/folders/f1/2xjyyqkn5plc19fx4nt4tpt00000gn/T/flow-dperf02-tWIHzq/main/.git/worktrees/worker/index"}
{"event":"region_enter","sid":"20261006T103238.177505Z-Ha9d4ceab-P00013031","thread":"main","time":"2026-10-06T10:32:38.189972Z","file":"read-cache.c","line":2357,"repo":1,"nesting":1,"category":"index","label":"do_read_index","msg":"/private/var/folders/f1/2xjyyqkn5plc19fx4nt4tpt00000gn/T/flow-dperf02-tWIHzq/main/.git/worktrees/worker/index"}
{"event":"region_enter","sid":"20261006T103238.178384Z-Ha9d4ceab-P0001305a","thread":"main","time":"2026-10-06T10:32:38.190557Z","file":"read-cache.c","line":2357,"repo":1,"nesting":1,"category":"index","label":"do_read_index","msg":"/private/var/folders/f1/2xjyyqkn5plc19fx4nt4tpt00000gn/T/flow-dperf02-tWIHzq/main/.git/worktrees/worker/index"}
{"event":"region_enter","sid":"20261006T103238.178384Z-Ha9d4ceab-P0001305a","thread":"main","time":"2026-10-06T10:32:38.190694Z","file":"cache-tree.c","line":643,"repo":1,"nesting":2,"category":"cache_tree","label":"read"}
{"event":"region_leave","sid":"20261006T103238.178384Z-Ha9d4ceab-P0001305a","thread":"main","time":"2026-10-06T10:32:38.190730Z","file":"cache-tree.c","line":645,"repo":1,"t_rel":0.000037,"nesting":2,"category":"cache_tree","label":"read"}
{"event":"data","sid":"20261006T103238.178384Z-Ha9d4ceab-P0001305a","thread":"main","time":"2026-10-06T10:32:38.190751Z","file":"read-cache.c","line":2306,"repo":1,"t_abs":0.015432,"t_rel":0.000194,"nesting":2,"category":"index","key":"read/version","value":"2"}
{"event":"data","sid":"20261006T103238.178384Z-Ha9d4ceab-P0001305a","thread":"main","time":"2026-10-06T10:32:38.190762Z","file":"read-cache.c","line":2308,"repo":1,"t_abs":0.015444,"t_rel":0.000206,"nesting":2,"category":"index","key":"read/cache_nr","value":"389"}
{"event":"region_leave","sid":"20261006T103238.178384Z-Ha9d4ceab-P0001305a","thread":"main","time":"2026-10-06T10:32:38.190774Z","file":"read-cache.c","line":2362,"repo":1,"t_rel":0.000218,"nesting":1,"category":"index","label":"do_read_index","msg":"/private/var/folders/f1/2xjyyqkn5plc19fx4nt4tpt00000gn/T/flow-dperf02-tWIHzq/main/.git/worktrees/worker/index"}
{"event":"region_enter","sid":"20261006T103238.178384Z-Ha9d4ceab-P0001305a","thread":"main","time":"2026-10-06T10:32:38.190958Z","file":"unpack-trees.c","line":1905,"repo":1,"nesting":1,"category":"unpack_trees","label":"unpack_trees"}
{"event":"region_enter","sid":"20261006T103238.177663Z-Ha9d4ceab-P00013050","thread":"main","time":"2026-10-06T10:32:38.191077Z","file":"cache-tree.c","line":643,"repo":1,"nesting":2,"category":"cache_tree","label":"read"}
{"event":"region_leave","sid":"20261006T103238.177663Z-Ha9d4ceab-P00013050","thread":"main","time":"2026-10-06T10:32:38.191108Z","file":"cache-tree.c","line":645,"repo":1,"t_rel":0.000031,"nesting":2,"category":"cache_tree","label":"read"}
{"event":"data","sid":"20261006T103238.177663Z-Ha9d4ceab-P00013050","thread":"main","time":"2026-10-06T10:32:38.191121Z","file":"read-cache.c","line":2306,"repo":1,"t_abs":0.014989,"t_rel":0.001588,"nesting":2,"category":"index","key":"read/version","value":"2"}
{"event":"data","sid":"20261006T103238.177663Z-Ha9d4ceab-P00013050","thread":"main","time":"2026-10-06T10:32:38.191158Z","file":"read-cache.c","line":2308,"repo":1,"t_abs":0.015026,"t_rel":0.001625,"nesting":2,"category":"index","key":"read/cache_nr","value":"389"}
{"event":"region_leave","sid":"20261006T103238.177663Z-Ha9d4ceab-P00013050","thread":"main","time":"2026-10-06T10:32:38.191164Z","file":"read-cache.c","line":2362,"repo":1,"t_rel":0.001631,"nesting":1,"category":"index","label":"do_read_index","msg":"/private/var/folders/f1/2xjyyqkn5plc19fx4nt4tpt00000gn/T/flow-dperf02-tWIHzq/main/.git/worktrees/worker/index"}
{"event":"region_enter","sid":"20261006T103238.177505Z-Ha9d4ceab-P00013031","thread":"main","time":"2026-10-06T10:32:38.191324Z","file":"cache-tree.c","line":643,"repo":1,"nesting":2,"category":"cache_tree","label":"read"}
{"event":"region_leave","sid":"20261006T103238.177505Z-Ha9d4ceab-P00013031","thread":"main","time":"2026-10-06T10:32:38.191361Z","file":"cache-tree.c","line":645,"repo":1,"t_rel":0.000037,"nesting":2,"category":"cache_tree","label":"read"}
{"event":"data","sid":"20261006T103238.177505Z-Ha9d4ceab-P00013031","thread":"main","time":"2026-10-06T10:32:38.191371Z","file":"read-cache.c","line":2306,"repo":1,"t_abs":0.015562,"t_rel":0.001400,"nesting":2,"category":"index","key":"read/version","value":"2"}
{"event":"data","sid":"20261006T103238.177505Z-Ha9d4ceab-P00013031","thread":"main","time":"2026-10-06T10:32:38.191381Z","file":"read-cache.c","line":2308,"repo":1,"t_abs":0.015571,"t_rel":0.001409,"nesting":2,"category":"index","key":"read/cache_nr","value":"389"}
{"event":"region_leave","sid":"20261006T103238.177505Z-Ha9d4ceab-P00013031","thread":"main","time":"2026-10-06T10:32:38.191391Z","file":"read-cache.c","line":2362,"repo":1,"t_rel":0.001420,"nesting":1,"category":"index","label":"do_read_index","msg":"/private/var/folders/f1/2xjyyqkn5plc19fx4nt4tpt00000gn/T/flow-dperf02-tWIHzq/main/.git/worktrees/worker/index"}
{"event":"region_enter","sid":"20261006T103238.177505Z-Ha9d4ceab-P00013031","thread":"main","time":"2026-10-06T10:32:38.191519Z","file":"unpack-trees.c","line":1905,"repo":1,"nesting":1,"category":"unpack_trees","label":"unpack_trees"}
{"event":"region_enter","sid":"20261006T103238.177663Z-Ha9d4ceab-P00013050","thread":"main","time":"2026-10-06T10:32:38.191693Z","file":"dir.c","line":3090,"repo":1,"nesting":1,"category":"dir","label":"read_directory"}
{"event":"region_enter","sid":"20261006T103238.177505Z-Ha9d4ceab-P00013031","thread":"main","time":"2026-10-06T10:32:38.192082Z","file":"unpack-trees.c","line":2009,"repo":1,"nesting":2,"category":"unpack_trees","label":"traverse_trees"}
{"event":"region_enter","sid":"20261006T103238.178384Z-Ha9d4ceab-P0001305a","thread":"main","time":"2026-10-06T10:32:38.192689Z","file":"unpack-trees.c","line":2009,"repo":1,"nesting":2,"category":"unpack_trees","label":"traverse_trees"}
{"event":"region_enter","sid":"20261006T103238.177663Z-Ha9d4ceab-P00013050","thread":"main","time":"2026-10-06T10:32:38.192987Z","file":"name-hash.c","line":597,"repo":1,"nesting":2,"category":"index","label":"name-hash-init"}
{"event":"region_leave","sid":"20261006T103238.177663Z-Ha9d4ceab-P00013050","thread":"main","time":"2026-10-06T10:32:38.193096Z","file":"name-hash.c","line":618,"repo":1,"t_rel":0.000110,"nesting":2,"category":"index","label":"name-hash-init"}
{"event":"exit","sid":"20261006T103238.177283Z-Ha9d4ceab-P0001303c","thread":"main","time":"2026-10-06T10:32:38.194960Z","file":"git.c","line":747,"t_abs":0.019502,"code":0}
{"event":"atexit","sid":"20261006T103238.177283Z-Ha9d4ceab-P0001303c","thread":"main","time":"2026-10-06T10:32:38.194976Z","file":"trace2/tr2_tgt_event.c","line":207,"t_abs":0.019517,"code":0}
{"event":"region_enter","sid":"20261006T103238.178410Z-Ha9d4ceab-P0001304b","thread":"main","time":"2026-10-06T10:32:38.195065Z","file":"read-cache.c","line":2357,"repo":1,"nesting":1,"category":"index","label":"do_read_index","msg":"/private/var/folders/f1/2xjyyqkn5plc19fx4nt4tpt00000gn/T/flow-dperf02-tWIHzq/main/.git/worktrees/worker/index"}
{"event":"region_enter","sid":"20261006T103238.178410Z-Ha9d4ceab-P0001304b","thread":"main","time":"2026-10-06T10:32:38.195762Z","file":"cache-tree.c","line":643,"repo":1,"nesting":2,"category":"cache_tree","label":"read"}
{"event":"region_leave","sid":"20261006T103238.178410Z-Ha9d4ceab-P0001304b","thread":"main","time":"2026-10-06T10:32:38.195877Z","file":"cache-tree.c","line":645,"repo":1,"t_rel":0.000117,"nesting":2,"category":"cache_tree","label":"read"}
{"event":"data","sid":"20261006T103238.178410Z-Ha9d4ceab-P0001304b","thread":"main","time":"2026-10-06T10:32:38.195917Z","file":"read-cache.c","line":2306,"repo":1,"t_abs":0.021483,"t_rel":0.000852,"nesting":2,"category":"index","key":"read/version","value":"2"}
{"event":"data","sid":"20261006T103238.178410Z-Ha9d4ceab-P0001304b","thread":"main","time":"2026-10-06T10:32:38.195931Z","file":"read-cache.c","line":2308,"repo":1,"t_abs":0.021498,"t_rel":0.000867,"nesting":2,"category":"index","key":"read/cache_nr","value":"389"}
{"event":"region_leave","sid":"20261006T103238.178410Z-Ha9d4ceab-P0001304b","thread":"main","time":"2026-10-06T10:32:38.195948Z","file":"read-cache.c","line":2362,"repo":1,"t_rel":0.000883,"nesting":1,"category":"index","label":"do_read_index","msg":"/private/var/folders/f1/2xjyyqkn5plc19fx4nt4tpt00000gn/T/flow-dperf02-tWIHzq/main/.git/worktrees/worker/index"}
{"event":"region_enter","sid":"20261006T103238.178410Z-Ha9d4ceab-P0001304b","thread":"main","time":"2026-10-06T10:32:38.196193Z","file":"unpack-trees.c","line":1905,"repo":1,"nesting":1,"category":"unpack_trees","label":"unpack_trees"}
{"event":"version","sid":"20261006T103238.191472Z-Ha9d4ceab-P00013055","thread":"main","time":"2026-10-06T10:32:38.196346Z","file":"common-init.c","line":57,"evt":"4","exe":"2.50.1 (Apple Git-155)"}
{"event":"start","sid":"20261006T103238.191472Z-Ha9d4ceab-P00013055","thread":"main","time":"2026-10-06T10:32:38.196370Z","file":"common-init.c","line":58,"t_abs":0.006179,"argv":["/Library/Developer/CommandLineTools/usr/bin/git","-C","/var/folders/f1/2xjyyqkn5plc19fx4nt4tpt00000gn/T/flow-dperf02-tWIHzq/worker","diff","--name-only","-z","--no-renames","5f4529721d854dc490f98e9546ec64121d705216","469d797d25a0efdfd6741c2e7415be27879df851","--"]}
{"event":"cmd_name","sid":"20261006T103238.191472Z-Ha9d4ceab-P00013055","thread":"main","time":"2026-10-06T10:32:38.196546Z","file":"git.c","line":477,"name":"diff","hierarchy":"diff"}
{"event":"region_enter","sid":"20261006T103238.178410Z-Ha9d4ceab-P0001304b","thread":"main","time":"2026-10-06T10:32:38.196660Z","file":"unpack-trees.c","line":2009,"repo":1,"nesting":2,"category":"unpack_trees","label":"traverse_trees"}
{"event":"data","sid":"20261006T103238.151794Z-Ha9d4ceab-P00013024","thread":"main","time":"2026-10-06T10:32:38.196701Z","file":"dir.c","line":3058,"repo":1,"t_abs":0.046002,"t_rel":0.031158,"nesting":2,"category":"read_directory","key":"path","value":""}
{"event":"data","sid":"20261006T103238.151794Z-Ha9d4ceab-P00013024","thread":"main","time":"2026-10-06T10:32:38.196718Z","file":"dir.c","line":3067,"repo":1,"t_abs":0.046021,"t_rel":0.031177,"nesting":2,"category":"read_directory","key":"directories-visited","value":"133"}
{"event":"data","sid":"20261006T103238.151794Z-Ha9d4ceab-P00013024","thread":"main","time":"2026-10-06T10:32:38.196724Z","file":"dir.c","line":3069,"repo":1,"t_abs":0.046028,"t_rel":0.031184,"nesting":2,"category":"read_directory","key":"paths-visited","value":"522"}
{"event":"region_leave","sid":"20261006T103238.151794Z-Ha9d4ceab-P00013024","thread":"main","time":"2026-10-06T10:32:38.196730Z","file":"dir.c","line":3113,"repo":1,"t_rel":0.031190,"nesting":1,"category":"dir","label":"read_directory"}
{"event":"exit","sid":"20261006T103238.151794Z-Ha9d4ceab-P00013024","thread":"main","time":"2026-10-06T10:32:38.196742Z","file":"git.c","line":747,"t_abs":0.046045,"code":0}
{"event":"atexit","sid":"20261006T103238.151794Z-Ha9d4ceab-P00013024","thread":"main","time":"2026-10-06T10:32:38.196752Z","file":"trace2/tr2_tgt_event.c","line":207,"t_abs":0.046055,"code":0}
{"event":"def_repo","sid":"20261006T103238.191472Z-Ha9d4ceab-P00013055","thread":"main","time":"2026-10-06T10:32:38.198221Z","file":"repository.c","line":241,"repo":1,"worktree":"/private/var/folders/f1/2xjyyqkn5plc19fx4nt4tpt00000gn/T/flow-dperf02-tWIHzq/worker"}
{"event":"version","sid":"20261006T103238.202616Z-Ha9d4ceab-P00013070","thread":"main","time":"2026-10-06T10:32:38.203372Z","file":"common-init.c","line":57,"evt":"4","exe":"2.50.1 (Apple Git-155)"}
{"event":"start","sid":"20261006T103238.202616Z-Ha9d4ceab-P00013070","thread":"main","time":"2026-10-06T10:32:38.203389Z","file":"common-init.c","line":58,"t_abs":0.003835,"argv":["/Library/Developer/CommandLineTools/usr/bin/git","-C","/var/folders/f1/2xjyyqkn5plc19fx4nt4tpt00000gn/T/flow-dperf02-tWIHzq/worker","diff","--name-only","-z","--no-renames","HEAD","--"]}
{"event":"cmd_name","sid":"20261006T103238.202616Z-Ha9d4ceab-P00013070","thread":"main","time":"2026-10-06T10:32:38.203559Z","file":"git.c","line":477,"name":"diff","hierarchy":"diff"}
{"event":"data","sid":"20261006T103238.153747Z-Ha9d4ceab-P00013036","thread":"main","time":"2026-10-06T10:32:38.205157Z","file":"dir.c","line":3058,"repo":1,"t_abs":0.051893,"t_rel":0.038040,"nesting":2,"category":"read_directory","key":"path","value":""}
{"event":"data","sid":"20261006T103238.153747Z-Ha9d4ceab-P00013036","thread":"main","time":"2026-10-06T10:32:38.205178Z","file":"dir.c","line":3067,"repo":1,"t_abs":0.051916,"t_rel":0.038063,"nesting":2,"category":"read_directory","key":"directories-visited","value":"133"}
{"event":"data","sid":"20261006T103238.153747Z-Ha9d4ceab-P00013036","thread":"main","time":"2026-10-06T10:32:38.205184Z","file":"dir.c","line":3069,"repo":1,"t_abs":0.051923,"t_rel":0.038070,"nesting":2,"category":"read_directory","key":"paths-visited","value":"522"}
{"event":"region_leave","sid":"20261006T103238.153747Z-Ha9d4ceab-P00013036","thread":"main","time":"2026-10-06T10:32:38.205192Z","file":"dir.c","line":3113,"repo":1,"t_rel":0.038078,"nesting":1,"category":"dir","label":"read_directory"}
{"event":"exit","sid":"20261006T103238.153747Z-Ha9d4ceab-P00013036","thread":"main","time":"2026-10-06T10:32:38.205203Z","file":"git.c","line":747,"t_abs":0.051942,"code":0}
{"event":"atexit","sid":"20261006T103238.153747Z-Ha9d4ceab-P00013036","thread":"main","time":"2026-10-06T10:32:38.205222Z","file":"trace2/tr2_tgt_event.c","line":207,"t_abs":0.051960,"code":0}
{"event":"version","sid":"20261006T103238.201402Z-Ha9d4ceab-P0001307d","thread":"main","time":"2026-10-06T10:32:38.205990Z","file":"common-init.c","line":57,"evt":"4","exe":"2.50.1 (Apple Git-155)"}
{"event":"start","sid":"20261006T103238.201402Z-Ha9d4ceab-P0001307d","thread":"main","time":"2026-10-06T10:32:38.206029Z","file":"common-init.c","line":58,"t_abs":0.008078,"argv":["/Library/Developer/CommandLineTools/usr/bin/git","-C","/var/folders/f1/2xjyyqkn5plc19fx4nt4tpt00000gn/T/flow-dperf02-tWIHzq/worker","ls-files","--others","--exclude-standard","-z"]}
{"event":"version","sid":"20261006T103238.203518Z-Ha9d4ceab-P00013085","thread":"main","time":"2026-10-06T10:32:38.206288Z","file":"common-init.c","line":57,"evt":"4","exe":"2.50.1 (Apple Git-155)"}
{"event":"start","sid":"20261006T103238.203518Z-Ha9d4ceab-P00013085","thread":"main","time":"2026-10-06T10:32:38.206305Z","file":"common-init.c","line":58,"t_abs":0.004888,"argv":["/Library/Developer/CommandLineTools/usr/bin/git","-C","/var/folders/f1/2xjyyqkn5plc19fx4nt4tpt00000gn/T/flow-dperf02-tWIHzq/worker","diff","--name-only","-z","--no-renames","5f4529721d854dc490f98e9546ec64121d705216","469d797d25a0efdfd6741c2e7415be27879df851","--"]}
{"event":"cmd_name","sid":"20261006T103238.203518Z-Ha9d4ceab-P00013085","thread":"main","time":"2026-10-06T10:32:38.206531Z","file":"git.c","line":477,"name":"diff","hierarchy":"diff"}
{"event":"def_repo","sid":"20261006T103238.203518Z-Ha9d4ceab-P00013085","thread":"main","time":"2026-10-06T10:32:38.207704Z","file":"repository.c","line":241,"repo":1,"worktree":"/private/var/folders/f1/2xjyyqkn5plc19fx4nt4tpt00000gn/T/flow-dperf02-tWIHzq/worker"}
{"event":"def_repo","sid":"20261006T103238.201402Z-Ha9d4ceab-P0001307d","thread":"main","time":"2026-10-06T10:32:38.209576Z","file":"repository.c","line":241,"repo":1,"worktree":"/private/var/folders/f1/2xjyyqkn5plc19fx4nt4tpt00000gn/T/flow-dperf02-tWIHzq/worker"}
{"event":"cmd_name","sid":"20261006T103238.201402Z-Ha9d4ceab-P0001307d","thread":"main","time":"2026-10-06T10:32:38.211406Z","file":"git.c","line":477,"name":"ls-files","hierarchy":"ls-files"}
{"event":"def_repo","sid":"20261006T103238.202616Z-Ha9d4ceab-P00013070","thread":"main","time":"2026-10-06T10:32:38.211652Z","file":"repository.c","line":241,"repo":1,"worktree":"/private/var/folders/f1/2xjyyqkn5plc19fx4nt4tpt00000gn/T/flow-dperf02-tWIHzq/worker"}
{"event":"region_enter","sid":"20261006T103238.201402Z-Ha9d4ceab-P0001307d","thread":"main","time":"2026-10-06T10:32:38.219311Z","file":"read-cache.c","line":2357,"repo":1,"nesting":1,"category":"index","label":"do_read_index","msg":"/private/var/folders/f1/2xjyyqkn5plc19fx4nt4tpt00000gn/T/flow-dperf02-tWIHzq/main/.git/worktrees/worker/index"}
{"event":"region_enter","sid":"20261006T103238.201402Z-Ha9d4ceab-P0001307d","thread":"main","time":"2026-10-06T10:32:38.219676Z","file":"cache-tree.c","line":643,"repo":1,"nesting":2,"category":"cache_tree","label":"read"}
{"event":"region_leave","sid":"20261006T103238.201402Z-Ha9d4ceab-P0001307d","thread":"main","time":"2026-10-06T10:32:38.219704Z","file":"cache-tree.c","line":645,"repo":1,"t_rel":0.000029,"nesting":2,"category":"cache_tree","label":"read"}
{"event":"data","sid":"20261006T103238.201402Z-Ha9d4ceab-P0001307d","thread":"main","time":"2026-10-06T10:32:38.219714Z","file":"read-cache.c","line":2306,"repo":1,"t_abs":0.021764,"t_rel":0.000404,"nesting":2,"category":"index","key":"read/version","value":"2"}
{"event":"data","sid":"20261006T103238.201402Z-Ha9d4ceab-P0001307d","thread":"main","time":"2026-10-06T10:32:38.219721Z","file":"read-cache.c","line":2308,"repo":1,"t_abs":0.021772,"t_rel":0.000412,"nesting":2,"category":"index","key":"read/cache_nr","value":"389"}
{"event":"region_leave","sid":"20261006T103238.201402Z-Ha9d4ceab-P0001307d","thread":"main","time":"2026-10-06T10:32:38.219731Z","file":"read-cache.c","line":2362,"repo":1,"t_rel":0.000421,"nesting":1,"category":"index","label":"do_read_index","msg":"/private/var/folders/f1/2xjyyqkn5plc19fx4nt4tpt00000gn/T/flow-dperf02-tWIHzq/main/.git/worktrees/worker/index"}
{"event":"region_enter","sid":"20261006T103238.201402Z-Ha9d4ceab-P0001307d","thread":"main","time":"2026-10-06T10:32:38.221405Z","file":"dir.c","line":3090,"repo":1,"nesting":1,"category":"dir","label":"read_directory"}
{"event":"region_enter","sid":"20261006T103238.201402Z-Ha9d4ceab-P0001307d","thread":"main","time":"2026-10-06T10:32:38.222765Z","file":"name-hash.c","line":597,"repo":1,"nesting":2,"category":"index","label":"name-hash-init"}
{"event":"region_leave","sid":"20261006T103238.201402Z-Ha9d4ceab-P0001307d","thread":"main","time":"2026-10-06T10:32:38.222809Z","file":"name-hash.c","line":618,"repo":1,"t_rel":0.000045,"nesting":2,"category":"index","label":"name-hash-init"}
{"event":"exit","sid":"20261006T103238.162484Z-Ha9d4ceab-P0001302c","thread":"main","time":"2026-10-06T10:32:38.223693Z","file":"git.c","line":747,"t_abs":0.062378,"code":0}
{"event":"atexit","sid":"20261006T103238.162484Z-Ha9d4ceab-P0001302c","thread":"main","time":"2026-10-06T10:32:38.223708Z","file":"trace2/tr2_tgt_event.c","line":207,"t_abs":0.062394,"code":0}
{"event":"region_enter","sid":"20261006T103238.202616Z-Ha9d4ceab-P00013070","thread":"main","time":"2026-10-06T10:32:38.224582Z","file":"read-cache.c","line":2357,"repo":1,"nesting":1,"category":"index","label":"do_read_index","msg":"/private/var/folders/f1/2xjyyqkn5plc19fx4nt4tpt00000gn/T/flow-dperf02-tWIHzq/main/.git/worktrees/worker/index"}
{"event":"region_enter","sid":"20261006T103238.202616Z-Ha9d4ceab-P00013070","thread":"main","time":"2026-10-06T10:32:38.224819Z","file":"cache-tree.c","line":643,"repo":1,"nesting":2,"category":"cache_tree","label":"read"}
{"event":"region_leave","sid":"20261006T103238.202616Z-Ha9d4ceab-P00013070","thread":"main","time":"2026-10-06T10:32:38.224845Z","file":"cache-tree.c","line":645,"repo":1,"t_rel":0.000027,"nesting":2,"category":"cache_tree","label":"read"}
{"event":"data","sid":"20261006T103238.202616Z-Ha9d4ceab-P00013070","thread":"main","time":"2026-10-06T10:32:38.224878Z","file":"read-cache.c","line":2306,"repo":1,"t_abs":0.025325,"t_rel":0.000297,"nesting":2,"category":"index","key":"read/version","value":"2"}
{"event":"data","sid":"20261006T103238.202616Z-Ha9d4ceab-P00013070","thread":"main","time":"2026-10-06T10:32:38.224886Z","file":"read-cache.c","line":2308,"repo":1,"t_abs":0.025331,"t_rel":0.000303,"nesting":2,"category":"index","key":"read/cache_nr","value":"389"}
{"event":"region_leave","sid":"20261006T103238.202616Z-Ha9d4ceab-P00013070","thread":"main","time":"2026-10-06T10:32:38.224894Z","file":"read-cache.c","line":2362,"repo":1,"t_rel":0.000312,"nesting":1,"category":"index","label":"do_read_index","msg":"/private/var/folders/f1/2xjyyqkn5plc19fx4nt4tpt00000gn/T/flow-dperf02-tWIHzq/main/.git/worktrees/worker/index"}
{"event":"region_enter","sid":"20261006T103238.202616Z-Ha9d4ceab-P00013070","thread":"main","time":"2026-10-06T10:32:38.225100Z","file":"unpack-trees.c","line":1905,"repo":1,"nesting":1,"category":"unpack_trees","label":"unpack_trees"}
{"event":"region_enter","sid":"20261006T103238.202616Z-Ha9d4ceab-P00013070","thread":"main","time":"2026-10-06T10:32:38.226061Z","file":"unpack-trees.c","line":2009,"repo":1,"nesting":2,"category":"unpack_trees","label":"traverse_trees"}
{"event":"version","sid":"20261006T103238.219569Z-Ha9d4ceab-P00013094","thread":"main","time":"2026-10-06T10:32:38.226131Z","file":"common-init.c","line":57,"evt":"4","exe":"2.50.1 (Apple Git-155)"}
{"event":"start","sid":"20261006T103238.219569Z-Ha9d4ceab-P00013094","thread":"main","time":"2026-10-06T10:32:38.226168Z","file":"common-init.c","line":58,"t_abs":0.009426,"argv":["/Library/Developer/CommandLineTools/usr/bin/git","-C","/var/folders/f1/2xjyyqkn5plc19fx4nt4tpt00000gn/T/flow-dperf02-tWIHzq/worker","ls-files","--others","--exclude-standard","-z"]}
{"event":"version","sid":"20261006T103238.223495Z-Ha9d4ceab-P00013069","thread":"main","time":"2026-10-06T10:32:38.226804Z","file":"common-init.c","line":57,"evt":"4","exe":"2.50.1 (Apple Git-155)"}
{"event":"start","sid":"20261006T103238.223495Z-Ha9d4ceab-P00013069","thread":"main","time":"2026-10-06T10:32:38.226946Z","file":"common-init.c","line":58,"t_abs":0.006715,"argv":["/Library/Developer/CommandLineTools/usr/bin/git","-C","/var/folders/f1/2xjyyqkn5plc19fx4nt4tpt00000gn/T/flow-dperf02-tWIHzq/worker","diff","--name-only","-z","--no-renames","5f4529721d854dc490f98e9546ec64121d705216","469d797d25a0efdfd6741c2e7415be27879df851","--"]}
{"event":"cmd_name","sid":"20261006T103238.223495Z-Ha9d4ceab-P00013069","thread":"main","time":"2026-10-06T10:32:38.227210Z","file":"git.c","line":477,"name":"diff","hierarchy":"diff"}
{"event":"version","sid":"20261006T103238.217604Z-Ha9d4ceab-P0001308a","thread":"main","time":"2026-10-06T10:32:38.228560Z","file":"common-init.c","line":57,"evt":"4","exe":"2.50.1 (Apple Git-155)"}
{"event":"start","sid":"20261006T103238.217604Z-Ha9d4ceab-P0001308a","thread":"main","time":"2026-10-06T10:32:38.228598Z","file":"common-init.c","line":58,"t_abs":0.013492,"argv":["/Library/Developer/CommandLineTools/usr/bin/git","-C","/var/folders/f1/2xjyyqkn5plc19fx4nt4tpt00000gn/T/flow-dperf02-tWIHzq/worker","diff","--name-only","-z","--no-renames","HEAD","--"]}
{"event":"cmd_name","sid":"20261006T103238.217604Z-Ha9d4ceab-P0001308a","thread":"main","time":"2026-10-06T10:32:38.228927Z","file":"git.c","line":477,"name":"diff","hierarchy":"diff"}
{"event":"def_repo","sid":"20261006T103238.219569Z-Ha9d4ceab-P00013094","thread":"main","time":"2026-10-06T10:32:38.229010Z","file":"repository.c","line":241,"repo":1,"worktree":"/private/var/folders/f1/2xjyyqkn5plc19fx4nt4tpt00000gn/T/flow-dperf02-tWIHzq/worker"}
{"event":"version","sid":"20261006T103238.226126Z-Ha9d4ceab-P0001305f","thread":"main","time":"2026-10-06T10:32:38.229920Z","file":"common-init.c","line":57,"evt":"4","exe":"2.50.1 (Apple Git-155)"}
{"event":"start","sid":"20261006T103238.226126Z-Ha9d4ceab-P0001305f","thread":"main","time":"2026-10-06T10:32:38.229961Z","file":"common-init.c","line":58,"t_abs":0.009804,"argv":["/Library/Developer/CommandLineTools/usr/bin/git","-C","/var/folders/f1/2xjyyqkn5plc19fx4nt4tpt00000gn/T/flow-dperf02-tWIHzq/worker","ls-files","--others","--exclude-standard","-z"]}
{"event":"def_repo","sid":"20261006T103238.223495Z-Ha9d4ceab-P00013069","thread":"main","time":"2026-10-06T10:32:38.230304Z","file":"repository.c","line":241,"repo":1,"worktree":"/private/var/folders/f1/2xjyyqkn5plc19fx4nt4tpt00000gn/T/flow-dperf02-tWIHzq/worker"}
{"event":"cmd_name","sid":"20261006T103238.219569Z-Ha9d4ceab-P00013094","thread":"main","time":"2026-10-06T10:32:38.230805Z","file":"git.c","line":477,"name":"ls-files","hierarchy":"ls-files"}
{"event":"def_repo","sid":"20261006T103238.217604Z-Ha9d4ceab-P0001308a","thread":"main","time":"2026-10-06T10:32:38.231665Z","file":"repository.c","line":241,"repo":1,"worktree":"/private/var/folders/f1/2xjyyqkn5plc19fx4nt4tpt00000gn/T/flow-dperf02-tWIHzq/worker"}
{"event":"region_enter","sid":"20261006T103238.219569Z-Ha9d4ceab-P00013094","thread":"main","time":"2026-10-06T10:32:38.232790Z","file":"read-cache.c","line":2357,"repo":1,"nesting":1,"category":"index","label":"do_read_index","msg":"/private/var/folders/f1/2xjyyqkn5plc19fx4nt4tpt00000gn/T/flow-dperf02-tWIHzq/main/.git/worktrees/worker/index"}
{"event":"region_enter","sid":"20261006T103238.219569Z-Ha9d4ceab-P00013094","thread":"main","time":"2026-10-06T10:32:38.233049Z","file":"cache-tree.c","line":643,"repo":1,"nesting":2,"category":"cache_tree","label":"read"}
{"event":"region_leave","sid":"20261006T103238.219569Z-Ha9d4ceab-P00013094","thread":"main","time":"2026-10-06T10:32:38.233078Z","file":"cache-tree.c","line":645,"repo":1,"t_rel":0.000030,"nesting":2,"category":"cache_tree","label":"read"}
{"event":"data","sid":"20261006T103238.219569Z-Ha9d4ceab-P00013094","thread":"main","time":"2026-10-06T10:32:38.233089Z","file":"read-cache.c","line":2306,"repo":1,"t_abs":0.016349,"t_rel":0.000300,"nesting":2,"category":"index","key":"read/version","value":"2"}
{"event":"data","sid":"20261006T103238.219569Z-Ha9d4ceab-P00013094","thread":"main","time":"2026-10-06T10:32:38.233096Z","file":"read-cache.c","line":2308,"repo":1,"t_abs":0.016355,"t_rel":0.000306,"nesting":2,"category":"index","key":"read/cache_nr","value":"389"}
{"event":"region_leave","sid":"20261006T103238.219569Z-Ha9d4ceab-P00013094","thread":"main","time":"2026-10-06T10:32:38.233104Z","file":"read-cache.c","line":2362,"repo":1,"t_rel":0.000315,"nesting":1,"category":"index","label":"do_read_index","msg":"/private/var/folders/f1/2xjyyqkn5plc19fx4nt4tpt00000gn/T/flow-dperf02-tWIHzq/main/.git/worktrees/worker/index"}
{"event":"region_enter","sid":"20261006T103238.219569Z-Ha9d4ceab-P00013094","thread":"main","time":"2026-10-06T10:32:38.233857Z","file":"dir.c","line":3090,"repo":1,"nesting":1,"category":"dir","label":"read_directory"}
{"event":"region_enter","sid":"20261006T103238.219569Z-Ha9d4ceab-P00013094","thread":"main","time":"2026-10-06T10:32:38.234695Z","file":"name-hash.c","line":597,"repo":1,"nesting":2,"category":"index","label":"name-hash-init"}
{"event":"region_leave","sid":"20261006T103238.219569Z-Ha9d4ceab-P00013094","thread":"main","time":"2026-10-06T10:32:38.234728Z","file":"name-hash.c","line":618,"repo":1,"t_rel":0.000033,"nesting":2,"category":"index","label":"name-hash-init"}
{"event":"exit","sid":"20261006T103238.176417Z-Ha9d4ceab-P00013046","thread":"main","time":"2026-10-06T10:32:38.235409Z","file":"git.c","line":747,"t_abs":0.060963,"code":0}
{"event":"atexit","sid":"20261006T103238.176417Z-Ha9d4ceab-P00013046","thread":"main","time":"2026-10-06T10:32:38.235421Z","file":"trace2/tr2_tgt_event.c","line":207,"t_abs":0.060976,"code":0}
{"event":"def_repo","sid":"20261006T103238.226126Z-Ha9d4ceab-P0001305f","thread":"main","time":"2026-10-06T10:32:38.237918Z","file":"repository.c","line":241,"repo":1,"worktree":"/private/var/folders/f1/2xjyyqkn5plc19fx4nt4tpt00000gn/T/flow-dperf02-tWIHzq/worker"}
{"event":"region_enter","sid":"20261006T103238.217604Z-Ha9d4ceab-P0001308a","thread":"main","time":"2026-10-06T10:32:38.238410Z","file":"read-cache.c","line":2357,"repo":1,"nesting":1,"category":"index","label":"do_read_index","msg":"/private/var/folders/f1/2xjyyqkn5plc19fx4nt4tpt00000gn/T/flow-dperf02-tWIHzq/main/.git/worktrees/worker/index"}
{"event":"region_enter","sid":"20261006T103238.217604Z-Ha9d4ceab-P0001308a","thread":"main","time":"2026-10-06T10:32:38.238706Z","file":"cache-tree.c","line":643,"repo":1,"nesting":2,"category":"cache_tree","label":"read"}
{"event":"region_leave","sid":"20261006T103238.217604Z-Ha9d4ceab-P0001308a","thread":"main","time":"2026-10-06T10:32:38.238732Z","file":"cache-tree.c","line":645,"repo":1,"t_rel":0.000026,"nesting":2,"category":"cache_tree","label":"read"}
{"event":"data","sid":"20261006T103238.217604Z-Ha9d4ceab-P0001308a","thread":"main","time":"2026-10-06T10:32:38.238743Z","file":"read-cache.c","line":2306,"repo":1,"t_abs":0.023638,"t_rel":0.000333,"nesting":2,"category":"index","key":"read/version","value":"2"}
{"event":"data","sid":"20261006T103238.217604Z-Ha9d4ceab-P0001308a","thread":"main","time":"2026-10-06T10:32:38.238750Z","file":"read-cache.c","line":2308,"repo":1,"t_abs":0.023646,"t_rel":0.000341,"nesting":2,"category":"index","key":"read/cache_nr","value":"389"}
{"event":"region_leave","sid":"20261006T103238.217604Z-Ha9d4ceab-P0001308a","thread":"main","time":"2026-10-06T10:32:38.238756Z","file":"read-cache.c","line":2362,"repo":1,"t_rel":0.000347,"nesting":1,"category":"index","label":"do_read_index","msg":"/private/var/folders/f1/2xjyyqkn5plc19fx4nt4tpt00000gn/T/flow-dperf02-tWIHzq/main/.git/worktrees/worker/index"}
{"event":"region_enter","sid":"20261006T103238.217604Z-Ha9d4ceab-P0001308a","thread":"main","time":"2026-10-06T10:32:38.239063Z","file":"unpack-trees.c","line":1905,"repo":1,"nesting":1,"category":"unpack_trees","label":"unpack_trees"}
{"event":"region_enter","sid":"20261006T103238.217604Z-Ha9d4ceab-P0001308a","thread":"main","time":"2026-10-06T10:32:38.239959Z","file":"unpack-trees.c","line":2009,"repo":1,"nesting":2,"category":"unpack_trees","label":"traverse_trees"}
{"event":"cmd_name","sid":"20261006T103238.226126Z-Ha9d4ceab-P0001305f","thread":"main","time":"2026-10-06T10:32:38.240109Z","file":"git.c","line":477,"name":"ls-files","hierarchy":"ls-files"}
{"event":"region_enter","sid":"20261006T103238.226126Z-Ha9d4ceab-P0001305f","thread":"main","time":"2026-10-06T10:32:38.241300Z","file":"read-cache.c","line":2357,"repo":1,"nesting":1,"category":"index","label":"do_read_index","msg":"/private/var/folders/f1/2xjyyqkn5plc19fx4nt4tpt00000gn/T/flow-dperf02-tWIHzq/main/.git/worktrees/worker/index"}
{"event":"region_enter","sid":"20261006T103238.226126Z-Ha9d4ceab-P0001305f","thread":"main","time":"2026-10-06T10:32:38.241491Z","file":"cache-tree.c","line":643,"repo":1,"nesting":2,"category":"cache_tree","label":"read"}
{"event":"region_leave","sid":"20261006T103238.226126Z-Ha9d4ceab-P0001305f","thread":"main","time":"2026-10-06T10:32:38.241517Z","file":"cache-tree.c","line":645,"repo":1,"t_rel":0.000027,"nesting":2,"category":"cache_tree","label":"read"}
{"event":"data","sid":"20261006T103238.226126Z-Ha9d4ceab-P0001305f","thread":"main","time":"2026-10-06T10:32:38.241526Z","file":"read-cache.c","line":2306,"repo":1,"t_abs":0.021369,"t_rel":0.000227,"nesting":2,"category":"index","key":"read/version","value":"2"}
{"event":"data","sid":"20261006T103238.226126Z-Ha9d4ceab-P0001305f","thread":"main","time":"2026-10-06T10:32:38.241532Z","file":"read-cache.c","line":2308,"repo":1,"t_abs":0.021375,"t_rel":0.000233,"nesting":2,"category":"index","key":"read/cache_nr","value":"389"}
{"event":"region_leave","sid":"20261006T103238.226126Z-Ha9d4ceab-P0001305f","thread":"main","time":"2026-10-06T10:32:38.241537Z","file":"read-cache.c","line":2362,"repo":1,"t_rel":0.000238,"nesting":1,"category":"index","label":"do_read_index","msg":"/private/var/folders/f1/2xjyyqkn5plc19fx4nt4tpt00000gn/T/flow-dperf02-tWIHzq/main/.git/worktrees/worker/index"}
{"event":"region_leave","sid":"20261006T103238.117734Z-Ha9d4ceab-P00012fde","thread":"main","time":"2026-10-06T10:32:38.241728Z","file":"unpack-trees.c","line":2011,"repo":1,"t_rel":0.117446,"nesting":2,"category":"unpack_trees","label":"traverse_trees"}
{"event":"region_leave","sid":"20261006T103238.117734Z-Ha9d4ceab-P00012fde","thread":"main","time":"2026-10-06T10:32:38.241752Z","file":"unpack-trees.c","line":2108,"repo":1,"t_rel":0.117717,"nesting":1,"category":"unpack_trees","label":"unpack_trees"}
{"event":"exit","sid":"20261006T103238.117734Z-Ha9d4ceab-P00012fde","thread":"main","time":"2026-10-06T10:32:38.241771Z","file":"git.c","line":747,"t_abs":0.124715,"code":0}
{"event":"data_json","sid":"20261006T103238.117734Z-Ha9d4ceab-P00012fde","thread":"main","time":"2026-10-06T10:32:38.241778Z","file":"tree-walk.c","line":186,"repo":1,"t_abs":0.124723,"t_rel":0.124723,"nesting":1,"category":"traverse_trees","key":"statistics","value":{"traverse_trees_count":1,"traverse_trees_max_depth":1}}
{"event":"atexit","sid":"20261006T103238.117734Z-Ha9d4ceab-P00012fde","thread":"main","time":"2026-10-06T10:32:38.241789Z","file":"trace2/tr2_tgt_event.c","line":207,"t_abs":0.124733,"code":0}
{"event":"region_enter","sid":"20261006T103238.226126Z-Ha9d4ceab-P0001305f","thread":"main","time":"2026-10-06T10:32:38.242405Z","file":"dir.c","line":3090,"repo":1,"nesting":1,"category":"dir","label":"read_directory"}
{"event":"region_enter","sid":"20261006T103238.226126Z-Ha9d4ceab-P0001305f","thread":"main","time":"2026-10-06T10:32:38.243358Z","file":"name-hash.c","line":597,"repo":1,"nesting":2,"category":"index","label":"name-hash-init"}
{"event":"region_leave","sid":"20261006T103238.226126Z-Ha9d4ceab-P0001305f","thread":"main","time":"2026-10-06T10:32:38.243392Z","file":"name-hash.c","line":618,"repo":1,"t_rel":0.000033,"nesting":2,"category":"index","label":"name-hash-init"}
{"event":"data","sid":"20261006T103238.177663Z-Ha9d4ceab-P00013050","thread":"main","time":"2026-10-06T10:32:38.259973Z","file":"dir.c","line":3058,"repo":1,"t_abs":0.083839,"t_rel":0.068278,"nesting":2,"category":"read_directory","key":"path","value":""}
{"event":"data","sid":"20261006T103238.177663Z-Ha9d4ceab-P00013050","thread":"main","time":"2026-10-06T10:32:38.260001Z","file":"dir.c","line":3067,"repo":1,"t_abs":0.083869,"t_rel":0.068308,"nesting":2,"category":"read_directory","key":"directories-visited","value":"133"}
{"event":"data","sid":"20261006T103238.177663Z-Ha9d4ceab-P00013050","thread":"main","time":"2026-10-06T10:32:38.260012Z","file":"dir.c","line":3069,"repo":1,"t_abs":0.083880,"t_rel":0.068319,"nesting":2,"category":"read_directory","key":"paths-visited","value":"522"}
{"event":"region_leave","sid":"20261006T103238.177663Z-Ha9d4ceab-P00013050","thread":"main","time":"2026-10-06T10:32:38.260066Z","file":"dir.c","line":3113,"repo":1,"t_rel":0.068371,"nesting":1,"category":"dir","label":"read_directory"}
{"event":"exit","sid":"20261006T103238.177663Z-Ha9d4ceab-P00013050","thread":"main","time":"2026-10-06T10:32:38.260094Z","file":"git.c","line":747,"t_abs":0.083962,"code":0}
{"event":"atexit","sid":"20261006T103238.177663Z-Ha9d4ceab-P00013050","thread":"main","time":"2026-10-06T10:32:38.260105Z","file":"trace2/tr2_tgt_event.c","line":207,"t_abs":0.083973,"code":0}
{"event":"exit","sid":"20261006T103238.203518Z-Ha9d4ceab-P00013085","thread":"main","time":"2026-10-06T10:32:38.265458Z","file":"git.c","line":747,"t_abs":0.064039,"code":0}
{"event":"atexit","sid":"20261006T103238.203518Z-Ha9d4ceab-P00013085","thread":"main","time":"2026-10-06T10:32:38.265509Z","file":"trace2/tr2_tgt_event.c","line":207,"t_abs":0.064091,"code":0}
{"event":"version","sid":"20261006T103238.270866Z-Ha9d4ceab-P000130f1","thread":"main","time":"2026-10-06T10:32:38.275601Z","file":"common-init.c","line":57,"evt":"4","exe":"2.50.1 (Apple Git-155)"}
{"event":"start","sid":"20261006T103238.270866Z-Ha9d4ceab-P000130f1","thread":"main","time":"2026-10-06T10:32:38.275621Z","file":"common-init.c","line":58,"t_abs":0.008152,"argv":["/Library/Developer/CommandLineTools/usr/bin/git","-C","/var/folders/f1/2xjyyqkn5plc19fx4nt4tpt00000gn/T/flow-dperf02-tWIHzq/worker","ls-files","--others","--exclude-standard","-z"]}
{"event":"data","sid":"20261006T103238.201402Z-Ha9d4ceab-P0001307d","thread":"main","time":"2026-10-06T10:32:38.275642Z","file":"dir.c","line":3058,"repo":1,"t_abs":0.077691,"t_rel":0.054239,"nesting":2,"category":"read_directory","key":"path","value":""}
{"event":"data","sid":"20261006T103238.201402Z-Ha9d4ceab-P0001307d","thread":"main","time":"2026-10-06T10:32:38.275659Z","file":"dir.c","line":3067,"repo":1,"t_abs":0.077710,"t_rel":0.054258,"nesting":2,"category":"read_directory","key":"directories-visited","value":"133"}
{"event":"data","sid":"20261006T103238.201402Z-Ha9d4ceab-P0001307d","thread":"main","time":"2026-10-06T10:32:38.275667Z","file":"dir.c","line":3069,"repo":1,"t_abs":0.077718,"t_rel":0.054266,"nesting":2,"category":"read_directory","key":"paths-visited","value":"522"}
{"event":"region_leave","sid":"20261006T103238.201402Z-Ha9d4ceab-P0001307d","thread":"main","time":"2026-10-06T10:32:38.275679Z","file":"dir.c","line":3113,"repo":1,"t_rel":0.054278,"nesting":1,"category":"dir","label":"read_directory"}
{"event":"exit","sid":"20261006T103238.201402Z-Ha9d4ceab-P0001307d","thread":"main","time":"2026-10-06T10:32:38.275701Z","file":"git.c","line":747,"t_abs":0.077750,"code":0}
{"event":"atexit","sid":"20261006T103238.201402Z-Ha9d4ceab-P0001307d","thread":"main","time":"2026-10-06T10:32:38.275713Z","file":"trace2/tr2_tgt_event.c","line":207,"t_abs":0.077763,"code":0}
{"event":"version","sid":"20261006T103238.275513Z-Ha9d4ceab-P000130de","thread":"main","time":"2026-10-06T10:32:38.277253Z","file":"common-init.c","line":57,"evt":"4","exe":"2.50.1 (Apple Git-155)"}
{"event":"start","sid":"20261006T103238.275513Z-Ha9d4ceab-P000130de","thread":"main","time":"2026-10-06T10:32:38.277310Z","file":"common-init.c","line":58,"t_abs":0.004876,"argv":["/Library/Developer/CommandLineTools/usr/bin/git","-C","/var/folders/f1/2xjyyqkn5plc19fx4nt4tpt00000gn/T/flow-dperf02-tWIHzq/worker","diff","--name-only","-z","--no-renames","5f4529721d854dc490f98e9546ec64121d705216","469d797d25a0efdfd6741c2e7415be27879df851","--"]}
{"event":"region_leave","sid":"20261006T103238.143697Z-Ha9d4ceab-P0001300a","thread":"main","time":"2026-10-06T10:32:38.278045Z","file":"unpack-trees.c","line":2011,"repo":1,"t_rel":0.123266,"nesting":2,"category":"unpack_trees","label":"traverse_trees"}
{"event":"region_leave","sid":"20261006T103238.143697Z-Ha9d4ceab-P0001300a","thread":"main","time":"2026-10-06T10:32:38.278063Z","file":"unpack-trees.c","line":2108,"repo":1,"t_rel":0.123697,"nesting":1,"category":"unpack_trees","label":"unpack_trees"}
{"event":"def_repo","sid":"20261006T103238.270866Z-Ha9d4ceab-P000130f1","thread":"main","time":"2026-10-06T10:32:38.278064Z","file":"repository.c","line":241,"repo":1,"worktree":"/private/var/folders/f1/2xjyyqkn5plc19fx4nt4tpt00000gn/T/flow-dperf02-tWIHzq/worker"}
{"event":"exit","sid":"20261006T103238.143697Z-Ha9d4ceab-P0001300a","thread":"main","time":"2026-10-06T10:32:38.278080Z","file":"git.c","line":747,"t_abs":0.135612,"code":0}
{"event":"data_json","sid":"20261006T103238.143697Z-Ha9d4ceab-P0001300a","thread":"main","time":"2026-10-06T10:32:38.278155Z","file":"tree-walk.c","line":186,"repo":1,"t_abs":0.135686,"t_rel":0.135686,"nesting":1,"category":"traverse_trees","key":"statistics","value":{"traverse_trees_count":1,"traverse_trees_max_depth":1}}
{"event":"atexit","sid":"20261006T103238.143697Z-Ha9d4ceab-P0001300a","thread":"main","time":"2026-10-06T10:32:38.278205Z","file":"trace2/tr2_tgt_event.c","line":207,"t_abs":0.135736,"code":0}
{"event":"cmd_name","sid":"20261006T103238.275513Z-Ha9d4ceab-P000130de","thread":"main","time":"2026-10-06T10:32:38.278365Z","file":"git.c","line":477,"name":"diff","hierarchy":"diff"}
{"event":"exit","sid":"20261006T103238.191472Z-Ha9d4ceab-P00013055","thread":"main","time":"2026-10-06T10:32:38.279720Z","file":"git.c","line":747,"t_abs":0.089528,"code":0}
{"event":"atexit","sid":"20261006T103238.191472Z-Ha9d4ceab-P00013055","thread":"main","time":"2026-10-06T10:32:38.280673Z","file":"trace2/tr2_tgt_event.c","line":207,"t_abs":0.090481,"code":0}
{"event":"def_repo","sid":"20261006T103238.275513Z-Ha9d4ceab-P000130de","thread":"main","time":"2026-10-06T10:32:38.281722Z","file":"repository.c","line":241,"repo":1,"worktree":"/private/var/folders/f1/2xjyyqkn5plc19fx4nt4tpt00000gn/T/flow-dperf02-tWIHzq/worker"}
{"event":"cmd_name","sid":"20261006T103238.270866Z-Ha9d4ceab-P000130f1","thread":"main","time":"2026-10-06T10:32:38.282830Z","file":"git.c","line":477,"name":"ls-files","hierarchy":"ls-files"}
{"event":"region_enter","sid":"20261006T103238.270866Z-Ha9d4ceab-P000130f1","thread":"main","time":"2026-10-06T10:32:38.284623Z","file":"read-cache.c","line":2357,"repo":1,"nesting":1,"category":"index","label":"do_read_index","msg":"/private/var/folders/f1/2xjyyqkn5plc19fx4nt4tpt00000gn/T/flow-dperf02-tWIHzq/main/.git/worktrees/worker/index"}
{"event":"data","sid":"20261006T103238.219569Z-Ha9d4ceab-P00013094","thread":"main","time":"2026-10-06T10:32:38.284677Z","file":"dir.c","line":3058,"repo":1,"t_abs":0.067935,"t_rel":0.050819,"nesting":2,"category":"read_directory","key":"path","value":""}
{"event":"data","sid":"20261006T103238.219569Z-Ha9d4ceab-P00013094","thread":"main","time":"2026-10-06T10:32:38.284689Z","file":"dir.c","line":3067,"repo":1,"t_abs":0.067948,"t_rel":0.050832,"nesting":2,"category":"read_directory","key":"directories-visited","value":"133"}
{"event":"data","sid":"20261006T103238.219569Z-Ha9d4ceab-P00013094","thread":"main","time":"2026-10-06T10:32:38.284697Z","file":"dir.c","line":3069,"repo":1,"t_abs":0.067956,"t_rel":0.050840,"nesting":2,"category":"read_directory","key":"paths-visited","value":"522"}
{"event":"region_leave","sid":"20261006T103238.219569Z-Ha9d4ceab-P00013094","thread":"main","time":"2026-10-06T10:32:38.284705Z","file":"dir.c","line":3113,"repo":1,"t_rel":0.050849,"nesting":1,"category":"dir","label":"read_directory"}
{"event":"exit","sid":"20261006T103238.219569Z-Ha9d4ceab-P00013094","thread":"main","time":"2026-10-06T10:32:38.284717Z","file":"git.c","line":747,"t_abs":0.067976,"code":0}
{"event":"region_enter","sid":"20261006T103238.270866Z-Ha9d4ceab-P000130f1","thread":"main","time":"2026-10-06T10:32:38.284786Z","file":"cache-tree.c","line":643,"repo":1,"nesting":2,"category":"cache_tree","label":"read"}
{"event":"region_leave","sid":"20261006T103238.270866Z-Ha9d4ceab-P000130f1","thread":"main","time":"2026-10-06T10:32:38.284813Z","file":"cache-tree.c","line":645,"repo":1,"t_rel":0.000027,"nesting":2,"category":"cache_tree","label":"read"}
{"event":"data","sid":"20261006T103238.270866Z-Ha9d4ceab-P000130f1","thread":"main","time":"2026-10-06T10:32:38.284826Z","file":"read-cache.c","line":2306,"repo":1,"t_abs":0.017358,"t_rel":0.000205,"nesting":2,"category":"index","key":"read/version","value":"2"}
{"event":"data","sid":"20261006T103238.270866Z-Ha9d4ceab-P000130f1","thread":"main","time":"2026-10-06T10:32:38.284833Z","file":"read-cache.c","line":2308,"repo":1,"t_abs":0.017364,"t_rel":0.000211,"nesting":2,"category":"index","key":"read/cache_nr","value":"389"}
{"event":"region_leave","sid":"20261006T103238.270866Z-Ha9d4ceab-P000130f1","thread":"main","time":"2026-10-06T10:32:38.284841Z","file":"read-cache.c","line":2362,"repo":1,"t_rel":0.000219,"nesting":1,"category":"index","label":"do_read_index","msg":"/private/var/folders/f1/2xjyyqkn5plc19fx4nt4tpt00000gn/T/flow-dperf02-tWIHzq/main/.git/worktrees/worker/index"}
{"event":"region_enter","sid":"20261006T103238.270866Z-Ha9d4ceab-P000130f1","thread":"main","time":"2026-10-06T10:32:38.285297Z","file":"dir.c","line":3090,"repo":1,"nesting":1,"category":"dir","label":"read_directory"}
{"event":"atexit","sid":"20261006T103238.219569Z-Ha9d4ceab-P00013094","thread":"main","time":"2026-10-06T10:32:38.285645Z","file":"trace2/tr2_tgt_event.c","line":207,"t_abs":0.068903,"code":0}
{"event":"data","sid":"20261006T103238.226126Z-Ha9d4ceab-P0001305f","thread":"main","time":"2026-10-06T10:32:38.286889Z","file":"dir.c","line":3058,"repo":1,"t_abs":0.066730,"t_rel":0.044483,"nesting":2,"category":"read_directory","key":"path","value":""}
{"event":"data","sid":"20261006T103238.226126Z-Ha9d4ceab-P0001305f","thread":"main","time":"2026-10-06T10:32:38.286939Z","file":"dir.c","line":3067,"repo":1,"t_abs":0.066781,"t_rel":0.044534,"nesting":2,"category":"read_directory","key":"directories-visited","value":"133"}
{"event":"data","sid":"20261006T103238.226126Z-Ha9d4ceab-P0001305f","thread":"main","time":"2026-10-06T10:32:38.286951Z","file":"dir.c","line":3069,"repo":1,"t_abs":0.066794,"t_rel":0.044547,"nesting":2,"category":"read_directory","key":"paths-visited","value":"522"}
{"event":"region_leave","sid":"20261006T103238.226126Z-Ha9d4ceab-P0001305f","thread":"main","time":"2026-10-06T10:32:38.286961Z","file":"dir.c","line":3113,"repo":1,"t_rel":0.044556,"nesting":1,"category":"dir","label":"read_directory"}
{"event":"exit","sid":"20261006T103238.226126Z-Ha9d4ceab-P0001305f","thread":"main","time":"2026-10-06T10:32:38.286972Z","file":"git.c","line":747,"t_abs":0.066815,"code":0}
{"event":"atexit","sid":"20261006T103238.226126Z-Ha9d4ceab-P0001305f","thread":"main","time":"2026-10-06T10:32:38.286980Z","file":"trace2/tr2_tgt_event.c","line":207,"t_abs":0.066822,"code":0}
{"event":"region_enter","sid":"20261006T103238.270866Z-Ha9d4ceab-P000130f1","thread":"main","time":"2026-10-06T10:32:38.287854Z","file":"name-hash.c","line":597,"repo":1,"nesting":2,"category":"index","label":"name-hash-init"}
{"event":"region_leave","sid":"20261006T103238.270866Z-Ha9d4ceab-P000130f1","thread":"main","time":"2026-10-06T10:32:38.288000Z","file":"name-hash.c","line":618,"repo":1,"t_rel":0.000148,"nesting":2,"category":"index","label":"name-hash-init"}
{"event":"exit","sid":"20261006T103238.223495Z-Ha9d4ceab-P00013069","thread":"main","time":"2026-10-06T10:32:38.289667Z","file":"git.c","line":747,"t_abs":0.069436,"code":0}
{"event":"atexit","sid":"20261006T103238.223495Z-Ha9d4ceab-P00013069","thread":"main","time":"2026-10-06T10:32:38.289685Z","file":"trace2/tr2_tgt_event.c","line":207,"t_abs":0.069455,"code":0}
{"event":"version","sid":"20261006T103238.296870Z-Ha9d4ceab-P000130fb","thread":"main","time":"2026-10-06T10:32:38.300185Z","file":"common-init.c","line":57,"evt":"4","exe":"2.50.1 (Apple Git-155)"}
{"event":"start","sid":"20261006T103238.296870Z-Ha9d4ceab-P000130fb","thread":"main","time":"2026-10-06T10:32:38.300208Z","file":"common-init.c","line":58,"t_abs":0.006743,"argv":["/Library/Developer/CommandLineTools/usr/bin/git","-C","/var/folders/f1/2xjyyqkn5plc19fx4nt4tpt00000gn/T/flow-dperf02-tWIHzq/worker","diff","--name-only","-z","--no-renames","5f4529721d854dc490f98e9546ec64121d705216","469d797d25a0efdfd6741c2e7415be27879df851","--"]}
{"event":"cmd_name","sid":"20261006T103238.296870Z-Ha9d4ceab-P000130fb","thread":"main","time":"2026-10-06T10:32:38.300322Z","file":"git.c","line":477,"name":"diff","hierarchy":"diff"}
{"event":"version","sid":"20261006T103238.298109Z-Ha9d4ceab-P00013102","thread":"main","time":"2026-10-06T10:32:38.302403Z","file":"common-init.c","line":57,"evt":"4","exe":"2.50.1 (Apple Git-155)"}
{"event":"start","sid":"20261006T103238.298109Z-Ha9d4ceab-P00013102","thread":"main","time":"2026-10-06T10:32:38.302428Z","file":"common-init.c","line":58,"t_abs":0.006615,"argv":["/Library/Developer/CommandLineTools/usr/bin/git","-C","/var/folders/f1/2xjyyqkn5plc19fx4nt4tpt00000gn/T/flow-dperf02-tWIHzq/worker","diff","--name-only","-z","--no-renames","HEAD","--"]}
{"event":"cmd_name","sid":"20261006T103238.298109Z-Ha9d4ceab-P00013102","thread":"main","time":"2026-10-06T10:32:38.302646Z","file":"git.c","line":477,"name":"diff","hierarchy":"diff"}
{"event":"def_repo","sid":"20261006T103238.296870Z-Ha9d4ceab-P000130fb","thread":"main","time":"2026-10-06T10:32:38.303748Z","file":"repository.c","line":241,"repo":1,"worktree":"/private/var/folders/f1/2xjyyqkn5plc19fx4nt4tpt00000gn/T/flow-dperf02-tWIHzq/worker"}
{"event":"def_repo","sid":"20261006T103238.298109Z-Ha9d4ceab-P00013102","thread":"main","time":"2026-10-06T10:32:38.306535Z","file":"repository.c","line":241,"repo":1,"worktree":"/private/var/folders/f1/2xjyyqkn5plc19fx4nt4tpt00000gn/T/flow-dperf02-tWIHzq/worker"}
{"event":"version","sid":"20261006T103238.314530Z-Ha9d4ceab-P000130e3","thread":"main","time":"2026-10-06T10:32:38.317178Z","file":"common-init.c","line":57,"evt":"4","exe":"2.50.1 (Apple Git-155)"}
{"event":"start","sid":"20261006T103238.314530Z-Ha9d4ceab-P000130e3","thread":"main","time":"2026-10-06T10:32:38.317202Z","file":"common-init.c","line":58,"t_abs":0.006137,"argv":["/Library/Developer/CommandLineTools/usr/bin/git","-C","/var/folders/f1/2xjyyqkn5plc19fx4nt4tpt00000gn/T/flow-dperf02-tWIHzq/worker","diff","--name-only","-z","--no-renames","HEAD","--"]}
{"event":"cmd_name","sid":"20261006T103238.314530Z-Ha9d4ceab-P000130e3","thread":"main","time":"2026-10-06T10:32:38.317394Z","file":"git.c","line":477,"name":"diff","hierarchy":"diff"}
{"event":"version","sid":"20261006T103238.316298Z-Ha9d4ceab-P0001311f","thread":"main","time":"2026-10-06T10:32:38.318534Z","file":"common-init.c","line":57,"evt":"4","exe":"2.50.1 (Apple Git-155)"}
{"event":"version","sid":"20261006T103238.317000Z-Ha9d4ceab-P00013118","thread":"main","time":"2026-10-06T10:32:38.318650Z","file":"common-init.c","line":57,"evt":"4","exe":"2.50.1 (Apple Git-155)"}
{"event":"region_enter","sid":"20261006T103238.298109Z-Ha9d4ceab-P00013102","thread":"main","time":"2026-10-06T10:32:38.318688Z","file":"read-cache.c","line":2357,"repo":1,"nesting":1,"category":"index","label":"do_read_index","msg":"/private/var/folders/f1/2xjyyqkn5plc19fx4nt4tpt00000gn/T/flow-dperf02-tWIHzq/main/.git/worktrees/worker/index"}
{"event":"start","sid":"20261006T103238.316298Z-Ha9d4ceab-P0001311f","thread":"main","time":"2026-10-06T10:32:38.321112Z","file":"common-init.c","line":58,"t_abs":0.005925,"argv":["/Library/Developer/CommandLineTools/usr/bin/git","-C","/var/folders/f1/2xjyyqkn5plc19fx4nt4tpt00000gn/T/flow-dperf02-tWIHzq/worker","diff","--name-only","-z","--no-renames","HEAD","--"]}
{"event":"region_enter","sid":"20261006T103238.298109Z-Ha9d4ceab-P00013102","thread":"main","time":"2026-10-06T10:32:38.321264Z","file":"cache-tree.c","line":643,"repo":1,"nesting":2,"category":"cache_tree","label":"read"}
{"event":"cmd_name","sid":"20261006T103238.316298Z-Ha9d4ceab-P0001311f","thread":"main","time":"2026-10-06T10:32:38.321274Z","file":"git.c","line":477,"name":"diff","hierarchy":"diff"}
{"event":"region_leave","sid":"20261006T103238.298109Z-Ha9d4ceab-P00013102","thread":"main","time":"2026-10-06T10:32:38.321297Z","file":"cache-tree.c","line":645,"repo":1,"t_rel":0.000035,"nesting":2,"category":"cache_tree","label":"read"}
{"event":"data","sid":"20261006T103238.298109Z-Ha9d4ceab-P00013102","thread":"main","time":"2026-10-06T10:32:38.321311Z","file":"read-cache.c","line":2306,"repo":1,"t_abs":0.025499,"t_rel":0.002625,"nesting":2,"category":"index","key":"read/version","value":"2"}
{"event":"data","sid":"20261006T103238.298109Z-Ha9d4ceab-P00013102","thread":"main","time":"2026-10-06T10:32:38.321320Z","file":"read-cache.c","line":2308,"repo":1,"t_abs":0.025508,"t_rel":0.002634,"nesting":2,"category":"index","key":"read/cache_nr","value":"389"}
{"event":"region_leave","sid":"20261006T103238.298109Z-Ha9d4ceab-P00013102","thread":"main","time":"2026-10-06T10:32:38.321327Z","file":"read-cache.c","line":2362,"repo":1,"t_rel":0.002641,"nesting":1,"category":"index","label":"do_read_index","msg":"/private/var/folders/f1/2xjyyqkn5plc19fx4nt4tpt00000gn/T/flow-dperf02-tWIHzq/main/.git/worktrees/worker/index"}
{"event":"region_enter","sid":"20261006T103238.298109Z-Ha9d4ceab-P00013102","thread":"main","time":"2026-10-06T10:32:38.321484Z","file":"unpack-trees.c","line":1905,"repo":1,"nesting":1,"category":"unpack_trees","label":"unpack_trees"}
{"event":"version","sid":"20261006T103238.321208Z-Ha9d4ceab-P00013110","thread":"main","time":"2026-10-06T10:32:38.321721Z","file":"common-init.c","line":57,"evt":"4","exe":"2.50.1 (Apple Git-155)"}
{"event":"start","sid":"20261006T103238.321208Z-Ha9d4ceab-P00013110","thread":"main","time":"2026-10-06T10:32:38.321735Z","file":"common-init.c","line":58,"t_abs":0.001024,"argv":["/Library/Developer/CommandLineTools/usr/bin/git","-C","/var/folders/f1/2xjyyqkn5plc19fx4nt4tpt00000gn/T/flow-dperf02-tWIHzq/worker","ls-files","--others","--exclude-standard","-z"]}
{"event":"def_repo","sid":"20261006T103238.316298Z-Ha9d4ceab-P0001311f","thread":"main","time":"2026-10-06T10:32:38.322678Z","file":"repository.c","line":241,"repo":1,"worktree":"/private/var/folders/f1/2xjyyqkn5plc19fx4nt4tpt00000gn/T/flow-dperf02-tWIHzq/worker"}
{"event":"def_repo","sid":"20261006T103238.321208Z-Ha9d4ceab-P00013110","thread":"main","time":"2026-10-06T10:32:38.323554Z","file":"repository.c","line":241,"repo":1,"worktree":"/private/var/folders/f1/2xjyyqkn5plc19fx4nt4tpt00000gn/T/flow-dperf02-tWIHzq/worker"}
{"event":"cmd_name","sid":"20261006T103238.321208Z-Ha9d4ceab-P00013110","thread":"main","time":"2026-10-06T10:32:38.325473Z","file":"git.c","line":477,"name":"ls-files","hierarchy":"ls-files"}
{"event":"start","sid":"20261006T103238.317000Z-Ha9d4ceab-P00013118","thread":"main","time":"2026-10-06T10:32:38.325818Z","file":"common-init.c","line":58,"t_abs":0.015087,"argv":["/Library/Developer/CommandLineTools/usr/bin/git","-C","/var/folders/f1/2xjyyqkn5plc19fx4nt4tpt00000gn/T/flow-dperf02-tWIHzq/worker","diff","--name-only","-z","--no-renames","5f4529721d854dc490f98e9546ec64121d705216","469d797d25a0efdfd6741c2e7415be27879df851","--"]}
{"event":"region_enter","sid":"20261006T103238.298109Z-Ha9d4ceab-P00013102","thread":"main","time":"2026-10-06T10:32:38.326287Z","file":"unpack-trees.c","line":2009,"repo":1,"nesting":2,"category":"unpack_trees","label":"traverse_trees"}
{"event":"region_enter","sid":"20261006T103238.321208Z-Ha9d4ceab-P00013110","thread":"main","time":"2026-10-06T10:32:38.326640Z","file":"read-cache.c","line":2357,"repo":1,"nesting":1,"category":"index","label":"do_read_index","msg":"/private/var/folders/f1/2xjyyqkn5plc19fx4nt4tpt00000gn/T/flow-dperf02-tWIHzq/main/.git/worktrees/worker/index"}
{"event":"def_repo","sid":"20261006T103238.314530Z-Ha9d4ceab-P000130e3","thread":"main","time":"2026-10-06T10:32:38.326741Z","file":"repository.c","line":241,"repo":1,"worktree":"/private/var/folders/f1/2xjyyqkn5plc19fx4nt4tpt00000gn/T/flow-dperf02-tWIHzq/worker"}
{"event":"region_enter","sid":"20261006T103238.321208Z-Ha9d4ceab-P00013110","thread":"main","time":"2026-10-06T10:32:38.326842Z","file":"cache-tree.c","line":643,"repo":1,"nesting":2,"category":"cache_tree","label":"read"}
{"event":"region_leave","sid":"20261006T103238.321208Z-Ha9d4ceab-P00013110","thread":"main","time":"2026-10-06T10:32:38.326871Z","file":"cache-tree.c","line":645,"repo":1,"t_rel":0.000030,"nesting":2,"category":"cache_tree","label":"read"}
{"event":"data","sid":"20261006T103238.321208Z-Ha9d4ceab-P00013110","thread":"main","time":"2026-10-06T10:32:38.326882Z","file":"read-cache.c","line":2306,"repo":1,"t_abs":0.006171,"t_rel":0.000243,"nesting":2,"category":"index","key":"read/version","value":"2"}
{"event":"data","sid":"20261006T103238.321208Z-Ha9d4ceab-P00013110","thread":"main","time":"2026-10-06T10:32:38.326892Z","file":"read-cache.c","line":2308,"repo":1,"t_abs":0.006182,"t_rel":0.000254,"nesting":2,"category":"index","key":"read/cache_nr","value":"389"}
{"event":"region_leave","sid":"20261006T103238.321208Z-Ha9d4ceab-P00013110","thread":"main","time":"2026-10-06T10:32:38.326901Z","file":"read-cache.c","line":2362,"repo":1,"t_rel":0.000263,"nesting":1,"category":"index","label":"do_read_index","msg":"/private/var/folders/f1/2xjyyqkn5plc19fx4nt4tpt00000gn/T/flow-dperf02-tWIHzq/main/.git/worktrees/worker/index"}
{"event":"cmd_name","sid":"20261006T103238.317000Z-Ha9d4ceab-P00013118","thread":"main","time":"2026-10-06T10:32:38.326957Z","file":"git.c","line":477,"name":"diff","hierarchy":"diff"}
{"event":"region_enter","sid":"20261006T103238.321208Z-Ha9d4ceab-P00013110","thread":"main","time":"2026-10-06T10:32:38.327710Z","file":"dir.c","line":3090,"repo":1,"nesting":1,"category":"dir","label":"read_directory"}
{"event":"exit","sid":"20261006T103238.275513Z-Ha9d4ceab-P000130de","thread":"main","time":"2026-10-06T10:32:38.328098Z","file":"git.c","line":747,"t_abs":0.055664,"code":0}
{"event":"atexit","sid":"20261006T103238.275513Z-Ha9d4ceab-P000130de","thread":"main","time":"2026-10-06T10:32:38.328137Z","file":"trace2/tr2_tgt_event.c","line":207,"t_abs":0.055704,"code":0}
{"event":"def_repo","sid":"20261006T103238.317000Z-Ha9d4ceab-P00013118","thread":"main","time":"2026-10-06T10:32:38.328244Z","file":"repository.c","line":241,"repo":1,"worktree":"/private/var/folders/f1/2xjyyqkn5plc19fx4nt4tpt00000gn/T/flow-dperf02-tWIHzq/worker"}
{"event":"region_enter","sid":"20261006T103238.321208Z-Ha9d4ceab-P00013110","thread":"main","time":"2026-10-06T10:32:38.328468Z","file":"name-hash.c","line":597,"repo":1,"nesting":2,"category":"index","label":"name-hash-init"}
{"event":"region_leave","sid":"20261006T103238.321208Z-Ha9d4ceab-P00013110","thread":"main","time":"2026-10-06T10:32:38.328502Z","file":"name-hash.c","line":618,"repo":1,"t_rel":0.000034,"nesting":2,"category":"index","label":"name-hash-init"}
{"event":"version","sid":"20261006T103238.321188Z-Ha9d4ceab-P0001312e","thread":"main","time":"2026-10-06T10:32:38.328898Z","file":"common-init.c","line":57,"evt":"4","exe":"2.50.1 (Apple Git-155)"}
{"event":"start","sid":"20261006T103238.321188Z-Ha9d4ceab-P0001312e","thread":"main","time":"2026-10-06T10:32:38.328915Z","file":"common-init.c","line":58,"t_abs":0.014542,"argv":["/Library/Developer/CommandLineTools/usr/bin/git","-C","/var/folders/f1/2xjyyqkn5plc19fx4nt4tpt00000gn/T/flow-dperf02-tWIHzq/worker","ls-files","--others","--exclude-standard","-z"]}
{"event":"region_enter","sid":"20261006T103238.316298Z-Ha9d4ceab-P0001311f","thread":"main","time":"2026-10-06T10:32:38.329619Z","file":"read-cache.c","line":2357,"repo":1,"nesting":1,"category":"index","label":"do_read_index","msg":"/private/var/folders/f1/2xjyyqkn5plc19fx4nt4tpt00000gn/T/flow-dperf02-tWIHzq/main/.git/worktrees/worker/index"}
{"event":"region_enter","sid":"20261006T103238.316298Z-Ha9d4ceab-P0001311f","thread":"main","time":"2026-10-06T10:32:38.329831Z","file":"cache-tree.c","line":643,"repo":1,"nesting":2,"category":"cache_tree","label":"read"}
{"event":"region_leave","sid":"20261006T103238.316298Z-Ha9d4ceab-P0001311f","thread":"main","time":"2026-10-06T10:32:38.329858Z","file":"cache-tree.c","line":645,"repo":1,"t_rel":0.000028,"nesting":2,"category":"cache_tree","label":"read"}
{"event":"data","sid":"20261006T103238.316298Z-Ha9d4ceab-P0001311f","thread":"main","time":"2026-10-06T10:32:38.329868Z","file":"read-cache.c","line":2306,"repo":1,"t_abs":0.014682,"t_rel":0.000250,"nesting":2,"category":"index","key":"read/version","value":"2"}
{"event":"data","sid":"20261006T103238.316298Z-Ha9d4ceab-P0001311f","thread":"main","time":"2026-10-06T10:32:38.329875Z","file":"read-cache.c","line":2308,"repo":1,"t_abs":0.014689,"t_rel":0.000257,"nesting":2,"category":"index","key":"read/cache_nr","value":"389"}
{"event":"region_leave","sid":"20261006T103238.316298Z-Ha9d4ceab-P0001311f","thread":"main","time":"2026-10-06T10:32:38.329883Z","file":"read-cache.c","line":2362,"repo":1,"t_rel":0.000265,"nesting":1,"category":"index","label":"do_read_index","msg":"/private/var/folders/f1/2xjyyqkn5plc19fx4nt4tpt00000gn/T/flow-dperf02-tWIHzq/main/.git/worktrees/worker/index"}
{"event":"region_enter","sid":"20261006T103238.316298Z-Ha9d4ceab-P0001311f","thread":"main","time":"2026-10-06T10:32:38.330102Z","file":"unpack-trees.c","line":1905,"repo":1,"nesting":1,"category":"unpack_trees","label":"unpack_trees"}
{"event":"region_enter","sid":"20261006T103238.316298Z-Ha9d4ceab-P0001311f","thread":"main","time":"2026-10-06T10:32:38.330951Z","file":"unpack-trees.c","line":2009,"repo":1,"nesting":2,"category":"unpack_trees","label":"traverse_trees"}
{"event":"version","sid":"20261006T103238.327362Z-Ha9d4ceab-P0001313f","thread":"main","time":"2026-10-06T10:32:38.331058Z","file":"common-init.c","line":57,"evt":"4","exe":"2.50.1 (Apple Git-155)"}
{"event":"start","sid":"20261006T103238.327362Z-Ha9d4ceab-P0001313f","thread":"main","time":"2026-10-06T10:32:38.331094Z","file":"common-init.c","line":58,"t_abs":0.006331,"argv":["/Library/Developer/CommandLineTools/usr/bin/git","-C","/var/folders/f1/2xjyyqkn5plc19fx4nt4tpt00000gn/T/flow-dperf02-tWIHzq/worker","diff","--name-only","-z","--no-renames","5f4529721d854dc490f98e9546ec64121d705216","469d797d25a0efdfd6741c2e7415be27879df851","--"]}
{"event":"def_repo","sid":"20261006T103238.321188Z-Ha9d4ceab-P0001312e","thread":"main","time":"2026-10-06T10:32:38.331286Z","file":"repository.c","line":241,"repo":1,"worktree":"/private/var/folders/f1/2xjyyqkn5plc19fx4nt4tpt00000gn/T/flow-dperf02-tWIHzq/worker"}
{"event":"cmd_name","sid":"20261006T103238.327362Z-Ha9d4ceab-P0001313f","thread":"main","time":"2026-10-06T10:32:38.331491Z","file":"git.c","line":477,"name":"diff","hierarchy":"diff"}
{"event":"data","sid":"20261006T103238.270866Z-Ha9d4ceab-P000130f1","thread":"main","time":"2026-10-06T10:32:38.332520Z","file":"dir.c","line":3058,"repo":1,"t_abs":0.065050,"t_rel":0.047222,"nesting":2,"category":"read_directory","key":"path","value":""}
{"event":"data","sid":"20261006T103238.270866Z-Ha9d4ceab-P000130f1","thread":"main","time":"2026-10-06T10:32:38.332537Z","file":"dir.c","line":3067,"repo":1,"t_abs":0.065069,"t_rel":0.047241,"nesting":2,"category":"read_directory","key":"directories-visited","value":"133"}
{"event":"data","sid":"20261006T103238.270866Z-Ha9d4ceab-P000130f1","thread":"main","time":"2026-10-06T10:32:38.332543Z","file":"dir.c","line":3069,"repo":1,"t_abs":0.065075,"t_rel":0.047247,"nesting":2,"category":"read_directory","key":"paths-visited","value":"522"}
{"event":"region_leave","sid":"20261006T103238.270866Z-Ha9d4ceab-P000130f1","thread":"main","time":"2026-10-06T10:32:38.332548Z","file":"dir.c","line":3113,"repo":1,"t_rel":0.047251,"nesting":1,"category":"dir","label":"read_directory"}
{"event":"exit","sid":"20261006T103238.270866Z-Ha9d4ceab-P000130f1","thread":"main","time":"2026-10-06T10:32:38.332557Z","file":"git.c","line":747,"t_abs":0.065088,"code":0}
{"event":"atexit","sid":"20261006T103238.270866Z-Ha9d4ceab-P000130f1","thread":"main","time":"2026-10-06T10:32:38.332563Z","file":"trace2/tr2_tgt_event.c","line":207,"t_abs":0.065094,"code":0}
{"event":"cmd_name","sid":"20261006T103238.321188Z-Ha9d4ceab-P0001312e","thread":"main","time":"2026-10-06T10:32:38.335139Z","file":"git.c","line":477,"name":"ls-files","hierarchy":"ls-files"}
{"event":"def_repo","sid":"20261006T103238.327362Z-Ha9d4ceab-P0001313f","thread":"main","time":"2026-10-06T10:32:38.335577Z","file":"repository.c","line":241,"repo":1,"worktree":"/private/var/folders/f1/2xjyyqkn5plc19fx4nt4tpt00000gn/T/flow-dperf02-tWIHzq/worker"}
{"event":"region_enter","sid":"20261006T103238.321188Z-Ha9d4ceab-P0001312e","thread":"main","time":"2026-10-06T10:32:38.337382Z","file":"read-cache.c","line":2357,"repo":1,"nesting":1,"category":"index","label":"do_read_index","msg":"/private/var/folders/f1/2xjyyqkn5plc19fx4nt4tpt00000gn/T/flow-dperf02-tWIHzq/main/.git/worktrees/worker/index"}
{"event":"region_leave","sid":"20261006T103238.178384Z-Ha9d4ceab-P0001305a","thread":"main","time":"2026-10-06T10:32:38.338871Z","file":"unpack-trees.c","line":2011,"repo":1,"t_rel":0.146181,"nesting":2,"category":"unpack_trees","label":"traverse_trees"}
{"event":"region_leave","sid":"20261006T103238.178384Z-Ha9d4ceab-P0001305a","thread":"main","time":"2026-10-06T10:32:38.338893Z","file":"unpack-trees.c","line":2108,"repo":1,"t_rel":0.147936,"nesting":1,"category":"unpack_trees","label":"unpack_trees"}
{"event":"exit","sid":"20261006T103238.178384Z-Ha9d4ceab-P0001305a","thread":"main","time":"2026-10-06T10:32:38.338911Z","file":"git.c","line":747,"t_abs":0.163592,"code":0}
{"event":"data_json","sid":"20261006T103238.178384Z-Ha9d4ceab-P0001305a","thread":"main","time":"2026-10-06T10:32:38.338920Z","file":"tree-walk.c","line":186,"repo":1,"t_abs":0.163601,"t_rel":0.163601,"nesting":1,"category":"traverse_trees","key":"statistics","value":{"traverse_trees_count":1,"traverse_trees_max_depth":1}}
{"event":"atexit","sid":"20261006T103238.178384Z-Ha9d4ceab-P0001305a","thread":"main","time":"2026-10-06T10:32:38.338927Z","file":"trace2/tr2_tgt_event.c","line":207,"t_abs":0.163608,"code":0}
{"event":"region_enter","sid":"20261006T103238.314530Z-Ha9d4ceab-P000130e3","thread":"main","time":"2026-10-06T10:32:38.338930Z","file":"read-cache.c","line":2357,"repo":1,"nesting":1,"category":"index","label":"do_read_index","msg":"/private/var/folders/f1/2xjyyqkn5plc19fx4nt4tpt00000gn/T/flow-dperf02-tWIHzq/main/.git/worktrees/worker/index"}
{"event":"region_enter","sid":"20261006T103238.314530Z-Ha9d4ceab-P000130e3","thread":"main","time":"2026-10-06T10:32:38.339315Z","file":"cache-tree.c","line":643,"repo":1,"nesting":2,"category":"cache_tree","label":"read"}
{"event":"region_leave","sid":"20261006T103238.314530Z-Ha9d4ceab-P000130e3","thread":"main","time":"2026-10-06T10:32:38.339351Z","file":"cache-tree.c","line":645,"repo":1,"t_rel":0.000037,"nesting":2,"category":"cache_tree","label":"read"}
{"event":"data","sid":"20261006T103238.314530Z-Ha9d4ceab-P000130e3","thread":"main","time":"2026-10-06T10:32:38.339367Z","file":"read-cache.c","line":2306,"repo":1,"t_abs":0.028303,"t_rel":0.000439,"nesting":2,"category":"index","key":"read/version","value":"2"}
{"event":"data","sid":"20261006T103238.314530Z-Ha9d4ceab-P000130e3","thread":"main","time":"2026-10-06T10:32:38.339382Z","file":"read-cache.c","line":2308,"repo":1,"t_abs":0.028317,"t_rel":0.000453,"nesting":2,"category":"index","key":"read/cache_nr","value":"389"}
{"event":"region_leave","sid":"20261006T103238.314530Z-Ha9d4ceab-P000130e3","thread":"main","time":"2026-10-06T10:32:38.339390Z","file":"read-cache.c","line":2362,"repo":1,"t_rel":0.000462,"nesting":1,"category":"index","label":"do_read_index","msg":"/private/var/folders/f1/2xjyyqkn5plc19fx4nt4tpt00000gn/T/flow-dperf02-tWIHzq/main/.git/worktrees/worker/index"}
{"event":"region_enter","sid":"20261006T103238.314530Z-Ha9d4ceab-P000130e3","thread":"main","time":"2026-10-06T10:32:38.339557Z","file":"unpack-trees.c","line":1905,"repo":1,"nesting":1,"category":"unpack_trees","label":"unpack_trees"}
{"event":"region_enter","sid":"20261006T103238.321188Z-Ha9d4ceab-P0001312e","thread":"main","time":"2026-10-06T10:32:38.339792Z","file":"cache-tree.c","line":643,"repo":1,"nesting":2,"category":"cache_tree","label":"read"}
{"event":"region_leave","sid":"20261006T103238.321188Z-Ha9d4ceab-P0001312e","thread":"main","time":"2026-10-06T10:32:38.339840Z","file":"cache-tree.c","line":645,"repo":1,"t_rel":0.000050,"nesting":2,"category":"cache_tree","label":"read"}
{"event":"data","sid":"20261006T103238.321188Z-Ha9d4ceab-P0001312e","thread":"main","time":"2026-10-06T10:32:38.339851Z","file":"read-cache.c","line":2306,"repo":1,"t_abs":0.025479,"t_rel":0.002471,"nesting":2,"category":"index","key":"read/version","value":"2"}
{"event":"data","sid":"20261006T103238.321188Z-Ha9d4ceab-P0001312e","thread":"main","time":"2026-10-06T10:32:38.339858Z","file":"read-cache.c","line":2308,"repo":1,"t_abs":0.025486,"t_rel":0.002478,"nesting":2,"category":"index","key":"read/cache_nr","value":"389"}
{"event":"region_leave","sid":"20261006T103238.321188Z-Ha9d4ceab-P0001312e","thread":"main","time":"2026-10-06T10:32:38.339867Z","file":"read-cache.c","line":2362,"repo":1,"t_rel":0.002486,"nesting":1,"category":"index","label":"do_read_index","msg":"/private/var/folders/f1/2xjyyqkn5plc19fx4nt4tpt00000gn/T/flow-dperf02-tWIHzq/main/.git/worktrees/worker/index"}
{"event":"version","sid":"20261006T103238.335505Z-Ha9d4ceab-P00013144","thread":"main","time":"2026-10-06T10:32:38.340028Z","file":"common-init.c","line":57,"evt":"4","exe":"2.50.1 (Apple Git-155)"}
{"event":"start","sid":"20261006T103238.335505Z-Ha9d4ceab-P00013144","thread":"main","time":"2026-10-06T10:32:38.340040Z","file":"common-init.c","line":58,"t_abs":0.006653,"argv":["/Library/Developer/CommandLineTools/usr/bin/git","-C","/var/folders/f1/2xjyyqkn5plc19fx4nt4tpt00000gn/T/flow-dperf02-tWIHzq/worker","diff","--name-only","-z","--no-renames","HEAD","--"]}
{"event":"region_enter","sid":"20261006T103238.321188Z-Ha9d4ceab-P0001312e","thread":"main","time":"2026-10-06T10:32:38.340113Z","file":"dir.c","line":3090,"repo":1,"nesting":1,"category":"dir","label":"read_directory"}
{"event":"cmd_name","sid":"20261006T103238.335505Z-Ha9d4ceab-P00013144","thread":"main","time":"2026-10-06T10:32:38.340127Z","file":"git.c","line":477,"name":"diff","hierarchy":"diff"}
{"event":"region_enter","sid":"20261006T103238.314530Z-Ha9d4ceab-P000130e3","thread":"main","time":"2026-10-06T10:32:38.340666Z","file":"unpack-trees.c","line":2009,"repo":1,"nesting":2,"category":"unpack_trees","label":"traverse_trees"}
{"event":"def_repo","sid":"20261006T103238.335505Z-Ha9d4ceab-P00013144","thread":"main","time":"2026-10-06T10:32:38.340745Z","file":"repository.c","line":241,"repo":1,"worktree":"/private/var/folders/f1/2xjyyqkn5plc19fx4nt4tpt00000gn/T/flow-dperf02-tWIHzq/worker"}
{"event":"region_enter","sid":"20261006T103238.321188Z-Ha9d4ceab-P0001312e","thread":"main","time":"2026-10-06T10:32:38.340815Z","file":"name-hash.c","line":597,"repo":1,"nesting":2,"category":"index","label":"name-hash-init"}
{"event":"region_leave","sid":"20261006T103238.321188Z-Ha9d4ceab-P0001312e","thread":"main","time":"2026-10-06T10:32:38.340849Z","file":"name-hash.c","line":618,"repo":1,"t_rel":0.000034,"nesting":2,"category":"index","label":"name-hash-init"}
{"event":"version","sid":"20261006T103238.333954Z-Ha9d4ceab-P00013157","thread":"main","time":"2026-10-06T10:32:38.342074Z","file":"common-init.c","line":57,"evt":"4","exe":"2.50.1 (Apple Git-155)"}
{"event":"start","sid":"20261006T103238.333954Z-Ha9d4ceab-P00013157","thread":"main","time":"2026-10-06T10:32:38.342107Z","file":"common-init.c","line":58,"t_abs":0.011655,"argv":["/Library/Developer/CommandLineTools/usr/bin/git","-C","/var/folders/f1/2xjyyqkn5plc19fx4nt4tpt00000gn/T/flow-dperf02-tWIHzq/worker","ls-files","--others","--exclude-standard","-z"]}
{"event":"version","sid":"20261006T103238.339181Z-Ha9d4ceab-P0001317c","thread":"main","time":"2026-10-06T10:32:38.344784Z","file":"common-init.c","line":57,"evt":"4","exe":"2.50.1 (Apple Git-155)"}
{"event":"start","sid":"20261006T103238.339181Z-Ha9d4ceab-P0001317c","thread":"main","time":"2026-10-06T10:32:38.344922Z","file":"common-init.c","line":58,"t_abs":0.009001,"argv":["/Library/Developer/CommandLineTools/usr/bin/git","-C","/var/folders/f1/2xjyyqkn5plc19fx4nt4tpt00000gn/T/flow-dperf02-tWIHzq/worker","ls-files","--others","--exclude-standard","-z"]}
{"event":"region_leave","sid":"20261006T103238.178410Z-Ha9d4ceab-P0001304b","thread":"main","time":"2026-10-06T10:32:38.345896Z","file":"unpack-trees.c","line":2011,"repo":1,"t_rel":0.149234,"nesting":2,"category":"unpack_trees","label":"traverse_trees"}
{"event":"region_leave","sid":"20261006T103238.178410Z-Ha9d4ceab-P0001304b","thread":"main","time":"2026-10-06T10:32:38.345940Z","file":"unpack-trees.c","line":2108,"repo":1,"t_rel":0.149748,"nesting":1,"category":"unpack_trees","label":"unpack_trees"}
{"event":"exit","sid":"20261006T103238.178410Z-Ha9d4ceab-P0001304b","thread":"main","time":"2026-10-06T10:32:38.345974Z","file":"git.c","line":747,"t_abs":0.171539,"code":0}
{"event":"data_json","sid":"20261006T103238.178410Z-Ha9d4ceab-P0001304b","thread":"main","time":"2026-10-06T10:32:38.345989Z","file":"tree-walk.c","line":186,"repo":1,"t_abs":0.171555,"t_rel":0.171555,"nesting":1,"category":"traverse_trees","key":"statistics","value":{"traverse_trees_count":1,"traverse_trees_max_depth":1}}
{"event":"atexit","sid":"20261006T103238.178410Z-Ha9d4ceab-P0001304b","thread":"main","time":"2026-10-06T10:32:38.346003Z","file":"trace2/tr2_tgt_event.c","line":207,"t_abs":0.171569,"code":0}
{"event":"def_repo","sid":"20261006T103238.333954Z-Ha9d4ceab-P00013157","thread":"main","time":"2026-10-06T10:32:38.347804Z","file":"repository.c","line":241,"repo":1,"worktree":"/private/var/folders/f1/2xjyyqkn5plc19fx4nt4tpt00000gn/T/flow-dperf02-tWIHzq/worker"}
{"event":"version","sid":"20261006T103238.346431Z-Ha9d4ceab-P00013163","thread":"main","time":"2026-10-06T10:32:38.348108Z","file":"common-init.c","line":57,"evt":"4","exe":"2.50.1 (Apple Git-155)"}
{"event":"start","sid":"20261006T103238.346431Z-Ha9d4ceab-P00013163","thread":"main","time":"2026-10-06T10:32:38.348124Z","file":"common-init.c","line":58,"t_abs":0.006853,"argv":["/Library/Developer/CommandLineTools/usr/bin/git","-C","/var/folders/f1/2xjyyqkn5plc19fx4nt4tpt00000gn/T/flow-dperf02-tWIHzq/worker","diff","--name-only","-z","--no-renames","5f4529721d854dc490f98e9546ec64121d705216","469d797d25a0efdfd6741c2e7415be27879df851","--"]}
{"event":"cmd_name","sid":"20261006T103238.346431Z-Ha9d4ceab-P00013163","thread":"main","time":"2026-10-06T10:32:38.348330Z","file":"git.c","line":477,"name":"diff","hierarchy":"diff"}
{"event":"version","sid":"20261006T103238.343415Z-Ha9d4ceab-P00013181","thread":"main","time":"2026-10-06T10:32:38.348420Z","file":"common-init.c","line":57,"evt":"4","exe":"2.50.1 (Apple Git-155)"}
{"event":"start","sid":"20261006T103238.343415Z-Ha9d4ceab-P00013181","thread":"main","time":"2026-10-06T10:32:38.348451Z","file":"common-init.c","line":58,"t_abs":0.007163,"argv":["/Library/Developer/CommandLineTools/usr/bin/git","-C","/var/folders/f1/2xjyyqkn5plc19fx4nt4tpt00000gn/T/flow-dperf02-tWIHzq/worker","diff","--name-only","-z","--no-renames","5f4529721d854dc490f98e9546ec64121d705216","469d797d25a0efdfd6741c2e7415be27879df851","--"]}
{"event":"cmd_name","sid":"20261006T103238.343415Z-Ha9d4ceab-P00013181","thread":"main","time":"2026-10-06T10:32:38.348836Z","file":"git.c","line":477,"name":"diff","hierarchy":"diff"}
{"event":"def_repo","sid":"20261006T103238.339181Z-Ha9d4ceab-P0001317c","thread":"main","time":"2026-10-06T10:32:38.349838Z","file":"repository.c","line":241,"repo":1,"worktree":"/private/var/folders/f1/2xjyyqkn5plc19fx4nt4tpt00000gn/T/flow-dperf02-tWIHzq/worker"}
{"event":"def_repo","sid":"20261006T103238.343415Z-Ha9d4ceab-P00013181","thread":"main","time":"2026-10-06T10:32:38.350532Z","file":"repository.c","line":241,"repo":1,"worktree":"/private/var/folders/f1/2xjyyqkn5plc19fx4nt4tpt00000gn/T/flow-dperf02-tWIHzq/worker"}
{"event":"def_repo","sid":"20261006T103238.346431Z-Ha9d4ceab-P00013163","thread":"main","time":"2026-10-06T10:32:38.352163Z","file":"repository.c","line":241,"repo":1,"worktree":"/private/var/folders/f1/2xjyyqkn5plc19fx4nt4tpt00000gn/T/flow-dperf02-tWIHzq/worker"}
{"event":"region_enter","sid":"20261006T103238.335505Z-Ha9d4ceab-P00013144","thread":"main","time":"2026-10-06T10:32:38.352289Z","file":"read-cache.c","line":2357,"repo":1,"nesting":1,"category":"index","label":"do_read_index","msg":"/private/var/folders/f1/2xjyyqkn5plc19fx4nt4tpt00000gn/T/flow-dperf02-tWIHzq/main/.git/worktrees/worker/index"}
{"event":"region_leave","sid":"20261006T103238.177505Z-Ha9d4ceab-P00013031","thread":"main","time":"2026-10-06T10:32:38.352447Z","file":"unpack-trees.c","line":2011,"repo":1,"t_rel":0.160363,"nesting":2,"category":"unpack_trees","label":"traverse_trees"}
{"event":"region_enter","sid":"20261006T103238.335505Z-Ha9d4ceab-P00013144","thread":"main","time":"2026-10-06T10:32:38.352563Z","file":"cache-tree.c","line":643,"repo":1,"nesting":2,"category":"cache_tree","label":"read"}
{"event":"region_leave","sid":"20261006T103238.335505Z-Ha9d4ceab-P00013144","thread":"main","time":"2026-10-06T10:32:38.352920Z","file":"cache-tree.c","line":645,"repo":1,"t_rel":0.000355,"nesting":2,"category":"cache_tree","label":"read"}
{"event":"data","sid":"20261006T103238.335505Z-Ha9d4ceab-P00013144","thread":"main","time":"2026-10-06T10:32:38.352973Z","file":"read-cache.c","line":2306,"repo":1,"t_abs":0.019586,"t_rel":0.000685,"nesting":2,"category":"index","key":"read/version","value":"2"}
{"event":"cmd_name","sid":"20261006T103238.333954Z-Ha9d4ceab-P00013157","thread":"main","time":"2026-10-06T10:32:38.352979Z","file":"git.c","line":477,"name":"ls-files","hierarchy":"ls-files"}
{"event":"data","sid":"20261006T103238.335505Z-Ha9d4ceab-P00013144","thread":"main","time":"2026-10-06T10:32:38.353081Z","file":"read-cache.c","line":2308,"repo":1,"t_abs":0.019694,"t_rel":0.000793,"nesting":2,"category":"index","key":"read/cache_nr","value":"389"}
{"event":"region_leave","sid":"20261006T103238.335505Z-Ha9d4ceab-P00013144","thread":"main","time":"2026-10-06T10:32:38.353095Z","file":"read-cache.c","line":2362,"repo":1,"t_rel":0.000808,"nesting":1,"category":"index","label":"do_read_index","msg":"/private/var/folders/f1/2xjyyqkn5plc19fx4nt4tpt00000gn/T/flow-dperf02-tWIHzq/main/.git/worktrees/worker/index"}
{"event":"region_enter","sid":"20261006T103238.335505Z-Ha9d4ceab-P00013144","thread":"main","time":"2026-10-06T10:32:38.353723Z","file":"unpack-trees.c","line":1905,"repo":1,"nesting":1,"category":"unpack_trees","label":"unpack_trees"}
{"event":"cmd_name","sid":"20261006T103238.339181Z-Ha9d4ceab-P0001317c","thread":"main","time":"2026-10-06T10:32:38.354538Z","file":"git.c","line":477,"name":"ls-files","hierarchy":"ls-files"}
{"event":"region_leave","sid":"20261006T103238.177505Z-Ha9d4ceab-P00013031","thread":"main","time":"2026-10-06T10:32:38.354793Z","file":"unpack-trees.c","line":2108,"repo":1,"t_rel":0.163274,"nesting":1,"category":"unpack_trees","label":"unpack_trees"}
{"event":"region_enter","sid":"20261006T103238.333954Z-Ha9d4ceab-P00013157","thread":"main","time":"2026-10-06T10:32:38.354802Z","file":"read-cache.c","line":2357,"repo":1,"nesting":1,"category":"index","label":"do_read_index","msg":"/private/var/folders/f1/2xjyyqkn5plc19fx4nt4tpt00000gn/T/flow-dperf02-tWIHzq/main/.git/worktrees/worker/index"}
{"event":"exit","sid":"20261006T103238.177505Z-Ha9d4ceab-P00013031","thread":"main","time":"2026-10-06T10:32:38.354816Z","file":"git.c","line":747,"t_abs":0.179007,"code":0}
{"event":"data_json","sid":"20261006T103238.177505Z-Ha9d4ceab-P00013031","thread":"main","time":"2026-10-06T10:32:38.354830Z","file":"tree-walk.c","line":186,"repo":1,"t_abs":0.179020,"t_rel":0.179020,"nesting":1,"category":"traverse_trees","key":"statistics","value":{"traverse_trees_count":1,"traverse_trees_max_depth":1}}
{"event":"atexit","sid":"20261006T103238.177505Z-Ha9d4ceab-P00013031","thread":"main","time":"2026-10-06T10:32:38.354838Z","file":"trace2/tr2_tgt_event.c","line":207,"t_abs":0.179028,"code":0}
{"event":"region_enter","sid":"20261006T103238.333954Z-Ha9d4ceab-P00013157","thread":"main","time":"2026-10-06T10:32:38.355043Z","file":"cache-tree.c","line":643,"repo":1,"nesting":2,"category":"cache_tree","label":"read"}
{"event":"region_leave","sid":"20261006T103238.333954Z-Ha9d4ceab-P00013157","thread":"main","time":"2026-10-06T10:32:38.355071Z","file":"cache-tree.c","line":645,"repo":1,"t_rel":0.000028,"nesting":2,"category":"cache_tree","label":"read"}
{"event":"data","sid":"20261006T103238.333954Z-Ha9d4ceab-P00013157","thread":"main","time":"2026-10-06T10:32:38.355082Z","file":"read-cache.c","line":2306,"repo":1,"t_abs":0.024631,"t_rel":0.000279,"nesting":2,"category":"index","key":"read/version","value":"2"}
{"event":"data","sid":"20261006T103238.333954Z-Ha9d4ceab-P00013157","thread":"main","time":"2026-10-06T10:32:38.355089Z","file":"read-cache.c","line":2308,"repo":1,"t_abs":0.024639,"t_rel":0.000287,"nesting":2,"category":"index","key":"read/cache_nr","value":"389"}
{"event":"region_leave","sid":"20261006T103238.333954Z-Ha9d4ceab-P00013157","thread":"main","time":"2026-10-06T10:32:38.355099Z","file":"read-cache.c","line":2362,"repo":1,"t_rel":0.000297,"nesting":1,"category":"index","label":"do_read_index","msg":"/private/var/folders/f1/2xjyyqkn5plc19fx4nt4tpt00000gn/T/flow-dperf02-tWIHzq/main/.git/worktrees/worker/index"}
{"event":"region_enter","sid":"20261006T103238.335505Z-Ha9d4ceab-P00013144","thread":"main","time":"2026-10-06T10:32:38.355807Z","file":"unpack-trees.c","line":2009,"repo":1,"nesting":2,"category":"unpack_trees","label":"traverse_trees"}
{"event":"region_enter","sid":"20261006T103238.333954Z-Ha9d4ceab-P00013157","thread":"main","time":"2026-10-06T10:32:38.356283Z","file":"dir.c","line":3090,"repo":1,"nesting":1,"category":"dir","label":"read_directory"}
{"event":"region_enter","sid":"20261006T103238.339181Z-Ha9d4ceab-P0001317c","thread":"main","time":"2026-10-06T10:32:38.356989Z","file":"read-cache.c","line":2357,"repo":1,"nesting":1,"category":"index","label":"do_read_index","msg":"/private/var/folders/f1/2xjyyqkn5plc19fx4nt4tpt00000gn/T/flow-dperf02-tWIHzq/main/.git/worktrees/worker/index"}
{"event":"region_enter","sid":"20261006T103238.333954Z-Ha9d4ceab-P00013157","thread":"main","time":"2026-10-06T10:32:38.357264Z","file":"name-hash.c","line":597,"repo":1,"nesting":2,"category":"index","label":"name-hash-init"}
{"event":"region_leave","sid":"20261006T103238.333954Z-Ha9d4ceab-P00013157","thread":"main","time":"2026-10-06T10:32:38.357299Z","file":"name-hash.c","line":618,"repo":1,"t_rel":0.000035,"nesting":2,"category":"index","label":"name-hash-init"}
{"event":"region_enter","sid":"20261006T103238.339181Z-Ha9d4ceab-P0001317c","thread":"main","time":"2026-10-06T10:32:38.357338Z","file":"cache-tree.c","line":643,"repo":1,"nesting":2,"category":"cache_tree","label":"read"}
{"event":"region_leave","sid":"20261006T103238.339181Z-Ha9d4ceab-P0001317c","thread":"main","time":"2026-10-06T10:32:38.357367Z","file":"cache-tree.c","line":645,"repo":1,"t_rel":0.000029,"nesting":2,"category":"cache_tree","label":"read"}
{"event":"data","sid":"20261006T103238.339181Z-Ha9d4ceab-P0001317c","thread":"main","time":"2026-10-06T10:32:38.357375Z","file":"read-cache.c","line":2306,"repo":1,"t_abs":0.021456,"t_rel":0.000387,"nesting":2,"category":"index","key":"read/version","value":"2"}
{"event":"data","sid":"20261006T103238.339181Z-Ha9d4ceab-P0001317c","thread":"main","time":"2026-10-06T10:32:38.357381Z","file":"read-cache.c","line":2308,"repo":1,"t_abs":0.021462,"t_rel":0.000393,"nesting":2,"category":"index","key":"read/cache_nr","value":"389"}
{"event":"region_leave","sid":"20261006T103238.339181Z-Ha9d4ceab-P0001317c","thread":"main","time":"2026-10-06T10:32:38.357389Z","file":"read-cache.c","line":2362,"repo":1,"t_rel":0.000401,"nesting":1,"category":"index","label":"do_read_index","msg":"/private/var/folders/f1/2xjyyqkn5plc19fx4nt4tpt00000gn/T/flow-dperf02-tWIHzq/main/.git/worktrees/worker/index"}
{"event":"region_enter","sid":"20261006T103238.339181Z-Ha9d4ceab-P0001317c","thread":"main","time":"2026-10-06T10:32:38.358374Z","file":"dir.c","line":3090,"repo":1,"nesting":1,"category":"dir","label":"read_directory"}
{"event":"region_enter","sid":"20261006T103238.339181Z-Ha9d4ceab-P0001317c","thread":"main","time":"2026-10-06T10:32:38.359383Z","file":"name-hash.c","line":597,"repo":1,"nesting":2,"category":"index","label":"name-hash-init"}
{"event":"region_leave","sid":"20261006T103238.339181Z-Ha9d4ceab-P0001317c","thread":"main","time":"2026-10-06T10:32:38.359416Z","file":"name-hash.c","line":618,"repo":1,"t_rel":0.000033,"nesting":2,"category":"index","label":"name-hash-init"}
{"event":"version","sid":"20261006T103238.361614Z-Ha9d4ceab-P00013186","thread":"main","time":"2026-10-06T10:32:38.363834Z","file":"common-init.c","line":57,"evt":"4","exe":"2.50.1 (Apple Git-155)"}
{"event":"start","sid":"20261006T103238.361614Z-Ha9d4ceab-P00013186","thread":"main","time":"2026-10-06T10:32:38.363857Z","file":"common-init.c","line":58,"t_abs":0.005005,"argv":["/Library/Developer/CommandLineTools/usr/bin/git","-C","/var/folders/f1/2xjyyqkn5plc19fx4nt4tpt00000gn/T/flow-dperf02-tWIHzq/worker","diff","--name-only","-z","--no-renames","HEAD","--"]}
{"event":"cmd_name","sid":"20261006T103238.361614Z-Ha9d4ceab-P00013186","thread":"main","time":"2026-10-06T10:32:38.364029Z","file":"git.c","line":477,"name":"diff","hierarchy":"diff"}
{"event":"exit","sid":"20261006T103238.296870Z-Ha9d4ceab-P000130fb","thread":"main","time":"2026-10-06T10:32:38.364976Z","file":"git.c","line":747,"t_abs":0.071511,"code":0}
{"event":"atexit","sid":"20261006T103238.296870Z-Ha9d4ceab-P000130fb","thread":"main","time":"2026-10-06T10:32:38.364990Z","file":"trace2/tr2_tgt_event.c","line":207,"t_abs":0.071525,"code":0}
{"event":"def_repo","sid":"20261006T103238.361614Z-Ha9d4ceab-P00013186","thread":"main","time":"2026-10-06T10:32:38.365417Z","file":"repository.c","line":241,"repo":1,"worktree":"/private/var/folders/f1/2xjyyqkn5plc19fx4nt4tpt00000gn/T/flow-dperf02-tWIHzq/worker"}
{"event":"version","sid":"20261006T103238.370202Z-Ha9d4ceab-P0001318b","thread":"main","time":"2026-10-06T10:32:38.375359Z","file":"common-init.c","line":57,"evt":"4","exe":"2.50.1 (Apple Git-155)"}
{"event":"region_enter","sid":"20261006T103238.361614Z-Ha9d4ceab-P00013186","thread":"main","time":"2026-10-06T10:32:38.375765Z","file":"read-cache.c","line":2357,"repo":1,"nesting":1,"category":"index","label":"do_read_index","msg":"/private/var/folders/f1/2xjyyqkn5plc19fx4nt4tpt00000gn/T/flow-dperf02-tWIHzq/main/.git/worktrees/worker/index"}
{"event":"region_enter","sid":"20261006T103238.361614Z-Ha9d4ceab-P00013186","thread":"main","time":"2026-10-06T10:32:38.376410Z","file":"cache-tree.c","line":643,"repo":1,"nesting":2,"category":"cache_tree","label":"read"}
{"event":"region_leave","sid":"20261006T103238.361614Z-Ha9d4ceab-P00013186","thread":"main","time":"2026-10-06T10:32:38.376442Z","file":"cache-tree.c","line":645,"repo":1,"t_rel":0.000033,"nesting":2,"category":"cache_tree","label":"read"}
{"event":"data","sid":"20261006T103238.361614Z-Ha9d4ceab-P00013186","thread":"main","time":"2026-10-06T10:32:38.376455Z","file":"read-cache.c","line":2306,"repo":1,"t_abs":0.017603,"t_rel":0.000691,"nesting":2,"category":"index","key":"read/version","value":"2"}
{"event":"data","sid":"20261006T103238.361614Z-Ha9d4ceab-P00013186","thread":"main","time":"2026-10-06T10:32:38.376462Z","file":"read-cache.c","line":2308,"repo":1,"t_abs":0.017611,"t_rel":0.000699,"nesting":2,"category":"index","key":"read/cache_nr","value":"389"}
{"event":"region_leave","sid":"20261006T103238.361614Z-Ha9d4ceab-P00013186","thread":"main","time":"2026-10-06T10:32:38.376468Z","file":"read-cache.c","line":2362,"repo":1,"t_rel":0.000704,"nesting":1,"category":"index","label":"do_read_index","msg":"/private/var/folders/f1/2xjyyqkn5plc19fx4nt4tpt00000gn/T/flow-dperf02-tWIHzq/main/.git/worktrees/worker/index"}
{"event":"region_enter","sid":"20261006T103238.361614Z-Ha9d4ceab-P00013186","thread":"main","time":"2026-10-06T10:32:38.376781Z","file":"unpack-trees.c","line":1905,"repo":1,"nesting":1,"category":"unpack_trees","label":"unpack_trees"}
{"event":"start","sid":"20261006T103238.370202Z-Ha9d4ceab-P0001318b","thread":"main","time":"2026-10-06T10:32:38.376898Z","file":"common-init.c","line":58,"t_abs":0.008931,"argv":["/Library/Developer/CommandLineTools/usr/bin/git","-C","/var/folders/f1/2xjyyqkn5plc19fx4nt4tpt00000gn/T/flow-dperf02-tWIHzq/worker","ls-files","--others","--exclude-standard","-z"]}
{"event":"def_repo","sid":"20261006T103238.370202Z-Ha9d4ceab-P0001318b","thread":"main","time":"2026-10-06T10:32:38.379367Z","file":"repository.c","line":241,"repo":1,"worktree":"/private/var/folders/f1/2xjyyqkn5plc19fx4nt4tpt00000gn/T/flow-dperf02-tWIHzq/worker"}
{"event":"region_enter","sid":"20261006T103238.361614Z-Ha9d4ceab-P00013186","thread":"main","time":"2026-10-06T10:32:38.380456Z","file":"unpack-trees.c","line":2009,"repo":1,"nesting":2,"category":"unpack_trees","label":"traverse_trees"}
{"event":"data","sid":"20261006T103238.321208Z-Ha9d4ceab-P00013110","thread":"main","time":"2026-10-06T10:32:38.383042Z","file":"dir.c","line":3058,"repo":1,"t_abs":0.062330,"t_rel":0.055331,"nesting":2,"category":"read_directory","key":"path","value":""}
{"event":"data","sid":"20261006T103238.321208Z-Ha9d4ceab-P00013110","thread":"main","time":"2026-10-06T10:32:38.383062Z","file":"dir.c","line":3067,"repo":1,"t_abs":0.062352,"t_rel":0.055353,"nesting":2,"category":"read_directory","key":"directories-visited","value":"133"}
{"event":"data","sid":"20261006T103238.321208Z-Ha9d4ceab-P00013110","thread":"main","time":"2026-10-06T10:32:38.383069Z","file":"dir.c","line":3069,"repo":1,"t_abs":0.062358,"t_rel":0.055359,"nesting":2,"category":"read_directory","key":"paths-visited","value":"522"}
{"event":"region_leave","sid":"20261006T103238.321208Z-Ha9d4ceab-P00013110","thread":"main","time":"2026-10-06T10:32:38.383074Z","file":"dir.c","line":3113,"repo":1,"t_rel":0.055364,"nesting":1,"category":"dir","label":"read_directory"}
{"event":"exit","sid":"20261006T103238.321208Z-Ha9d4ceab-P00013110","thread":"main","time":"2026-10-06T10:32:38.383084Z","file":"git.c","line":747,"t_abs":0.062374,"code":0}
{"event":"atexit","sid":"20261006T103238.321208Z-Ha9d4ceab-P00013110","thread":"main","time":"2026-10-06T10:32:38.383090Z","file":"trace2/tr2_tgt_event.c","line":207,"t_abs":0.062379,"code":0}
{"event":"region_leave","sid":"20261006T103238.202616Z-Ha9d4ceab-P00013070","thread":"main","time":"2026-10-06T10:32:38.383900Z","file":"unpack-trees.c","line":2011,"repo":1,"t_rel":0.157838,"nesting":2,"category":"unpack_trees","label":"traverse_trees"}
{"event":"region_leave","sid":"20261006T103238.202616Z-Ha9d4ceab-P00013070","thread":"main","time":"2026-10-06T10:32:38.383924Z","file":"unpack-trees.c","line":2108,"repo":1,"t_rel":0.158825,"nesting":1,"category":"unpack_trees","label":"unpack_trees"}
{"event":"exit","sid":"20261006T103238.202616Z-Ha9d4ceab-P00013070","thread":"main","time":"2026-10-06T10:32:38.383941Z","file":"git.c","line":747,"t_abs":0.184387,"code":0}
{"event":"data_json","sid":"20261006T103238.202616Z-Ha9d4ceab-P00013070","thread":"main","time":"2026-10-06T10:32:38.383949Z","file":"tree-walk.c","line":186,"repo":1,"t_abs":0.184396,"t_rel":0.184396,"nesting":1,"category":"traverse_trees","key":"statistics","value":{"traverse_trees_count":1,"traverse_trees_max_depth":1}}
{"event":"atexit","sid":"20261006T103238.202616Z-Ha9d4ceab-P00013070","thread":"main","time":"2026-10-06T10:32:38.383965Z","file":"trace2/tr2_tgt_event.c","line":207,"t_abs":0.184411,"code":0}
{"event":"cmd_name","sid":"20261006T103238.370202Z-Ha9d4ceab-P0001318b","thread":"main","time":"2026-10-06T10:32:38.385088Z","file":"git.c","line":477,"name":"ls-files","hierarchy":"ls-files"}
{"event":"version","sid":"20261006T103238.378396Z-Ha9d4ceab-P00013190","thread":"main","time":"2026-10-06T10:32:38.386726Z","file":"common-init.c","line":57,"evt":"4","exe":"2.50.1 (Apple Git-155)"}
{"event":"start","sid":"20261006T103238.378396Z-Ha9d4ceab-P00013190","thread":"main","time":"2026-10-06T10:32:38.386761Z","file":"common-init.c","line":58,"t_abs":0.011733,"argv":["/Library/Developer/CommandLineTools/usr/bin/git","-C","/var/folders/f1/2xjyyqkn5plc19fx4nt4tpt00000gn/T/flow-dperf02-tWIHzq/worker","diff","--name-only","-z","--no-renames","5f4529721d854dc490f98e9546ec64121d705216","469d797d25a0efdfd6741c2e7415be27879df851","--"]}
{"event":"cmd_name","sid":"20261006T103238.378396Z-Ha9d4ceab-P00013190","thread":"main","time":"2026-10-06T10:32:38.386999Z","file":"git.c","line":477,"name":"diff","hierarchy":"diff"}
{"event":"version","sid":"20261006T103238.384232Z-Ha9d4ceab-P00013195","thread":"main","time":"2026-10-06T10:32:38.387544Z","file":"common-init.c","line":57,"evt":"4","exe":"2.50.1 (Apple Git-155)"}
{"event":"start","sid":"20261006T103238.384232Z-Ha9d4ceab-P00013195","thread":"main","time":"2026-10-06T10:32:38.387579Z","file":"common-init.c","line":58,"t_abs":0.005542,"argv":["/Library/Developer/CommandLineTools/usr/bin/git","-C","/var/folders/f1/2xjyyqkn5plc19fx4nt4tpt00000gn/T/flow-dperf02-tWIHzq/worker","diff","--name-only","-z","--no-renames","HEAD","--"]}
{"event":"region_enter","sid":"20261006T103238.370202Z-Ha9d4ceab-P0001318b","thread":"main","time":"2026-10-06T10:32:38.387602Z","file":"read-cache.c","line":2357,"repo":1,"nesting":1,"category":"index","label":"do_read_index","msg":"/private/var/folders/f1/2xjyyqkn5plc19fx4nt4tpt00000gn/T/flow-dperf02-tWIHzq/main/.git/worktrees/worker/index"}
{"event":"data","sid":"20261006T103238.321188Z-Ha9d4ceab-P0001312e","thread":"main","time":"2026-10-06T10:32:38.387607Z","file":"dir.c","line":3058,"repo":1,"t_abs":0.073232,"t_rel":0.047492,"nesting":2,"category":"read_directory","key":"path","value":""}
{"event":"data","sid":"20261006T103238.321188Z-Ha9d4ceab-P0001312e","thread":"main","time":"2026-10-06T10:32:38.387635Z","file":"dir.c","line":3067,"repo":1,"t_abs":0.073263,"t_rel":0.047523,"nesting":2,"category":"read_directory","key":"directories-visited","value":"133"}
{"event":"data","sid":"20261006T103238.321188Z-Ha9d4ceab-P0001312e","thread":"main","time":"2026-10-06T10:32:38.387645Z","file":"dir.c","line":3069,"repo":1,"t_abs":0.073272,"t_rel":0.047532,"nesting":2,"category":"read_directory","key":"paths-visited","value":"522"}
{"event":"region_leave","sid":"20261006T103238.321188Z-Ha9d4ceab-P0001312e","thread":"main","time":"2026-10-06T10:32:38.387651Z","file":"dir.c","line":3113,"repo":1,"t_rel":0.047538,"nesting":1,"category":"dir","label":"read_directory"}
{"event":"exit","sid":"20261006T103238.321188Z-Ha9d4ceab-P0001312e","thread":"main","time":"2026-10-06T10:32:38.387685Z","file":"git.c","line":747,"t_abs":0.073312,"code":0}
{"event":"atexit","sid":"20261006T103238.321188Z-Ha9d4ceab-P0001312e","thread":"main","time":"2026-10-06T10:32:38.387693Z","file":"trace2/tr2_tgt_event.c","line":207,"t_abs":0.073320,"code":0}
{"event":"region_enter","sid":"20261006T103238.370202Z-Ha9d4ceab-P0001318b","thread":"main","time":"2026-10-06T10:32:38.387991Z","file":"cache-tree.c","line":643,"repo":1,"nesting":2,"category":"cache_tree","label":"read"}
{"event":"cmd_name","sid":"20261006T103238.384232Z-Ha9d4ceab-P00013195","thread":"main","time":"2026-10-06T10:32:38.388022Z","file":"git.c","line":477,"name":"diff","hierarchy":"diff"}
{"event":"region_leave","sid":"20261006T103238.370202Z-Ha9d4ceab-P0001318b","thread":"main","time":"2026-10-06T10:32:38.388066Z","file":"cache-tree.c","line":645,"repo":1,"t_rel":0.000074,"nesting":2,"category":"cache_tree","label":"read"}
{"event":"data","sid":"20261006T103238.370202Z-Ha9d4ceab-P0001318b","thread":"main","time":"2026-10-06T10:32:38.388088Z","file":"read-cache.c","line":2306,"repo":1,"t_abs":0.020121,"t_rel":0.000488,"nesting":2,"category":"index","key":"read/version","value":"2"}
{"event":"data","sid":"20261006T103238.370202Z-Ha9d4ceab-P0001318b","thread":"main","time":"2026-10-06T10:32:38.388108Z","file":"read-cache.c","line":2308,"repo":1,"t_abs":0.020141,"t_rel":0.000508,"nesting":2,"category":"index","key":"read/cache_nr","value":"389"}
{"event":"region_leave","sid":"20261006T103238.370202Z-Ha9d4ceab-P0001318b","thread":"main","time":"2026-10-06T10:32:38.388127Z","file":"read-cache.c","line":2362,"repo":1,"t_rel":0.000527,"nesting":1,"category":"index","label":"do_read_index","msg":"/private/var/folders/f1/2xjyyqkn5plc19fx4nt4tpt00000gn/T/flow-dperf02-tWIHzq/main/.git/worktrees/worker/index"}
{"event":"region_enter","sid":"20261006T103238.370202Z-Ha9d4ceab-P0001318b","thread":"main","time":"2026-10-06T10:32:38.389253Z","file":"dir.c","line":3090,"repo":1,"nesting":1,"category":"dir","label":"read_directory"}
{"event":"region_enter","sid":"20261006T103238.370202Z-Ha9d4ceab-P0001318b","thread":"main","time":"2026-10-06T10:32:38.390432Z","file":"name-hash.c","line":597,"repo":1,"nesting":2,"category":"index","label":"name-hash-init"}
{"event":"region_leave","sid":"20261006T103238.370202Z-Ha9d4ceab-P0001318b","thread":"main","time":"2026-10-06T10:32:38.390471Z","file":"name-hash.c","line":618,"repo":1,"t_rel":0.000039,"nesting":2,"category":"index","label":"name-hash-init"}
{"event":"def_repo","sid":"20261006T103238.384232Z-Ha9d4ceab-P00013195","thread":"main","time":"2026-10-06T10:32:38.392388Z","file":"repository.c","line":241,"repo":1,"worktree":"/private/var/folders/f1/2xjyyqkn5plc19fx4nt4tpt00000gn/T/flow-dperf02-tWIHzq/worker"}
{"event":"def_repo","sid":"20261006T103238.378396Z-Ha9d4ceab-P00013190","thread":"main","time":"2026-10-06T10:32:38.392448Z","file":"repository.c","line":241,"repo":1,"worktree":"/private/var/folders/f1/2xjyyqkn5plc19fx4nt4tpt00000gn/T/flow-dperf02-tWIHzq/worker"}
{"event":"version","sid":"20261006T103238.386951Z-Ha9d4ceab-P00013177","thread":"main","time":"2026-10-06T10:32:38.392515Z","file":"common-init.c","line":57,"evt":"4","exe":"2.50.1 (Apple Git-155)"}
{"event":"start","sid":"20261006T103238.386951Z-Ha9d4ceab-P00013177","thread":"main","time":"2026-10-06T10:32:38.394642Z","file":"common-init.c","line":58,"t_abs":0.009713,"argv":["/Library/Developer/CommandLineTools/usr/bin/git","-C","/var/folders/f1/2xjyyqkn5plc19fx4nt4tpt00000gn/T/flow-dperf02-tWIHzq/worker","diff","--name-only","-z","--no-renames","HEAD","--"]}
{"event":"exit","sid":"20261006T103238.317000Z-Ha9d4ceab-P00013118","thread":"main","time":"2026-10-06T10:32:38.395531Z","file":"git.c","line":747,"t_abs":0.084800,"code":0}
{"event":"version","sid":"20261006T103238.393149Z-Ha9d4ceab-P0001319a","thread":"main","time":"2026-10-06T10:32:38.396274Z","file":"common-init.c","line":57,"evt":"4","exe":"2.50.1 (Apple Git-155)"}
{"event":"exit","sid":"20261006T103238.327362Z-Ha9d4ceab-P0001313f","thread":"main","time":"2026-10-06T10:32:38.396708Z","file":"git.c","line":747,"t_abs":0.071943,"code":0}
{"event":"atexit","sid":"20261006T103238.317000Z-Ha9d4ceab-P00013118","thread":"main","time":"2026-10-06T10:32:38.398219Z","file":"trace2/tr2_tgt_event.c","line":207,"t_abs":0.087487,"code":0}
{"event":"atexit","sid":"20261006T103238.327362Z-Ha9d4ceab-P0001313f","thread":"main","time":"2026-10-06T10:32:38.398292Z","file":"trace2/tr2_tgt_event.c","line":207,"t_abs":0.073528,"code":0}
{"event":"cmd_name","sid":"20261006T103238.386951Z-Ha9d4ceab-P00013177","thread":"main","time":"2026-10-06T10:32:38.398535Z","file":"git.c","line":477,"name":"diff","hierarchy":"diff"}
{"event":"start","sid":"20261006T103238.393149Z-Ha9d4ceab-P0001319a","thread":"main","time":"2026-10-06T10:32:38.398706Z","file":"common-init.c","line":58,"t_abs":0.007829,"argv":["/Library/Developer/CommandLineTools/usr/bin/git","-C","/var/folders/f1/2xjyyqkn5plc19fx4nt4tpt00000gn/T/flow-dperf02-tWIHzq/worker","ls-files","--others","--exclude-standard","-z"]}
{"event":"data","sid":"20261006T103238.333954Z-Ha9d4ceab-P00013157","thread":"main","time":"2026-10-06T10:32:38.398798Z","file":"dir.c","line":3058,"repo":1,"t_abs":0.068346,"t_rel":0.042514,"nesting":2,"category":"read_directory","key":"path","value":""}
{"event":"data","sid":"20261006T103238.333954Z-Ha9d4ceab-P00013157","thread":"main","time":"2026-10-06T10:32:38.398813Z","file":"dir.c","line":3067,"repo":1,"t_abs":0.068362,"t_rel":0.042530,"nesting":2,"category":"read_directory","key":"directories-visited","value":"133"}
{"event":"data","sid":"20261006T103238.333954Z-Ha9d4ceab-P00013157","thread":"main","time":"2026-10-06T10:32:38.398818Z","file":"dir.c","line":3069,"repo":1,"t_abs":0.068368,"t_rel":0.042536,"nesting":2,"category":"read_directory","key":"paths-visited","value":"522"}
{"event":"region_leave","sid":"20261006T103238.333954Z-Ha9d4ceab-P00013157","thread":"main","time":"2026-10-06T10:32:38.398823Z","file":"dir.c","line":3113,"repo":1,"t_rel":0.042541,"nesting":1,"category":"dir","label":"read_directory"}
{"event":"exit","sid":"20261006T103238.333954Z-Ha9d4ceab-P00013157","thread":"main","time":"2026-10-06T10:32:38.398833Z","file":"git.c","line":747,"t_abs":0.068382,"code":0}
{"event":"atexit","sid":"20261006T103238.333954Z-Ha9d4ceab-P00013157","thread":"main","time":"2026-10-06T10:32:38.398838Z","file":"trace2/tr2_tgt_event.c","line":207,"t_abs":0.068387,"code":0}
{"event":"def_repo","sid":"20261006T103238.386951Z-Ha9d4ceab-P00013177","thread":"main","time":"2026-10-06T10:32:38.400135Z","file":"repository.c","line":241,"repo":1,"worktree":"/private/var/folders/f1/2xjyyqkn5plc19fx4nt4tpt00000gn/T/flow-dperf02-tWIHzq/worker"}
{"event":"def_repo","sid":"20261006T103238.393149Z-Ha9d4ceab-P0001319a","thread":"main","time":"2026-10-06T10:32:38.401476Z","file":"repository.c","line":241,"repo":1,"worktree":"/private/var/folders/f1/2xjyyqkn5plc19fx4nt4tpt00000gn/T/flow-dperf02-tWIHzq/worker"}
{"event":"region_enter","sid":"20261006T103238.384232Z-Ha9d4ceab-P00013195","thread":"main","time":"2026-10-06T10:32:38.403523Z","file":"read-cache.c","line":2357,"repo":1,"nesting":1,"category":"index","label":"do_read_index","msg":"/private/var/folders/f1/2xjyyqkn5plc19fx4nt4tpt00000gn/T/flow-dperf02-tWIHzq/main/.git/worktrees/worker/index"}
{"event":"region_enter","sid":"20261006T103238.384232Z-Ha9d4ceab-P00013195","thread":"main","time":"2026-10-06T10:32:38.403783Z","file":"cache-tree.c","line":643,"repo":1,"nesting":2,"category":"cache_tree","label":"read"}
{"event":"region_leave","sid":"20261006T103238.384232Z-Ha9d4ceab-P00013195","thread":"main","time":"2026-10-06T10:32:38.403807Z","file":"cache-tree.c","line":645,"repo":1,"t_rel":0.000026,"nesting":2,"category":"cache_tree","label":"read"}
{"event":"data","sid":"20261006T103238.384232Z-Ha9d4ceab-P00013195","thread":"main","time":"2026-10-06T10:32:38.403816Z","file":"read-cache.c","line":2306,"repo":1,"t_abs":0.021780,"t_rel":0.000293,"nesting":2,"category":"index","key":"read/version","value":"2"}
{"event":"data","sid":"20261006T103238.384232Z-Ha9d4ceab-P00013195","thread":"main","time":"2026-10-06T10:32:38.403842Z","file":"read-cache.c","line":2308,"repo":1,"t_abs":0.021806,"t_rel":0.000319,"nesting":2,"category":"index","key":"read/cache_nr","value":"389"}
{"event":"region_leave","sid":"20261006T103238.384232Z-Ha9d4ceab-P00013195","thread":"main","time":"2026-10-06T10:32:38.403847Z","file":"read-cache.c","line":2362,"repo":1,"t_rel":0.000325,"nesting":1,"category":"index","label":"do_read_index","msg":"/private/var/folders/f1/2xjyyqkn5plc19fx4nt4tpt00000gn/T/flow-dperf02-tWIHzq/main/.git/worktrees/worker/index"}
{"event":"region_enter","sid":"20261006T103238.384232Z-Ha9d4ceab-P00013195","thread":"main","time":"2026-10-06T10:32:38.404492Z","file":"unpack-trees.c","line":1905,"repo":1,"nesting":1,"category":"unpack_trees","label":"unpack_trees"}
{"event":"region_leave","sid":"20261006T103238.217604Z-Ha9d4ceab-P0001308a","thread":"main","time":"2026-10-06T10:32:38.405186Z","file":"unpack-trees.c","line":2011,"repo":1,"t_rel":0.165226,"nesting":2,"category":"unpack_trees","label":"traverse_trees"}
{"event":"region_leave","sid":"20261006T103238.217604Z-Ha9d4ceab-P0001308a","thread":"main","time":"2026-10-06T10:32:38.405211Z","file":"unpack-trees.c","line":2108,"repo":1,"t_rel":0.166149,"nesting":1,"category":"unpack_trees","label":"unpack_trees"}
{"event":"exit","sid":"20261006T103238.217604Z-Ha9d4ceab-P0001308a","thread":"main","time":"2026-10-06T10:32:38.405233Z","file":"git.c","line":747,"t_abs":0.190128,"code":0}
{"event":"data_json","sid":"20261006T103238.217604Z-Ha9d4ceab-P0001308a","thread":"main","time":"2026-10-06T10:32:38.405244Z","file":"tree-walk.c","line":186,"repo":1,"t_abs":0.190140,"t_rel":0.190140,"nesting":1,"category":"traverse_trees","key":"statistics","value":{"traverse_trees_count":1,"traverse_trees_max_depth":1}}
{"event":"atexit","sid":"20261006T103238.217604Z-Ha9d4ceab-P0001308a","thread":"main","time":"2026-10-06T10:32:38.405255Z","file":"trace2/tr2_tgt_event.c","line":207,"t_abs":0.190149,"code":0}
{"event":"cmd_name","sid":"20261006T103238.393149Z-Ha9d4ceab-P0001319a","thread":"main","time":"2026-10-06T10:32:38.405329Z","file":"git.c","line":477,"name":"ls-files","hierarchy":"ls-files"}
{"event":"region_enter","sid":"20261006T103238.384232Z-Ha9d4ceab-P00013195","thread":"main","time":"2026-10-06T10:32:38.406073Z","file":"unpack-trees.c","line":2009,"repo":1,"nesting":2,"category":"unpack_trees","label":"traverse_trees"}
{"event":"exit","sid":"20261006T103238.343415Z-Ha9d4ceab-P00013181","thread":"main","time":"2026-10-06T10:32:38.407119Z","file":"git.c","line":747,"t_abs":0.065831,"code":0}
{"event":"atexit","sid":"20261006T103238.343415Z-Ha9d4ceab-P00013181","thread":"main","time":"2026-10-06T10:32:38.407129Z","file":"trace2/tr2_tgt_event.c","line":207,"t_abs":0.065842,"code":0}
{"event":"region_enter","sid":"20261006T103238.393149Z-Ha9d4ceab-P0001319a","thread":"main","time":"2026-10-06T10:32:38.407353Z","file":"read-cache.c","line":2357,"repo":1,"nesting":1,"category":"index","label":"do_read_index","msg":"/private/var/folders/f1/2xjyyqkn5plc19fx4nt4tpt00000gn/T/flow-dperf02-tWIHzq/main/.git/worktrees/worker/index"}
{"event":"region_enter","sid":"20261006T103238.386951Z-Ha9d4ceab-P00013177","thread":"main","time":"2026-10-06T10:32:38.407391Z","file":"read-cache.c","line":2357,"repo":1,"nesting":1,"category":"index","label":"do_read_index","msg":"/private/var/folders/f1/2xjyyqkn5plc19fx4nt4tpt00000gn/T/flow-dperf02-tWIHzq/main/.git/worktrees/worker/index"}
{"event":"region_enter","sid":"20261006T103238.393149Z-Ha9d4ceab-P0001319a","thread":"main","time":"2026-10-06T10:32:38.407586Z","file":"cache-tree.c","line":643,"repo":1,"nesting":2,"category":"cache_tree","label":"read"}
{"event":"region_leave","sid":"20261006T103238.393149Z-Ha9d4ceab-P0001319a","thread":"main","time":"2026-10-06T10:32:38.407616Z","file":"cache-tree.c","line":645,"repo":1,"t_rel":0.000030,"nesting":2,"category":"cache_tree","label":"read"}
{"event":"data","sid":"20261006T103238.393149Z-Ha9d4ceab-P0001319a","thread":"main","time":"2026-10-06T10:32:38.407656Z","file":"read-cache.c","line":2306,"repo":1,"t_abs":0.016780,"t_rel":0.000304,"nesting":2,"category":"index","key":"read/version","value":"2"}
{"event":"region_enter","sid":"20261006T103238.386951Z-Ha9d4ceab-P00013177","thread":"main","time":"2026-10-06T10:32:38.407658Z","file":"cache-tree.c","line":643,"repo":1,"nesting":2,"category":"cache_tree","label":"read"}
{"event":"data","sid":"20261006T103238.393149Z-Ha9d4ceab-P0001319a","thread":"main","time":"2026-10-06T10:32:38.407665Z","file":"read-cache.c","line":2308,"repo":1,"t_abs":0.016790,"t_rel":0.000314,"nesting":2,"category":"index","key":"read/cache_nr","value":"389"}
{"event":"region_leave","sid":"20261006T103238.393149Z-Ha9d4ceab-P0001319a","thread":"main","time":"2026-10-06T10:32:38.407678Z","file":"read-cache.c","line":2362,"repo":1,"t_rel":0.000326,"nesting":1,"category":"index","label":"do_read_index","msg":"/private/var/folders/f1/2xjyyqkn5plc19fx4nt4tpt00000gn/T/flow-dperf02-tWIHzq/main/.git/worktrees/worker/index"}
{"event":"region_leave","sid":"20261006T103238.386951Z-Ha9d4ceab-P00013177","thread":"main","time":"2026-10-06T10:32:38.407691Z","file":"cache-tree.c","line":645,"repo":1,"t_rel":0.000033,"nesting":2,"category":"cache_tree","label":"read"}
{"event":"data","sid":"20261006T103238.386951Z-Ha9d4ceab-P00013177","thread":"main","time":"2026-10-06T10:32:38.407701Z","file":"read-cache.c","line":2306,"repo":1,"t_abs":0.022774,"t_rel":0.000311,"nesting":2,"category":"index","key":"read/version","value":"2"}
{"event":"data","sid":"20261006T103238.386951Z-Ha9d4ceab-P00013177","thread":"main","time":"2026-10-06T10:32:38.407710Z","file":"read-cache.c","line":2308,"repo":1,"t_abs":0.022782,"t_rel":0.000319,"nesting":2,"category":"index","key":"read/cache_nr","value":"389"}
{"event":"region_leave","sid":"20261006T103238.386951Z-Ha9d4ceab-P00013177","thread":"main","time":"2026-10-06T10:32:38.407719Z","file":"read-cache.c","line":2362,"repo":1,"t_rel":0.000329,"nesting":1,"category":"index","label":"do_read_index","msg":"/private/var/folders/f1/2xjyyqkn5plc19fx4nt4tpt00000gn/T/flow-dperf02-tWIHzq/main/.git/worktrees/worker/index"}
{"event":"region_enter","sid":"20261006T103238.386951Z-Ha9d4ceab-P00013177","thread":"main","time":"2026-10-06T10:32:38.408014Z","file":"unpack-trees.c","line":1905,"repo":1,"nesting":1,"category":"unpack_trees","label":"unpack_trees"}
{"event":"region_enter","sid":"20261006T103238.393149Z-Ha9d4ceab-P0001319a","thread":"main","time":"2026-10-06T10:32:38.408705Z","file":"dir.c","line":3090,"repo":1,"nesting":1,"category":"dir","label":"read_directory"}
{"event":"data","sid":"20261006T103238.339181Z-Ha9d4ceab-P0001317c","thread":"main","time":"2026-10-06T10:32:38.408900Z","file":"dir.c","line":3058,"repo":1,"t_abs":0.072980,"t_rel":0.050525,"nesting":2,"category":"read_directory","key":"path","value":""}
{"event":"data","sid":"20261006T103238.339181Z-Ha9d4ceab-P0001317c","thread":"main","time":"2026-10-06T10:32:38.408912Z","file":"dir.c","line":3067,"repo":1,"t_abs":0.072993,"t_rel":0.050538,"nesting":2,"category":"read_directory","key":"directories-visited","value":"133"}
{"event":"data","sid":"20261006T103238.339181Z-Ha9d4ceab-P0001317c","thread":"main","time":"2026-10-06T10:32:38.408918Z","file":"dir.c","line":3069,"repo":1,"t_abs":0.072999,"t_rel":0.050544,"nesting":2,"category":"read_directory","key":"paths-visited","value":"522"}
{"event":"region_leave","sid":"20261006T103238.339181Z-Ha9d4ceab-P0001317c","thread":"main","time":"2026-10-06T10:32:38.408923Z","file":"dir.c","line":3113,"repo":1,"t_rel":0.050549,"nesting":1,"category":"dir","label":"read_directory"}
{"event":"exit","sid":"20261006T103238.339181Z-Ha9d4ceab-P0001317c","thread":"main","time":"2026-10-06T10:32:38.408933Z","file":"git.c","line":747,"t_abs":0.073014,"code":0}
{"event":"atexit","sid":"20261006T103238.339181Z-Ha9d4ceab-P0001317c","thread":"main","time":"2026-10-06T10:32:38.408939Z","file":"trace2/tr2_tgt_event.c","line":207,"t_abs":0.073020,"code":0}
{"event":"region_enter","sid":"20261006T103238.393149Z-Ha9d4ceab-P0001319a","thread":"main","time":"2026-10-06T10:32:38.409629Z","file":"name-hash.c","line":597,"repo":1,"nesting":2,"category":"index","label":"name-hash-init"}
{"event":"region_enter","sid":"20261006T103238.386951Z-Ha9d4ceab-P00013177","thread":"main","time":"2026-10-06T10:32:38.409654Z","file":"unpack-trees.c","line":2009,"repo":1,"nesting":2,"category":"unpack_trees","label":"traverse_trees"}
{"event":"region_leave","sid":"20261006T103238.393149Z-Ha9d4ceab-P0001319a","thread":"main","time":"2026-10-06T10:32:38.409668Z","file":"name-hash.c","line":618,"repo":1,"t_rel":0.000039,"nesting":2,"category":"index","label":"name-hash-init"}
{"event":"exit","sid":"20261006T103238.346431Z-Ha9d4ceab-P00013163","thread":"main","time":"2026-10-06T10:32:38.427861Z","file":"git.c","line":747,"t_abs":0.086588,"code":0}
{"event":"atexit","sid":"20261006T103238.346431Z-Ha9d4ceab-P00013163","thread":"main","time":"2026-10-06T10:32:38.427881Z","file":"trace2/tr2_tgt_event.c","line":207,"t_abs":0.086610,"code":0}
{"event":"data","sid":"20261006T103238.370202Z-Ha9d4ceab-P0001318b","thread":"main","time":"2026-10-06T10:32:38.433055Z","file":"dir.c","line":3058,"repo":1,"t_abs":0.065086,"t_rel":0.043801,"nesting":2,"category":"read_directory","key":"path","value":""}
{"event":"data","sid":"20261006T103238.370202Z-Ha9d4ceab-P0001318b","thread":"main","time":"2026-10-06T10:32:38.433080Z","file":"dir.c","line":3067,"repo":1,"t_abs":0.065113,"t_rel":0.043828,"nesting":2,"category":"read_directory","key":"directories-visited","value":"133"}
{"event":"data","sid":"20261006T103238.370202Z-Ha9d4ceab-P0001318b","thread":"main","time":"2026-10-06T10:32:38.433088Z","file":"dir.c","line":3069,"repo":1,"t_abs":0.065121,"t_rel":0.043836,"nesting":2,"category":"read_directory","key":"paths-visited","value":"522"}
{"event":"region_leave","sid":"20261006T103238.370202Z-Ha9d4ceab-P0001318b","thread":"main","time":"2026-10-06T10:32:38.433098Z","file":"dir.c","line":3113,"repo":1,"t_rel":0.043846,"nesting":1,"category":"dir","label":"read_directory"}
{"event":"exit","sid":"20261006T103238.370202Z-Ha9d4ceab-P0001318b","thread":"main","time":"2026-10-06T10:32:38.433112Z","file":"git.c","line":747,"t_abs":0.065144,"code":0}
{"event":"atexit","sid":"20261006T103238.370202Z-Ha9d4ceab-P0001318b","thread":"main","time":"2026-10-06T10:32:38.433120Z","file":"trace2/tr2_tgt_event.c","line":207,"t_abs":0.065153,"code":0}
{"event":"data","sid":"20261006T103238.393149Z-Ha9d4ceab-P0001319a","thread":"main","time":"2026-10-06T10:32:38.453708Z","file":"dir.c","line":3058,"repo":1,"t_abs":0.062830,"t_rel":0.045000,"nesting":2,"category":"read_directory","key":"path","value":""}
{"event":"data","sid":"20261006T103238.393149Z-Ha9d4ceab-P0001319a","thread":"main","time":"2026-10-06T10:32:38.453737Z","file":"dir.c","line":3067,"repo":1,"t_abs":0.062861,"t_rel":0.045031,"nesting":2,"category":"read_directory","key":"directories-visited","value":"133"}
{"event":"data","sid":"20261006T103238.393149Z-Ha9d4ceab-P0001319a","thread":"main","time":"2026-10-06T10:32:38.453751Z","file":"dir.c","line":3069,"repo":1,"t_abs":0.062875,"t_rel":0.045045,"nesting":2,"category":"read_directory","key":"paths-visited","value":"522"}
{"event":"region_leave","sid":"20261006T103238.393149Z-Ha9d4ceab-P0001319a","thread":"main","time":"2026-10-06T10:32:38.453761Z","file":"dir.c","line":3113,"repo":1,"t_rel":0.045055,"nesting":1,"category":"dir","label":"read_directory"}
{"event":"exit","sid":"20261006T103238.393149Z-Ha9d4ceab-P0001319a","thread":"main","time":"2026-10-06T10:32:38.453778Z","file":"git.c","line":747,"t_abs":0.062903,"code":0}
{"event":"atexit","sid":"20261006T103238.393149Z-Ha9d4ceab-P0001319a","thread":"main","time":"2026-10-06T10:32:38.453791Z","file":"trace2/tr2_tgt_event.c","line":207,"t_abs":0.062915,"code":0}
{"event":"region_leave","sid":"20261006T103238.316298Z-Ha9d4ceab-P0001311f","thread":"main","time":"2026-10-06T10:32:38.454373Z","file":"unpack-trees.c","line":2011,"repo":1,"t_rel":0.123420,"nesting":2,"category":"unpack_trees","label":"traverse_trees"}
{"event":"region_leave","sid":"20261006T103238.298109Z-Ha9d4ceab-P00013102","thread":"main","time":"2026-10-06T10:32:38.454519Z","file":"unpack-trees.c","line":2011,"repo":1,"t_rel":0.128231,"nesting":2,"category":"unpack_trees","label":"traverse_trees"}
{"event":"region_leave","sid":"20261006T103238.298109Z-Ha9d4ceab-P00013102","thread":"main","time":"2026-10-06T10:32:38.454541Z","file":"unpack-trees.c","line":2108,"repo":1,"t_rel":0.133057,"nesting":1,"category":"unpack_trees","label":"unpack_trees"}
{"event":"exit","sid":"20261006T103238.298109Z-Ha9d4ceab-P00013102","thread":"main","time":"2026-10-06T10:32:38.454558Z","file":"git.c","line":747,"t_abs":0.158745,"code":0}
{"event":"data_json","sid":"20261006T103238.298109Z-Ha9d4ceab-P00013102","thread":"main","time":"2026-10-06T10:32:38.454565Z","file":"tree-walk.c","line":186,"repo":1,"t_abs":0.158753,"t_rel":0.158753,"nesting":1,"category":"traverse_trees","key":"statistics","value":{"traverse_trees_count":1,"traverse_trees_max_depth":1}}
{"event":"atexit","sid":"20261006T103238.298109Z-Ha9d4ceab-P00013102","thread":"main","time":"2026-10-06T10:32:38.454574Z","file":"trace2/tr2_tgt_event.c","line":207,"t_abs":0.158761,"code":0}
{"event":"region_leave","sid":"20261006T103238.316298Z-Ha9d4ceab-P0001311f","thread":"main","time":"2026-10-06T10:32:38.454611Z","file":"unpack-trees.c","line":2108,"repo":1,"t_rel":0.124506,"nesting":1,"category":"unpack_trees","label":"unpack_trees"}
{"event":"exit","sid":"20261006T103238.316298Z-Ha9d4ceab-P0001311f","thread":"main","time":"2026-10-06T10:32:38.454712Z","file":"git.c","line":747,"t_abs":0.139525,"code":0}
{"event":"data_json","sid":"20261006T103238.316298Z-Ha9d4ceab-P0001311f","thread":"main","time":"2026-10-06T10:32:38.454769Z","file":"tree-walk.c","line":186,"repo":1,"t_abs":0.139583,"t_rel":0.139583,"nesting":1,"category":"traverse_trees","key":"statistics","value":{"traverse_trees_count":1,"traverse_trees_max_depth":1}}
{"event":"atexit","sid":"20261006T103238.316298Z-Ha9d4ceab-P0001311f","thread":"main","time":"2026-10-06T10:32:38.454799Z","file":"trace2/tr2_tgt_event.c","line":207,"t_abs":0.139612,"code":0}
{"event":"exit","sid":"20261006T103238.378396Z-Ha9d4ceab-P00013190","thread":"main","time":"2026-10-06T10:32:38.459350Z","file":"git.c","line":747,"t_abs":0.084322,"code":0}
{"event":"atexit","sid":"20261006T103238.378396Z-Ha9d4ceab-P00013190","thread":"main","time":"2026-10-06T10:32:38.459381Z","file":"trace2/tr2_tgt_event.c","line":207,"t_abs":0.084354,"code":0}
{"event":"region_leave","sid":"20261006T103238.314530Z-Ha9d4ceab-P000130e3","thread":"main","time":"2026-10-06T10:32:38.475483Z","file":"unpack-trees.c","line":2011,"repo":1,"t_rel":0.134816,"nesting":2,"category":"unpack_trees","label":"traverse_trees"}
{"event":"region_leave","sid":"20261006T103238.314530Z-Ha9d4ceab-P000130e3","thread":"main","time":"2026-10-06T10:32:38.475515Z","file":"unpack-trees.c","line":2108,"repo":1,"t_rel":0.135958,"nesting":1,"category":"unpack_trees","label":"unpack_trees"}
{"event":"exit","sid":"20261006T103238.314530Z-Ha9d4ceab-P000130e3","thread":"main","time":"2026-10-06T10:32:38.475535Z","file":"git.c","line":747,"t_abs":0.164470,"code":0}
{"event":"data_json","sid":"20261006T103238.314530Z-Ha9d4ceab-P000130e3","thread":"main","time":"2026-10-06T10:32:38.475546Z","file":"tree-walk.c","line":186,"repo":1,"t_abs":0.164481,"t_rel":0.164481,"nesting":1,"category":"traverse_trees","key":"statistics","value":{"traverse_trees_count":1,"traverse_trees_max_depth":1}}
{"event":"atexit","sid":"20261006T103238.314530Z-Ha9d4ceab-P000130e3","thread":"main","time":"2026-10-06T10:32:38.475556Z","file":"trace2/tr2_tgt_event.c","line":207,"t_abs":0.164491,"code":0}
{"event":"region_leave","sid":"20261006T103238.335505Z-Ha9d4ceab-P00013144","thread":"main","time":"2026-10-06T10:32:38.485977Z","file":"unpack-trees.c","line":2011,"repo":1,"t_rel":0.130171,"nesting":2,"category":"unpack_trees","label":"traverse_trees"}
{"event":"region_leave","sid":"20261006T103238.335505Z-Ha9d4ceab-P00013144","thread":"main","time":"2026-10-06T10:32:38.486040Z","file":"unpack-trees.c","line":2108,"repo":1,"t_rel":0.132320,"nesting":1,"category":"unpack_trees","label":"unpack_trees"}
{"event":"exit","sid":"20261006T103238.335505Z-Ha9d4ceab-P00013144","thread":"main","time":"2026-10-06T10:32:38.486059Z","file":"git.c","line":747,"t_abs":0.152672,"code":0}
{"event":"data_json","sid":"20261006T103238.335505Z-Ha9d4ceab-P00013144","thread":"main","time":"2026-10-06T10:32:38.486067Z","file":"tree-walk.c","line":186,"repo":1,"t_abs":0.152680,"t_rel":0.152680,"nesting":1,"category":"traverse_trees","key":"statistics","value":{"traverse_trees_count":1,"traverse_trees_max_depth":1}}
{"event":"atexit","sid":"20261006T103238.335505Z-Ha9d4ceab-P00013144","thread":"main","time":"2026-10-06T10:32:38.486078Z","file":"trace2/tr2_tgt_event.c","line":207,"t_abs":0.152692,"code":0}
{"event":"region_leave","sid":"20261006T103238.361614Z-Ha9d4ceab-P00013186","thread":"main","time":"2026-10-06T10:32:38.496636Z","file":"unpack-trees.c","line":2011,"repo":1,"t_rel":0.116181,"nesting":2,"category":"unpack_trees","label":"traverse_trees"}
{"event":"region_leave","sid":"20261006T103238.361614Z-Ha9d4ceab-P00013186","thread":"main","time":"2026-10-06T10:32:38.496666Z","file":"unpack-trees.c","line":2108,"repo":1,"t_rel":0.119884,"nesting":1,"category":"unpack_trees","label":"unpack_trees"}
{"event":"exit","sid":"20261006T103238.361614Z-Ha9d4ceab-P00013186","thread":"main","time":"2026-10-06T10:32:38.496686Z","file":"git.c","line":747,"t_abs":0.137834,"code":0}
{"event":"data_json","sid":"20261006T103238.361614Z-Ha9d4ceab-P00013186","thread":"main","time":"2026-10-06T10:32:38.496698Z","file":"tree-walk.c","line":186,"repo":1,"t_abs":0.137846,"t_rel":0.137846,"nesting":1,"category":"traverse_trees","key":"statistics","value":{"traverse_trees_count":1,"traverse_trees_max_depth":1}}
{"event":"atexit","sid":"20261006T103238.361614Z-Ha9d4ceab-P00013186","thread":"main","time":"2026-10-06T10:32:38.496709Z","file":"trace2/tr2_tgt_event.c","line":207,"t_abs":0.137857,"code":0}
{"event":"region_leave","sid":"20261006T103238.384232Z-Ha9d4ceab-P00013195","thread":"main","time":"2026-10-06T10:32:38.507475Z","file":"unpack-trees.c","line":2011,"repo":1,"t_rel":0.101402,"nesting":2,"category":"unpack_trees","label":"traverse_trees"}
{"event":"region_leave","sid":"20261006T103238.384232Z-Ha9d4ceab-P00013195","thread":"main","time":"2026-10-06T10:32:38.507507Z","file":"unpack-trees.c","line":2108,"repo":1,"t_rel":0.103016,"nesting":1,"category":"unpack_trees","label":"unpack_trees"}
{"event":"exit","sid":"20261006T103238.384232Z-Ha9d4ceab-P00013195","thread":"main","time":"2026-10-06T10:32:38.507526Z","file":"git.c","line":747,"t_abs":0.125490,"code":0}
{"event":"data_json","sid":"20261006T103238.384232Z-Ha9d4ceab-P00013195","thread":"main","time":"2026-10-06T10:32:38.507533Z","file":"tree-walk.c","line":186,"repo":1,"t_abs":0.125497,"t_rel":0.125497,"nesting":1,"category":"traverse_trees","key":"statistics","value":{"traverse_trees_count":1,"traverse_trees_max_depth":1}}
{"event":"atexit","sid":"20261006T103238.384232Z-Ha9d4ceab-P00013195","thread":"main","time":"2026-10-06T10:32:38.507539Z","file":"trace2/tr2_tgt_event.c","line":207,"t_abs":0.125504,"code":0}
{"event":"region_leave","sid":"20261006T103238.386951Z-Ha9d4ceab-P00013177","thread":"main","time":"2026-10-06T10:32:38.509301Z","file":"unpack-trees.c","line":2011,"repo":1,"t_rel":0.099647,"nesting":2,"category":"unpack_trees","label":"traverse_trees"}
{"event":"region_leave","sid":"20261006T103238.386951Z-Ha9d4ceab-P00013177","thread":"main","time":"2026-10-06T10:32:38.509327Z","file":"unpack-trees.c","line":2108,"repo":1,"t_rel":0.101313,"nesting":1,"category":"unpack_trees","label":"unpack_trees"}
{"event":"exit","sid":"20261006T103238.386951Z-Ha9d4ceab-P00013177","thread":"main","time":"2026-10-06T10:32:38.509343Z","file":"git.c","line":747,"t_abs":0.124416,"code":0}
{"event":"data_json","sid":"20261006T103238.386951Z-Ha9d4ceab-P00013177","thread":"main","time":"2026-10-06T10:32:38.509356Z","file":"tree-walk.c","line":186,"repo":1,"t_abs":0.124429,"t_rel":0.124429,"nesting":1,"category":"traverse_trees","key":"statistics","value":{"traverse_trees_count":1,"traverse_trees_max_depth":1}}
{"event":"atexit","sid":"20261006T103238.386951Z-Ha9d4ceab-P00013177","thread":"main","time":"2026-10-06T10:32:38.509398Z","file":"trace2/tr2_tgt_event.c","line":207,"t_abs":0.124470,"code":0}
{"event":"version","sid":"20261006T103238.547648Z-Ha9d4ceab-P00013271","thread":"main","time":"2026-10-06T10:32:38.550962Z","file":"common-init.c","line":57,"evt":"4","exe":"2.50.1 (Apple Git-155)"}
{"event":"start","sid":"20261006T103238.547648Z-Ha9d4ceab-P00013271","thread":"main","time":"2026-10-06T10:32:38.550992Z","file":"common-init.c","line":58,"t_abs":0.003809,"argv":["/Library/Developer/CommandLineTools/usr/bin/git","-C","/var/folders/f1/2xjyyqkn5plc19fx4nt4tpt00000gn/T/flow-dperf02-tWIHzq/worker","cat-file","-t","5f4529721d854dc490f98e9546ec64121d705216"]}
{"event":"def_repo","sid":"20261006T103238.547648Z-Ha9d4ceab-P00013271","thread":"main","time":"2026-10-06T10:32:38.552663Z","file":"repository.c","line":241,"repo":1,"worktree":"/private/var/folders/f1/2xjyyqkn5plc19fx4nt4tpt00000gn/T/flow-dperf02-tWIHzq/worker"}
{"event":"cmd_name","sid":"20261006T103238.547648Z-Ha9d4ceab-P00013271","thread":"main","time":"2026-10-06T10:32:38.554067Z","file":"git.c","line":477,"name":"cat-file","hierarchy":"cat-file"}
{"event":"exit","sid":"20261006T103238.547648Z-Ha9d4ceab-P00013271","thread":"main","time":"2026-10-06T10:32:38.557004Z","file":"git.c","line":747,"t_abs":0.009820,"code":0}
{"event":"atexit","sid":"20261006T103238.547648Z-Ha9d4ceab-P00013271","thread":"main","time":"2026-10-06T10:32:38.557032Z","file":"trace2/tr2_tgt_event.c","line":207,"t_abs":0.009849,"code":0}
{"event":"version","sid":"20261006T103238.556056Z-Ha9d4ceab-P00013287","thread":"main","time":"2026-10-06T10:32:38.557788Z","file":"common-init.c","line":57,"evt":"4","exe":"2.50.1 (Apple Git-155)"}
{"event":"start","sid":"20261006T103238.556056Z-Ha9d4ceab-P00013287","thread":"main","time":"2026-10-06T10:32:38.557809Z","file":"common-init.c","line":58,"t_abs":0.002203,"argv":["/Library/Developer/CommandLineTools/usr/bin/git","-C","/var/folders/f1/2xjyyqkn5plc19fx4nt4tpt00000gn/T/flow-dperf02-tWIHzq/worker","cat-file","-t","5f4529721d854dc490f98e9546ec64121d705216"]}
{"event":"def_repo","sid":"20261006T103238.556056Z-Ha9d4ceab-P00013287","thread":"main","time":"2026-10-06T10:32:38.558180Z","file":"repository.c","line":241,"repo":1,"worktree":"/private/var/folders/f1/2xjyyqkn5plc19fx4nt4tpt00000gn/T/flow-dperf02-tWIHzq/worker"}
{"event":"cmd_name","sid":"20261006T103238.556056Z-Ha9d4ceab-P00013287","thread":"main","time":"2026-10-06T10:32:38.558546Z","file":"git.c","line":477,"name":"cat-file","hierarchy":"cat-file"}
{"event":"version","sid":"20261006T103238.558078Z-Ha9d4ceab-P000132a8","thread":"main","time":"2026-10-06T10:32:38.558905Z","file":"common-init.c","line":57,"evt":"4","exe":"2.50.1 (Apple Git-155)"}
{"event":"start","sid":"20261006T103238.558078Z-Ha9d4ceab-P000132a8","thread":"main","time":"2026-10-06T10:32:38.558929Z","file":"common-init.c","line":58,"t_abs":0.001199,"argv":["/Library/Developer/CommandLineTools/usr/bin/git","-C","/var/folders/f1/2xjyyqkn5plc19fx4nt4tpt00000gn/T/flow-dperf02-tWIHzq/worker","cat-file","-t","5f4529721d854dc490f98e9546ec64121d705216"]}
{"event":"exit","sid":"20261006T103238.556056Z-Ha9d4ceab-P00013287","thread":"main","time":"2026-10-06T10:32:38.559457Z","file":"git.c","line":747,"t_abs":0.003851,"code":0}
{"event":"atexit","sid":"20261006T103238.556056Z-Ha9d4ceab-P00013287","thread":"main","time":"2026-10-06T10:32:38.559469Z","file":"trace2/tr2_tgt_event.c","line":207,"t_abs":0.003863,"code":0}
{"event":"def_repo","sid":"20261006T103238.558078Z-Ha9d4ceab-P000132a8","thread":"main","time":"2026-10-06T10:32:38.559542Z","file":"repository.c","line":241,"repo":1,"worktree":"/private/var/folders/f1/2xjyyqkn5plc19fx4nt4tpt00000gn/T/flow-dperf02-tWIHzq/worker"}
{"event":"cmd_name","sid":"20261006T103238.558078Z-Ha9d4ceab-P000132a8","thread":"main","time":"2026-10-06T10:32:38.559843Z","file":"git.c","line":477,"name":"cat-file","hierarchy":"cat-file"}
{"event":"exit","sid":"20261006T103238.558078Z-Ha9d4ceab-P000132a8","thread":"main","time":"2026-10-06T10:32:38.560816Z","file":"git.c","line":747,"t_abs":0.003085,"code":0}
{"event":"atexit","sid":"20261006T103238.558078Z-Ha9d4ceab-P000132a8","thread":"main","time":"2026-10-06T10:32:38.560829Z","file":"trace2/tr2_tgt_event.c","line":207,"t_abs":0.003098,"code":0}
{"event":"version","sid":"20261006T103238.561097Z-Ha9d4ceab-P00013292","thread":"main","time":"2026-10-06T10:32:38.562643Z","file":"common-init.c","line":57,"evt":"4","exe":"2.50.1 (Apple Git-155)"}
{"event":"start","sid":"20261006T103238.561097Z-Ha9d4ceab-P00013292","thread":"main","time":"2026-10-06T10:32:38.562668Z","file":"common-init.c","line":58,"t_abs":0.001905,"argv":["/Library/Developer/CommandLineTools/usr/bin/git","-C","/var/folders/f1/2xjyyqkn5plc19fx4nt4tpt00000gn/T/flow-dperf02-tWIHzq/worker","cat-file","-t","5f4529721d854dc490f98e9546ec64121d705216"]}
{"event":"def_repo","sid":"20261006T103238.561097Z-Ha9d4ceab-P00013292","thread":"main","time":"2026-10-06T10:32:38.563581Z","file":"repository.c","line":241,"repo":1,"worktree":"/private/var/folders/f1/2xjyyqkn5plc19fx4nt4tpt00000gn/T/flow-dperf02-tWIHzq/worker"}
{"event":"cmd_name","sid":"20261006T103238.561097Z-Ha9d4ceab-P00013292","thread":"main","time":"2026-10-06T10:32:38.564168Z","file":"git.c","line":477,"name":"cat-file","hierarchy":"cat-file"}
{"event":"version","sid":"20261006T103238.562995Z-Ha9d4ceab-P0001327d","thread":"main","time":"2026-10-06T10:32:38.564954Z","file":"common-init.c","line":57,"evt":"4","exe":"2.50.1 (Apple Git-155)"}
{"event":"start","sid":"20261006T103238.562995Z-Ha9d4ceab-P0001327d","thread":"main","time":"2026-10-06T10:32:38.564969Z","file":"common-init.c","line":58,"t_abs":0.002908,"argv":["/Library/Developer/CommandLineTools/usr/bin/git","-C","/var/folders/f1/2xjyyqkn5plc19fx4nt4tpt00000gn/T/flow-dperf02-tWIHzq/worker","cat-file","-t","5f4529721d854dc490f98e9546ec64121d705216"]}
{"event":"exit","sid":"20261006T103238.561097Z-Ha9d4ceab-P00013292","thread":"main","time":"2026-10-06T10:32:38.566061Z","file":"git.c","line":747,"t_abs":0.005298,"code":0}
{"event":"atexit","sid":"20261006T103238.561097Z-Ha9d4ceab-P00013292","thread":"main","time":"2026-10-06T10:32:38.566079Z","file":"trace2/tr2_tgt_event.c","line":207,"t_abs":0.005316,"code":0}
{"event":"def_repo","sid":"20261006T103238.562995Z-Ha9d4ceab-P0001327d","thread":"main","time":"2026-10-06T10:32:38.566731Z","file":"repository.c","line":241,"repo":1,"worktree":"/private/var/folders/f1/2xjyyqkn5plc19fx4nt4tpt00000gn/T/flow-dperf02-tWIHzq/worker"}
{"event":"cmd_name","sid":"20261006T103238.562995Z-Ha9d4ceab-P0001327d","thread":"main","time":"2026-10-06T10:32:38.567818Z","file":"git.c","line":477,"name":"cat-file","hierarchy":"cat-file"}
{"event":"exit","sid":"20261006T103238.562995Z-Ha9d4ceab-P0001327d","thread":"main","time":"2026-10-06T10:32:38.569341Z","file":"git.c","line":747,"t_abs":0.007279,"code":0}
{"event":"atexit","sid":"20261006T103238.562995Z-Ha9d4ceab-P0001327d","thread":"main","time":"2026-10-06T10:32:38.569359Z","file":"trace2/tr2_tgt_event.c","line":207,"t_abs":0.007299,"code":0}
{"event":"version","sid":"20261006T103238.567182Z-Ha9d4ceab-P000132b0","thread":"main","time":"2026-10-06T10:32:38.569358Z","file":"common-init.c","line":57,"evt":"4","exe":"2.50.1 (Apple Git-155)"}
{"event":"start","sid":"20261006T103238.567182Z-Ha9d4ceab-P000132b0","thread":"main","time":"2026-10-06T10:32:38.569401Z","file":"common-init.c","line":58,"t_abs":0.002855,"argv":["/Library/Developer/CommandLineTools/usr/bin/git","-C","/var/folders/f1/2xjyyqkn5plc19fx4nt4tpt00000gn/T/flow-dperf02-tWIHzq/worker","cat-file","-t","5f4529721d854dc490f98e9546ec64121d705216"]}
{"event":"version","sid":"20261006T103238.567566Z-Ha9d4ceab-P000132b8","thread":"main","time":"2026-10-06T10:32:38.569718Z","file":"common-init.c","line":57,"evt":"4","exe":"2.50.1 (Apple Git-155)"}
{"event":"start","sid":"20261006T103238.567566Z-Ha9d4ceab-P000132b8","thread":"main","time":"2026-10-06T10:32:38.569769Z","file":"common-init.c","line":58,"t_abs":0.003041,"argv":["/Library/Developer/CommandLineTools/usr/bin/git","-C","/var/folders/f1/2xjyyqkn5plc19fx4nt4tpt00000gn/T/flow-dperf02-tWIHzq/worker","cat-file","-t","5f4529721d854dc490f98e9546ec64121d705216"]}
{"event":"def_repo","sid":"20261006T103238.567182Z-Ha9d4ceab-P000132b0","thread":"main","time":"2026-10-06T10:32:38.570441Z","file":"repository.c","line":241,"repo":1,"worktree":"/private/var/folders/f1/2xjyyqkn5plc19fx4nt4tpt00000gn/T/flow-dperf02-tWIHzq/worker"}
{"event":"def_repo","sid":"20261006T103238.567566Z-Ha9d4ceab-P000132b8","thread":"main","time":"2026-10-06T10:32:38.570490Z","file":"repository.c","line":241,"repo":1,"worktree":"/private/var/folders/f1/2xjyyqkn5plc19fx4nt4tpt00000gn/T/flow-dperf02-tWIHzq/worker"}
{"event":"version","sid":"20261006T103238.568411Z-Ha9d4ceab-P0001329f","thread":"main","time":"2026-10-06T10:32:38.570831Z","file":"common-init.c","line":57,"evt":"4","exe":"2.50.1 (Apple Git-155)"}
{"event":"start","sid":"20261006T103238.568411Z-Ha9d4ceab-P0001329f","thread":"main","time":"2026-10-06T10:32:38.570852Z","file":"common-init.c","line":58,"t_abs":0.002872,"argv":["/Library/Developer/CommandLineTools/usr/bin/git","-C","/var/folders/f1/2xjyyqkn5plc19fx4nt4tpt00000gn/T/flow-dperf02-tWIHzq/worker","cat-file","-t","5f4529721d854dc490f98e9546ec64121d705216"]}
{"event":"cmd_name","sid":"20261006T103238.567566Z-Ha9d4ceab-P000132b8","thread":"main","time":"2026-10-06T10:32:38.571013Z","file":"git.c","line":477,"name":"cat-file","hierarchy":"cat-file"}
{"event":"cmd_name","sid":"20261006T103238.567182Z-Ha9d4ceab-P000132b0","thread":"main","time":"2026-10-06T10:32:38.571350Z","file":"git.c","line":477,"name":"cat-file","hierarchy":"cat-file"}
{"event":"def_repo","sid":"20261006T103238.568411Z-Ha9d4ceab-P0001329f","thread":"main","time":"2026-10-06T10:32:38.571567Z","file":"repository.c","line":241,"repo":1,"worktree":"/private/var/folders/f1/2xjyyqkn5plc19fx4nt4tpt00000gn/T/flow-dperf02-tWIHzq/worker"}
{"event":"cmd_name","sid":"20261006T103238.568411Z-Ha9d4ceab-P0001329f","thread":"main","time":"2026-10-06T10:32:38.572226Z","file":"git.c","line":477,"name":"cat-file","hierarchy":"cat-file"}
{"event":"exit","sid":"20261006T103238.567566Z-Ha9d4ceab-P000132b8","thread":"main","time":"2026-10-06T10:32:38.572265Z","file":"git.c","line":747,"t_abs":0.005537,"code":0}
{"event":"atexit","sid":"20261006T103238.567566Z-Ha9d4ceab-P000132b8","thread":"main","time":"2026-10-06T10:32:38.572276Z","file":"trace2/tr2_tgt_event.c","line":207,"t_abs":0.005548,"code":0}
{"event":"exit","sid":"20261006T103238.567182Z-Ha9d4ceab-P000132b0","thread":"main","time":"2026-10-06T10:32:38.573189Z","file":"git.c","line":747,"t_abs":0.006643,"code":0}
{"event":"atexit","sid":"20261006T103238.567182Z-Ha9d4ceab-P000132b0","thread":"main","time":"2026-10-06T10:32:38.573213Z","file":"trace2/tr2_tgt_event.c","line":207,"t_abs":0.006667,"code":0}
{"event":"exit","sid":"20261006T103238.568411Z-Ha9d4ceab-P0001329f","thread":"main","time":"2026-10-06T10:32:38.573328Z","file":"git.c","line":747,"t_abs":0.005348,"code":0}
{"event":"atexit","sid":"20261006T103238.568411Z-Ha9d4ceab-P0001329f","thread":"main","time":"2026-10-06T10:32:38.573338Z","file":"trace2/tr2_tgt_event.c","line":207,"t_abs":0.005359,"code":0}
{"event":"version","sid":"20261006T103238.572492Z-Ha9d4ceab-P000132c5","thread":"main","time":"2026-10-06T10:32:38.573342Z","file":"common-init.c","line":57,"evt":"4","exe":"2.50.1 (Apple Git-155)"}
{"event":"start","sid":"20261006T103238.572492Z-Ha9d4ceab-P000132c5","thread":"main","time":"2026-10-06T10:32:38.573356Z","file":"common-init.c","line":58,"t_abs":0.001513,"argv":["/Library/Developer/CommandLineTools/usr/bin/git","-C","/var/folders/f1/2xjyyqkn5plc19fx4nt4tpt00000gn/T/flow-dperf02-tWIHzq/worker","cat-file","-t","5f4529721d854dc490f98e9546ec64121d705216"]}
{"event":"def_repo","sid":"20261006T103238.572492Z-Ha9d4ceab-P000132c5","thread":"main","time":"2026-10-06T10:32:38.573740Z","file":"repository.c","line":241,"repo":1,"worktree":"/private/var/folders/f1/2xjyyqkn5plc19fx4nt4tpt00000gn/T/flow-dperf02-tWIHzq/worker"}
{"event":"cmd_name","sid":"20261006T103238.572492Z-Ha9d4ceab-P000132c5","thread":"main","time":"2026-10-06T10:32:38.574186Z","file":"git.c","line":477,"name":"cat-file","hierarchy":"cat-file"}
{"event":"exit","sid":"20261006T103238.572492Z-Ha9d4ceab-P000132c5","thread":"main","time":"2026-10-06T10:32:38.575284Z","file":"git.c","line":747,"t_abs":0.003440,"code":0}
{"event":"atexit","sid":"20261006T103238.572492Z-Ha9d4ceab-P000132c5","thread":"main","time":"2026-10-06T10:32:38.575298Z","file":"trace2/tr2_tgt_event.c","line":207,"t_abs":0.003453,"code":0}
{"event":"version","sid":"20261006T103238.575252Z-Ha9d4ceab-P000132ca","thread":"main","time":"2026-10-06T10:32:38.575656Z","file":"common-init.c","line":57,"evt":"4","exe":"2.50.1 (Apple Git-155)"}
{"event":"start","sid":"20261006T103238.575252Z-Ha9d4ceab-P000132ca","thread":"main","time":"2026-10-06T10:32:38.575680Z","file":"common-init.c","line":58,"t_abs":0.000827,"argv":["/Library/Developer/CommandLineTools/usr/bin/git","-C","/var/folders/f1/2xjyyqkn5plc19fx4nt4tpt00000gn/T/flow-dperf02-tWIHzq/worker","cat-file","-t","5f4529721d854dc490f98e9546ec64121d705216"]}
{"event":"def_repo","sid":"20261006T103238.575252Z-Ha9d4ceab-P000132ca","thread":"main","time":"2026-10-06T10:32:38.576103Z","file":"repository.c","line":241,"repo":1,"worktree":"/private/var/folders/f1/2xjyyqkn5plc19fx4nt4tpt00000gn/T/flow-dperf02-tWIHzq/worker"}
{"event":"cmd_name","sid":"20261006T103238.575252Z-Ha9d4ceab-P000132ca","thread":"main","time":"2026-10-06T10:32:38.576518Z","file":"git.c","line":477,"name":"cat-file","hierarchy":"cat-file"}
{"event":"exit","sid":"20261006T103238.575252Z-Ha9d4ceab-P000132ca","thread":"main","time":"2026-10-06T10:32:38.578078Z","file":"git.c","line":747,"t_abs":0.003222,"code":0}
{"event":"atexit","sid":"20261006T103238.575252Z-Ha9d4ceab-P000132ca","thread":"main","time":"2026-10-06T10:32:38.578123Z","file":"trace2/tr2_tgt_event.c","line":207,"t_abs":0.003269,"code":0}
{"event":"version","sid":"20261006T103238.578185Z-Ha9d4ceab-P000132d0","thread":"main","time":"2026-10-06T10:32:38.578829Z","file":"common-init.c","line":57,"evt":"4","exe":"2.50.1 (Apple Git-155)"}
{"event":"start","sid":"20261006T103238.578185Z-Ha9d4ceab-P000132d0","thread":"main","time":"2026-10-06T10:32:38.578851Z","file":"common-init.c","line":58,"t_abs":0.001390,"argv":["/Library/Developer/CommandLineTools/usr/bin/git","-C","/var/folders/f1/2xjyyqkn5plc19fx4nt4tpt00000gn/T/flow-dperf02-tWIHzq/worker","cat-file","-t","5f4529721d854dc490f98e9546ec64121d705216"]}
{"event":"version","sid":"20261006T103238.577969Z-Ha9d4ceab-P000132bf","thread":"main","time":"2026-10-06T10:32:38.578898Z","file":"common-init.c","line":57,"evt":"4","exe":"2.50.1 (Apple Git-155)"}
{"event":"start","sid":"20261006T103238.577969Z-Ha9d4ceab-P000132bf","thread":"main","time":"2026-10-06T10:32:38.578910Z","file":"common-init.c","line":58,"t_abs":0.001555,"argv":["/Library/Developer/CommandLineTools/usr/bin/git","-C","/var/folders/f1/2xjyyqkn5plc19fx4nt4tpt00000gn/T/flow-dperf02-tWIHzq/worker","cat-file","-t","5f4529721d854dc490f98e9546ec64121d705216"]}
{"event":"def_repo","sid":"20261006T103238.578185Z-Ha9d4ceab-P000132d0","thread":"main","time":"2026-10-06T10:32:38.579546Z","file":"repository.c","line":241,"repo":1,"worktree":"/private/var/folders/f1/2xjyyqkn5plc19fx4nt4tpt00000gn/T/flow-dperf02-tWIHzq/worker"}
{"event":"def_repo","sid":"20261006T103238.577969Z-Ha9d4ceab-P000132bf","thread":"main","time":"2026-10-06T10:32:38.579714Z","file":"repository.c","line":241,"repo":1,"worktree":"/private/var/folders/f1/2xjyyqkn5plc19fx4nt4tpt00000gn/T/flow-dperf02-tWIHzq/worker"}
{"event":"cmd_name","sid":"20261006T103238.578185Z-Ha9d4ceab-P000132d0","thread":"main","time":"2026-10-06T10:32:38.579899Z","file":"git.c","line":477,"name":"cat-file","hierarchy":"cat-file"}
{"event":"cmd_name","sid":"20261006T103238.577969Z-Ha9d4ceab-P000132bf","thread":"main","time":"2026-10-06T10:32:38.580653Z","file":"git.c","line":477,"name":"cat-file","hierarchy":"cat-file"}
{"event":"exit","sid":"20261006T103238.578185Z-Ha9d4ceab-P000132d0","thread":"main","time":"2026-10-06T10:32:38.581128Z","file":"git.c","line":747,"t_abs":0.003667,"code":0}
{"event":"atexit","sid":"20261006T103238.578185Z-Ha9d4ceab-P000132d0","thread":"main","time":"2026-10-06T10:32:38.581146Z","file":"trace2/tr2_tgt_event.c","line":207,"t_abs":0.003685,"code":0}
{"event":"exit","sid":"20261006T103238.577969Z-Ha9d4ceab-P000132bf","thread":"main","time":"2026-10-06T10:32:38.582988Z","file":"git.c","line":747,"t_abs":0.005633,"code":0}
{"event":"atexit","sid":"20261006T103238.577969Z-Ha9d4ceab-P000132bf","thread":"main","time":"2026-10-06T10:32:38.583002Z","file":"trace2/tr2_tgt_event.c","line":207,"t_abs":0.005647,"code":0}
{"event":"version","sid":"20261006T103238.582722Z-Ha9d4ceab-P000132d7","thread":"main","time":"2026-10-06T10:32:38.583982Z","file":"common-init.c","line":57,"evt":"4","exe":"2.50.1 (Apple Git-155)"}
{"event":"version","sid":"20261006T103238.582605Z-Ha9d4ceab-P000132e2","thread":"main","time":"2026-10-06T10:32:38.584005Z","file":"common-init.c","line":57,"evt":"4","exe":"2.50.1 (Apple Git-155)"}
{"event":"start","sid":"20261006T103238.582722Z-Ha9d4ceab-P000132d7","thread":"main","time":"2026-10-06T10:32:38.584025Z","file":"common-init.c","line":58,"t_abs":0.002286,"argv":["/Library/Developer/CommandLineTools/usr/bin/git","-C","/var/folders/f1/2xjyyqkn5plc19fx4nt4tpt00000gn/T/flow-dperf02-tWIHzq/worker","cat-file","-t","5f4529721d854dc490f98e9546ec64121d705216"]}
{"event":"start","sid":"20261006T103238.582605Z-Ha9d4ceab-P000132e2","thread":"main","time":"2026-10-06T10:32:38.584297Z","file":"common-init.c","line":58,"t_abs":0.002734,"argv":["/Library/Developer/CommandLineTools/usr/bin/git","-C","/var/folders/f1/2xjyyqkn5plc19fx4nt4tpt00000gn/T/flow-dperf02-tWIHzq/worker","cat-file","-t","5f4529721d854dc490f98e9546ec64121d705216"]}
{"event":"def_repo","sid":"20261006T103238.582605Z-Ha9d4ceab-P000132e2","thread":"main","time":"2026-10-06T10:32:38.585160Z","file":"repository.c","line":241,"repo":1,"worktree":"/private/var/folders/f1/2xjyyqkn5plc19fx4nt4tpt00000gn/T/flow-dperf02-tWIHzq/worker"}
{"event":"def_repo","sid":"20261006T103238.582722Z-Ha9d4ceab-P000132d7","thread":"main","time":"2026-10-06T10:32:38.585179Z","file":"repository.c","line":241,"repo":1,"worktree":"/private/var/folders/f1/2xjyyqkn5plc19fx4nt4tpt00000gn/T/flow-dperf02-tWIHzq/worker"}
{"event":"cmd_name","sid":"20261006T103238.582722Z-Ha9d4ceab-P000132d7","thread":"main","time":"2026-10-06T10:32:38.585882Z","file":"git.c","line":477,"name":"cat-file","hierarchy":"cat-file"}
{"event":"cmd_name","sid":"20261006T103238.582605Z-Ha9d4ceab-P000132e2","thread":"main","time":"2026-10-06T10:32:38.586446Z","file":"git.c","line":477,"name":"cat-file","hierarchy":"cat-file"}
{"event":"version","sid":"20261006T103238.586007Z-Ha9d4ceab-P000132fe","thread":"main","time":"2026-10-06T10:32:38.587069Z","file":"common-init.c","line":57,"evt":"4","exe":"2.50.1 (Apple Git-155)"}
{"event":"version","sid":"20261006T103238.585966Z-Ha9d4ceab-P000132f9","thread":"main","time":"2026-10-06T10:32:38.587073Z","file":"common-init.c","line":57,"evt":"4","exe":"2.50.1 (Apple Git-155)"}
{"event":"start","sid":"20261006T103238.586007Z-Ha9d4ceab-P000132fe","thread":"main","time":"2026-10-06T10:32:38.587086Z","file":"common-init.c","line":58,"t_abs":0.001767,"argv":["/Library/Developer/CommandLineTools/usr/bin/git","-C","/var/folders/f1/2xjyyqkn5plc19fx4nt4tpt00000gn/T/flow-dperf02-tWIHzq/worker","cat-file","-t","5f4529721d854dc490f98e9546ec64121d705216"]}
{"event":"start","sid":"20261006T103238.585966Z-Ha9d4ceab-P000132f9","thread":"main","time":"2026-10-06T10:32:38.587092Z","file":"common-init.c","line":58,"t_abs":0.002337,"argv":["/Library/Developer/CommandLineTools/usr/bin/git","-C","/var/folders/f1/2xjyyqkn5plc19fx4nt4tpt00000gn/T/flow-dperf02-tWIHzq/worker","cat-file","-t","5f4529721d854dc490f98e9546ec64121d705216"]}
{"event":"exit","sid":"20261006T103238.582722Z-Ha9d4ceab-P000132d7","thread":"main","time":"2026-10-06T10:32:38.587657Z","file":"git.c","line":747,"t_abs":0.005917,"code":0}
{"event":"exit","sid":"20261006T103238.582605Z-Ha9d4ceab-P000132e2","thread":"main","time":"2026-10-06T10:32:38.587689Z","file":"git.c","line":747,"t_abs":0.006125,"code":0}
{"event":"atexit","sid":"20261006T103238.582722Z-Ha9d4ceab-P000132d7","thread":"main","time":"2026-10-06T10:32:38.587723Z","file":"trace2/tr2_tgt_event.c","line":207,"t_abs":0.005983,"code":0}
{"event":"def_repo","sid":"20261006T103238.585966Z-Ha9d4ceab-P000132f9","thread":"main","time":"2026-10-06T10:32:38.587696Z","file":"repository.c","line":241,"repo":1,"worktree":"/private/var/folders/f1/2xjyyqkn5plc19fx4nt4tpt00000gn/T/flow-dperf02-tWIHzq/worker"}
{"event":"atexit","sid":"20261006T103238.582605Z-Ha9d4ceab-P000132e2","thread":"main","time":"2026-10-06T10:32:38.587839Z","file":"trace2/tr2_tgt_event.c","line":207,"t_abs":0.006275,"code":0}
{"event":"def_repo","sid":"20261006T103238.586007Z-Ha9d4ceab-P000132fe","thread":"main","time":"2026-10-06T10:32:38.587844Z","file":"repository.c","line":241,"repo":1,"worktree":"/private/var/folders/f1/2xjyyqkn5plc19fx4nt4tpt00000gn/T/flow-dperf02-tWIHzq/worker"}
{"event":"cmd_name","sid":"20261006T103238.585966Z-Ha9d4ceab-P000132f9","thread":"main","time":"2026-10-06T10:32:38.588273Z","file":"git.c","line":477,"name":"cat-file","hierarchy":"cat-file"}
{"event":"cmd_name","sid":"20261006T103238.586007Z-Ha9d4ceab-P000132fe","thread":"main","time":"2026-10-06T10:32:38.588302Z","file":"git.c","line":477,"name":"cat-file","hierarchy":"cat-file"}
{"event":"exit","sid":"20261006T103238.585966Z-Ha9d4ceab-P000132f9","thread":"main","time":"2026-10-06T10:32:38.589728Z","file":"git.c","line":747,"t_abs":0.004973,"code":0}
{"event":"atexit","sid":"20261006T103238.585966Z-Ha9d4ceab-P000132f9","thread":"main","time":"2026-10-06T10:32:38.589745Z","file":"trace2/tr2_tgt_event.c","line":207,"t_abs":0.004990,"code":0}
{"event":"exit","sid":"20261006T103238.586007Z-Ha9d4ceab-P000132fe","thread":"main","time":"2026-10-06T10:32:38.589842Z","file":"git.c","line":747,"t_abs":0.004522,"code":0}
{"event":"atexit","sid":"20261006T103238.586007Z-Ha9d4ceab-P000132fe","thread":"main","time":"2026-10-06T10:32:38.589859Z","file":"trace2/tr2_tgt_event.c","line":207,"t_abs":0.004539,"code":0}
{"event":"version","sid":"20261006T103238.594037Z-Ha9d4ceab-P00013306","thread":"main","time":"2026-10-06T10:32:38.595301Z","file":"common-init.c","line":57,"evt":"4","exe":"2.50.1 (Apple Git-155)"}
{"event":"start","sid":"20261006T103238.594037Z-Ha9d4ceab-P00013306","thread":"main","time":"2026-10-06T10:32:38.595332Z","file":"common-init.c","line":58,"t_abs":0.002131,"argv":["/Library/Developer/CommandLineTools/usr/bin/git","-C","/var/folders/f1/2xjyyqkn5plc19fx4nt4tpt00000gn/T/flow-dperf02-tWIHzq/worker","ls-tree","-r","-z","--full-tree","5f4529721d854dc490f98e9546ec64121d705216","--",":(literal)src/shared"]}
{"event":"def_repo","sid":"20261006T103238.594037Z-Ha9d4ceab-P00013306","thread":"main","time":"2026-10-06T10:32:38.595826Z","file":"repository.c","line":241,"repo":1,"worktree":"/private/var/folders/f1/2xjyyqkn5plc19fx4nt4tpt00000gn/T/flow-dperf02-tWIHzq/worker"}
{"event":"version","sid":"20261006T103238.594823Z-Ha9d4ceab-P0001331e","thread":"main","time":"2026-10-06T10:32:38.595881Z","file":"common-init.c","line":57,"evt":"4","exe":"2.50.1 (Apple Git-155)"}
{"event":"start","sid":"20261006T103238.594823Z-Ha9d4ceab-P0001331e","thread":"main","time":"2026-10-06T10:32:38.595924Z","file":"common-init.c","line":58,"t_abs":0.001418,"argv":["/Library/Developer/CommandLineTools/usr/bin/git","-C","/var/folders/f1/2xjyyqkn5plc19fx4nt4tpt00000gn/T/flow-dperf02-tWIHzq/worker","ls-tree","-r","-z","--full-tree","5f4529721d854dc490f98e9546ec64121d705216","--",":(literal)src/shared"]}
{"event":"cmd_name","sid":"20261006T103238.594037Z-Ha9d4ceab-P00013306","thread":"main","time":"2026-10-06T10:32:38.596472Z","file":"git.c","line":477,"name":"ls-tree","hierarchy":"ls-tree"}
{"event":"def_repo","sid":"20261006T103238.594823Z-Ha9d4ceab-P0001331e","thread":"main","time":"2026-10-06T10:32:38.596682Z","file":"repository.c","line":241,"repo":1,"worktree":"/private/var/folders/f1/2xjyyqkn5plc19fx4nt4tpt00000gn/T/flow-dperf02-tWIHzq/worker"}
{"event":"cmd_name","sid":"20261006T103238.594823Z-Ha9d4ceab-P0001331e","thread":"main","time":"2026-10-06T10:32:38.597269Z","file":"git.c","line":477,"name":"ls-tree","hierarchy":"ls-tree"}
{"event":"version","sid":"20261006T103238.597097Z-Ha9d4ceab-P0001330e","thread":"main","time":"2026-10-06T10:32:38.597693Z","file":"common-init.c","line":57,"evt":"4","exe":"2.50.1 (Apple Git-155)"}
{"event":"start","sid":"20261006T103238.597097Z-Ha9d4ceab-P0001330e","thread":"main","time":"2026-10-06T10:32:38.597708Z","file":"common-init.c","line":58,"t_abs":0.001239,"argv":["/Library/Developer/CommandLineTools/usr/bin/git","-C","/var/folders/f1/2xjyyqkn5plc19fx4nt4tpt00000gn/T/flow-dperf02-tWIHzq/worker","ls-tree","-r","-z","--full-tree","5f4529721d854dc490f98e9546ec64121d705216","--",":(literal)src/shared"]}
{"event":"def_repo","sid":"20261006T103238.597097Z-Ha9d4ceab-P0001330e","thread":"main","time":"2026-10-06T10:32:38.598398Z","file":"repository.c","line":241,"repo":1,"worktree":"/private/var/folders/f1/2xjyyqkn5plc19fx4nt4tpt00000gn/T/flow-dperf02-tWIHzq/worker"}
{"event":"exit","sid":"20261006T103238.594037Z-Ha9d4ceab-P00013306","thread":"main","time":"2026-10-06T10:32:38.598445Z","file":"git.c","line":747,"t_abs":0.005244,"code":0}
{"event":"atexit","sid":"20261006T103238.594037Z-Ha9d4ceab-P00013306","thread":"main","time":"2026-10-06T10:32:38.598460Z","file":"trace2/tr2_tgt_event.c","line":207,"t_abs":0.005258,"code":0}
{"event":"exit","sid":"20261006T103238.594823Z-Ha9d4ceab-P0001331e","thread":"main","time":"2026-10-06T10:32:38.599281Z","file":"git.c","line":747,"t_abs":0.004776,"code":0}
{"event":"atexit","sid":"20261006T103238.594823Z-Ha9d4ceab-P0001331e","thread":"main","time":"2026-10-06T10:32:38.599293Z","file":"trace2/tr2_tgt_event.c","line":207,"t_abs":0.004788,"code":0}
{"event":"cmd_name","sid":"20261006T103238.597097Z-Ha9d4ceab-P0001330e","thread":"main","time":"2026-10-06T10:32:38.599776Z","file":"git.c","line":477,"name":"ls-tree","hierarchy":"ls-tree"}
{"event":"exit","sid":"20261006T103238.597097Z-Ha9d4ceab-P0001330e","thread":"main","time":"2026-10-06T10:32:38.602305Z","file":"git.c","line":747,"t_abs":0.005835,"code":0}
{"event":"atexit","sid":"20261006T103238.597097Z-Ha9d4ceab-P0001330e","thread":"main","time":"2026-10-06T10:32:38.602667Z","file":"trace2/tr2_tgt_event.c","line":207,"t_abs":0.006195,"code":0}
{"event":"version","sid":"20261006T103238.604326Z-Ha9d4ceab-P00013326","thread":"main","time":"2026-10-06T10:32:38.605189Z","file":"common-init.c","line":57,"evt":"4","exe":"2.50.1 (Apple Git-155)"}
{"event":"start","sid":"20261006T103238.604326Z-Ha9d4ceab-P00013326","thread":"main","time":"2026-10-06T10:32:38.605326Z","file":"common-init.c","line":58,"t_abs":0.001412,"argv":["/Library/Developer/CommandLineTools/usr/bin/git","-C","/var/folders/f1/2xjyyqkn5plc19fx4nt4tpt00000gn/T/flow-dperf02-tWIHzq/worker","ls-tree","-r","-z","--full-tree","5f4529721d854dc490f98e9546ec64121d705216","--",":(literal)src/shared"]}
{"event":"def_repo","sid":"20261006T103238.604326Z-Ha9d4ceab-P00013326","thread":"main","time":"2026-10-06T10:32:38.606171Z","file":"repository.c","line":241,"repo":1,"worktree":"/private/var/folders/f1/2xjyyqkn5plc19fx4nt4tpt00000gn/T/flow-dperf02-tWIHzq/worker"}
{"event":"cmd_name","sid":"20261006T103238.604326Z-Ha9d4ceab-P00013326","thread":"main","time":"2026-10-06T10:32:38.606599Z","file":"git.c","line":477,"name":"ls-tree","hierarchy":"ls-tree"}
{"event":"version","sid":"20261006T103238.605429Z-Ha9d4ceab-P00013319","thread":"main","time":"2026-10-06T10:32:38.606680Z","file":"common-init.c","line":57,"evt":"4","exe":"2.50.1 (Apple Git-155)"}
{"event":"start","sid":"20261006T103238.605429Z-Ha9d4ceab-P00013319","thread":"main","time":"2026-10-06T10:32:38.606697Z","file":"common-init.c","line":58,"t_abs":0.001615,"argv":["/Library/Developer/CommandLineTools/usr/bin/git","-C","/var/folders/f1/2xjyyqkn5plc19fx4nt4tpt00000gn/T/flow-dperf02-tWIHzq/worker","ls-tree","-r","-z","--full-tree","5f4529721d854dc490f98e9546ec64121d705216","--",":(literal)src/shared"]}
{"event":"def_repo","sid":"20261006T103238.605429Z-Ha9d4ceab-P00013319","thread":"main","time":"2026-10-06T10:32:38.607227Z","file":"repository.c","line":241,"repo":1,"worktree":"/private/var/folders/f1/2xjyyqkn5plc19fx4nt4tpt00000gn/T/flow-dperf02-tWIHzq/worker"}
{"event":"cmd_name","sid":"20261006T103238.605429Z-Ha9d4ceab-P00013319","thread":"main","time":"2026-10-06T10:32:38.607656Z","file":"git.c","line":477,"name":"ls-tree","hierarchy":"ls-tree"}
{"event":"exit","sid":"20261006T103238.604326Z-Ha9d4ceab-P00013326","thread":"main","time":"2026-10-06T10:32:38.608113Z","file":"git.c","line":747,"t_abs":0.004200,"code":0}
{"event":"atexit","sid":"20261006T103238.604326Z-Ha9d4ceab-P00013326","thread":"main","time":"2026-10-06T10:32:38.608127Z","file":"trace2/tr2_tgt_event.c","line":207,"t_abs":0.004214,"code":0}
{"event":"exit","sid":"20261006T103238.605429Z-Ha9d4ceab-P00013319","thread":"main","time":"2026-10-06T10:32:38.609255Z","file":"git.c","line":747,"t_abs":0.004173,"code":0}
{"event":"atexit","sid":"20261006T103238.605429Z-Ha9d4ceab-P00013319","thread":"main","time":"2026-10-06T10:32:38.609271Z","file":"trace2/tr2_tgt_event.c","line":207,"t_abs":0.004189,"code":0}
{"event":"version","sid":"20261006T103238.611384Z-Ha9d4ceab-P00013332","thread":"main","time":"2026-10-06T10:32:38.612273Z","file":"common-init.c","line":57,"evt":"4","exe":"2.50.1 (Apple Git-155)"}
{"event":"start","sid":"20261006T103238.611384Z-Ha9d4ceab-P00013332","thread":"main","time":"2026-10-06T10:32:38.612421Z","file":"common-init.c","line":58,"t_abs":0.001642,"argv":["/Library/Developer/CommandLineTools/usr/bin/git","-C","/var/folders/f1/2xjyyqkn5plc19fx4nt4tpt00000gn/T/flow-dperf02-tWIHzq/worker","ls-tree","-r","-z","--full-tree","5f4529721d854dc490f98e9546ec64121d705216","--",":(literal)src/shared"]}
{"event":"def_repo","sid":"20261006T103238.611384Z-Ha9d4ceab-P00013332","thread":"main","time":"2026-10-06T10:32:38.613644Z","file":"repository.c","line":241,"repo":1,"worktree":"/private/var/folders/f1/2xjyyqkn5plc19fx4nt4tpt00000gn/T/flow-dperf02-tWIHzq/worker"}
{"event":"version","sid":"20261006T103238.613050Z-Ha9d4ceab-P00013339","thread":"main","time":"2026-10-06T10:32:38.613824Z","file":"common-init.c","line":57,"evt":"4","exe":"2.50.1 (Apple Git-155)"}
{"event":"start","sid":"20261006T103238.613050Z-Ha9d4ceab-P00013339","thread":"main","time":"2026-10-06T10:32:38.613839Z","file":"common-init.c","line":58,"t_abs":0.001218,"argv":["/Library/Developer/CommandLineTools/usr/bin/git","-C","/var/folders/f1/2xjyyqkn5plc19fx4nt4tpt00000gn/T/flow-dperf02-tWIHzq/worker","ls-tree","-r","-z","--full-tree","5f4529721d854dc490f98e9546ec64121d705216","--",":(literal)src/shared"]}
{"event":"cmd_name","sid":"20261006T103238.611384Z-Ha9d4ceab-P00013332","thread":"main","time":"2026-10-06T10:32:38.613996Z","file":"git.c","line":477,"name":"ls-tree","hierarchy":"ls-tree"}
{"event":"def_repo","sid":"20261006T103238.613050Z-Ha9d4ceab-P00013339","thread":"main","time":"2026-10-06T10:32:38.614338Z","file":"repository.c","line":241,"repo":1,"worktree":"/private/var/folders/f1/2xjyyqkn5plc19fx4nt4tpt00000gn/T/flow-dperf02-tWIHzq/worker"}
{"event":"cmd_name","sid":"20261006T103238.613050Z-Ha9d4ceab-P00013339","thread":"main","time":"2026-10-06T10:32:38.614590Z","file":"git.c","line":477,"name":"ls-tree","hierarchy":"ls-tree"}
{"event":"exit","sid":"20261006T103238.611384Z-Ha9d4ceab-P00013332","thread":"main","time":"2026-10-06T10:32:38.615224Z","file":"git.c","line":747,"t_abs":0.004446,"code":0}
{"event":"atexit","sid":"20261006T103238.611384Z-Ha9d4ceab-P00013332","thread":"main","time":"2026-10-06T10:32:38.615236Z","file":"trace2/tr2_tgt_event.c","line":207,"t_abs":0.004458,"code":0}
{"event":"exit","sid":"20261006T103238.613050Z-Ha9d4ceab-P00013339","thread":"main","time":"2026-10-06T10:32:38.615662Z","file":"git.c","line":747,"t_abs":0.003040,"code":0}
{"event":"atexit","sid":"20261006T103238.613050Z-Ha9d4ceab-P00013339","thread":"main","time":"2026-10-06T10:32:38.615672Z","file":"trace2/tr2_tgt_event.c","line":207,"t_abs":0.003050,"code":0}
{"event":"version","sid":"20261006T103238.618752Z-Ha9d4ceab-P00013352","thread":"main","time":"2026-10-06T10:32:38.619912Z","file":"common-init.c","line":57,"evt":"4","exe":"2.50.1 (Apple Git-155)"}
{"event":"start","sid":"20261006T103238.618752Z-Ha9d4ceab-P00013352","thread":"main","time":"2026-10-06T10:32:38.619939Z","file":"common-init.c","line":58,"t_abs":0.001524,"argv":["/Library/Developer/CommandLineTools/usr/bin/git","-C","/var/folders/f1/2xjyyqkn5plc19fx4nt4tpt00000gn/T/flow-dperf02-tWIHzq/worker","ls-tree","-r","-z","--full-tree","5f4529721d854dc490f98e9546ec64121d705216","--",":(literal)src/shared"]}
{"event":"def_repo","sid":"20261006T103238.618752Z-Ha9d4ceab-P00013352","thread":"main","time":"2026-10-06T10:32:38.620382Z","file":"repository.c","line":241,"repo":1,"worktree":"/private/var/folders/f1/2xjyyqkn5plc19fx4nt4tpt00000gn/T/flow-dperf02-tWIHzq/worker"}
{"event":"cmd_name","sid":"20261006T103238.618752Z-Ha9d4ceab-P00013352","thread":"main","time":"2026-10-06T10:32:38.620821Z","file":"git.c","line":477,"name":"ls-tree","hierarchy":"ls-tree"}
{"event":"version","sid":"20261006T103238.620734Z-Ha9d4ceab-P00013344","thread":"main","time":"2026-10-06T10:32:38.622223Z","file":"common-init.c","line":57,"evt":"4","exe":"2.50.1 (Apple Git-155)"}
{"event":"start","sid":"20261006T103238.620734Z-Ha9d4ceab-P00013344","thread":"main","time":"2026-10-06T10:32:38.622242Z","file":"common-init.c","line":58,"t_abs":0.002837,"argv":["/Library/Developer/CommandLineTools/usr/bin/git","-C","/var/folders/f1/2xjyyqkn5plc19fx4nt4tpt00000gn/T/flow-dperf02-tWIHzq/worker","ls-tree","-r","-z","--full-tree","5f4529721d854dc490f98e9546ec64121d705216","--",":(literal)src/shared"]}
{"event":"def_repo","sid":"20261006T103238.620734Z-Ha9d4ceab-P00013344","thread":"main","time":"2026-10-06T10:32:38.623090Z","file":"repository.c","line":241,"repo":1,"worktree":"/private/var/folders/f1/2xjyyqkn5plc19fx4nt4tpt00000gn/T/flow-dperf02-tWIHzq/worker"}
{"event":"exit","sid":"20261006T103238.618752Z-Ha9d4ceab-P00013352","thread":"main","time":"2026-10-06T10:32:38.623155Z","file":"git.c","line":747,"t_abs":0.004739,"code":0}
{"event":"atexit","sid":"20261006T103238.618752Z-Ha9d4ceab-P00013352","thread":"main","time":"2026-10-06T10:32:38.623171Z","file":"trace2/tr2_tgt_event.c","line":207,"t_abs":0.004756,"code":0}
{"event":"cmd_name","sid":"20261006T103238.620734Z-Ha9d4ceab-P00013344","thread":"main","time":"2026-10-06T10:32:38.623772Z","file":"git.c","line":477,"name":"ls-tree","hierarchy":"ls-tree"}
{"event":"exit","sid":"20261006T103238.620734Z-Ha9d4ceab-P00013344","thread":"main","time":"2026-10-06T10:32:38.625196Z","file":"git.c","line":747,"t_abs":0.005791,"code":0}
{"event":"atexit","sid":"20261006T103238.620734Z-Ha9d4ceab-P00013344","thread":"main","time":"2026-10-06T10:32:38.625216Z","file":"trace2/tr2_tgt_event.c","line":207,"t_abs":0.005811,"code":0}
{"event":"version","sid":"20261006T103238.627108Z-Ha9d4ceab-P0001335a","thread":"main","time":"2026-10-06T10:32:38.628700Z","file":"common-init.c","line":57,"evt":"4","exe":"2.50.1 (Apple Git-155)"}
{"event":"start","sid":"20261006T103238.627108Z-Ha9d4ceab-P0001335a","thread":"main","time":"2026-10-06T10:32:38.628728Z","file":"common-init.c","line":58,"t_abs":0.001962,"argv":["/Library/Developer/CommandLineTools/usr/bin/git","-C","/var/folders/f1/2xjyyqkn5plc19fx4nt4tpt00000gn/T/flow-dperf02-tWIHzq/worker","ls-tree","-r","-z","--full-tree","5f4529721d854dc490f98e9546ec64121d705216","--",":(literal)src/shared"]}
{"event":"def_repo","sid":"20261006T103238.627108Z-Ha9d4ceab-P0001335a","thread":"main","time":"2026-10-06T10:32:38.629040Z","file":"repository.c","line":241,"repo":1,"worktree":"/private/var/folders/f1/2xjyyqkn5plc19fx4nt4tpt00000gn/T/flow-dperf02-tWIHzq/worker"}
{"event":"cmd_name","sid":"20261006T103238.627108Z-Ha9d4ceab-P0001335a","thread":"main","time":"2026-10-06T10:32:38.629303Z","file":"git.c","line":477,"name":"ls-tree","hierarchy":"ls-tree"}
{"event":"exit","sid":"20261006T103238.627108Z-Ha9d4ceab-P0001335a","thread":"main","time":"2026-10-06T10:32:38.630715Z","file":"git.c","line":747,"t_abs":0.003948,"code":0}
{"event":"atexit","sid":"20261006T103238.627108Z-Ha9d4ceab-P0001335a","thread":"main","time":"2026-10-06T10:32:38.630739Z","file":"trace2/tr2_tgt_event.c","line":207,"t_abs":0.003973,"code":0}
{"event":"version","sid":"20261006T103238.630468Z-Ha9d4ceab-P00013371","thread":"main","time":"2026-10-06T10:32:38.633407Z","file":"common-init.c","line":57,"evt":"4","exe":"2.50.1 (Apple Git-155)"}
{"event":"start","sid":"20261006T103238.630468Z-Ha9d4ceab-P00013371","thread":"main","time":"2026-10-06T10:32:38.633449Z","file":"common-init.c","line":58,"t_abs":0.003359,"argv":["/Library/Developer/CommandLineTools/usr/bin/git","-C","/var/folders/f1/2xjyyqkn5plc19fx4nt4tpt00000gn/T/flow-dperf02-tWIHzq/worker","ls-tree","-r","-z","--full-tree","5f4529721d854dc490f98e9546ec64121d705216","--",":(literal)src/shared"]}
{"event":"def_repo","sid":"20261006T103238.630468Z-Ha9d4ceab-P00013371","thread":"main","time":"2026-10-06T10:32:38.633882Z","file":"repository.c","line":241,"repo":1,"worktree":"/private/var/folders/f1/2xjyyqkn5plc19fx4nt4tpt00000gn/T/flow-dperf02-tWIHzq/worker"}
{"event":"version","sid":"20261006T103238.632914Z-Ha9d4ceab-P00013379","thread":"main","time":"2026-10-06T10:32:38.633985Z","file":"common-init.c","line":57,"evt":"4","exe":"2.50.1 (Apple Git-155)"}
{"event":"start","sid":"20261006T103238.632914Z-Ha9d4ceab-P00013379","thread":"main","time":"2026-10-06T10:32:38.634000Z","file":"common-init.c","line":58,"t_abs":0.001433,"argv":["/Library/Developer/CommandLineTools/usr/bin/git","-C","/var/folders/f1/2xjyyqkn5plc19fx4nt4tpt00000gn/T/flow-dperf02-tWIHzq/worker","ls-tree","-r","-z","--full-tree","5f4529721d854dc490f98e9546ec64121d705216","--",":(literal)src/shared"]}
{"event":"version","sid":"20261006T103238.633668Z-Ha9d4ceab-P0001336b","thread":"main","time":"2026-10-06T10:32:38.634722Z","file":"common-init.c","line":57,"evt":"4","exe":"2.50.1 (Apple Git-155)"}
{"event":"start","sid":"20261006T103238.633668Z-Ha9d4ceab-P0001336b","thread":"main","time":"2026-10-06T10:32:38.634735Z","file":"common-init.c","line":58,"t_abs":0.001791,"argv":["/Library/Developer/CommandLineTools/usr/bin/git","-C","/var/folders/f1/2xjyyqkn5plc19fx4nt4tpt00000gn/T/flow-dperf02-tWIHzq/worker","ls-tree","-r","-z","--full-tree","5f4529721d854dc490f98e9546ec64121d705216","--",":(literal)src/shared"]}
{"event":"cmd_name","sid":"20261006T103238.630468Z-Ha9d4ceab-P00013371","thread":"main","time":"2026-10-06T10:32:38.634744Z","file":"git.c","line":477,"name":"ls-tree","hierarchy":"ls-tree"}
{"event":"def_repo","sid":"20261006T103238.632914Z-Ha9d4ceab-P00013379","thread":"main","time":"2026-10-06T10:32:38.635308Z","file":"repository.c","line":241,"repo":1,"worktree":"/private/var/folders/f1/2xjyyqkn5plc19fx4nt4tpt00000gn/T/flow-dperf02-tWIHzq/worker"}
{"event":"def_repo","sid":"20261006T103238.633668Z-Ha9d4ceab-P0001336b","thread":"main","time":"2026-10-06T10:32:38.635816Z","file":"repository.c","line":241,"repo":1,"worktree":"/private/var/folders/f1/2xjyyqkn5plc19fx4nt4tpt00000gn/T/flow-dperf02-tWIHzq/worker"}
{"event":"cmd_name","sid":"20261006T103238.632914Z-Ha9d4ceab-P00013379","thread":"main","time":"2026-10-06T10:32:38.636658Z","file":"git.c","line":477,"name":"ls-tree","hierarchy":"ls-tree"}
{"event":"cmd_name","sid":"20261006T103238.633668Z-Ha9d4ceab-P0001336b","thread":"main","time":"2026-10-06T10:32:38.637090Z","file":"git.c","line":477,"name":"ls-tree","hierarchy":"ls-tree"}
{"event":"exit","sid":"20261006T103238.630468Z-Ha9d4ceab-P00013371","thread":"main","time":"2026-10-06T10:32:38.637535Z","file":"git.c","line":747,"t_abs":0.007446,"code":0}
{"event":"atexit","sid":"20261006T103238.630468Z-Ha9d4ceab-P00013371","thread":"main","time":"2026-10-06T10:32:38.637554Z","file":"trace2/tr2_tgt_event.c","line":207,"t_abs":0.007465,"code":0}
{"event":"exit","sid":"20261006T103238.632914Z-Ha9d4ceab-P00013379","thread":"main","time":"2026-10-06T10:32:38.638542Z","file":"git.c","line":747,"t_abs":0.005975,"code":0}
{"event":"atexit","sid":"20261006T103238.632914Z-Ha9d4ceab-P00013379","thread":"main","time":"2026-10-06T10:32:38.638607Z","file":"trace2/tr2_tgt_event.c","line":207,"t_abs":0.006039,"code":0}
{"event":"exit","sid":"20261006T103238.633668Z-Ha9d4ceab-P0001336b","thread":"main","time":"2026-10-06T10:32:38.638927Z","file":"git.c","line":747,"t_abs":0.005982,"code":0}
{"event":"atexit","sid":"20261006T103238.633668Z-Ha9d4ceab-P0001336b","thread":"main","time":"2026-10-06T10:32:38.638943Z","file":"trace2/tr2_tgt_event.c","line":207,"t_abs":0.005999,"code":0}
{"event":"version","sid":"20261006T103238.641124Z-Ha9d4ceab-P00013381","thread":"main","time":"2026-10-06T10:32:38.641783Z","file":"common-init.c","line":57,"evt":"4","exe":"2.50.1 (Apple Git-155)"}
{"event":"start","sid":"20261006T103238.641124Z-Ha9d4ceab-P00013381","thread":"main","time":"2026-10-06T10:32:38.641808Z","file":"common-init.c","line":58,"t_abs":0.001305,"argv":["/Library/Developer/CommandLineTools/usr/bin/git","-C","/var/folders/f1/2xjyyqkn5plc19fx4nt4tpt00000gn/T/flow-dperf02-tWIHzq/worker","ls-tree","-r","-z","--full-tree","5f4529721d854dc490f98e9546ec64121d705216","--",":(literal)src/shared"]}
{"event":"def_repo","sid":"20261006T103238.641124Z-Ha9d4ceab-P00013381","thread":"main","time":"2026-10-06T10:32:38.642517Z","file":"repository.c","line":241,"repo":1,"worktree":"/private/var/folders/f1/2xjyyqkn5plc19fx4nt4tpt00000gn/T/flow-dperf02-tWIHzq/worker"}
{"event":"cmd_name","sid":"20261006T103238.641124Z-Ha9d4ceab-P00013381","thread":"main","time":"2026-10-06T10:32:38.643105Z","file":"git.c","line":477,"name":"ls-tree","hierarchy":"ls-tree"}
{"event":"version","sid":"20261006T103238.642223Z-Ha9d4ceab-P0001338c","thread":"main","time":"2026-10-06T10:32:38.643239Z","file":"common-init.c","line":57,"evt":"4","exe":"2.50.1 (Apple Git-155)"}
{"event":"start","sid":"20261006T103238.642223Z-Ha9d4ceab-P0001338c","thread":"main","time":"2026-10-06T10:32:38.643258Z","file":"common-init.c","line":58,"t_abs":0.001945,"argv":["/Library/Developer/CommandLineTools/usr/bin/git","-C","/var/folders/f1/2xjyyqkn5plc19fx4nt4tpt00000gn/T/flow-dperf02-tWIHzq/worker","ls-tree","-r","-z","--full-tree","5f4529721d854dc490f98e9546ec64121d705216","--",":(literal)src/shared"]}
{"event":"def_repo","sid":"20261006T103238.642223Z-Ha9d4ceab-P0001338c","thread":"main","time":"2026-10-06T10:32:38.643859Z","file":"repository.c","line":241,"repo":1,"worktree":"/private/var/folders/f1/2xjyyqkn5plc19fx4nt4tpt00000gn/T/flow-dperf02-tWIHzq/worker"}
{"event":"cmd_name","sid":"20261006T103238.642223Z-Ha9d4ceab-P0001338c","thread":"main","time":"2026-10-06T10:32:38.644365Z","file":"git.c","line":477,"name":"ls-tree","hierarchy":"ls-tree"}
{"event":"exit","sid":"20261006T103238.641124Z-Ha9d4ceab-P00013381","thread":"main","time":"2026-10-06T10:32:38.645325Z","file":"git.c","line":747,"t_abs":0.004822,"code":0}
{"event":"atexit","sid":"20261006T103238.641124Z-Ha9d4ceab-P00013381","thread":"main","time":"2026-10-06T10:32:38.645342Z","file":"trace2/tr2_tgt_event.c","line":207,"t_abs":0.004839,"code":0}
{"event":"exit","sid":"20261006T103238.642223Z-Ha9d4ceab-P0001338c","thread":"main","time":"2026-10-06T10:32:38.645587Z","file":"git.c","line":747,"t_abs":0.004273,"code":0}
{"event":"atexit","sid":"20261006T103238.642223Z-Ha9d4ceab-P0001338c","thread":"main","time":"2026-10-06T10:32:38.645599Z","file":"trace2/tr2_tgt_event.c","line":207,"t_abs":0.004285,"code":0}
{"event":"version","sid":"20261006T103238.645773Z-Ha9d4ceab-P0001339c","thread":"main","time":"2026-10-06T10:32:38.646873Z","file":"common-init.c","line":57,"evt":"4","exe":"2.50.1 (Apple Git-155)"}
{"event":"start","sid":"20261006T103238.645773Z-Ha9d4ceab-P0001339c","thread":"main","time":"2026-10-06T10:32:38.646905Z","file":"common-init.c","line":58,"t_abs":0.001517,"argv":["/Library/Developer/CommandLineTools/usr/bin/git","-C","/var/folders/f1/2xjyyqkn5plc19fx4nt4tpt00000gn/T/flow-dperf02-tWIHzq/worker","ls-tree","-r","-z","--full-tree","5f4529721d854dc490f98e9546ec64121d705216","--",":(literal)src/shared"]}
{"event":"version","sid":"20261006T103238.645856Z-Ha9d4ceab-P000133a6","thread":"main","time":"2026-10-06T10:32:38.647434Z","file":"common-init.c","line":57,"evt":"4","exe":"2.50.1 (Apple Git-155)"}
{"event":"start","sid":"20261006T103238.645856Z-Ha9d4ceab-P000133a6","thread":"main","time":"2026-10-06T10:32:38.647479Z","file":"common-init.c","line":58,"t_abs":0.001963,"argv":["/Library/Developer/CommandLineTools/usr/bin/git","-C","/var/folders/f1/2xjyyqkn5plc19fx4nt4tpt00000gn/T/flow-dperf02-tWIHzq/worker","ls-tree","-r","-z","--full-tree","5f4529721d854dc490f98e9546ec64121d705216","--",":(literal)src/shared/a.txt"]}
{"event":"def_repo","sid":"20261006T103238.645773Z-Ha9d4ceab-P0001339c","thread":"main","time":"2026-10-06T10:32:38.647514Z","file":"repository.c","line":241,"repo":1,"worktree":"/private/var/folders/f1/2xjyyqkn5plc19fx4nt4tpt00000gn/T/flow-dperf02-tWIHzq/worker"}
{"event":"cmd_name","sid":"20261006T103238.645773Z-Ha9d4ceab-P0001339c","thread":"main","time":"2026-10-06T10:32:38.648388Z","file":"git.c","line":477,"name":"ls-tree","hierarchy":"ls-tree"}
{"event":"def_repo","sid":"20261006T103238.645856Z-Ha9d4ceab-P000133a6","thread":"main","time":"2026-10-06T10:32:38.648821Z","file":"repository.c","line":241,"repo":1,"worktree":"/private/var/folders/f1/2xjyyqkn5plc19fx4nt4tpt00000gn/T/flow-dperf02-tWIHzq/worker"}
{"event":"cmd_name","sid":"20261006T103238.645856Z-Ha9d4ceab-P000133a6","thread":"main","time":"2026-10-06T10:32:38.649857Z","file":"git.c","line":477,"name":"ls-tree","hierarchy":"ls-tree"}
{"event":"exit","sid":"20261006T103238.645773Z-Ha9d4ceab-P0001339c","thread":"main","time":"2026-10-06T10:32:38.651127Z","file":"git.c","line":747,"t_abs":0.005738,"code":0}
{"event":"atexit","sid":"20261006T103238.645773Z-Ha9d4ceab-P0001339c","thread":"main","time":"2026-10-06T10:32:38.651150Z","file":"trace2/tr2_tgt_event.c","line":207,"t_abs":0.005761,"code":0}
{"event":"version","sid":"20261006T103238.650409Z-Ha9d4ceab-P000133ac","thread":"main","time":"2026-10-06T10:32:38.651521Z","file":"common-init.c","line":57,"evt":"4","exe":"2.50.1 (Apple Git-155)"}
{"event":"start","sid":"20261006T103238.650409Z-Ha9d4ceab-P000133ac","thread":"main","time":"2026-10-06T10:32:38.651563Z","file":"common-init.c","line":58,"t_abs":0.002228,"argv":["/Library/Developer/CommandLineTools/usr/bin/git","-C","/var/folders/f1/2xjyyqkn5plc19fx4nt4tpt00000gn/T/flow-dperf02-tWIHzq/worker","ls-tree","-r","-z","--full-tree","5f4529721d854dc490f98e9546ec64121d705216","--",":(literal)src/shared/a.txt"]}
{"event":"exit","sid":"20261006T103238.645856Z-Ha9d4ceab-P000133a6","thread":"main","time":"2026-10-06T10:32:38.652362Z","file":"git.c","line":747,"t_abs":0.006847,"code":0}
{"event":"atexit","sid":"20261006T103238.645856Z-Ha9d4ceab-P000133a6","thread":"main","time":"2026-10-06T10:32:38.652382Z","file":"trace2/tr2_tgt_event.c","line":207,"t_abs":0.006867,"code":0}
{"event":"def_repo","sid":"20261006T103238.650409Z-Ha9d4ceab-P000133ac","thread":"main","time":"2026-10-06T10:32:38.652389Z","file":"repository.c","line":241,"repo":1,"worktree":"/private/var/folders/f1/2xjyyqkn5plc19fx4nt4tpt00000gn/T/flow-dperf02-tWIHzq/worker"}
{"event":"cmd_name","sid":"20261006T103238.650409Z-Ha9d4ceab-P000133ac","thread":"main","time":"2026-10-06T10:32:38.652659Z","file":"git.c","line":477,"name":"ls-tree","hierarchy":"ls-tree"}
{"event":"version","sid":"20261006T103238.652164Z-Ha9d4ceab-P000133bd","thread":"main","time":"2026-10-06T10:32:38.653326Z","file":"common-init.c","line":57,"evt":"4","exe":"2.50.1 (Apple Git-155)"}
{"event":"start","sid":"20261006T103238.652164Z-Ha9d4ceab-P000133bd","thread":"main","time":"2026-10-06T10:32:38.653340Z","file":"common-init.c","line":58,"t_abs":0.001873,"argv":["/Library/Developer/CommandLineTools/usr/bin/git","-C","/var/folders/f1/2xjyyqkn5plc19fx4nt4tpt00000gn/T/flow-dperf02-tWIHzq/worker","ls-tree","-r","-z","--full-tree","5f4529721d854dc490f98e9546ec64121d705216","--",":(literal)src/shared/a.txt"]}
{"event":"def_repo","sid":"20261006T103238.652164Z-Ha9d4ceab-P000133bd","thread":"main","time":"2026-10-06T10:32:38.653670Z","file":"repository.c","line":241,"repo":1,"worktree":"/private/var/folders/f1/2xjyyqkn5plc19fx4nt4tpt00000gn/T/flow-dperf02-tWIHzq/worker"}
{"event":"cmd_name","sid":"20261006T103238.652164Z-Ha9d4ceab-P000133bd","thread":"main","time":"2026-10-06T10:32:38.653931Z","file":"git.c","line":477,"name":"ls-tree","hierarchy":"ls-tree"}
{"event":"exit","sid":"20261006T103238.650409Z-Ha9d4ceab-P000133ac","thread":"main","time":"2026-10-06T10:32:38.654649Z","file":"git.c","line":747,"t_abs":0.005314,"code":0}
{"event":"atexit","sid":"20261006T103238.650409Z-Ha9d4ceab-P000133ac","thread":"main","time":"2026-10-06T10:32:38.654663Z","file":"trace2/tr2_tgt_event.c","line":207,"t_abs":0.005328,"code":0}
{"event":"exit","sid":"20261006T103238.652164Z-Ha9d4ceab-P000133bd","thread":"main","time":"2026-10-06T10:32:38.655637Z","file":"git.c","line":747,"t_abs":0.004130,"code":0}
{"event":"atexit","sid":"20261006T103238.652164Z-Ha9d4ceab-P000133bd","thread":"main","time":"2026-10-06T10:32:38.655659Z","file":"trace2/tr2_tgt_event.c","line":207,"t_abs":0.004189,"code":0}
{"event":"version","sid":"20261006T103238.654911Z-Ha9d4ceab-P000133c2","thread":"main","time":"2026-10-06T10:32:38.656199Z","file":"common-init.c","line":57,"evt":"4","exe":"2.50.1 (Apple Git-155)"}
{"event":"start","sid":"20261006T103238.654911Z-Ha9d4ceab-P000133c2","thread":"main","time":"2026-10-06T10:32:38.656226Z","file":"common-init.c","line":58,"t_abs":0.002091,"argv":["/Library/Developer/CommandLineTools/usr/bin/git","-C","/var/folders/f1/2xjyyqkn5plc19fx4nt4tpt00000gn/T/flow-dperf02-tWIHzq/worker","ls-tree","-r","-z","--full-tree","5f4529721d854dc490f98e9546ec64121d705216","--",":(literal)src/shared/a.txt"]}
{"event":"def_repo","sid":"20261006T103238.654911Z-Ha9d4ceab-P000133c2","thread":"main","time":"2026-10-06T10:32:38.656852Z","file":"repository.c","line":241,"repo":1,"worktree":"/private/var/folders/f1/2xjyyqkn5plc19fx4nt4tpt00000gn/T/flow-dperf02-tWIHzq/worker"}
{"event":"cmd_name","sid":"20261006T103238.654911Z-Ha9d4ceab-P000133c2","thread":"main","time":"2026-10-06T10:32:38.657122Z","file":"git.c","line":477,"name":"ls-tree","hierarchy":"ls-tree"}
{"event":"version","sid":"20261006T103238.656645Z-Ha9d4ceab-P000133cc","thread":"main","time":"2026-10-06T10:32:38.657602Z","file":"common-init.c","line":57,"evt":"4","exe":"2.50.1 (Apple Git-155)"}
{"event":"start","sid":"20261006T103238.656645Z-Ha9d4ceab-P000133cc","thread":"main","time":"2026-10-06T10:32:38.657621Z","file":"common-init.c","line":58,"t_abs":0.001555,"argv":["/Library/Developer/CommandLineTools/usr/bin/git","-C","/var/folders/f1/2xjyyqkn5plc19fx4nt4tpt00000gn/T/flow-dperf02-tWIHzq/worker","ls-tree","-r","-z","--full-tree","5f4529721d854dc490f98e9546ec64121d705216","--",":(literal)src/shared/a.txt"]}
{"event":"def_repo","sid":"20261006T103238.656645Z-Ha9d4ceab-P000133cc","thread":"main","time":"2026-10-06T10:32:38.657966Z","file":"repository.c","line":241,"repo":1,"worktree":"/private/var/folders/f1/2xjyyqkn5plc19fx4nt4tpt00000gn/T/flow-dperf02-tWIHzq/worker"}
{"event":"cmd_name","sid":"20261006T103238.656645Z-Ha9d4ceab-P000133cc","thread":"main","time":"2026-10-06T10:32:38.658239Z","file":"git.c","line":477,"name":"ls-tree","hierarchy":"ls-tree"}
{"event":"exit","sid":"20261006T103238.654911Z-Ha9d4ceab-P000133c2","thread":"main","time":"2026-10-06T10:32:38.658777Z","file":"git.c","line":747,"t_abs":0.004642,"code":0}
{"event":"atexit","sid":"20261006T103238.654911Z-Ha9d4ceab-P000133c2","thread":"main","time":"2026-10-06T10:32:38.658793Z","file":"trace2/tr2_tgt_event.c","line":207,"t_abs":0.004658,"code":0}
{"event":"exit","sid":"20261006T103238.656645Z-Ha9d4ceab-P000133cc","thread":"main","time":"2026-10-06T10:32:38.659676Z","file":"git.c","line":747,"t_abs":0.003611,"code":0}
{"event":"atexit","sid":"20261006T103238.656645Z-Ha9d4ceab-P000133cc","thread":"main","time":"2026-10-06T10:32:38.659693Z","file":"trace2/tr2_tgt_event.c","line":207,"t_abs":0.003628,"code":0}
{"event":"version","sid":"20261006T103238.665794Z-Ha9d4ceab-P000133de","thread":"main","time":"2026-10-06T10:32:38.667091Z","file":"common-init.c","line":57,"evt":"4","exe":"2.50.1 (Apple Git-155)"}
{"event":"start","sid":"20261006T103238.665794Z-Ha9d4ceab-P000133de","thread":"main","time":"2026-10-06T10:32:38.667156Z","file":"common-init.c","line":58,"t_abs":0.002440,"argv":["/Library/Developer/CommandLineTools/usr/bin/git","-C","/var/folders/f1/2xjyyqkn5plc19fx4nt4tpt00000gn/T/flow-dperf02-tWIHzq/worker","ls-tree","-r","-z","--full-tree","5f4529721d854dc490f98e9546ec64121d705216","--",":(literal)src/shared/a.txt"]}
{"event":"def_repo","sid":"20261006T103238.665794Z-Ha9d4ceab-P000133de","thread":"main","time":"2026-10-06T10:32:38.667688Z","file":"repository.c","line":241,"repo":1,"worktree":"/private/var/folders/f1/2xjyyqkn5plc19fx4nt4tpt00000gn/T/flow-dperf02-tWIHzq/worker"}
{"event":"cmd_name","sid":"20261006T103238.665794Z-Ha9d4ceab-P000133de","thread":"main","time":"2026-10-06T10:32:38.668023Z","file":"git.c","line":477,"name":"ls-tree","hierarchy":"ls-tree"}
{"event":"exit","sid":"20261006T103238.665794Z-Ha9d4ceab-P000133de","thread":"main","time":"2026-10-06T10:32:38.669980Z","file":"git.c","line":747,"t_abs":0.005264,"code":0}
{"event":"atexit","sid":"20261006T103238.665794Z-Ha9d4ceab-P000133de","thread":"main","time":"2026-10-06T10:32:38.670002Z","file":"trace2/tr2_tgt_event.c","line":207,"t_abs":0.005287,"code":0}
{"event":"version","sid":"20261006T103238.673719Z-Ha9d4ceab-P000133e3","thread":"main","time":"2026-10-06T10:32:38.675133Z","file":"common-init.c","line":57,"evt":"4","exe":"2.50.1 (Apple Git-155)"}
{"event":"start","sid":"20261006T103238.673719Z-Ha9d4ceab-P000133e3","thread":"main","time":"2026-10-06T10:32:38.675162Z","file":"common-init.c","line":58,"t_abs":0.001844,"argv":["/Library/Developer/CommandLineTools/usr/bin/git","-C","/var/folders/f1/2xjyyqkn5plc19fx4nt4tpt00000gn/T/flow-dperf02-tWIHzq/worker","ls-tree","-r","-z","--full-tree","5f4529721d854dc490f98e9546ec64121d705216","--",":(literal)src/shared/a.txt"]}
{"event":"def_repo","sid":"20261006T103238.673719Z-Ha9d4ceab-P000133e3","thread":"main","time":"2026-10-06T10:32:38.675537Z","file":"repository.c","line":241,"repo":1,"worktree":"/private/var/folders/f1/2xjyyqkn5plc19fx4nt4tpt00000gn/T/flow-dperf02-tWIHzq/worker"}
{"event":"cmd_name","sid":"20261006T103238.673719Z-Ha9d4ceab-P000133e3","thread":"main","time":"2026-10-06T10:32:38.676552Z","file":"git.c","line":477,"name":"ls-tree","hierarchy":"ls-tree"}
{"event":"exit","sid":"20261006T103238.673719Z-Ha9d4ceab-P000133e3","thread":"main","time":"2026-10-06T10:32:38.678975Z","file":"git.c","line":747,"t_abs":0.005656,"code":0}
{"event":"atexit","sid":"20261006T103238.673719Z-Ha9d4ceab-P000133e3","thread":"main","time":"2026-10-06T10:32:38.679001Z","file":"trace2/tr2_tgt_event.c","line":207,"t_abs":0.005683,"code":0}
{"event":"version","sid":"20261006T103238.681481Z-Ha9d4ceab-P000133f0","thread":"main","time":"2026-10-06T10:32:38.685268Z","file":"common-init.c","line":57,"evt":"4","exe":"2.50.1 (Apple Git-155)"}
{"event":"start","sid":"20261006T103238.681481Z-Ha9d4ceab-P000133f0","thread":"main","time":"2026-10-06T10:32:38.685299Z","file":"common-init.c","line":58,"t_abs":0.004177,"argv":["/Library/Developer/CommandLineTools/usr/bin/git","-C","/var/folders/f1/2xjyyqkn5plc19fx4nt4tpt00000gn/T/flow-dperf02-tWIHzq/worker","ls-tree","-r","-z","--full-tree","5f4529721d854dc490f98e9546ec64121d705216","--",":(literal)src/shared/a.txt"]}
{"event":"def_repo","sid":"20261006T103238.681481Z-Ha9d4ceab-P000133f0","thread":"main","time":"2026-10-06T10:32:38.685662Z","file":"repository.c","line":241,"repo":1,"worktree":"/private/var/folders/f1/2xjyyqkn5plc19fx4nt4tpt00000gn/T/flow-dperf02-tWIHzq/worker"}
{"event":"cmd_name","sid":"20261006T103238.681481Z-Ha9d4ceab-P000133f0","thread":"main","time":"2026-10-06T10:32:38.686016Z","file":"git.c","line":477,"name":"ls-tree","hierarchy":"ls-tree"}
{"event":"exit","sid":"20261006T103238.681481Z-Ha9d4ceab-P000133f0","thread":"main","time":"2026-10-06T10:32:38.687259Z","file":"git.c","line":747,"t_abs":0.006137,"code":0}
{"event":"atexit","sid":"20261006T103238.681481Z-Ha9d4ceab-P000133f0","thread":"main","time":"2026-10-06T10:32:38.687280Z","file":"trace2/tr2_tgt_event.c","line":207,"t_abs":0.006158,"code":0}
{"event":"version","sid":"20261006T103238.686190Z-Ha9d4ceab-P000133fd","thread":"main","time":"2026-10-06T10:32:38.687855Z","file":"common-init.c","line":57,"evt":"4","exe":"2.50.1 (Apple Git-155)"}
{"event":"start","sid":"20261006T103238.686190Z-Ha9d4ceab-P000133fd","thread":"main","time":"2026-10-06T10:32:38.687867Z","file":"common-init.c","line":58,"t_abs":0.002107,"argv":["/Library/Developer/CommandLineTools/usr/bin/git","-C","/var/folders/f1/2xjyyqkn5plc19fx4nt4tpt00000gn/T/flow-dperf02-tWIHzq/worker","ls-tree","-r","-z","--full-tree","5f4529721d854dc490f98e9546ec64121d705216","--",":(literal)src/shared/a.txt"]}
{"event":"def_repo","sid":"20261006T103238.686190Z-Ha9d4ceab-P000133fd","thread":"main","time":"2026-10-06T10:32:38.688359Z","file":"repository.c","line":241,"repo":1,"worktree":"/private/var/folders/f1/2xjyyqkn5plc19fx4nt4tpt00000gn/T/flow-dperf02-tWIHzq/worker"}
{"event":"cmd_name","sid":"20261006T103238.686190Z-Ha9d4ceab-P000133fd","thread":"main","time":"2026-10-06T10:32:38.688668Z","file":"git.c","line":477,"name":"ls-tree","hierarchy":"ls-tree"}
{"event":"exit","sid":"20261006T103238.686190Z-Ha9d4ceab-P000133fd","thread":"main","time":"2026-10-06T10:32:38.690838Z","file":"git.c","line":747,"t_abs":0.005077,"code":0}
{"event":"atexit","sid":"20261006T103238.686190Z-Ha9d4ceab-P000133fd","thread":"main","time":"2026-10-06T10:32:38.690860Z","file":"trace2/tr2_tgt_event.c","line":207,"t_abs":0.005099,"code":0}
{"event":"version","sid":"20261006T103238.689551Z-Ha9d4ceab-P0001340a","thread":"main","time":"2026-10-06T10:32:38.690935Z","file":"common-init.c","line":57,"evt":"4","exe":"2.50.1 (Apple Git-155)"}
{"event":"start","sid":"20261006T103238.689551Z-Ha9d4ceab-P0001340a","thread":"main","time":"2026-10-06T10:32:38.690956Z","file":"common-init.c","line":58,"t_abs":0.002845,"argv":["/Library/Developer/CommandLineTools/usr/bin/git","-C","/var/folders/f1/2xjyyqkn5plc19fx4nt4tpt00000gn/T/flow-dperf02-tWIHzq/worker","ls-tree","-r","-z","--full-tree","5f4529721d854dc490f98e9546ec64121d705216","--",":(literal)src/shared/a.txt"]}
{"event":"def_repo","sid":"20261006T103238.689551Z-Ha9d4ceab-P0001340a","thread":"main","time":"2026-10-06T10:32:38.692521Z","file":"repository.c","line":241,"repo":1,"worktree":"/private/var/folders/f1/2xjyyqkn5plc19fx4nt4tpt00000gn/T/flow-dperf02-tWIHzq/worker"}
{"event":"cmd_name","sid":"20261006T103238.689551Z-Ha9d4ceab-P0001340a","thread":"main","time":"2026-10-06T10:32:38.694143Z","file":"git.c","line":477,"name":"ls-tree","hierarchy":"ls-tree"}
{"event":"exit","sid":"20261006T103238.689551Z-Ha9d4ceab-P0001340a","thread":"main","time":"2026-10-06T10:32:38.696402Z","file":"git.c","line":747,"t_abs":0.008289,"code":0}
{"event":"atexit","sid":"20261006T103238.689551Z-Ha9d4ceab-P0001340a","thread":"main","time":"2026-10-06T10:32:38.696448Z","file":"trace2/tr2_tgt_event.c","line":207,"t_abs":0.008336,"code":0}
{"event":"version","sid":"20261006T103238.695431Z-Ha9d4ceab-P00013419","thread":"main","time":"2026-10-06T10:32:38.699013Z","file":"common-init.c","line":57,"evt":"4","exe":"2.50.1 (Apple Git-155)"}
{"event":"start","sid":"20261006T103238.695431Z-Ha9d4ceab-P00013419","thread":"main","time":"2026-10-06T10:32:38.699060Z","file":"common-init.c","line":58,"t_abs":0.004177,"argv":["/Library/Developer/CommandLineTools/usr/bin/git","-C","/var/folders/f1/2xjyyqkn5plc19fx4nt4tpt00000gn/T/flow-dperf02-tWIHzq/worker","ls-tree","-r","-z","--full-tree","5f4529721d854dc490f98e9546ec64121d705216","--",":(literal)src/shared/a.txt"]}
{"event":"version","sid":"20261006T103238.695442Z-Ha9d4ceab-P00013411","thread":"main","time":"2026-10-06T10:32:38.699752Z","file":"common-init.c","line":57,"evt":"4","exe":"2.50.1 (Apple Git-155)"}
{"event":"start","sid":"20261006T103238.695442Z-Ha9d4ceab-P00013411","thread":"main","time":"2026-10-06T10:32:38.699775Z","file":"common-init.c","line":58,"t_abs":0.004960,"argv":["/Library/Developer/CommandLineTools/usr/bin/git","-C","/var/folders/f1/2xjyyqkn5plc19fx4nt4tpt00000gn/T/flow-dperf02-tWIHzq/worker","ls-tree","-r","-z","--full-tree","5f4529721d854dc490f98e9546ec64121d705216","--",":(literal)src/shared/a.txt"]}
{"event":"def_repo","sid":"20261006T103238.695431Z-Ha9d4ceab-P00013419","thread":"main","time":"2026-10-06T10:32:38.700860Z","file":"repository.c","line":241,"repo":1,"worktree":"/private/var/folders/f1/2xjyyqkn5plc19fx4nt4tpt00000gn/T/flow-dperf02-tWIHzq/worker"}
{"event":"version","sid":"20261006T103238.698341Z-Ha9d4ceab-P0001342f","thread":"main","time":"2026-10-06T10:32:38.701033Z","file":"common-init.c","line":57,"evt":"4","exe":"2.50.1 (Apple Git-155)"}
{"event":"start","sid":"20261006T103238.698341Z-Ha9d4ceab-P0001342f","thread":"main","time":"2026-10-06T10:32:38.701049Z","file":"common-init.c","line":58,"t_abs":0.003223,"argv":["/Library/Developer/CommandLineTools/usr/bin/git","-C","/var/folders/f1/2xjyyqkn5plc19fx4nt4tpt00000gn/T/flow-dperf02-tWIHzq/worker","ls-tree","-r","-z","--full-tree","5f4529721d854dc490f98e9546ec64121d705216","--",":(literal)src/second"]}
{"event":"def_repo","sid":"20261006T103238.698341Z-Ha9d4ceab-P0001342f","thread":"main","time":"2026-10-06T10:32:38.701557Z","file":"repository.c","line":241,"repo":1,"worktree":"/private/var/folders/f1/2xjyyqkn5plc19fx4nt4tpt00000gn/T/flow-dperf02-tWIHzq/worker"}
{"event":"cmd_name","sid":"20261006T103238.698341Z-Ha9d4ceab-P0001342f","thread":"main","time":"2026-10-06T10:32:38.701866Z","file":"git.c","line":477,"name":"ls-tree","hierarchy":"ls-tree"}
{"event":"cmd_name","sid":"20261006T103238.695431Z-Ha9d4ceab-P00013419","thread":"main","time":"2026-10-06T10:32:38.702126Z","file":"git.c","line":477,"name":"ls-tree","hierarchy":"ls-tree"}
{"event":"def_repo","sid":"20261006T103238.695442Z-Ha9d4ceab-P00013411","thread":"main","time":"2026-10-06T10:32:38.702429Z","file":"repository.c","line":241,"repo":1,"worktree":"/private/var/folders/f1/2xjyyqkn5plc19fx4nt4tpt00000gn/T/flow-dperf02-tWIHzq/worker"}
{"event":"version","sid":"20261006T103238.699362Z-Ha9d4ceab-P00013437","thread":"main","time":"2026-10-06T10:32:38.702699Z","file":"common-init.c","line":57,"evt":"4","exe":"2.50.1 (Apple Git-155)"}
{"event":"start","sid":"20261006T103238.699362Z-Ha9d4ceab-P00013437","thread":"main","time":"2026-10-06T10:32:38.702738Z","file":"common-init.c","line":58,"t_abs":0.003919,"argv":["/Library/Developer/CommandLineTools/usr/bin/git","-C","/var/folders/f1/2xjyyqkn5plc19fx4nt4tpt00000gn/T/flow-dperf02-tWIHzq/worker","ls-tree","-r","-z","--full-tree","5f4529721d854dc490f98e9546ec64121d705216","--",":(literal)src/second"]}
{"event":"version","sid":"20261006T103238.700162Z-Ha9d4ceab-P0001341f","thread":"main","time":"2026-10-06T10:32:38.703043Z","file":"common-init.c","line":57,"evt":"4","exe":"2.50.1 (Apple Git-155)"}
{"event":"start","sid":"20261006T103238.700162Z-Ha9d4ceab-P0001341f","thread":"main","time":"2026-10-06T10:32:38.703060Z","file":"common-init.c","line":58,"t_abs":0.003611,"argv":["/Library/Developer/CommandLineTools/usr/bin/git","-C","/var/folders/f1/2xjyyqkn5plc19fx4nt4tpt00000gn/T/flow-dperf02-tWIHzq/worker","ls-tree","-r","-z","--full-tree","5f4529721d854dc490f98e9546ec64121d705216","--",":(literal)src/shared/a.txt"]}
{"event":"def_repo","sid":"20261006T103238.700162Z-Ha9d4ceab-P0001341f","thread":"main","time":"2026-10-06T10:32:38.703588Z","file":"repository.c","line":241,"repo":1,"worktree":"/private/var/folders/f1/2xjyyqkn5plc19fx4nt4tpt00000gn/T/flow-dperf02-tWIHzq/worker"}
{"event":"cmd_name","sid":"20261006T103238.695442Z-Ha9d4ceab-P00013411","thread":"main","time":"2026-10-06T10:32:38.703609Z","file":"git.c","line":477,"name":"ls-tree","hierarchy":"ls-tree"}
{"event":"exit","sid":"20261006T103238.695431Z-Ha9d4ceab-P00013419","thread":"main","time":"2026-10-06T10:32:38.703993Z","file":"git.c","line":747,"t_abs":0.009110,"code":0}
{"event":"atexit","sid":"20261006T103238.695431Z-Ha9d4ceab-P00013419","thread":"main","time":"2026-10-06T10:32:38.704010Z","file":"trace2/tr2_tgt_event.c","line":207,"t_abs":0.009128,"code":0}
{"event":"def_repo","sid":"20261006T103238.699362Z-Ha9d4ceab-P00013437","thread":"main","time":"2026-10-06T10:32:38.704024Z","file":"repository.c","line":241,"repo":1,"worktree":"/private/var/folders/f1/2xjyyqkn5plc19fx4nt4tpt00000gn/T/flow-dperf02-tWIHzq/worker"}
{"event":"cmd_name","sid":"20261006T103238.700162Z-Ha9d4ceab-P0001341f","thread":"main","time":"2026-10-06T10:32:38.704312Z","file":"git.c","line":477,"name":"ls-tree","hierarchy":"ls-tree"}
{"event":"exit","sid":"20261006T103238.698341Z-Ha9d4ceab-P0001342f","thread":"main","time":"2026-10-06T10:32:38.704745Z","file":"git.c","line":747,"t_abs":0.006919,"code":0}
{"event":"atexit","sid":"20261006T103238.698341Z-Ha9d4ceab-P0001342f","thread":"main","time":"2026-10-06T10:32:38.704762Z","file":"trace2/tr2_tgt_event.c","line":207,"t_abs":0.006935,"code":0}
{"event":"cmd_name","sid":"20261006T103238.699362Z-Ha9d4ceab-P00013437","thread":"main","time":"2026-10-06T10:32:38.704993Z","file":"git.c","line":477,"name":"ls-tree","hierarchy":"ls-tree"}
{"event":"exit","sid":"20261006T103238.695442Z-Ha9d4ceab-P00013411","thread":"main","time":"2026-10-06T10:32:38.705963Z","file":"git.c","line":747,"t_abs":0.011147,"code":0}
{"event":"atexit","sid":"20261006T103238.695442Z-Ha9d4ceab-P00013411","thread":"main","time":"2026-10-06T10:32:38.705983Z","file":"trace2/tr2_tgt_event.c","line":207,"t_abs":0.011168,"code":0}
{"event":"exit","sid":"20261006T103238.700162Z-Ha9d4ceab-P0001341f","thread":"main","time":"2026-10-06T10:32:38.706157Z","file":"git.c","line":747,"t_abs":0.006707,"code":0}
{"event":"atexit","sid":"20261006T103238.700162Z-Ha9d4ceab-P0001341f","thread":"main","time":"2026-10-06T10:32:38.706175Z","file":"trace2/tr2_tgt_event.c","line":207,"t_abs":0.006725,"code":0}
{"event":"exit","sid":"20261006T103238.699362Z-Ha9d4ceab-P00013437","thread":"main","time":"2026-10-06T10:32:38.706658Z","file":"git.c","line":747,"t_abs":0.007840,"code":0}
{"event":"atexit","sid":"20261006T103238.699362Z-Ha9d4ceab-P00013437","thread":"main","time":"2026-10-06T10:32:38.706674Z","file":"trace2/tr2_tgt_event.c","line":207,"t_abs":0.007856,"code":0}
{"event":"version","sid":"20261006T103238.706757Z-Ha9d4ceab-P00013446","thread":"main","time":"2026-10-06T10:32:38.707773Z","file":"common-init.c","line":57,"evt":"4","exe":"2.50.1 (Apple Git-155)"}
{"event":"start","sid":"20261006T103238.706757Z-Ha9d4ceab-P00013446","thread":"main","time":"2026-10-06T10:32:38.707797Z","file":"common-init.c","line":58,"t_abs":0.001610,"argv":["/Library/Developer/CommandLineTools/usr/bin/git","-C","/var/folders/f1/2xjyyqkn5plc19fx4nt4tpt00000gn/T/flow-dperf02-tWIHzq/worker","ls-tree","-r","-z","--full-tree","5f4529721d854dc490f98e9546ec64121d705216","--",":(literal)src/shared/a.txt"]}
{"event":"def_repo","sid":"20261006T103238.706757Z-Ha9d4ceab-P00013446","thread":"main","time":"2026-10-06T10:32:38.709282Z","file":"repository.c","line":241,"repo":1,"worktree":"/private/var/folders/f1/2xjyyqkn5plc19fx4nt4tpt00000gn/T/flow-dperf02-tWIHzq/worker"}
{"event":"cmd_name","sid":"20261006T103238.706757Z-Ha9d4ceab-P00013446","thread":"main","time":"2026-10-06T10:32:38.711036Z","file":"git.c","line":477,"name":"ls-tree","hierarchy":"ls-tree"}
{"event":"exit","sid":"20261006T103238.706757Z-Ha9d4ceab-P00013446","thread":"main","time":"2026-10-06T10:32:38.714511Z","file":"git.c","line":747,"t_abs":0.008322,"code":0}
{"event":"atexit","sid":"20261006T103238.706757Z-Ha9d4ceab-P00013446","thread":"main","time":"2026-10-06T10:32:38.714544Z","file":"trace2/tr2_tgt_event.c","line":207,"t_abs":0.008355,"code":0}
{"event":"version","sid":"20261006T103238.716491Z-Ha9d4ceab-P00013453","thread":"main","time":"2026-10-06T10:32:38.718180Z","file":"common-init.c","line":57,"evt":"4","exe":"2.50.1 (Apple Git-155)"}
{"event":"start","sid":"20261006T103238.716491Z-Ha9d4ceab-P00013453","thread":"main","time":"2026-10-06T10:32:38.718235Z","file":"common-init.c","line":58,"t_abs":0.002260,"argv":["/Library/Developer/CommandLineTools/usr/bin/git","-C","/var/folders/f1/2xjyyqkn5plc19fx4nt4tpt00000gn/T/flow-dperf02-tWIHzq/worker","ls-tree","-r","-z","--full-tree","5f4529721d854dc490f98e9546ec64121d705216","--",":(literal)src/shared/a.txt"]}
{"event":"def_repo","sid":"20261006T103238.716491Z-Ha9d4ceab-P00013453","thread":"main","time":"2026-10-06T10:32:38.719132Z","file":"repository.c","line":241,"repo":1,"worktree":"/private/var/folders/f1/2xjyyqkn5plc19fx4nt4tpt00000gn/T/flow-dperf02-tWIHzq/worker"}
{"event":"cmd_name","sid":"20261006T103238.716491Z-Ha9d4ceab-P00013453","thread":"main","time":"2026-10-06T10:32:38.719430Z","file":"git.c","line":477,"name":"ls-tree","hierarchy":"ls-tree"}
{"event":"exit","sid":"20261006T103238.716491Z-Ha9d4ceab-P00013453","thread":"main","time":"2026-10-06T10:32:38.722432Z","file":"git.c","line":747,"t_abs":0.006455,"code":0}
{"event":"atexit","sid":"20261006T103238.716491Z-Ha9d4ceab-P00013453","thread":"main","time":"2026-10-06T10:32:38.722455Z","file":"trace2/tr2_tgt_event.c","line":207,"t_abs":0.006480,"code":0}
{"event":"version","sid":"20261006T103238.723978Z-Ha9d4ceab-P0001346c","thread":"main","time":"2026-10-06T10:32:38.725294Z","file":"common-init.c","line":57,"evt":"4","exe":"2.50.1 (Apple Git-155)"}
{"event":"start","sid":"20261006T103238.723978Z-Ha9d4ceab-P0001346c","thread":"main","time":"2026-10-06T10:32:38.725374Z","file":"common-init.c","line":58,"t_abs":0.002701,"argv":["/Library/Developer/CommandLineTools/usr/bin/git","-C","/var/folders/f1/2xjyyqkn5plc19fx4nt4tpt00000gn/T/flow-dperf02-tWIHzq/worker","ls-tree","-r","-z","--full-tree","5f4529721d854dc490f98e9546ec64121d705216","--",":(literal)src/second"]}
{"event":"version","sid":"20261006T103238.724415Z-Ha9d4ceab-P0001344e","thread":"main","time":"2026-10-06T10:32:38.725825Z","file":"common-init.c","line":57,"evt":"4","exe":"2.50.1 (Apple Git-155)"}
{"event":"start","sid":"20261006T103238.724415Z-Ha9d4ceab-P0001344e","thread":"main","time":"2026-10-06T10:32:38.725845Z","file":"common-init.c","line":58,"t_abs":0.002519,"argv":["/Library/Developer/CommandLineTools/usr/bin/git","-C","/var/folders/f1/2xjyyqkn5plc19fx4nt4tpt00000gn/T/flow-dperf02-tWIHzq/worker","ls-tree","-r","-z","--full-tree","5f4529721d854dc490f98e9546ec64121d705216","--",":(literal)src/shared/a.txt"]}
{"event":"def_repo","sid":"20261006T103238.724415Z-Ha9d4ceab-P0001344e","thread":"main","time":"2026-10-06T10:32:38.726625Z","file":"repository.c","line":241,"repo":1,"worktree":"/private/var/folders/f1/2xjyyqkn5plc19fx4nt4tpt00000gn/T/flow-dperf02-tWIHzq/worker"}
{"event":"cmd_name","sid":"20261006T103238.724415Z-Ha9d4ceab-P0001344e","thread":"main","time":"2026-10-06T10:32:38.727097Z","file":"git.c","line":477,"name":"ls-tree","hierarchy":"ls-tree"}
{"event":"def_repo","sid":"20261006T103238.723978Z-Ha9d4ceab-P0001346c","thread":"main","time":"2026-10-06T10:32:38.727785Z","file":"repository.c","line":241,"repo":1,"worktree":"/private/var/folders/f1/2xjyyqkn5plc19fx4nt4tpt00000gn/T/flow-dperf02-tWIHzq/worker"}
{"event":"cmd_name","sid":"20261006T103238.723978Z-Ha9d4ceab-P0001346c","thread":"main","time":"2026-10-06T10:32:38.728209Z","file":"git.c","line":477,"name":"ls-tree","hierarchy":"ls-tree"}
{"event":"version","sid":"20261006T103238.728892Z-Ha9d4ceab-P00013460","thread":"main","time":"2026-10-06T10:32:38.729945Z","file":"common-init.c","line":57,"evt":"4","exe":"2.50.1 (Apple Git-155)"}
{"event":"start","sid":"20261006T103238.728892Z-Ha9d4ceab-P00013460","thread":"main","time":"2026-10-06T10:32:38.729989Z","file":"common-init.c","line":58,"t_abs":0.001794,"argv":["/Library/Developer/CommandLineTools/usr/bin/git","-C","/var/folders/f1/2xjyyqkn5plc19fx4nt4tpt00000gn/T/flow-dperf02-tWIHzq/worker","ls-tree","-r","-z","--full-tree","5f4529721d854dc490f98e9546ec64121d705216","--",":(literal)src/second"]}
{"event":"exit","sid":"20261006T103238.723978Z-Ha9d4ceab-P0001346c","thread":"main","time":"2026-10-06T10:32:38.730245Z","file":"git.c","line":747,"t_abs":0.007571,"code":0}
{"event":"atexit","sid":"20261006T103238.723978Z-Ha9d4ceab-P0001346c","thread":"main","time":"2026-10-06T10:32:38.730271Z","file":"trace2/tr2_tgt_event.c","line":207,"t_abs":0.007597,"code":0}
{"event":"version","sid":"20261006T103238.729368Z-Ha9d4ceab-P00013474","thread":"main","time":"2026-10-06T10:32:38.730685Z","file":"common-init.c","line":57,"evt":"4","exe":"2.50.1 (Apple Git-155)"}
{"event":"start","sid":"20261006T103238.729368Z-Ha9d4ceab-P00013474","thread":"main","time":"2026-10-06T10:32:38.730755Z","file":"common-init.c","line":58,"t_abs":0.002323,"argv":["/Library/Developer/CommandLineTools/usr/bin/git","-C","/var/folders/f1/2xjyyqkn5plc19fx4nt4tpt00000gn/T/flow-dperf02-tWIHzq/worker","ls-tree","-r","-z","--full-tree","5f4529721d854dc490f98e9546ec64121d705216","--",":(literal)src/second"]}
{"event":"exit","sid":"20261006T103238.724415Z-Ha9d4ceab-P0001344e","thread":"main","time":"2026-10-06T10:32:38.730792Z","file":"git.c","line":747,"t_abs":0.007466,"code":0}
{"event":"atexit","sid":"20261006T103238.724415Z-Ha9d4ceab-P0001344e","thread":"main","time":"2026-10-06T10:32:38.730808Z","file":"trace2/tr2_tgt_event.c","line":207,"t_abs":0.007480,"code":0}
{"event":"def_repo","sid":"20261006T103238.728892Z-Ha9d4ceab-P00013460","thread":"main","time":"2026-10-06T10:32:38.730887Z","file":"repository.c","line":241,"repo":1,"worktree":"/private/var/folders/f1/2xjyyqkn5plc19fx4nt4tpt00000gn/T/flow-dperf02-tWIHzq/worker"}
{"event":"cmd_name","sid":"20261006T103238.728892Z-Ha9d4ceab-P00013460","thread":"main","time":"2026-10-06T10:32:38.731318Z","file":"git.c","line":477,"name":"ls-tree","hierarchy":"ls-tree"}
{"event":"def_repo","sid":"20261006T103238.729368Z-Ha9d4ceab-P00013474","thread":"main","time":"2026-10-06T10:32:38.731650Z","file":"repository.c","line":241,"repo":1,"worktree":"/private/var/folders/f1/2xjyyqkn5plc19fx4nt4tpt00000gn/T/flow-dperf02-tWIHzq/worker"}
{"event":"cmd_name","sid":"20261006T103238.729368Z-Ha9d4ceab-P00013474","thread":"main","time":"2026-10-06T10:32:38.732013Z","file":"git.c","line":477,"name":"ls-tree","hierarchy":"ls-tree"}
{"event":"exit","sid":"20261006T103238.728892Z-Ha9d4ceab-P00013460","thread":"main","time":"2026-10-06T10:32:38.732610Z","file":"git.c","line":747,"t_abs":0.004416,"code":0}
{"event":"atexit","sid":"20261006T103238.728892Z-Ha9d4ceab-P00013460","thread":"main","time":"2026-10-06T10:32:38.732625Z","file":"trace2/tr2_tgt_event.c","line":207,"t_abs":0.004431,"code":0}
{"event":"exit","sid":"20261006T103238.729368Z-Ha9d4ceab-P00013474","thread":"main","time":"2026-10-06T10:32:38.733471Z","file":"git.c","line":747,"t_abs":0.005039,"code":0}
{"event":"atexit","sid":"20261006T103238.729368Z-Ha9d4ceab-P00013474","thread":"main","time":"2026-10-06T10:32:38.733491Z","file":"trace2/tr2_tgt_event.c","line":207,"t_abs":0.005059,"code":0}
{"event":"version","sid":"20261006T103238.734614Z-Ha9d4ceab-P0001347c","thread":"main","time":"2026-10-06T10:32:38.735280Z","file":"common-init.c","line":57,"evt":"4","exe":"2.50.1 (Apple Git-155)"}
{"event":"start","sid":"20261006T103238.734614Z-Ha9d4ceab-P0001347c","thread":"main","time":"2026-10-06T10:32:38.735304Z","file":"common-init.c","line":58,"t_abs":0.001449,"argv":["/Library/Developer/CommandLineTools/usr/bin/git","-C","/var/folders/f1/2xjyyqkn5plc19fx4nt4tpt00000gn/T/flow-dperf02-tWIHzq/worker","ls-tree","-r","-z","--full-tree","5f4529721d854dc490f98e9546ec64121d705216","--",":(literal)src/second"]}
{"event":"def_repo","sid":"20261006T103238.734614Z-Ha9d4ceab-P0001347c","thread":"main","time":"2026-10-06T10:32:38.735741Z","file":"repository.c","line":241,"repo":1,"worktree":"/private/var/folders/f1/2xjyyqkn5plc19fx4nt4tpt00000gn/T/flow-dperf02-tWIHzq/worker"}
{"event":"version","sid":"20261006T103238.735213Z-Ha9d4ceab-P0001349d","thread":"main","time":"2026-10-06T10:32:38.735923Z","file":"common-init.c","line":57,"evt":"4","exe":"2.50.1 (Apple Git-155)"}
{"event":"start","sid":"20261006T103238.735213Z-Ha9d4ceab-P0001349d","thread":"main","time":"2026-10-06T10:32:38.735934Z","file":"common-init.c","line":58,"t_abs":0.001024,"argv":["/Library/Developer/CommandLineTools/usr/bin/git","-C","/var/folders/f1/2xjyyqkn5plc19fx4nt4tpt00000gn/T/flow-dperf02-tWIHzq/worker","ls-tree","-r","-z","--full-tree","5f4529721d854dc490f98e9546ec64121d705216","--",":(literal)src/second"]}
{"event":"cmd_name","sid":"20261006T103238.734614Z-Ha9d4ceab-P0001347c","thread":"main","time":"2026-10-06T10:32:38.736071Z","file":"git.c","line":477,"name":"ls-tree","hierarchy":"ls-tree"}
{"event":"def_repo","sid":"20261006T103238.735213Z-Ha9d4ceab-P0001349d","thread":"main","time":"2026-10-06T10:32:38.736384Z","file":"repository.c","line":241,"repo":1,"worktree":"/private/var/folders/f1/2xjyyqkn5plc19fx4nt4tpt00000gn/T/flow-dperf02-tWIHzq/worker"}
{"event":"cmd_name","sid":"20261006T103238.735213Z-Ha9d4ceab-P0001349d","thread":"main","time":"2026-10-06T10:32:38.736986Z","file":"git.c","line":477,"name":"ls-tree","hierarchy":"ls-tree"}
{"event":"exit","sid":"20261006T103238.734614Z-Ha9d4ceab-P0001347c","thread":"main","time":"2026-10-06T10:32:38.738341Z","file":"git.c","line":747,"t_abs":0.004483,"code":0}
{"event":"atexit","sid":"20261006T103238.734614Z-Ha9d4ceab-P0001347c","thread":"main","time":"2026-10-06T10:32:38.738386Z","file":"trace2/tr2_tgt_event.c","line":207,"t_abs":0.004529,"code":0}
{"event":"exit","sid":"20261006T103238.735213Z-Ha9d4ceab-P0001349d","thread":"main","time":"2026-10-06T10:32:38.738531Z","file":"git.c","line":747,"t_abs":0.003621,"code":0}
{"event":"atexit","sid":"20261006T103238.735213Z-Ha9d4ceab-P0001349d","thread":"main","time":"2026-10-06T10:32:38.738547Z","file":"trace2/tr2_tgt_event.c","line":207,"t_abs":0.003637,"code":0}
{"event":"version","sid":"20261006T103238.737363Z-Ha9d4ceab-P0001348d","thread":"main","time":"2026-10-06T10:32:38.739067Z","file":"common-init.c","line":57,"evt":"4","exe":"2.50.1 (Apple Git-155)"}
{"event":"start","sid":"20261006T103238.737363Z-Ha9d4ceab-P0001348d","thread":"main","time":"2026-10-06T10:32:38.739091Z","file":"common-init.c","line":58,"t_abs":0.002310,"argv":["/Library/Developer/CommandLineTools/usr/bin/git","-C","/var/folders/f1/2xjyyqkn5plc19fx4nt4tpt00000gn/T/flow-dperf02-tWIHzq/worker","ls-tree","-r","-z","--full-tree","5f4529721d854dc490f98e9546ec64121d705216","--",":(literal)src/second"]}
{"event":"def_repo","sid":"20261006T103238.737363Z-Ha9d4ceab-P0001348d","thread":"main","time":"2026-10-06T10:32:38.739711Z","file":"repository.c","line":241,"repo":1,"worktree":"/private/var/folders/f1/2xjyyqkn5plc19fx4nt4tpt00000gn/T/flow-dperf02-tWIHzq/worker"}
{"event":"cmd_name","sid":"20261006T103238.737363Z-Ha9d4ceab-P0001348d","thread":"main","time":"2026-10-06T10:32:38.740670Z","file":"git.c","line":477,"name":"ls-tree","hierarchy":"ls-tree"}
{"event":"exit","sid":"20261006T103238.737363Z-Ha9d4ceab-P0001348d","thread":"main","time":"2026-10-06T10:32:38.742556Z","file":"git.c","line":747,"t_abs":0.005775,"code":0}
{"event":"atexit","sid":"20261006T103238.737363Z-Ha9d4ceab-P0001348d","thread":"main","time":"2026-10-06T10:32:38.742574Z","file":"trace2/tr2_tgt_event.c","line":207,"t_abs":0.005793,"code":0}
{"event":"version","sid":"20261006T103238.742831Z-Ha9d4ceab-P00013492","thread":"main","time":"2026-10-06T10:32:38.743336Z","file":"common-init.c","line":57,"evt":"4","exe":"2.50.1 (Apple Git-155)"}
{"event":"start","sid":"20261006T103238.742831Z-Ha9d4ceab-P00013492","thread":"main","time":"2026-10-06T10:32:38.743382Z","file":"common-init.c","line":58,"t_abs":0.000900,"argv":["/Library/Developer/CommandLineTools/usr/bin/git","-C","/var/folders/f1/2xjyyqkn5plc19fx4nt4tpt00000gn/T/flow-dperf02-tWIHzq/worker","ls-tree","-r","-z","--full-tree","5f4529721d854dc490f98e9546ec64121d705216","--",":(literal)src/second"]}
{"event":"def_repo","sid":"20261006T103238.742831Z-Ha9d4ceab-P00013492","thread":"main","time":"2026-10-06T10:32:38.744133Z","file":"repository.c","line":241,"repo":1,"worktree":"/private/var/folders/f1/2xjyyqkn5plc19fx4nt4tpt00000gn/T/flow-dperf02-tWIHzq/worker"}
{"event":"cmd_name","sid":"20261006T103238.742831Z-Ha9d4ceab-P00013492","thread":"main","time":"2026-10-06T10:32:38.744402Z","file":"git.c","line":477,"name":"ls-tree","hierarchy":"ls-tree"}
{"event":"exit","sid":"20261006T103238.742831Z-Ha9d4ceab-P00013492","thread":"main","time":"2026-10-06T10:32:38.745679Z","file":"git.c","line":747,"t_abs":0.003198,"code":0}
{"event":"atexit","sid":"20261006T103238.742831Z-Ha9d4ceab-P00013492","thread":"main","time":"2026-10-06T10:32:38.745696Z","file":"trace2/tr2_tgt_event.c","line":207,"t_abs":0.003215,"code":0}
{"event":"version","sid":"20261006T103238.747423Z-Ha9d4ceab-P000134a2","thread":"main","time":"2026-10-06T10:32:38.749173Z","file":"common-init.c","line":57,"evt":"4","exe":"2.50.1 (Apple Git-155)"}
{"event":"start","sid":"20261006T103238.747423Z-Ha9d4ceab-P000134a2","thread":"main","time":"2026-10-06T10:32:38.749206Z","file":"common-init.c","line":58,"t_abs":0.002518,"argv":["/Library/Developer/CommandLineTools/usr/bin/git","-C","/var/folders/f1/2xjyyqkn5plc19fx4nt4tpt00000gn/T/flow-dperf02-tWIHzq/worker","ls-tree","-r","-z","--full-tree","5f4529721d854dc490f98e9546ec64121d705216","--",":(literal)src/second"]}
{"event":"version","sid":"20261006T103238.748003Z-Ha9d4ceab-P000134aa","thread":"main","time":"2026-10-06T10:32:38.749353Z","file":"common-init.c","line":57,"evt":"4","exe":"2.50.1 (Apple Git-155)"}
{"event":"start","sid":"20261006T103238.748003Z-Ha9d4ceab-P000134aa","thread":"main","time":"2026-10-06T10:32:38.749391Z","file":"common-init.c","line":58,"t_abs":0.001828,"argv":["/Library/Developer/CommandLineTools/usr/bin/git","-C","/var/folders/f1/2xjyyqkn5plc19fx4nt4tpt00000gn/T/flow-dperf02-tWIHzq/worker","ls-tree","-r","-z","--full-tree","5f4529721d854dc490f98e9546ec64121d705216","--",":(literal)src/third.txt"]}
{"event":"version","sid":"20261006T103238.747852Z-Ha9d4ceab-P000134bf","thread":"main","time":"2026-10-06T10:32:38.749620Z","file":"common-init.c","line":57,"evt":"4","exe":"2.50.1 (Apple Git-155)"}
{"event":"start","sid":"20261006T103238.747852Z-Ha9d4ceab-P000134bf","thread":"main","time":"2026-10-06T10:32:38.749638Z","file":"common-init.c","line":58,"t_abs":0.002244,"argv":["/Library/Developer/CommandLineTools/usr/bin/git","-C","/var/folders/f1/2xjyyqkn5plc19fx4nt4tpt00000gn/T/flow-dperf02-tWIHzq/worker","ls-tree","-r","-z","--full-tree","5f4529721d854dc490f98e9546ec64121d705216","--",":(literal)src/second"]}
{"event":"def_repo","sid":"20261006T103238.747423Z-Ha9d4ceab-P000134a2","thread":"main","time":"2026-10-06T10:32:38.749857Z","file":"repository.c","line":241,"repo":1,"worktree":"/private/var/folders/f1/2xjyyqkn5plc19fx4nt4tpt00000gn/T/flow-dperf02-tWIHzq/worker"}
{"event":"def_repo","sid":"20261006T103238.748003Z-Ha9d4ceab-P000134aa","thread":"main","time":"2026-10-06T10:32:38.750436Z","file":"repository.c","line":241,"repo":1,"worktree":"/private/var/folders/f1/2xjyyqkn5plc19fx4nt4tpt00000gn/T/flow-dperf02-tWIHzq/worker"}
{"event":"def_repo","sid":"20261006T103238.747852Z-Ha9d4ceab-P000134bf","thread":"main","time":"2026-10-06T10:32:38.750478Z","file":"repository.c","line":241,"repo":1,"worktree":"/private/var/folders/f1/2xjyyqkn5plc19fx4nt4tpt00000gn/T/flow-dperf02-tWIHzq/worker"}
{"event":"cmd_name","sid":"20261006T103238.748003Z-Ha9d4ceab-P000134aa","thread":"main","time":"2026-10-06T10:32:38.750943Z","file":"git.c","line":477,"name":"ls-tree","hierarchy":"ls-tree"}
{"event":"cmd_name","sid":"20261006T103238.747423Z-Ha9d4ceab-P000134a2","thread":"main","time":"2026-10-06T10:32:38.751140Z","file":"git.c","line":477,"name":"ls-tree","hierarchy":"ls-tree"}
{"event":"cmd_name","sid":"20261006T103238.747852Z-Ha9d4ceab-P000134bf","thread":"main","time":"2026-10-06T10:32:38.751622Z","file":"git.c","line":477,"name":"ls-tree","hierarchy":"ls-tree"}
{"event":"exit","sid":"20261006T103238.748003Z-Ha9d4ceab-P000134aa","thread":"main","time":"2026-10-06T10:32:38.752313Z","file":"git.c","line":747,"t_abs":0.004750,"code":0}
{"event":"atexit","sid":"20261006T103238.748003Z-Ha9d4ceab-P000134aa","thread":"main","time":"2026-10-06T10:32:38.752327Z","file":"trace2/tr2_tgt_event.c","line":207,"t_abs":0.004764,"code":0}
{"event":"exit","sid":"20261006T103238.747423Z-Ha9d4ceab-P000134a2","thread":"main","time":"2026-10-06T10:32:38.752917Z","file":"git.c","line":747,"t_abs":0.006229,"code":0}
{"event":"atexit","sid":"20261006T103238.747423Z-Ha9d4ceab-P000134a2","thread":"main","time":"2026-10-06T10:32:38.752932Z","file":"trace2/tr2_tgt_event.c","line":207,"t_abs":0.006244,"code":0}
{"event":"exit","sid":"20261006T103238.747852Z-Ha9d4ceab-P000134bf","thread":"main","time":"2026-10-06T10:32:38.754016Z","file":"git.c","line":747,"t_abs":0.006621,"code":0}
{"event":"atexit","sid":"20261006T103238.747852Z-Ha9d4ceab-P000134bf","thread":"main","time":"2026-10-06T10:32:38.754032Z","file":"trace2/tr2_tgt_event.c","line":207,"t_abs":0.006637,"code":0}
{"event":"version","sid":"20261006T103238.756121Z-Ha9d4ceab-P000134c8","thread":"main","time":"2026-10-06T10:32:38.756716Z","file":"common-init.c","line":57,"evt":"4","exe":"2.50.1 (Apple Git-155)"}
{"event":"start","sid":"20261006T103238.756121Z-Ha9d4ceab-P000134c8","thread":"main","time":"2026-10-06T10:32:38.756743Z","file":"common-init.c","line":58,"t_abs":0.001022,"argv":["/Library/Developer/CommandLineTools/usr/bin/git","-C","/var/folders/f1/2xjyyqkn5plc19fx4nt4tpt00000gn/T/flow-dperf02-tWIHzq/worker","ls-tree","-r","-z","--full-tree","5f4529721d854dc490f98e9546ec64121d705216","--",":(literal)src/third.txt"]}
{"event":"def_repo","sid":"20261006T103238.756121Z-Ha9d4ceab-P000134c8","thread":"main","time":"2026-10-06T10:32:38.757279Z","file":"repository.c","line":241,"repo":1,"worktree":"/private/var/folders/f1/2xjyyqkn5plc19fx4nt4tpt00000gn/T/flow-dperf02-tWIHzq/worker"}
{"event":"version","sid":"20261006T103238.756421Z-Ha9d4ceab-P000134b2","thread":"main","time":"2026-10-06T10:32:38.757279Z","file":"common-init.c","line":57,"evt":"4","exe":"2.50.1 (Apple Git-155)"}
{"event":"start","sid":"20261006T103238.756421Z-Ha9d4ceab-P000134b2","thread":"main","time":"2026-10-06T10:32:38.757319Z","file":"common-init.c","line":58,"t_abs":0.001343,"argv":["/Library/Developer/CommandLineTools/usr/bin/git","-C","/var/folders/f1/2xjyyqkn5plc19fx4nt4tpt00000gn/T/flow-dperf02-tWIHzq/worker","ls-tree","-r","-z","--full-tree","5f4529721d854dc490f98e9546ec64121d705216","--",":(literal)src/second"]}
{"event":"cmd_name","sid":"20261006T103238.756121Z-Ha9d4ceab-P000134c8","thread":"main","time":"2026-10-06T10:32:38.758057Z","file":"git.c","line":477,"name":"ls-tree","hierarchy":"ls-tree"}
{"event":"def_repo","sid":"20261006T103238.756421Z-Ha9d4ceab-P000134b2","thread":"main","time":"2026-10-06T10:32:38.758848Z","file":"repository.c","line":241,"repo":1,"worktree":"/private/var/folders/f1/2xjyyqkn5plc19fx4nt4tpt00000gn/T/flow-dperf02-tWIHzq/worker"}
{"event":"cmd_name","sid":"20261006T103238.756421Z-Ha9d4ceab-P000134b2","thread":"main","time":"2026-10-06T10:32:38.759509Z","file":"git.c","line":477,"name":"ls-tree","hierarchy":"ls-tree"}
{"event":"exit","sid":"20261006T103238.756121Z-Ha9d4ceab-P000134c8","thread":"main","time":"2026-10-06T10:32:38.760603Z","file":"git.c","line":747,"t_abs":0.004881,"code":0}
{"event":"atexit","sid":"20261006T103238.756121Z-Ha9d4ceab-P000134c8","thread":"main","time":"2026-10-06T10:32:38.760619Z","file":"trace2/tr2_tgt_event.c","line":207,"t_abs":0.004897,"code":0}
{"event":"version","sid":"20261006T103238.759533Z-Ha9d4ceab-P000134e3","thread":"main","time":"2026-10-06T10:32:38.760679Z","file":"common-init.c","line":57,"evt":"4","exe":"2.50.1 (Apple Git-155)"}
{"event":"start","sid":"20261006T103238.759533Z-Ha9d4ceab-P000134e3","thread":"main","time":"2026-10-06T10:32:38.760718Z","file":"common-init.c","line":58,"t_abs":0.001744,"argv":["/Library/Developer/CommandLineTools/usr/bin/git","-C","/var/folders/f1/2xjyyqkn5plc19fx4nt4tpt00000gn/T/flow-dperf02-tWIHzq/worker","ls-tree","-r","-z","--full-tree","5f4529721d854dc490f98e9546ec64121d705216","--",":(literal)src/second"]}
{"event":"def_repo","sid":"20261006T103238.759533Z-Ha9d4ceab-P000134e3","thread":"main","time":"2026-10-06T10:32:38.761429Z","file":"repository.c","line":241,"repo":1,"worktree":"/private/var/folders/f1/2xjyyqkn5plc19fx4nt4tpt00000gn/T/flow-dperf02-tWIHzq/worker"}
{"event":"exit","sid":"20261006T103238.756421Z-Ha9d4ceab-P000134b2","thread":"main","time":"2026-10-06T10:32:38.761769Z","file":"git.c","line":747,"t_abs":0.005793,"code":0}
{"event":"atexit","sid":"20261006T103238.756421Z-Ha9d4ceab-P000134b2","thread":"main","time":"2026-10-06T10:32:38.761955Z","file":"trace2/tr2_tgt_event.c","line":207,"t_abs":0.005975,"code":0}
{"event":"cmd_name","sid":"20261006T103238.759533Z-Ha9d4ceab-P000134e3","thread":"main","time":"2026-10-06T10:32:38.762067Z","file":"git.c","line":477,"name":"ls-tree","hierarchy":"ls-tree"}
{"event":"version","sid":"20261006T103238.760788Z-Ha9d4ceab-P000134d9","thread":"main","time":"2026-10-06T10:32:38.762219Z","file":"common-init.c","line":57,"evt":"4","exe":"2.50.1 (Apple Git-155)"}
{"event":"start","sid":"20261006T103238.760788Z-Ha9d4ceab-P000134d9","thread":"main","time":"2026-10-06T10:32:38.762246Z","file":"common-init.c","line":58,"t_abs":0.001848,"argv":["/Library/Developer/CommandLineTools/usr/bin/git","-C","/var/folders/f1/2xjyyqkn5plc19fx4nt4tpt00000gn/T/flow-dperf02-tWIHzq/worker","ls-tree","-r","-z","--full-tree","5f4529721d854dc490f98e9546ec64121d705216","--",":(literal)src/second"]}
{"event":"def_repo","sid":"20261006T103238.760788Z-Ha9d4ceab-P000134d9","thread":"main","time":"2026-10-06T10:32:38.763357Z","file":"repository.c","line":241,"repo":1,"worktree":"/private/var/folders/f1/2xjyyqkn5plc19fx4nt4tpt00000gn/T/flow-dperf02-tWIHzq/worker"}
{"event":"exit","sid":"20261006T103238.759533Z-Ha9d4ceab-P000134e3","thread":"main","time":"2026-10-06T10:32:38.763574Z","file":"git.c","line":747,"t_abs":0.004601,"code":0}
{"event":"atexit","sid":"20261006T103238.759533Z-Ha9d4ceab-P000134e3","thread":"main","time":"2026-10-06T10:32:38.763587Z","file":"trace2/tr2_tgt_event.c","line":207,"t_abs":0.004614,"code":0}
{"event":"cmd_name","sid":"20261006T103238.760788Z-Ha9d4ceab-P000134d9","thread":"main","time":"2026-10-06T10:32:38.763763Z","file":"git.c","line":477,"name":"ls-tree","hierarchy":"ls-tree"}
{"event":"exit","sid":"20261006T103238.760788Z-Ha9d4ceab-P000134d9","thread":"main","time":"2026-10-06T10:32:38.764893Z","file":"git.c","line":747,"t_abs":0.004496,"code":0}
{"event":"atexit","sid":"20261006T103238.760788Z-Ha9d4ceab-P000134d9","thread":"main","time":"2026-10-06T10:32:38.764907Z","file":"trace2/tr2_tgt_event.c","line":207,"t_abs":0.004509,"code":0}
{"event":"version","sid":"20261006T103238.766681Z-Ha9d4ceab-P000134f0","thread":"main","time":"2026-10-06T10:32:38.767325Z","file":"common-init.c","line":57,"evt":"4","exe":"2.50.1 (Apple Git-155)"}
{"event":"start","sid":"20261006T103238.766681Z-Ha9d4ceab-P000134f0","thread":"main","time":"2026-10-06T10:32:38.767353Z","file":"common-init.c","line":58,"t_abs":0.000987,"argv":["/Library/Developer/CommandLineTools/usr/bin/git","-C","/var/folders/f1/2xjyyqkn5plc19fx4nt4tpt00000gn/T/flow-dperf02-tWIHzq/worker","ls-tree","-r","-z","--full-tree","5f4529721d854dc490f98e9546ec64121d705216","--",":(literal)src/third.txt"]}
{"event":"def_repo","sid":"20261006T103238.766681Z-Ha9d4ceab-P000134f0","thread":"main","time":"2026-10-06T10:32:38.767735Z","file":"repository.c","line":241,"repo":1,"worktree":"/private/var/folders/f1/2xjyyqkn5plc19fx4nt4tpt00000gn/T/flow-dperf02-tWIHzq/worker"}
{"event":"cmd_name","sid":"20261006T103238.766681Z-Ha9d4ceab-P000134f0","thread":"main","time":"2026-10-06T10:32:38.767967Z","file":"git.c","line":477,"name":"ls-tree","hierarchy":"ls-tree"}
{"event":"exit","sid":"20261006T103238.766681Z-Ha9d4ceab-P000134f0","thread":"main","time":"2026-10-06T10:32:38.769309Z","file":"git.c","line":747,"t_abs":0.002942,"code":0}
{"event":"atexit","sid":"20261006T103238.766681Z-Ha9d4ceab-P000134f0","thread":"main","time":"2026-10-06T10:32:38.769328Z","file":"trace2/tr2_tgt_event.c","line":207,"t_abs":0.002962,"code":0}
{"event":"version","sid":"20261006T103238.768697Z-Ha9d4ceab-P000134f5","thread":"main","time":"2026-10-06T10:32:38.769877Z","file":"common-init.c","line":57,"evt":"4","exe":"2.50.1 (Apple Git-155)"}
{"event":"start","sid":"20261006T103238.768697Z-Ha9d4ceab-P000134f5","thread":"main","time":"2026-10-06T10:32:38.769927Z","file":"common-init.c","line":58,"t_abs":0.001725,"argv":["/Library/Developer/CommandLineTools/usr/bin/git","-C","/var/folders/f1/2xjyyqkn5plc19fx4nt4tpt00000gn/T/flow-dperf02-tWIHzq/worker","ls-tree","-r","-z","--full-tree","5f4529721d854dc490f98e9546ec64121d705216","--",":(literal)src/second"]}
{"event":"def_repo","sid":"20261006T103238.768697Z-Ha9d4ceab-P000134f5","thread":"main","time":"2026-10-06T10:32:38.770918Z","file":"repository.c","line":241,"repo":1,"worktree":"/private/var/folders/f1/2xjyyqkn5plc19fx4nt4tpt00000gn/T/flow-dperf02-tWIHzq/worker"}
{"event":"version","sid":"20261006T103238.770076Z-Ha9d4ceab-P000134fa","thread":"main","time":"2026-10-06T10:32:38.771380Z","file":"common-init.c","line":57,"evt":"4","exe":"2.50.1 (Apple Git-155)"}
{"event":"start","sid":"20261006T103238.770076Z-Ha9d4ceab-P000134fa","thread":"main","time":"2026-10-06T10:32:38.771418Z","file":"common-init.c","line":58,"t_abs":0.001727,"argv":["/Library/Developer/CommandLineTools/usr/bin/git","-C","/var/folders/f1/2xjyyqkn5plc19fx4nt4tpt00000gn/T/flow-dperf02-tWIHzq/worker","ls-tree","-r","-z","--full-tree","5f4529721d854dc490f98e9546ec64121d705216","--",":(literal)src/second"]}
{"event":"cmd_name","sid":"20261006T103238.768697Z-Ha9d4ceab-P000134f5","thread":"main","time":"2026-10-06T10:32:38.771612Z","file":"git.c","line":477,"name":"ls-tree","hierarchy":"ls-tree"}
{"event":"def_repo","sid":"20261006T103238.770076Z-Ha9d4ceab-P000134fa","thread":"main","time":"2026-10-06T10:32:38.773235Z","file":"repository.c","line":241,"repo":1,"worktree":"/private/var/folders/f1/2xjyyqkn5plc19fx4nt4tpt00000gn/T/flow-dperf02-tWIHzq/worker"}
{"event":"cmd_name","sid":"20261006T103238.770076Z-Ha9d4ceab-P000134fa","thread":"main","time":"2026-10-06T10:32:38.773778Z","file":"git.c","line":477,"name":"ls-tree","hierarchy":"ls-tree"}
{"event":"exit","sid":"20261006T103238.768697Z-Ha9d4ceab-P000134f5","thread":"main","time":"2026-10-06T10:32:38.773847Z","file":"git.c","line":747,"t_abs":0.005644,"code":0}
{"event":"atexit","sid":"20261006T103238.768697Z-Ha9d4ceab-P000134f5","thread":"main","time":"2026-10-06T10:32:38.773869Z","file":"trace2/tr2_tgt_event.c","line":207,"t_abs":0.005667,"code":0}
{"event":"exit","sid":"20261006T103238.770076Z-Ha9d4ceab-P000134fa","thread":"main","time":"2026-10-06T10:32:38.774967Z","file":"git.c","line":747,"t_abs":0.005276,"code":0}
{"event":"atexit","sid":"20261006T103238.770076Z-Ha9d4ceab-P000134fa","thread":"main","time":"2026-10-06T10:32:38.774985Z","file":"trace2/tr2_tgt_event.c","line":207,"t_abs":0.005294,"code":0}
{"event":"version","sid":"20261006T103238.782110Z-Ha9d4ceab-P0001350f","thread":"main","time":"2026-10-06T10:32:38.783423Z","file":"common-init.c","line":57,"evt":"4","exe":"2.50.1 (Apple Git-155)"}
{"event":"start","sid":"20261006T103238.782110Z-Ha9d4ceab-P0001350f","thread":"main","time":"2026-10-06T10:32:38.783455Z","file":"common-init.c","line":58,"t_abs":0.001683,"argv":["/Library/Developer/CommandLineTools/usr/bin/git","-C","/var/folders/f1/2xjyyqkn5plc19fx4nt4tpt00000gn/T/flow-dperf02-tWIHzq/worker","ls-tree","-r","-z","--full-tree","5f4529721d854dc490f98e9546ec64121d705216","--",":(literal)src/third.txt"]}
{"event":"def_repo","sid":"20261006T103238.782110Z-Ha9d4ceab-P0001350f","thread":"main","time":"2026-10-06T10:32:38.784504Z","file":"repository.c","line":241,"repo":1,"worktree":"/private/var/folders/f1/2xjyyqkn5plc19fx4nt4tpt00000gn/T/flow-dperf02-tWIHzq/worker"}
{"event":"cmd_name","sid":"20261006T103238.782110Z-Ha9d4ceab-P0001350f","thread":"main","time":"2026-10-06T10:32:38.785250Z","file":"git.c","line":477,"name":"ls-tree","hierarchy":"ls-tree"}
{"event":"version","sid":"20261006T103238.783610Z-Ha9d4ceab-P0001351b","thread":"main","time":"2026-10-06T10:32:38.785329Z","file":"common-init.c","line":57,"evt":"4","exe":"2.50.1 (Apple Git-155)"}
{"event":"start","sid":"20261006T103238.783610Z-Ha9d4ceab-P0001351b","thread":"main","time":"2026-10-06T10:32:38.785375Z","file":"common-init.c","line":58,"t_abs":0.002140,"argv":["/Library/Developer/CommandLineTools/usr/bin/git","-C","/var/folders/f1/2xjyyqkn5plc19fx4nt4tpt00000gn/T/flow-dperf02-tWIHzq/worker","ls-tree","-r","-z","--full-tree","5f4529721d854dc490f98e9546ec64121d705216","--",":(literal)src/third.txt"]}
{"event":"def_repo","sid":"20261006T103238.783610Z-Ha9d4ceab-P0001351b","thread":"main","time":"2026-10-06T10:32:38.786353Z","file":"repository.c","line":241,"repo":1,"worktree":"/private/var/folders/f1/2xjyyqkn5plc19fx4nt4tpt00000gn/T/flow-dperf02-tWIHzq/worker"}
{"event":"cmd_name","sid":"20261006T103238.783610Z-Ha9d4ceab-P0001351b","thread":"main","time":"2026-10-06T10:32:38.786707Z","file":"git.c","line":477,"name":"ls-tree","hierarchy":"ls-tree"}
{"event":"exit","sid":"20261006T103238.782110Z-Ha9d4ceab-P0001350f","thread":"main","time":"2026-10-06T10:32:38.788497Z","file":"git.c","line":747,"t_abs":0.006724,"code":0}
{"event":"atexit","sid":"20261006T103238.782110Z-Ha9d4ceab-P0001350f","thread":"main","time":"2026-10-06T10:32:38.788516Z","file":"trace2/tr2_tgt_event.c","line":207,"t_abs":0.006745,"code":0}
{"event":"version","sid":"20261006T103238.787356Z-Ha9d4ceab-P00013520","thread":"main","time":"2026-10-06T10:32:38.788531Z","file":"common-init.c","line":57,"evt":"4","exe":"2.50.1 (Apple Git-155)"}
{"event":"start","sid":"20261006T103238.787356Z-Ha9d4ceab-P00013520","thread":"main","time":"2026-10-06T10:32:38.788553Z","file":"common-init.c","line":58,"t_abs":0.001657,"argv":["/Library/Developer/CommandLineTools/usr/bin/git","-C","/var/folders/f1/2xjyyqkn5plc19fx4nt4tpt00000gn/T/flow-dperf02-tWIHzq/worker","ls-tree","-r","-z","--full-tree","5f4529721d854dc490f98e9546ec64121d705216","--",":(literal)src/third.txt"]}
{"event":"exit","sid":"20261006T103238.783610Z-Ha9d4ceab-P0001351b","thread":"main","time":"2026-10-06T10:32:38.788627Z","file":"git.c","line":747,"t_abs":0.005392,"code":0}
{"event":"atexit","sid":"20261006T103238.783610Z-Ha9d4ceab-P0001351b","thread":"main","time":"2026-10-06T10:32:38.788644Z","file":"trace2/tr2_tgt_event.c","line":207,"t_abs":0.005408,"code":0}
{"event":"def_repo","sid":"20261006T103238.787356Z-Ha9d4ceab-P00013520","thread":"main","time":"2026-10-06T10:32:38.789041Z","file":"repository.c","line":241,"repo":1,"worktree":"/private/var/folders/f1/2xjyyqkn5plc19fx4nt4tpt00000gn/T/flow-dperf02-tWIHzq/worker"}
{"event":"cmd_name","sid":"20261006T103238.787356Z-Ha9d4ceab-P00013520","thread":"main","time":"2026-10-06T10:32:38.789694Z","file":"git.c","line":477,"name":"ls-tree","hierarchy":"ls-tree"}
{"event":"version","sid":"20261006T103238.789170Z-Ha9d4ceab-P00013525","thread":"main","time":"2026-10-06T10:32:38.790303Z","file":"common-init.c","line":57,"evt":"4","exe":"2.50.1 (Apple Git-155)"}
{"event":"start","sid":"20261006T103238.789170Z-Ha9d4ceab-P00013525","thread":"main","time":"2026-10-06T10:32:38.790350Z","file":"common-init.c","line":58,"t_abs":0.002369,"argv":["/Library/Developer/CommandLineTools/usr/bin/git","-C","/var/folders/f1/2xjyyqkn5plc19fx4nt4tpt00000gn/T/flow-dperf02-tWIHzq/worker","ls-tree","-r","-z","--full-tree","5f4529721d854dc490f98e9546ec64121d705216","--",":(literal)src/third.txt"]}
{"event":"def_repo","sid":"20261006T103238.789170Z-Ha9d4ceab-P00013525","thread":"main","time":"2026-10-06T10:32:38.791057Z","file":"repository.c","line":241,"repo":1,"worktree":"/private/var/folders/f1/2xjyyqkn5plc19fx4nt4tpt00000gn/T/flow-dperf02-tWIHzq/worker"}
{"event":"cmd_name","sid":"20261006T103238.789170Z-Ha9d4ceab-P00013525","thread":"main","time":"2026-10-06T10:32:38.791595Z","file":"git.c","line":477,"name":"ls-tree","hierarchy":"ls-tree"}
{"event":"exit","sid":"20261006T103238.787356Z-Ha9d4ceab-P00013520","thread":"main","time":"2026-10-06T10:32:38.791776Z","file":"git.c","line":747,"t_abs":0.004879,"code":0}
{"event":"atexit","sid":"20261006T103238.787356Z-Ha9d4ceab-P00013520","thread":"main","time":"2026-10-06T10:32:38.791794Z","file":"trace2/tr2_tgt_event.c","line":207,"t_abs":0.004899,"code":0}
{"event":"exit","sid":"20261006T103238.789170Z-Ha9d4ceab-P00013525","thread":"main","time":"2026-10-06T10:32:38.792830Z","file":"git.c","line":747,"t_abs":0.004850,"code":0}
{"event":"atexit","sid":"20261006T103238.789170Z-Ha9d4ceab-P00013525","thread":"main","time":"2026-10-06T10:32:38.792845Z","file":"trace2/tr2_tgt_event.c","line":207,"t_abs":0.004864,"code":0}
{"event":"version","sid":"20261006T103238.792934Z-Ha9d4ceab-P00013530","thread":"main","time":"2026-10-06T10:32:38.794199Z","file":"common-init.c","line":57,"evt":"4","exe":"2.50.1 (Apple Git-155)"}
{"event":"start","sid":"20261006T103238.792934Z-Ha9d4ceab-P00013530","thread":"main","time":"2026-10-06T10:32:38.794247Z","file":"common-init.c","line":58,"t_abs":0.001790,"argv":["/Library/Developer/CommandLineTools/usr/bin/git","-C","/var/folders/f1/2xjyyqkn5plc19fx4nt4tpt00000gn/T/flow-dperf02-tWIHzq/worker","ls-tree","-r","-z","--full-tree","5f4529721d854dc490f98e9546ec64121d705216","--",":(literal)src/third.txt"]}
{"event":"def_repo","sid":"20261006T103238.792934Z-Ha9d4ceab-P00013530","thread":"main","time":"2026-10-06T10:32:38.794593Z","file":"repository.c","line":241,"repo":1,"worktree":"/private/var/folders/f1/2xjyyqkn5plc19fx4nt4tpt00000gn/T/flow-dperf02-tWIHzq/worker"}
{"event":"cmd_name","sid":"20261006T103238.792934Z-Ha9d4ceab-P00013530","thread":"main","time":"2026-10-06T10:32:38.794785Z","file":"git.c","line":477,"name":"ls-tree","hierarchy":"ls-tree"}
{"event":"version","sid":"20261006T103238.794173Z-Ha9d4ceab-P0001353e","thread":"main","time":"2026-10-06T10:32:38.794878Z","file":"common-init.c","line":57,"evt":"4","exe":"2.50.1 (Apple Git-155)"}
{"event":"start","sid":"20261006T103238.794173Z-Ha9d4ceab-P0001353e","thread":"main","time":"2026-10-06T10:32:38.794900Z","file":"common-init.c","line":58,"t_abs":0.001026,"argv":["/Library/Developer/CommandLineTools/usr/bin/git","-C","/var/folders/f1/2xjyyqkn5plc19fx4nt4tpt00000gn/T/flow-dperf02-tWIHzq/worker","ls-tree","-r","-z","--full-tree","5f4529721d854dc490f98e9546ec64121d705216","--",":(literal)src/third.txt"]}
{"event":"def_repo","sid":"20261006T103238.794173Z-Ha9d4ceab-P0001353e","thread":"main","time":"2026-10-06T10:32:38.795488Z","file":"repository.c","line":241,"repo":1,"worktree":"/private/var/folders/f1/2xjyyqkn5plc19fx4nt4tpt00000gn/T/flow-dperf02-tWIHzq/worker"}
{"event":"cmd_name","sid":"20261006T103238.794173Z-Ha9d4ceab-P0001353e","thread":"main","time":"2026-10-06T10:32:38.795754Z","file":"git.c","line":477,"name":"ls-tree","hierarchy":"ls-tree"}
{"event":"exit","sid":"20261006T103238.792934Z-Ha9d4ceab-P00013530","thread":"main","time":"2026-10-06T10:32:38.796298Z","file":"git.c","line":747,"t_abs":0.003841,"code":0}
{"event":"atexit","sid":"20261006T103238.792934Z-Ha9d4ceab-P00013530","thread":"main","time":"2026-10-06T10:32:38.796321Z","file":"trace2/tr2_tgt_event.c","line":207,"t_abs":0.003864,"code":0}
{"event":"exit","sid":"20261006T103238.794173Z-Ha9d4ceab-P0001353e","thread":"main","time":"2026-10-06T10:32:38.797391Z","file":"git.c","line":747,"t_abs":0.003516,"code":0}
{"event":"atexit","sid":"20261006T103238.794173Z-Ha9d4ceab-P0001353e","thread":"main","time":"2026-10-06T10:32:38.797407Z","file":"trace2/tr2_tgt_event.c","line":207,"t_abs":0.003532,"code":0}
{"event":"version","sid":"20261006T103238.799251Z-Ha9d4ceab-P00013548","thread":"main","time":"2026-10-06T10:32:38.799992Z","file":"common-init.c","line":57,"evt":"4","exe":"2.50.1 (Apple Git-155)"}
{"event":"start","sid":"20261006T103238.799251Z-Ha9d4ceab-P00013548","thread":"main","time":"2026-10-06T10:32:38.800012Z","file":"common-init.c","line":58,"t_abs":0.001147,"argv":["/Library/Developer/CommandLineTools/usr/bin/git","-C","/var/folders/f1/2xjyyqkn5plc19fx4nt4tpt00000gn/T/flow-dperf02-tWIHzq/worker","ls-tree","-r","-z","--full-tree","5f4529721d854dc490f98e9546ec64121d705216","--",":(literal)src/third.txt"]}
{"event":"def_repo","sid":"20261006T103238.799251Z-Ha9d4ceab-P00013548","thread":"main","time":"2026-10-06T10:32:38.800427Z","file":"repository.c","line":241,"repo":1,"worktree":"/private/var/folders/f1/2xjyyqkn5plc19fx4nt4tpt00000gn/T/flow-dperf02-tWIHzq/worker"}
{"event":"cmd_name","sid":"20261006T103238.799251Z-Ha9d4ceab-P00013548","thread":"main","time":"2026-10-06T10:32:38.800792Z","file":"git.c","line":477,"name":"ls-tree","hierarchy":"ls-tree"}
{"event":"exit","sid":"20261006T103238.799251Z-Ha9d4ceab-P00013548","thread":"main","time":"2026-10-06T10:32:38.802922Z","file":"git.c","line":747,"t_abs":0.004056,"code":0}
{"event":"atexit","sid":"20261006T103238.799251Z-Ha9d4ceab-P00013548","thread":"main","time":"2026-10-06T10:32:38.802943Z","file":"trace2/tr2_tgt_event.c","line":207,"t_abs":0.004077,"code":0}
{"event":"version","sid":"20261006T103238.803288Z-Ha9d4ceab-P0001354d","thread":"main","time":"2026-10-06T10:32:38.803873Z","file":"common-init.c","line":57,"evt":"4","exe":"2.50.1 (Apple Git-155)"}
{"event":"start","sid":"20261006T103238.803288Z-Ha9d4ceab-P0001354d","thread":"main","time":"2026-10-06T10:32:38.803891Z","file":"common-init.c","line":58,"t_abs":0.000911,"argv":["/Library/Developer/CommandLineTools/usr/bin/git","-C","/var/folders/f1/2xjyyqkn5plc19fx4nt4tpt00000gn/T/flow-dperf02-tWIHzq/worker","ls-tree","-r","-z","--full-tree","5f4529721d854dc490f98e9546ec64121d705216","--",":(literal)src/third.txt"]}
{"event":"def_repo","sid":"20261006T103238.803288Z-Ha9d4ceab-P0001354d","thread":"main","time":"2026-10-06T10:32:38.804213Z","file":"repository.c","line":241,"repo":1,"worktree":"/private/var/folders/f1/2xjyyqkn5plc19fx4nt4tpt00000gn/T/flow-dperf02-tWIHzq/worker"}
{"event":"cmd_name","sid":"20261006T103238.803288Z-Ha9d4ceab-P0001354d","thread":"main","time":"2026-10-06T10:32:38.804475Z","file":"git.c","line":477,"name":"ls-tree","hierarchy":"ls-tree"}
{"event":"exit","sid":"20261006T103238.803288Z-Ha9d4ceab-P0001354d","thread":"main","time":"2026-10-06T10:32:38.805626Z","file":"git.c","line":747,"t_abs":0.002646,"code":0}
{"event":"atexit","sid":"20261006T103238.803288Z-Ha9d4ceab-P0001354d","thread":"main","time":"2026-10-06T10:32:38.805640Z","file":"trace2/tr2_tgt_event.c","line":207,"t_abs":0.002660,"code":0}
{"event":"version","sid":"20261006T103238.805643Z-Ha9d4ceab-P0001355b","thread":"main","time":"2026-10-06T10:32:38.806336Z","file":"common-init.c","line":57,"evt":"4","exe":"2.50.1 (Apple Git-155)"}
{"event":"start","sid":"20261006T103238.805643Z-Ha9d4ceab-P0001355b","thread":"main","time":"2026-10-06T10:32:38.806351Z","file":"common-init.c","line":58,"t_abs":0.001118,"argv":["/Library/Developer/CommandLineTools/usr/bin/git","-C","/var/folders/f1/2xjyyqkn5plc19fx4nt4tpt00000gn/T/flow-dperf02-tWIHzq/worker","ls-tree","-r","-z","--full-tree","5f4529721d854dc490f98e9546ec64121d705216","--",":(literal)src/fourth.txt"]}
{"event":"def_repo","sid":"20261006T103238.805643Z-Ha9d4ceab-P0001355b","thread":"main","time":"2026-10-06T10:32:38.806819Z","file":"repository.c","line":241,"repo":1,"worktree":"/private/var/folders/f1/2xjyyqkn5plc19fx4nt4tpt00000gn/T/flow-dperf02-tWIHzq/worker"}
{"event":"cmd_name","sid":"20261006T103238.805643Z-Ha9d4ceab-P0001355b","thread":"main","time":"2026-10-06T10:32:38.807208Z","file":"git.c","line":477,"name":"ls-tree","hierarchy":"ls-tree"}
{"event":"exit","sid":"20261006T103238.805643Z-Ha9d4ceab-P0001355b","thread":"main","time":"2026-10-06T10:32:38.808410Z","file":"git.c","line":747,"t_abs":0.003176,"code":0}
{"event":"atexit","sid":"20261006T103238.805643Z-Ha9d4ceab-P0001355b","thread":"main","time":"2026-10-06T10:32:38.808426Z","file":"trace2/tr2_tgt_event.c","line":207,"t_abs":0.003191,"code":0}
{"event":"version","sid":"20261006T103238.807730Z-Ha9d4ceab-P00013577","thread":"main","time":"2026-10-06T10:32:38.808474Z","file":"common-init.c","line":57,"evt":"4","exe":"2.50.1 (Apple Git-155)"}
{"event":"start","sid":"20261006T103238.807730Z-Ha9d4ceab-P00013577","thread":"main","time":"2026-10-06T10:32:38.808517Z","file":"common-init.c","line":58,"t_abs":0.001181,"argv":["/Library/Developer/CommandLineTools/usr/bin/git","-C","/var/folders/f1/2xjyyqkn5plc19fx4nt4tpt00000gn/T/flow-dperf02-tWIHzq/worker","ls-tree","-r","-z","--full-tree","5f4529721d854dc490f98e9546ec64121d705216","--",":(literal)src/fourth.txt"]}
{"event":"def_repo","sid":"20261006T103238.807730Z-Ha9d4ceab-P00013577","thread":"main","time":"2026-10-06T10:32:38.809216Z","file":"repository.c","line":241,"repo":1,"worktree":"/private/var/folders/f1/2xjyyqkn5plc19fx4nt4tpt00000gn/T/flow-dperf02-tWIHzq/worker"}
{"event":"version","sid":"20261006T103238.808540Z-Ha9d4ceab-P00013563","thread":"main","time":"2026-10-06T10:32:38.809611Z","file":"common-init.c","line":57,"evt":"4","exe":"2.50.1 (Apple Git-155)"}
{"event":"start","sid":"20261006T103238.808540Z-Ha9d4ceab-P00013563","thread":"main","time":"2026-10-06T10:32:38.809649Z","file":"common-init.c","line":58,"t_abs":0.001664,"argv":["/Library/Developer/CommandLineTools/usr/bin/git","-C","/var/folders/f1/2xjyyqkn5plc19fx4nt4tpt00000gn/T/flow-dperf02-tWIHzq/worker","ls-tree","-r","-z","--full-tree","5f4529721d854dc490f98e9546ec64121d705216","--",":(literal)src/third.txt"]}
{"event":"cmd_name","sid":"20261006T103238.807730Z-Ha9d4ceab-P00013577","thread":"main","time":"2026-10-06T10:32:38.809842Z","file":"git.c","line":477,"name":"ls-tree","hierarchy":"ls-tree"}
{"event":"def_repo","sid":"20261006T103238.808540Z-Ha9d4ceab-P00013563","thread":"main","time":"2026-10-06T10:32:38.810738Z","file":"repository.c","line":241,"repo":1,"worktree":"/private/var/folders/f1/2xjyyqkn5plc19fx4nt4tpt00000gn/T/flow-dperf02-tWIHzq/worker"}
{"event":"cmd_name","sid":"20261006T103238.808540Z-Ha9d4ceab-P00013563","thread":"main","time":"2026-10-06T10:32:38.812016Z","file":"git.c","line":477,"name":"ls-tree","hierarchy":"ls-tree"}
{"event":"exit","sid":"20261006T103238.807730Z-Ha9d4ceab-P00013577","thread":"main","time":"2026-10-06T10:32:38.813352Z","file":"git.c","line":747,"t_abs":0.006016,"code":0}
{"event":"atexit","sid":"20261006T103238.807730Z-Ha9d4ceab-P00013577","thread":"main","time":"2026-10-06T10:32:38.813372Z","file":"trace2/tr2_tgt_event.c","line":207,"t_abs":0.006036,"code":0}
{"event":"version","sid":"20261006T103238.811628Z-Ha9d4ceab-P0001356c","thread":"main","time":"2026-10-06T10:32:38.813424Z","file":"common-init.c","line":57,"evt":"4","exe":"2.50.1 (Apple Git-155)"}
{"event":"start","sid":"20261006T103238.811628Z-Ha9d4ceab-P0001356c","thread":"main","time":"2026-10-06T10:32:38.813436Z","file":"common-init.c","line":58,"t_abs":0.002181,"argv":["/Library/Developer/CommandLineTools/usr/bin/git","-C","/var/folders/f1/2xjyyqkn5plc19fx4nt4tpt00000gn/T/flow-dperf02-tWIHzq/worker","ls-tree","-r","-z","--full-tree","5f4529721d854dc490f98e9546ec64121d705216","--",":(literal)src/third.txt"]}
{"event":"exit","sid":"20261006T103238.808540Z-Ha9d4ceab-P00013563","thread":"main","time":"2026-10-06T10:32:38.813552Z","file":"git.c","line":747,"t_abs":0.005567,"code":0}
{"event":"atexit","sid":"20261006T103238.808540Z-Ha9d4ceab-P00013563","thread":"main","time":"2026-10-06T10:32:38.813566Z","file":"trace2/tr2_tgt_event.c","line":207,"t_abs":0.005581,"code":0}
{"event":"def_repo","sid":"20261006T103238.811628Z-Ha9d4ceab-P0001356c","thread":"main","time":"2026-10-06T10:32:38.813858Z","file":"repository.c","line":241,"repo":1,"worktree":"/private/var/folders/f1/2xjyyqkn5plc19fx4nt4tpt00000gn/T/flow-dperf02-tWIHzq/worker"}
{"event":"cmd_name","sid":"20261006T103238.811628Z-Ha9d4ceab-P0001356c","thread":"main","time":"2026-10-06T10:32:38.814209Z","file":"git.c","line":477,"name":"ls-tree","hierarchy":"ls-tree"}
{"event":"exit","sid":"20261006T103238.811628Z-Ha9d4ceab-P0001356c","thread":"main","time":"2026-10-06T10:32:38.815301Z","file":"git.c","line":747,"t_abs":0.004046,"code":0}
{"event":"atexit","sid":"20261006T103238.811628Z-Ha9d4ceab-P0001356c","thread":"main","time":"2026-10-06T10:32:38.815313Z","file":"trace2/tr2_tgt_event.c","line":207,"t_abs":0.004058,"code":0}
{"event":"version","sid":"20261006T103238.817472Z-Ha9d4ceab-P0001357e","thread":"main","time":"2026-10-06T10:32:38.818594Z","file":"common-init.c","line":57,"evt":"4","exe":"2.50.1 (Apple Git-155)"}
{"event":"start","sid":"20261006T103238.817472Z-Ha9d4ceab-P0001357e","thread":"main","time":"2026-10-06T10:32:38.818644Z","file":"common-init.c","line":58,"t_abs":0.001532,"argv":["/Library/Developer/CommandLineTools/usr/bin/git","-C","/var/folders/f1/2xjyyqkn5plc19fx4nt4tpt00000gn/T/flow-dperf02-tWIHzq/worker","ls-tree","-r","-z","--full-tree","5f4529721d854dc490f98e9546ec64121d705216","--",":(literal)src/third.txt"]}
{"event":"def_repo","sid":"20261006T103238.817472Z-Ha9d4ceab-P0001357e","thread":"main","time":"2026-10-06T10:32:38.819629Z","file":"repository.c","line":241,"repo":1,"worktree":"/private/var/folders/f1/2xjyyqkn5plc19fx4nt4tpt00000gn/T/flow-dperf02-tWIHzq/worker"}
{"event":"cmd_name","sid":"20261006T103238.817472Z-Ha9d4ceab-P0001357e","thread":"main","time":"2026-10-06T10:32:38.820406Z","file":"git.c","line":477,"name":"ls-tree","hierarchy":"ls-tree"}
{"event":"exit","sid":"20261006T103238.817472Z-Ha9d4ceab-P0001357e","thread":"main","time":"2026-10-06T10:32:38.822643Z","file":"git.c","line":747,"t_abs":0.005530,"code":0}
{"event":"atexit","sid":"20261006T103238.817472Z-Ha9d4ceab-P0001357e","thread":"main","time":"2026-10-06T10:32:38.822685Z","file":"trace2/tr2_tgt_event.c","line":207,"t_abs":0.005573,"code":0}
{"event":"version","sid":"20261006T103238.827226Z-Ha9d4ceab-P000135a0","thread":"main","time":"2026-10-06T10:32:38.828956Z","file":"common-init.c","line":57,"evt":"4","exe":"2.50.1 (Apple Git-155)"}
{"event":"start","sid":"20261006T103238.827226Z-Ha9d4ceab-P000135a0","thread":"main","time":"2026-10-06T10:32:38.828990Z","file":"common-init.c","line":58,"t_abs":0.002194,"argv":["/Library/Developer/CommandLineTools/usr/bin/git","-C","/var/folders/f1/2xjyyqkn5plc19fx4nt4tpt00000gn/T/flow-dperf02-tWIHzq/worker","ls-tree","-r","-z","--full-tree","5f4529721d854dc490f98e9546ec64121d705216","--",":(literal)src/third.txt"]}
{"event":"def_repo","sid":"20261006T103238.827226Z-Ha9d4ceab-P000135a0","thread":"main","time":"2026-10-06T10:32:38.829946Z","file":"repository.c","line":241,"repo":1,"worktree":"/private/var/folders/f1/2xjyyqkn5plc19fx4nt4tpt00000gn/T/flow-dperf02-tWIHzq/worker"}
{"event":"cmd_name","sid":"20261006T103238.827226Z-Ha9d4ceab-P000135a0","thread":"main","time":"2026-10-06T10:32:38.830305Z","file":"git.c","line":477,"name":"ls-tree","hierarchy":"ls-tree"}
{"event":"exit","sid":"20261006T103238.827226Z-Ha9d4ceab-P000135a0","thread":"main","time":"2026-10-06T10:32:38.831822Z","file":"git.c","line":747,"t_abs":0.005026,"code":0}
{"event":"atexit","sid":"20261006T103238.827226Z-Ha9d4ceab-P000135a0","thread":"main","time":"2026-10-06T10:32:38.831844Z","file":"trace2/tr2_tgt_event.c","line":207,"t_abs":0.005047,"code":0}
{"event":"version","sid":"20261006T103238.830787Z-Ha9d4ceab-P000135a8","thread":"main","time":"2026-10-06T10:32:38.832049Z","file":"common-init.c","line":57,"evt":"4","exe":"2.50.1 (Apple Git-155)"}
{"event":"start","sid":"20261006T103238.830787Z-Ha9d4ceab-P000135a8","thread":"main","time":"2026-10-06T10:32:38.832067Z","file":"common-init.c","line":58,"t_abs":0.001848,"argv":["/Library/Developer/CommandLineTools/usr/bin/git","-C","/var/folders/f1/2xjyyqkn5plc19fx4nt4tpt00000gn/T/flow-dperf02-tWIHzq/worker","ls-tree","-r","-z","--full-tree","5f4529721d854dc490f98e9546ec64121d705216","--",":(literal)src/third.txt"]}
{"event":"def_repo","sid":"20261006T103238.830787Z-Ha9d4ceab-P000135a8","thread":"main","time":"2026-10-06T10:32:38.832429Z","file":"repository.c","line":241,"repo":1,"worktree":"/private/var/folders/f1/2xjyyqkn5plc19fx4nt4tpt00000gn/T/flow-dperf02-tWIHzq/worker"}
{"event":"cmd_name","sid":"20261006T103238.830787Z-Ha9d4ceab-P000135a8","thread":"main","time":"2026-10-06T10:32:38.832774Z","file":"git.c","line":477,"name":"ls-tree","hierarchy":"ls-tree"}
{"event":"exit","sid":"20261006T103238.830787Z-Ha9d4ceab-P000135a8","thread":"main","time":"2026-10-06T10:32:38.833941Z","file":"git.c","line":747,"t_abs":0.003722,"code":0}
{"event":"atexit","sid":"20261006T103238.830787Z-Ha9d4ceab-P000135a8","thread":"main","time":"2026-10-06T10:32:38.833952Z","file":"trace2/tr2_tgt_event.c","line":207,"t_abs":0.003733,"code":0}
{"event":"version","sid":"20261006T103238.842735Z-Ha9d4ceab-P000135be","thread":"main","time":"2026-10-06T10:32:38.843461Z","file":"common-init.c","line":57,"evt":"4","exe":"2.50.1 (Apple Git-155)"}
{"event":"start","sid":"20261006T103238.842735Z-Ha9d4ceab-P000135be","thread":"main","time":"2026-10-06T10:32:38.843493Z","file":"common-init.c","line":58,"t_abs":0.001087,"argv":["/Library/Developer/CommandLineTools/usr/bin/git","-C","/var/folders/f1/2xjyyqkn5plc19fx4nt4tpt00000gn/T/flow-dperf02-tWIHzq/worker","ls-tree","-r","-z","--full-tree","5f4529721d854dc490f98e9546ec64121d705216","--",":(literal)src/fourth.txt"]}
{"event":"version","sid":"20261006T103238.843181Z-Ha9d4ceab-P000135d7","thread":"main","time":"2026-10-06T10:32:38.843729Z","file":"common-init.c","line":57,"evt":"4","exe":"2.50.1 (Apple Git-155)"}
{"event":"start","sid":"20261006T103238.843181Z-Ha9d4ceab-P000135d7","thread":"main","time":"2026-10-06T10:32:38.843742Z","file":"common-init.c","line":58,"t_abs":0.001005,"argv":["/Library/Developer/CommandLineTools/usr/bin/git","-C","/var/folders/f1/2xjyyqkn5plc19fx4nt4tpt00000gn/T/flow-dperf02-tWIHzq/worker","ls-tree","-r","-z","--full-tree","5f4529721d854dc490f98e9546ec64121d705216","--",":(literal)src/fourth.txt"]}
{"event":"def_repo","sid":"20261006T103238.842735Z-Ha9d4ceab-P000135be","thread":"main","time":"2026-10-06T10:32:38.843963Z","file":"repository.c","line":241,"repo":1,"worktree":"/private/var/folders/f1/2xjyyqkn5plc19fx4nt4tpt00000gn/T/flow-dperf02-tWIHzq/worker"}
{"event":"def_repo","sid":"20261006T103238.843181Z-Ha9d4ceab-P000135d7","thread":"main","time":"2026-10-06T10:32:38.844184Z","file":"repository.c","line":241,"repo":1,"worktree":"/private/var/folders/f1/2xjyyqkn5plc19fx4nt4tpt00000gn/T/flow-dperf02-tWIHzq/worker"}
{"event":"cmd_name","sid":"20261006T103238.842735Z-Ha9d4ceab-P000135be","thread":"main","time":"2026-10-06T10:32:38.844370Z","file":"git.c","line":477,"name":"ls-tree","hierarchy":"ls-tree"}
{"event":"cmd_name","sid":"20261006T103238.843181Z-Ha9d4ceab-P000135d7","thread":"main","time":"2026-10-06T10:32:38.844560Z","file":"git.c","line":477,"name":"ls-tree","hierarchy":"ls-tree"}
{"event":"exit","sid":"20261006T103238.842735Z-Ha9d4ceab-P000135be","thread":"main","time":"2026-10-06T10:32:38.845632Z","file":"git.c","line":747,"t_abs":0.003226,"code":0}
{"event":"atexit","sid":"20261006T103238.842735Z-Ha9d4ceab-P000135be","thread":"main","time":"2026-10-06T10:32:38.845648Z","file":"trace2/tr2_tgt_event.c","line":207,"t_abs":0.003242,"code":0}
{"event":"exit","sid":"20261006T103238.843181Z-Ha9d4ceab-P000135d7","thread":"main","time":"2026-10-06T10:32:38.845775Z","file":"git.c","line":747,"t_abs":0.003037,"code":0}
{"event":"atexit","sid":"20261006T103238.843181Z-Ha9d4ceab-P000135d7","thread":"main","time":"2026-10-06T10:32:38.845787Z","file":"trace2/tr2_tgt_event.c","line":207,"t_abs":0.003049,"code":0}
{"event":"version","sid":"20261006T103238.845700Z-Ha9d4ceab-P000135b4","thread":"main","time":"2026-10-06T10:32:38.846829Z","file":"common-init.c","line":57,"evt":"4","exe":"2.50.1 (Apple Git-155)"}
{"event":"start","sid":"20261006T103238.845700Z-Ha9d4ceab-P000135b4","thread":"main","time":"2026-10-06T10:32:38.846877Z","file":"common-init.c","line":58,"t_abs":0.001629,"argv":["/Library/Developer/CommandLineTools/usr/bin/git","-C","/var/folders/f1/2xjyyqkn5plc19fx4nt4tpt00000gn/T/flow-dperf02-tWIHzq/worker","ls-tree","-r","-z","--full-tree","5f4529721d854dc490f98e9546ec64121d705216","--",":(literal)src/fourth.txt"]}
{"event":"version","sid":"20261006T103238.846314Z-Ha9d4ceab-P000135d0","thread":"main","time":"2026-10-06T10:32:38.847745Z","file":"common-init.c","line":57,"evt":"4","exe":"2.50.1 (Apple Git-155)"}
{"event":"start","sid":"20261006T103238.846314Z-Ha9d4ceab-P000135d0","thread":"main","time":"2026-10-06T10:32:38.847762Z","file":"common-init.c","line":58,"t_abs":0.001819,"argv":["/Library/Developer/CommandLineTools/usr/bin/git","-C","/var/folders/f1/2xjyyqkn5plc19fx4nt4tpt00000gn/T/flow-dperf02-tWIHzq/worker","ls-tree","-r","-z","--full-tree","5f4529721d854dc490f98e9546ec64121d705216","--",":(literal)src/fourth.txt"]}
{"event":"def_repo","sid":"20261006T103238.845700Z-Ha9d4ceab-P000135b4","thread":"main","time":"2026-10-06T10:32:38.848052Z","file":"repository.c","line":241,"repo":1,"worktree":"/private/var/folders/f1/2xjyyqkn5plc19fx4nt4tpt00000gn/T/flow-dperf02-tWIHzq/worker"}
{"event":"def_repo","sid":"20261006T103238.846314Z-Ha9d4ceab-P000135d0","thread":"main","time":"2026-10-06T10:32:38.848314Z","file":"repository.c","line":241,"repo":1,"worktree":"/private/var/folders/f1/2xjyyqkn5plc19fx4nt4tpt00000gn/T/flow-dperf02-tWIHzq/worker"}
{"event":"cmd_name","sid":"20261006T103238.845700Z-Ha9d4ceab-P000135b4","thread":"main","time":"2026-10-06T10:32:38.848412Z","file":"git.c","line":477,"name":"ls-tree","hierarchy":"ls-tree"}
{"event":"cmd_name","sid":"20261006T103238.846314Z-Ha9d4ceab-P000135d0","thread":"main","time":"2026-10-06T10:32:38.848573Z","file":"git.c","line":477,"name":"ls-tree","hierarchy":"ls-tree"}
{"event":"version","sid":"20261006T103238.847493Z-Ha9d4ceab-P000135e0","thread":"main","time":"2026-10-06T10:32:38.848664Z","file":"common-init.c","line":57,"evt":"4","exe":"2.50.1 (Apple Git-155)"}
{"event":"start","sid":"20261006T103238.847493Z-Ha9d4ceab-P000135e0","thread":"main","time":"2026-10-06T10:32:38.848736Z","file":"common-init.c","line":58,"t_abs":0.001640,"argv":["/Library/Developer/CommandLineTools/usr/bin/git","-C","/var/folders/f1/2xjyyqkn5plc19fx4nt4tpt00000gn/T/flow-dperf02-tWIHzq/worker","ls-tree","-r","-z","--full-tree","5f4529721d854dc490f98e9546ec64121d705216","--",":(literal)src/fourth.txt"]}
{"event":"version","sid":"20261006T103238.848036Z-Ha9d4ceab-P000135c5","thread":"main","time":"2026-10-06T10:32:38.848838Z","file":"common-init.c","line":57,"evt":"4","exe":"2.50.1 (Apple Git-155)"}
{"event":"start","sid":"20261006T103238.848036Z-Ha9d4ceab-P000135c5","thread":"main","time":"2026-10-06T10:32:38.848857Z","file":"common-init.c","line":58,"t_abs":0.001452,"argv":["/Library/Developer/CommandLineTools/usr/bin/git","-C","/var/folders/f1/2xjyyqkn5plc19fx4nt4tpt00000gn/T/flow-dperf02-tWIHzq/worker","ls-tree","-r","-z","--full-tree","5f4529721d854dc490f98e9546ec64121d705216","--",":(literal)src/fourth.txt"]}
{"event":"def_repo","sid":"20261006T103238.847493Z-Ha9d4ceab-P000135e0","thread":"main","time":"2026-10-06T10:32:38.849751Z","file":"repository.c","line":241,"repo":1,"worktree":"/private/var/folders/f1/2xjyyqkn5plc19fx4nt4tpt00000gn/T/flow-dperf02-tWIHzq/worker"}
{"event":"def_repo","sid":"20261006T103238.848036Z-Ha9d4ceab-P000135c5","thread":"main","time":"2026-10-06T10:32:38.849764Z","file":"repository.c","line":241,"repo":1,"worktree":"/private/var/folders/f1/2xjyyqkn5plc19fx4nt4tpt00000gn/T/flow-dperf02-tWIHzq/worker"}
{"event":"exit","sid":"20261006T103238.845700Z-Ha9d4ceab-P000135b4","thread":"main","time":"2026-10-06T10:32:38.850211Z","file":"git.c","line":747,"t_abs":0.004962,"code":0}
{"event":"atexit","sid":"20261006T103238.845700Z-Ha9d4ceab-P000135b4","thread":"main","time":"2026-10-06T10:32:38.850234Z","file":"trace2/tr2_tgt_event.c","line":207,"t_abs":0.004987,"code":0}
{"event":"cmd_name","sid":"20261006T103238.848036Z-Ha9d4ceab-P000135c5","thread":"main","time":"2026-10-06T10:32:38.850487Z","file":"git.c","line":477,"name":"ls-tree","hierarchy":"ls-tree"}
{"event":"cmd_name","sid":"20261006T103238.847493Z-Ha9d4ceab-P000135e0","thread":"main","time":"2026-10-06T10:32:38.850652Z","file":"git.c","line":477,"name":"ls-tree","hierarchy":"ls-tree"}
{"event":"exit","sid":"20261006T103238.846314Z-Ha9d4ceab-P000135d0","thread":"main","time":"2026-10-06T10:32:38.850671Z","file":"git.c","line":747,"t_abs":0.004728,"code":0}
{"event":"atexit","sid":"20261006T103238.846314Z-Ha9d4ceab-P000135d0","thread":"main","time":"2026-10-06T10:32:38.850684Z","file":"trace2/tr2_tgt_event.c","line":207,"t_abs":0.004740,"code":0}
{"event":"exit","sid":"20261006T103238.847493Z-Ha9d4ceab-P000135e0","thread":"main","time":"2026-10-06T10:32:38.852389Z","file":"git.c","line":747,"t_abs":0.005292,"code":0}
{"event":"atexit","sid":"20261006T103238.847493Z-Ha9d4ceab-P000135e0","thread":"main","time":"2026-10-06T10:32:38.852408Z","file":"trace2/tr2_tgt_event.c","line":207,"t_abs":0.005312,"code":0}
{"event":"exit","sid":"20261006T103238.848036Z-Ha9d4ceab-P000135c5","thread":"main","time":"2026-10-06T10:32:38.852755Z","file":"git.c","line":747,"t_abs":0.005348,"code":0}
{"event":"atexit","sid":"20261006T103238.848036Z-Ha9d4ceab-P000135c5","thread":"main","time":"2026-10-06T10:32:38.852801Z","file":"trace2/tr2_tgt_event.c","line":207,"t_abs":0.005396,"code":0}
{"event":"version","sid":"20261006T103238.853356Z-Ha9d4ceab-P000135e5","thread":"main","time":"2026-10-06T10:32:38.853843Z","file":"common-init.c","line":57,"evt":"4","exe":"2.50.1 (Apple Git-155)"}
{"event":"start","sid":"20261006T103238.853356Z-Ha9d4ceab-P000135e5","thread":"main","time":"2026-10-06T10:32:38.853983Z","file":"common-init.c","line":58,"t_abs":0.000983,"argv":["/Library/Developer/CommandLineTools/usr/bin/git","-C","/var/folders/f1/2xjyyqkn5plc19fx4nt4tpt00000gn/T/flow-dperf02-tWIHzq/worker","ls-tree","-r","-z","--full-tree","5f4529721d854dc490f98e9546ec64121d705216","--",":(literal)src/fourth.txt"]}
{"event":"def_repo","sid":"20261006T103238.853356Z-Ha9d4ceab-P000135e5","thread":"main","time":"2026-10-06T10:32:38.854775Z","file":"repository.c","line":241,"repo":1,"worktree":"/private/var/folders/f1/2xjyyqkn5plc19fx4nt4tpt00000gn/T/flow-dperf02-tWIHzq/worker"}
{"event":"cmd_name","sid":"20261006T103238.853356Z-Ha9d4ceab-P000135e5","thread":"main","time":"2026-10-06T10:32:38.855522Z","file":"git.c","line":477,"name":"ls-tree","hierarchy":"ls-tree"}
{"event":"exit","sid":"20261006T103238.853356Z-Ha9d4ceab-P000135e5","thread":"main","time":"2026-10-06T10:32:38.857771Z","file":"git.c","line":747,"t_abs":0.004772,"code":0}
{"event":"atexit","sid":"20261006T103238.853356Z-Ha9d4ceab-P000135e5","thread":"main","time":"2026-10-06T10:32:38.857793Z","file":"trace2/tr2_tgt_event.c","line":207,"t_abs":0.004794,"code":0}
{"event":"version","sid":"20261006T103238.857079Z-Ha9d4ceab-P000135f5","thread":"main","time":"2026-10-06T10:32:38.858313Z","file":"common-init.c","line":57,"evt":"4","exe":"2.50.1 (Apple Git-155)"}
{"event":"start","sid":"20261006T103238.857079Z-Ha9d4ceab-P000135f5","thread":"main","time":"2026-10-06T10:32:38.858337Z","file":"common-init.c","line":58,"t_abs":0.001763,"argv":["/Library/Developer/CommandLineTools/usr/bin/git","-C","/var/folders/f1/2xjyyqkn5plc19fx4nt4tpt00000gn/T/flow-dperf02-tWIHzq/worker","ls-tree","-r","-z","--full-tree","5f4529721d854dc490f98e9546ec64121d705216","--",":(literal)src/fourth.txt"]}
{"event":"def_repo","sid":"20261006T103238.857079Z-Ha9d4ceab-P000135f5","thread":"main","time":"2026-10-06T10:32:38.858687Z","file":"repository.c","line":241,"repo":1,"worktree":"/private/var/folders/f1/2xjyyqkn5plc19fx4nt4tpt00000gn/T/flow-dperf02-tWIHzq/worker"}
{"event":"cmd_name","sid":"20261006T103238.857079Z-Ha9d4ceab-P000135f5","thread":"main","time":"2026-10-06T10:32:38.858988Z","file":"git.c","line":477,"name":"ls-tree","hierarchy":"ls-tree"}
{"event":"version","sid":"20261006T103238.858153Z-Ha9d4ceab-P000135fa","thread":"main","time":"2026-10-06T10:32:38.859469Z","file":"common-init.c","line":57,"evt":"4","exe":"2.50.1 (Apple Git-155)"}
{"event":"start","sid":"20261006T103238.858153Z-Ha9d4ceab-P000135fa","thread":"main","time":"2026-10-06T10:32:38.859484Z","file":"common-init.c","line":58,"t_abs":0.001667,"argv":["/Library/Developer/CommandLineTools/usr/bin/git","-C","/var/folders/f1/2xjyyqkn5plc19fx4nt4tpt00000gn/T/flow-dperf02-tWIHzq/worker","ls-tree","-r","-z","--full-tree","5f4529721d854dc490f98e9546ec64121d705216","--",":(literal)src/fourth.txt"]}
{"event":"def_repo","sid":"20261006T103238.858153Z-Ha9d4ceab-P000135fa","thread":"main","time":"2026-10-06T10:32:38.860000Z","file":"repository.c","line":241,"repo":1,"worktree":"/private/var/folders/f1/2xjyyqkn5plc19fx4nt4tpt00000gn/T/flow-dperf02-tWIHzq/worker"}
{"event":"exit","sid":"20261006T103238.857079Z-Ha9d4ceab-P000135f5","thread":"main","time":"2026-10-06T10:32:38.860164Z","file":"git.c","line":747,"t_abs":0.003590,"code":0}
{"event":"atexit","sid":"20261006T103238.857079Z-Ha9d4ceab-P000135f5","thread":"main","time":"2026-10-06T10:32:38.860179Z","file":"trace2/tr2_tgt_event.c","line":207,"t_abs":0.003605,"code":0}
{"event":"cmd_name","sid":"20261006T103238.858153Z-Ha9d4ceab-P000135fa","thread":"main","time":"2026-10-06T10:32:38.860254Z","file":"git.c","line":477,"name":"ls-tree","hierarchy":"ls-tree"}
{"event":"version","sid":"20261006T103238.859684Z-Ha9d4ceab-P000135ff","thread":"main","time":"2026-10-06T10:32:38.860876Z","file":"common-init.c","line":57,"evt":"4","exe":"2.50.1 (Apple Git-155)"}
{"event":"version","sid":"20261006T103238.859616Z-Ha9d4ceab-P000135ea","thread":"main","time":"2026-10-06T10:32:38.860880Z","file":"common-init.c","line":57,"evt":"4","exe":"2.50.1 (Apple Git-155)"}
{"event":"start","sid":"20261006T103238.859616Z-Ha9d4ceab-P000135ea","thread":"main","time":"2026-10-06T10:32:38.860927Z","file":"common-init.c","line":58,"t_abs":0.001663,"argv":["/Library/Developer/CommandLineTools/usr/bin/git","-C","/var/folders/f1/2xjyyqkn5plc19fx4nt4tpt00000gn/T/flow-dperf02-tWIHzq/worker","ls-tree","-r","-z","--full-tree","5f4529721d854dc490f98e9546ec64121d705216","--",":(literal)src/fourth.txt"]}
{"event":"start","sid":"20261006T103238.859684Z-Ha9d4ceab-P000135ff","thread":"main","time":"2026-10-06T10:32:38.860894Z","file":"common-init.c","line":58,"t_abs":0.001545,"argv":["/Library/Developer/CommandLineTools/usr/bin/git","-C","/var/folders/f1/2xjyyqkn5plc19fx4nt4tpt00000gn/T/flow-dperf02-tWIHzq/main","merge-base","--is-ancestor","5f4529721d854dc490f98e9546ec64121d705216","469d797d25a0efdfd6741c2e7415be27879df851"]}
{"event":"def_repo","sid":"20261006T103238.859616Z-Ha9d4ceab-P000135ea","thread":"main","time":"2026-10-06T10:32:38.861356Z","file":"repository.c","line":241,"repo":1,"worktree":"/private/var/folders/f1/2xjyyqkn5plc19fx4nt4tpt00000gn/T/flow-dperf02-tWIHzq/worker"}
{"event":"def_repo","sid":"20261006T103238.859684Z-Ha9d4ceab-P000135ff","thread":"main","time":"2026-10-06T10:32:38.861681Z","file":"repository.c","line":241,"repo":1,"worktree":"/private/var/folders/f1/2xjyyqkn5plc19fx4nt4tpt00000gn/T/flow-dperf02-tWIHzq/main"}
{"event":"exit","sid":"20261006T103238.858153Z-Ha9d4ceab-P000135fa","thread":"main","time":"2026-10-06T10:32:38.861809Z","file":"git.c","line":747,"t_abs":0.003992,"code":0}
{"event":"atexit","sid":"20261006T103238.858153Z-Ha9d4ceab-P000135fa","thread":"main","time":"2026-10-06T10:32:38.861820Z","file":"trace2/tr2_tgt_event.c","line":207,"t_abs":0.004003,"code":0}
{"event":"cmd_name","sid":"20261006T103238.859616Z-Ha9d4ceab-P000135ea","thread":"main","time":"2026-10-06T10:32:38.861909Z","file":"git.c","line":477,"name":"ls-tree","hierarchy":"ls-tree"}
{"event":"cmd_name","sid":"20261006T103238.859684Z-Ha9d4ceab-P000135ff","thread":"main","time":"2026-10-06T10:32:38.862146Z","file":"git.c","line":477,"name":"merge-base","hierarchy":"merge-base"}
{"event":"version","sid":"20261006T103238.862114Z-Ha9d4ceab-P00013615","thread":"main","time":"2026-10-06T10:32:38.863128Z","file":"common-init.c","line":57,"evt":"4","exe":"2.50.1 (Apple Git-155)"}
{"event":"start","sid":"20261006T103238.862114Z-Ha9d4ceab-P00013615","thread":"main","time":"2026-10-06T10:32:38.863144Z","file":"common-init.c","line":58,"t_abs":0.002005,"argv":["/Library/Developer/CommandLineTools/usr/bin/git","-C","/var/folders/f1/2xjyyqkn5plc19fx4nt4tpt00000gn/T/flow-dperf02-tWIHzq/worker","ls-tree","-r","-z","--full-tree","5f4529721d854dc490f98e9546ec64121d705216","--",":(literal)src/fourth.txt"]}
{"event":"exit","sid":"20261006T103238.859616Z-Ha9d4ceab-P000135ea","thread":"main","time":"2026-10-06T10:32:38.863222Z","file":"git.c","line":747,"t_abs":0.003958,"code":0}
{"event":"atexit","sid":"20261006T103238.859616Z-Ha9d4ceab-P000135ea","thread":"main","time":"2026-10-06T10:32:38.863235Z","file":"trace2/tr2_tgt_event.c","line":207,"t_abs":0.003971,"code":0}
{"event":"version","sid":"20261006T103238.862084Z-Ha9d4ceab-P0001360c","thread":"main","time":"2026-10-06T10:32:38.863231Z","file":"common-init.c","line":57,"evt":"4","exe":"2.50.1 (Apple Git-155)"}
{"event":"exit","sid":"20261006T103238.859684Z-Ha9d4ceab-P000135ff","thread":"main","time":"2026-10-06T10:32:38.863251Z","file":"git.c","line":747,"t_abs":0.003902,"code":0}
{"event":"atexit","sid":"20261006T103238.859684Z-Ha9d4ceab-P000135ff","thread":"main","time":"2026-10-06T10:32:38.863304Z","file":"trace2/tr2_tgt_event.c","line":207,"t_abs":0.003954,"code":0}
{"event":"start","sid":"20261006T103238.862084Z-Ha9d4ceab-P0001360c","thread":"main","time":"2026-10-06T10:32:38.863307Z","file":"common-init.c","line":58,"t_abs":0.002181,"argv":["/Library/Developer/CommandLineTools/usr/bin/git","-C","/var/folders/f1/2xjyyqkn5plc19fx4nt4tpt00000gn/T/flow-dperf02-tWIHzq/worker","ls-tree","-r","-z","--full-tree","5f4529721d854dc490f98e9546ec64121d705216","--",":(literal)src/fourth.txt"]}
{"event":"def_repo","sid":"20261006T103238.862114Z-Ha9d4ceab-P00013615","thread":"main","time":"2026-10-06T10:32:38.863593Z","file":"repository.c","line":241,"repo":1,"worktree":"/private/var/folders/f1/2xjyyqkn5plc19fx4nt4tpt00000gn/T/flow-dperf02-tWIHzq/worker"}
{"event":"cmd_name","sid":"20261006T103238.862114Z-Ha9d4ceab-P00013615","thread":"main","time":"2026-10-06T10:32:38.863970Z","file":"git.c","line":477,"name":"ls-tree","hierarchy":"ls-tree"}
{"event":"version","sid":"20261006T103238.863107Z-Ha9d4ceab-P00013604","thread":"main","time":"2026-10-06T10:32:38.864106Z","file":"common-init.c","line":57,"evt":"4","exe":"2.50.1 (Apple Git-155)"}
{"event":"start","sid":"20261006T103238.863107Z-Ha9d4ceab-P00013604","thread":"main","time":"2026-10-06T10:32:38.864143Z","file":"common-init.c","line":58,"t_abs":0.001353,"argv":["/Library/Developer/CommandLineTools/usr/bin/git","-C","/var/folders/f1/2xjyyqkn5plc19fx4nt4tpt00000gn/T/flow-dperf02-tWIHzq/main","merge-base","--is-ancestor","5f4529721d854dc490f98e9546ec64121d705216","469d797d25a0efdfd6741c2e7415be27879df851"]}
{"event":"def_repo","sid":"20261006T103238.862084Z-Ha9d4ceab-P0001360c","thread":"main","time":"2026-10-06T10:32:38.864356Z","file":"repository.c","line":241,"repo":1,"worktree":"/private/var/folders/f1/2xjyyqkn5plc19fx4nt4tpt00000gn/T/flow-dperf02-tWIHzq/worker"}
{"event":"def_repo","sid":"20261006T103238.863107Z-Ha9d4ceab-P00013604","thread":"main","time":"2026-10-06T10:32:38.864618Z","file":"repository.c","line":241,"repo":1,"worktree":"/private/var/folders/f1/2xjyyqkn5plc19fx4nt4tpt00000gn/T/flow-dperf02-tWIHzq/main"}
{"event":"version","sid":"20261006T103238.863848Z-Ha9d4ceab-P0001361f","thread":"main","time":"2026-10-06T10:32:38.864665Z","file":"common-init.c","line":57,"evt":"4","exe":"2.50.1 (Apple Git-155)"}
{"event":"start","sid":"20261006T103238.863848Z-Ha9d4ceab-P0001361f","thread":"main","time":"2026-10-06T10:32:38.864680Z","file":"common-init.c","line":58,"t_abs":0.001334,"argv":["/Library/Developer/CommandLineTools/usr/bin/git","-C","/var/folders/f1/2xjyyqkn5plc19fx4nt4tpt00000gn/T/flow-dperf02-tWIHzq/worker","ls-tree","-r","-z","--full-tree","5f4529721d854dc490f98e9546ec64121d705216","--",":(literal)src/fourth.txt"]}
{"event":"cmd_name","sid":"20261006T103238.863107Z-Ha9d4ceab-P00013604","thread":"main","time":"2026-10-06T10:32:38.865054Z","file":"git.c","line":477,"name":"merge-base","hierarchy":"merge-base"}
{"event":"cmd_name","sid":"20261006T103238.862084Z-Ha9d4ceab-P0001360c","thread":"main","time":"2026-10-06T10:32:38.865189Z","file":"git.c","line":477,"name":"ls-tree","hierarchy":"ls-tree"}
{"event":"def_repo","sid":"20261006T103238.863848Z-Ha9d4ceab-P0001361f","thread":"main","time":"2026-10-06T10:32:38.865608Z","file":"repository.c","line":241,"repo":1,"worktree":"/private/var/folders/f1/2xjyyqkn5plc19fx4nt4tpt00000gn/T/flow-dperf02-tWIHzq/worker"}
{"event":"exit","sid":"20261006T103238.862114Z-Ha9d4ceab-P00013615","thread":"main","time":"2026-10-06T10:32:38.865701Z","file":"git.c","line":747,"t_abs":0.004561,"code":0}
{"event":"atexit","sid":"20261006T103238.862114Z-Ha9d4ceab-P00013615","thread":"main","time":"2026-10-06T10:32:38.865713Z","file":"trace2/tr2_tgt_event.c","line":207,"t_abs":0.004573,"code":0}
{"event":"cmd_name","sid":"20261006T103238.863848Z-Ha9d4ceab-P0001361f","thread":"main","time":"2026-10-06T10:32:38.865969Z","file":"git.c","line":477,"name":"ls-tree","hierarchy":"ls-tree"}
{"event":"exit","sid":"20261006T103238.863107Z-Ha9d4ceab-P00013604","thread":"main","time":"2026-10-06T10:32:38.866344Z","file":"git.c","line":747,"t_abs":0.003554,"code":0}
{"event":"atexit","sid":"20261006T103238.863107Z-Ha9d4ceab-P00013604","thread":"main","time":"2026-10-06T10:32:38.866352Z","file":"trace2/tr2_tgt_event.c","line":207,"t_abs":0.003563,"code":0}
{"event":"exit","sid":"20261006T103238.862084Z-Ha9d4ceab-P0001360c","thread":"main","time":"2026-10-06T10:32:38.866740Z","file":"git.c","line":747,"t_abs":0.005614,"code":0}
{"event":"atexit","sid":"20261006T103238.862084Z-Ha9d4ceab-P0001360c","thread":"main","time":"2026-10-06T10:32:38.866787Z","file":"trace2/tr2_tgt_event.c","line":207,"t_abs":0.005662,"code":0}
{"event":"exit","sid":"20261006T103238.863848Z-Ha9d4ceab-P0001361f","thread":"main","time":"2026-10-06T10:32:38.867146Z","file":"git.c","line":747,"t_abs":0.003799,"code":0}
{"event":"atexit","sid":"20261006T103238.863848Z-Ha9d4ceab-P0001361f","thread":"main","time":"2026-10-06T10:32:38.867160Z","file":"trace2/tr2_tgt_event.c","line":207,"t_abs":0.003813,"code":0}
{"event":"version","sid":"20261006T103238.867301Z-Ha9d4ceab-P0001361a","thread":"main","time":"2026-10-06T10:32:38.868073Z","file":"common-init.c","line":57,"evt":"4","exe":"2.50.1 (Apple Git-155)"}
{"event":"start","sid":"20261006T103238.867301Z-Ha9d4ceab-P0001361a","thread":"main","time":"2026-10-06T10:32:38.868092Z","file":"common-init.c","line":58,"t_abs":0.001161,"argv":["/Library/Developer/CommandLineTools/usr/bin/git","-C","/var/folders/f1/2xjyyqkn5plc19fx4nt4tpt00000gn/T/flow-dperf02-tWIHzq/worker","ls-tree","-r","-z","--full-tree","5f4529721d854dc490f98e9546ec64121d705216","--",":(literal)src/fourth.txt"]}
{"event":"def_repo","sid":"20261006T103238.867301Z-Ha9d4ceab-P0001361a","thread":"main","time":"2026-10-06T10:32:38.868475Z","file":"repository.c","line":241,"repo":1,"worktree":"/private/var/folders/f1/2xjyyqkn5plc19fx4nt4tpt00000gn/T/flow-dperf02-tWIHzq/worker"}
{"event":"cmd_name","sid":"20261006T103238.867301Z-Ha9d4ceab-P0001361a","thread":"main","time":"2026-10-06T10:32:38.868749Z","file":"git.c","line":477,"name":"ls-tree","hierarchy":"ls-tree"}
{"event":"exit","sid":"20261006T103238.867301Z-Ha9d4ceab-P0001361a","thread":"main","time":"2026-10-06T10:32:38.870025Z","file":"git.c","line":747,"t_abs":0.003094,"code":0}
{"event":"atexit","sid":"20261006T103238.867301Z-Ha9d4ceab-P0001361a","thread":"main","time":"2026-10-06T10:32:38.870036Z","file":"trace2/tr2_tgt_event.c","line":207,"t_abs":0.003105,"code":0}
{"event":"version","sid":"20261006T103238.869290Z-Ha9d4ceab-P0001362b","thread":"main","time":"2026-10-06T10:32:38.870059Z","file":"common-init.c","line":57,"evt":"4","exe":"2.50.1 (Apple Git-155)"}
{"event":"start","sid":"20261006T103238.869290Z-Ha9d4ceab-P0001362b","thread":"main","time":"2026-10-06T10:32:38.870101Z","file":"common-init.c","line":58,"t_abs":0.001204,"argv":["/Library/Developer/CommandLineTools/usr/bin/git","-C","/var/folders/f1/2xjyyqkn5plc19fx4nt4tpt00000gn/T/flow-dperf02-tWIHzq/main","merge-base","--is-ancestor","5f4529721d854dc490f98e9546ec64121d705216","469d797d25a0efdfd6741c2e7415be27879df851"]}
{"event":"def_repo","sid":"20261006T103238.869290Z-Ha9d4ceab-P0001362b","thread":"main","time":"2026-10-06T10:32:38.870668Z","file":"repository.c","line":241,"repo":1,"worktree":"/private/var/folders/f1/2xjyyqkn5plc19fx4nt4tpt00000gn/T/flow-dperf02-tWIHzq/main"}
{"event":"cmd_name","sid":"20261006T103238.869290Z-Ha9d4ceab-P0001362b","thread":"main","time":"2026-10-06T10:32:38.871193Z","file":"git.c","line":477,"name":"merge-base","hierarchy":"merge-base"}
{"event":"version","sid":"20261006T103238.871824Z-Ha9d4ceab-P00013630","thread":"main","time":"2026-10-06T10:32:38.872355Z","file":"common-init.c","line":57,"evt":"4","exe":"2.50.1 (Apple Git-155)"}
{"event":"start","sid":"20261006T103238.871824Z-Ha9d4ceab-P00013630","thread":"main","time":"2026-10-06T10:32:38.872374Z","file":"common-init.c","line":58,"t_abs":0.001044,"argv":["/Library/Developer/CommandLineTools/usr/bin/git","-C","/var/folders/f1/2xjyyqkn5plc19fx4nt4tpt00000gn/T/flow-dperf02-tWIHzq/main","merge-base","--is-ancestor","5f4529721d854dc490f98e9546ec64121d705216","469d797d25a0efdfd6741c2e7415be27879df851"]}
{"event":"exit","sid":"20261006T103238.869290Z-Ha9d4ceab-P0001362b","thread":"main","time":"2026-10-06T10:32:38.872537Z","file":"git.c","line":747,"t_abs":0.003640,"code":0}
{"event":"atexit","sid":"20261006T103238.869290Z-Ha9d4ceab-P0001362b","thread":"main","time":"2026-10-06T10:32:38.872562Z","file":"trace2/tr2_tgt_event.c","line":207,"t_abs":0.003666,"code":0}
{"event":"def_repo","sid":"20261006T103238.871824Z-Ha9d4ceab-P00013630","thread":"main","time":"2026-10-06T10:32:38.872628Z","file":"repository.c","line":241,"repo":1,"worktree":"/private/var/folders/f1/2xjyyqkn5plc19fx4nt4tpt00000gn/T/flow-dperf02-tWIHzq/main"}
{"event":"cmd_name","sid":"20261006T103238.871824Z-Ha9d4ceab-P00013630","thread":"main","time":"2026-10-06T10:32:38.872890Z","file":"git.c","line":477,"name":"merge-base","hierarchy":"merge-base"}
{"event":"exit","sid":"20261006T103238.871824Z-Ha9d4ceab-P00013630","thread":"main","time":"2026-10-06T10:32:38.874084Z","file":"git.c","line":747,"t_abs":0.002753,"code":0}
{"event":"atexit","sid":"20261006T103238.871824Z-Ha9d4ceab-P00013630","thread":"main","time":"2026-10-06T10:32:38.874099Z","file":"trace2/tr2_tgt_event.c","line":207,"t_abs":0.002768,"code":0}
{"event":"version","sid":"20261006T103238.880485Z-Ha9d4ceab-P0001363e","thread":"main","time":"2026-10-06T10:32:38.882038Z","file":"common-init.c","line":57,"evt":"4","exe":"2.50.1 (Apple Git-155)"}
{"event":"start","sid":"20261006T103238.880485Z-Ha9d4ceab-P0001363e","thread":"main","time":"2026-10-06T10:32:38.882065Z","file":"common-init.c","line":58,"t_abs":0.001930,"argv":["/Library/Developer/CommandLineTools/usr/bin/git","-C","/var/folders/f1/2xjyyqkn5plc19fx4nt4tpt00000gn/T/flow-dperf02-tWIHzq/main","merge-base","--is-ancestor","5f4529721d854dc490f98e9546ec64121d705216","469d797d25a0efdfd6741c2e7415be27879df851"]}
{"event":"def_repo","sid":"20261006T103238.880485Z-Ha9d4ceab-P0001363e","thread":"main","time":"2026-10-06T10:32:38.882378Z","file":"repository.c","line":241,"repo":1,"worktree":"/private/var/folders/f1/2xjyyqkn5plc19fx4nt4tpt00000gn/T/flow-dperf02-tWIHzq/main"}
{"event":"cmd_name","sid":"20261006T103238.880485Z-Ha9d4ceab-P0001363e","thread":"main","time":"2026-10-06T10:32:38.882642Z","file":"git.c","line":477,"name":"merge-base","hierarchy":"merge-base"}
{"event":"version","sid":"20261006T103238.880984Z-Ha9d4ceab-P00013644","thread":"main","time":"2026-10-06T10:32:38.882982Z","file":"common-init.c","line":57,"evt":"4","exe":"2.50.1 (Apple Git-155)"}
{"event":"start","sid":"20261006T103238.880984Z-Ha9d4ceab-P00013644","thread":"main","time":"2026-10-06T10:32:38.883026Z","file":"common-init.c","line":58,"t_abs":0.002459,"argv":["/Library/Developer/CommandLineTools/usr/bin/git","-C","/var/folders/f1/2xjyyqkn5plc19fx4nt4tpt00000gn/T/flow-dperf02-tWIHzq/main","merge-base","--is-ancestor","5f4529721d854dc490f98e9546ec64121d705216","469d797d25a0efdfd6741c2e7415be27879df851"]}
{"event":"def_repo","sid":"20261006T103238.880984Z-Ha9d4ceab-P00013644","thread":"main","time":"2026-10-06T10:32:38.883562Z","file":"repository.c","line":241,"repo":1,"worktree":"/private/var/folders/f1/2xjyyqkn5plc19fx4nt4tpt00000gn/T/flow-dperf02-tWIHzq/main"}
{"event":"exit","sid":"20261006T103238.880485Z-Ha9d4ceab-P0001363e","thread":"main","time":"2026-10-06T10:32:38.883821Z","file":"git.c","line":747,"t_abs":0.003686,"code":0}
{"event":"atexit","sid":"20261006T103238.880485Z-Ha9d4ceab-P0001363e","thread":"main","time":"2026-10-06T10:32:38.883833Z","file":"trace2/tr2_tgt_event.c","line":207,"t_abs":0.003698,"code":0}
{"event":"cmd_name","sid":"20261006T103238.880984Z-Ha9d4ceab-P00013644","thread":"main","time":"2026-10-06T10:32:38.883864Z","file":"git.c","line":477,"name":"merge-base","hierarchy":"merge-base"}
{"event":"exit","sid":"20261006T103238.880984Z-Ha9d4ceab-P00013644","thread":"main","time":"2026-10-06T10:32:38.884989Z","file":"git.c","line":747,"t_abs":0.004423,"code":0}
{"event":"atexit","sid":"20261006T103238.880984Z-Ha9d4ceab-P00013644","thread":"main","time":"2026-10-06T10:32:38.885004Z","file":"trace2/tr2_tgt_event.c","line":207,"t_abs":0.004439,"code":0}
{"event":"version","sid":"20261006T103238.884381Z-Ha9d4ceab-P0001364e","thread":"main","time":"2026-10-06T10:32:38.885442Z","file":"common-init.c","line":57,"evt":"4","exe":"2.50.1 (Apple Git-155)"}
{"event":"start","sid":"20261006T103238.884381Z-Ha9d4ceab-P0001364e","thread":"main","time":"2026-10-06T10:32:38.885459Z","file":"common-init.c","line":58,"t_abs":0.001700,"argv":["/Library/Developer/CommandLineTools/usr/bin/git","-C","/var/folders/f1/2xjyyqkn5plc19fx4nt4tpt00000gn/T/flow-dperf02-tWIHzq/main","merge-base","--is-ancestor","5f4529721d854dc490f98e9546ec64121d705216","469d797d25a0efdfd6741c2e7415be27879df851"]}
{"event":"def_repo","sid":"20261006T103238.884381Z-Ha9d4ceab-P0001364e","thread":"main","time":"2026-10-06T10:32:38.885758Z","file":"repository.c","line":241,"repo":1,"worktree":"/private/var/folders/f1/2xjyyqkn5plc19fx4nt4tpt00000gn/T/flow-dperf02-tWIHzq/main"}
{"event":"cmd_name","sid":"20261006T103238.884381Z-Ha9d4ceab-P0001364e","thread":"main","time":"2026-10-06T10:32:38.886092Z","file":"git.c","line":477,"name":"merge-base","hierarchy":"merge-base"}
{"event":"version","sid":"20261006T103238.885585Z-Ha9d4ceab-P00013649","thread":"main","time":"2026-10-06T10:32:38.886903Z","file":"common-init.c","line":57,"evt":"4","exe":"2.50.1 (Apple Git-155)"}
{"event":"start","sid":"20261006T103238.885585Z-Ha9d4ceab-P00013649","thread":"main","time":"2026-10-06T10:32:38.886919Z","file":"common-init.c","line":58,"t_abs":0.001664,"argv":["/Library/Developer/CommandLineTools/usr/bin/git","-C","/var/folders/f1/2xjyyqkn5plc19fx4nt4tpt00000gn/T/flow-dperf02-tWIHzq/main","merge-base","--is-ancestor","5f4529721d854dc490f98e9546ec64121d705216","469d797d25a0efdfd6741c2e7415be27879df851"]}
{"event":"def_repo","sid":"20261006T103238.885585Z-Ha9d4ceab-P00013649","thread":"main","time":"2026-10-06T10:32:38.887117Z","file":"repository.c","line":241,"repo":1,"worktree":"/private/var/folders/f1/2xjyyqkn5plc19fx4nt4tpt00000gn/T/flow-dperf02-tWIHzq/main"}
{"event":"cmd_name","sid":"20261006T103238.885585Z-Ha9d4ceab-P00013649","thread":"main","time":"2026-10-06T10:32:38.887438Z","file":"git.c","line":477,"name":"merge-base","hierarchy":"merge-base"}
{"event":"exit","sid":"20261006T103238.885585Z-Ha9d4ceab-P00013649","thread":"main","time":"2026-10-06T10:32:38.888411Z","file":"git.c","line":747,"t_abs":0.003156,"code":0}
{"event":"atexit","sid":"20261006T103238.885585Z-Ha9d4ceab-P00013649","thread":"main","time":"2026-10-06T10:32:38.888426Z","file":"trace2/tr2_tgt_event.c","line":207,"t_abs":0.003171,"code":0}
{"event":"exit","sid":"20261006T103238.884381Z-Ha9d4ceab-P0001364e","thread":"main","time":"2026-10-06T10:32:38.888998Z","file":"git.c","line":747,"t_abs":0.005239,"code":0}
{"event":"atexit","sid":"20261006T103238.884381Z-Ha9d4ceab-P0001364e","thread":"main","time":"2026-10-06T10:32:38.889012Z","file":"trace2/tr2_tgt_event.c","line":207,"t_abs":0.005253,"code":0}
{"event":"version","sid":"20261006T103238.886244Z-Ha9d4ceab-P00013653","thread":"main","time":"2026-10-06T10:32:38.889279Z","file":"common-init.c","line":57,"evt":"4","exe":"2.50.1 (Apple Git-155)"}
{"event":"start","sid":"20261006T103238.886244Z-Ha9d4ceab-P00013653","thread":"main","time":"2026-10-06T10:32:38.889311Z","file":"common-init.c","line":58,"t_abs":0.003436,"argv":["/Library/Developer/CommandLineTools/usr/bin/git","-C","/var/folders/f1/2xjyyqkn5plc19fx4nt4tpt00000gn/T/flow-dperf02-tWIHzq/main","merge-base","--is-ancestor","5f4529721d854dc490f98e9546ec64121d705216","469d797d25a0efdfd6741c2e7415be27879df851"]}
{"event":"def_repo","sid":"20261006T103238.886244Z-Ha9d4ceab-P00013653","thread":"main","time":"2026-10-06T10:32:38.889567Z","file":"repository.c","line":241,"repo":1,"worktree":"/private/var/folders/f1/2xjyyqkn5plc19fx4nt4tpt00000gn/T/flow-dperf02-tWIHzq/main"}
{"event":"cmd_name","sid":"20261006T103238.886244Z-Ha9d4ceab-P00013653","thread":"main","time":"2026-10-06T10:32:38.890234Z","file":"git.c","line":477,"name":"merge-base","hierarchy":"merge-base"}
{"event":"exit","sid":"20261006T103238.886244Z-Ha9d4ceab-P00013653","thread":"main","time":"2026-10-06T10:32:38.891439Z","file":"git.c","line":747,"t_abs":0.005563,"code":0}
{"event":"atexit","sid":"20261006T103238.886244Z-Ha9d4ceab-P00013653","thread":"main","time":"2026-10-06T10:32:38.891454Z","file":"trace2/tr2_tgt_event.c","line":207,"t_abs":0.005579,"code":0}
{"event":"version","sid":"20261006T103238.891890Z-Ha9d4ceab-P00013663","thread":"main","time":"2026-10-06T10:32:38.894413Z","file":"common-init.c","line":57,"evt":"4","exe":"2.50.1 (Apple Git-155)"}
{"event":"version","sid":"20261006T103238.891006Z-Ha9d4ceab-P00013658","thread":"main","time":"2026-10-06T10:32:38.894431Z","file":"common-init.c","line":57,"evt":"4","exe":"2.50.1 (Apple Git-155)"}
{"event":"start","sid":"20261006T103238.891890Z-Ha9d4ceab-P00013663","thread":"main","time":"2026-10-06T10:32:38.894504Z","file":"common-init.c","line":58,"t_abs":0.002958,"argv":["/Library/Developer/CommandLineTools/usr/bin/git","-C","/var/folders/f1/2xjyyqkn5plc19fx4nt4tpt00000gn/T/flow-dperf02-tWIHzq/main","cat-file","-t","469d797d25a0efdfd6741c2e7415be27879df851"]}
{"event":"start","sid":"20261006T103238.891006Z-Ha9d4ceab-P00013658","thread":"main","time":"2026-10-06T10:32:38.894623Z","file":"common-init.c","line":58,"t_abs":0.004631,"argv":["/Library/Developer/CommandLineTools/usr/bin/git","-C","/var/folders/f1/2xjyyqkn5plc19fx4nt4tpt00000gn/T/flow-dperf02-tWIHzq/main","merge-base","--is-ancestor","5f4529721d854dc490f98e9546ec64121d705216","469d797d25a0efdfd6741c2e7415be27879df851"]}
{"event":"def_repo","sid":"20261006T103238.891006Z-Ha9d4ceab-P00013658","thread":"main","time":"2026-10-06T10:32:38.894844Z","file":"repository.c","line":241,"repo":1,"worktree":"/private/var/folders/f1/2xjyyqkn5plc19fx4nt4tpt00000gn/T/flow-dperf02-tWIHzq/main"}
{"event":"def_repo","sid":"20261006T103238.891890Z-Ha9d4ceab-P00013663","thread":"main","time":"2026-10-06T10:32:38.895982Z","file":"repository.c","line":241,"repo":1,"worktree":"/private/var/folders/f1/2xjyyqkn5plc19fx4nt4tpt00000gn/T/flow-dperf02-tWIHzq/main"}
{"event":"cmd_name","sid":"20261006T103238.891006Z-Ha9d4ceab-P00013658","thread":"main","time":"2026-10-06T10:32:38.896056Z","file":"git.c","line":477,"name":"merge-base","hierarchy":"merge-base"}
{"event":"cmd_name","sid":"20261006T103238.891890Z-Ha9d4ceab-P00013663","thread":"main","time":"2026-10-06T10:32:38.896281Z","file":"git.c","line":477,"name":"cat-file","hierarchy":"cat-file"}
{"event":"exit","sid":"20261006T103238.891890Z-Ha9d4ceab-P00013663","thread":"main","time":"2026-10-06T10:32:38.897236Z","file":"git.c","line":747,"t_abs":0.005690,"code":0}
{"event":"atexit","sid":"20261006T103238.891890Z-Ha9d4ceab-P00013663","thread":"main","time":"2026-10-06T10:32:38.897251Z","file":"trace2/tr2_tgt_event.c","line":207,"t_abs":0.005705,"code":0}
{"event":"exit","sid":"20261006T103238.891006Z-Ha9d4ceab-P00013658","thread":"main","time":"2026-10-06T10:32:38.897282Z","file":"git.c","line":747,"t_abs":0.007291,"code":0}
{"event":"atexit","sid":"20261006T103238.891006Z-Ha9d4ceab-P00013658","thread":"main","time":"2026-10-06T10:32:38.897304Z","file":"trace2/tr2_tgt_event.c","line":207,"t_abs":0.007313,"code":0}
{"event":"version","sid":"20261006T103238.899682Z-Ha9d4ceab-P00013678","thread":"main","time":"2026-10-06T10:32:38.901214Z","file":"common-init.c","line":57,"evt":"4","exe":"2.50.1 (Apple Git-155)"}
{"event":"start","sid":"20261006T103238.899682Z-Ha9d4ceab-P00013678","thread":"main","time":"2026-10-06T10:32:38.901264Z","file":"common-init.c","line":58,"t_abs":0.001933,"argv":["/Library/Developer/CommandLineTools/usr/bin/git","-C","/var/folders/f1/2xjyyqkn5plc19fx4nt4tpt00000gn/T/flow-dperf02-tWIHzq/main","ls-files","--others","--exclude-standard","-z"]}
{"event":"def_repo","sid":"20261006T103238.899682Z-Ha9d4ceab-P00013678","thread":"main","time":"2026-10-06T10:32:38.901814Z","file":"repository.c","line":241,"repo":1,"worktree":"/private/var/folders/f1/2xjyyqkn5plc19fx4nt4tpt00000gn/T/flow-dperf02-tWIHzq/main"}
{"event":"cmd_name","sid":"20261006T103238.899682Z-Ha9d4ceab-P00013678","thread":"main","time":"2026-10-06T10:32:38.902960Z","file":"git.c","line":477,"name":"ls-files","hierarchy":"ls-files"}
{"event":"region_enter","sid":"20261006T103238.899682Z-Ha9d4ceab-P00013678","thread":"main","time":"2026-10-06T10:32:38.903163Z","file":"read-cache.c","line":2357,"repo":1,"nesting":1,"category":"index","label":"do_read_index","msg":".git/index"}
{"event":"region_enter","sid":"20261006T103238.899682Z-Ha9d4ceab-P00013678","thread":"main","time":"2026-10-06T10:32:38.903224Z","file":"cache-tree.c","line":643,"repo":1,"nesting":2,"category":"cache_tree","label":"read"}
{"event":"region_leave","sid":"20261006T103238.899682Z-Ha9d4ceab-P00013678","thread":"main","time":"2026-10-06T10:32:38.903282Z","file":"cache-tree.c","line":645,"repo":1,"t_rel":0.000057,"nesting":2,"category":"cache_tree","label":"read"}
{"event":"data","sid":"20261006T103238.899682Z-Ha9d4ceab-P00013678","thread":"main","time":"2026-10-06T10:32:38.903297Z","file":"read-cache.c","line":2306,"repo":1,"t_abs":0.003967,"t_rel":0.000135,"nesting":2,"category":"index","key":"read/version","value":"2"}
{"event":"data","sid":"20261006T103238.899682Z-Ha9d4ceab-P00013678","thread":"main","time":"2026-10-06T10:32:38.903305Z","file":"read-cache.c","line":2308,"repo":1,"t_abs":0.003975,"t_rel":0.000143,"nesting":2,"category":"index","key":"read/cache_nr","value":"389"}
{"event":"region_leave","sid":"20261006T103238.899682Z-Ha9d4ceab-P00013678","thread":"main","time":"2026-10-06T10:32:38.903313Z","file":"read-cache.c","line":2362,"repo":1,"t_rel":0.000152,"nesting":1,"category":"index","label":"do_read_index","msg":".git/index"}
{"event":"region_enter","sid":"20261006T103238.899682Z-Ha9d4ceab-P00013678","thread":"main","time":"2026-10-06T10:32:38.903684Z","file":"dir.c","line":3090,"repo":1,"nesting":1,"category":"dir","label":"read_directory"}
{"event":"region_enter","sid":"20261006T103238.899682Z-Ha9d4ceab-P00013678","thread":"main","time":"2026-10-06T10:32:38.905083Z","file":"name-hash.c","line":597,"repo":1,"nesting":2,"category":"index","label":"name-hash-init"}
{"event":"region_leave","sid":"20261006T103238.899682Z-Ha9d4ceab-P00013678","thread":"main","time":"2026-10-06T10:32:38.905135Z","file":"name-hash.c","line":618,"repo":1,"t_rel":0.000053,"nesting":2,"category":"index","label":"name-hash-init"}
{"event":"version","sid":"20261006T103238.902467Z-Ha9d4ceab-P0001366e","thread":"main","time":"2026-10-06T10:32:38.905147Z","file":"common-init.c","line":57,"evt":"4","exe":"2.50.1 (Apple Git-155)"}
{"event":"start","sid":"20261006T103238.902467Z-Ha9d4ceab-P0001366e","thread":"main","time":"2026-10-06T10:32:38.905165Z","file":"common-init.c","line":58,"t_abs":0.003224,"argv":["/Library/Developer/CommandLineTools/usr/bin/git","-C","/var/folders/f1/2xjyyqkn5plc19fx4nt4tpt00000gn/T/flow-dperf02-tWIHzq/main","diff","--name-only","-z","--no-renames","HEAD","--"]}
{"event":"cmd_name","sid":"20261006T103238.902467Z-Ha9d4ceab-P0001366e","thread":"main","time":"2026-10-06T10:32:38.905262Z","file":"git.c","line":477,"name":"diff","hierarchy":"diff"}
{"event":"def_repo","sid":"20261006T103238.902467Z-Ha9d4ceab-P0001366e","thread":"main","time":"2026-10-06T10:32:38.905565Z","file":"repository.c","line":241,"repo":1,"worktree":"/private/var/folders/f1/2xjyyqkn5plc19fx4nt4tpt00000gn/T/flow-dperf02-tWIHzq/main"}
{"event":"region_enter","sid":"20261006T103238.902467Z-Ha9d4ceab-P0001366e","thread":"main","time":"2026-10-06T10:32:38.910125Z","file":"read-cache.c","line":2357,"repo":1,"nesting":1,"category":"index","label":"do_read_index","msg":".git/index"}
{"event":"region_enter","sid":"20261006T103238.902467Z-Ha9d4ceab-P0001366e","thread":"main","time":"2026-10-06T10:32:38.912372Z","file":"cache-tree.c","line":643,"repo":1,"nesting":2,"category":"cache_tree","label":"read"}
{"event":"region_leave","sid":"20261006T103238.902467Z-Ha9d4ceab-P0001366e","thread":"main","time":"2026-10-06T10:32:38.912456Z","file":"cache-tree.c","line":645,"repo":1,"t_rel":0.000085,"nesting":2,"category":"cache_tree","label":"read"}
{"event":"data","sid":"20261006T103238.902467Z-Ha9d4ceab-P0001366e","thread":"main","time":"2026-10-06T10:32:38.912556Z","file":"read-cache.c","line":2306,"repo":1,"t_abs":0.010615,"t_rel":0.002431,"nesting":2,"category":"index","key":"read/version","value":"2"}
{"event":"data","sid":"20261006T103238.902467Z-Ha9d4ceab-P0001366e","thread":"main","time":"2026-10-06T10:32:38.912584Z","file":"read-cache.c","line":2308,"repo":1,"t_abs":0.010643,"t_rel":0.002459,"nesting":2,"category":"index","key":"read/cache_nr","value":"389"}
{"event":"region_leave","sid":"20261006T103238.902467Z-Ha9d4ceab-P0001366e","thread":"main","time":"2026-10-06T10:32:38.912692Z","file":"read-cache.c","line":2362,"repo":1,"t_rel":0.002567,"nesting":1,"category":"index","label":"do_read_index","msg":".git/index"}
{"event":"region_enter","sid":"20261006T103238.902467Z-Ha9d4ceab-P0001366e","thread":"main","time":"2026-10-06T10:32:38.912869Z","file":"unpack-trees.c","line":1905,"repo":1,"nesting":1,"category":"unpack_trees","label":"unpack_trees"}
{"event":"version","sid":"20261006T103238.908110Z-Ha9d4ceab-P00013694","thread":"main","time":"2026-10-06T10:32:38.913238Z","file":"common-init.c","line":57,"evt":"4","exe":"2.50.1 (Apple Git-155)"}
{"event":"start","sid":"20261006T103238.908110Z-Ha9d4ceab-P00013694","thread":"main","time":"2026-10-06T10:32:38.913550Z","file":"common-init.c","line":58,"t_abs":0.005995,"argv":["/Library/Developer/CommandLineTools/usr/bin/git","-C","/var/folders/f1/2xjyyqkn5plc19fx4nt4tpt00000gn/T/flow-dperf02-tWIHzq/main","diff","--name-only","-z","--no-renames","HEAD","--"]}
{"event":"cmd_name","sid":"20261006T103238.908110Z-Ha9d4ceab-P00013694","thread":"main","time":"2026-10-06T10:32:38.913731Z","file":"git.c","line":477,"name":"diff","hierarchy":"diff"}
{"event":"region_enter","sid":"20261006T103238.902467Z-Ha9d4ceab-P0001366e","thread":"main","time":"2026-10-06T10:32:38.914788Z","file":"unpack-trees.c","line":2009,"repo":1,"nesting":2,"category":"unpack_trees","label":"traverse_trees"}
{"event":"def_repo","sid":"20261006T103238.908110Z-Ha9d4ceab-P00013694","thread":"main","time":"2026-10-06T10:32:38.915186Z","file":"repository.c","line":241,"repo":1,"worktree":"/private/var/folders/f1/2xjyyqkn5plc19fx4nt4tpt00000gn/T/flow-dperf02-tWIHzq/main"}
{"event":"version","sid":"20261006T103238.912865Z-Ha9d4ceab-P00013682","thread":"main","time":"2026-10-06T10:32:38.916860Z","file":"common-init.c","line":57,"evt":"4","exe":"2.50.1 (Apple Git-155)"}
{"event":"start","sid":"20261006T103238.912865Z-Ha9d4ceab-P00013682","thread":"main","time":"2026-10-06T10:32:38.916875Z","file":"common-init.c","line":58,"t_abs":0.008409,"argv":["/Library/Developer/CommandLineTools/usr/bin/git","-C","/var/folders/f1/2xjyyqkn5plc19fx4nt4tpt00000gn/T/flow-dperf02-tWIHzq/main","merge-base","--is-ancestor","5f4529721d854dc490f98e9546ec64121d705216","469d797d25a0efdfd6741c2e7415be27879df851"]}
{"event":"region_leave","sid":"20261006T103238.902467Z-Ha9d4ceab-P0001366e","thread":"main","time":"2026-10-06T10:32:38.919010Z","file":"unpack-trees.c","line":2011,"repo":1,"t_rel":0.004224,"nesting":2,"category":"unpack_trees","label":"traverse_trees"}
{"event":"region_leave","sid":"20261006T103238.902467Z-Ha9d4ceab-P0001366e","thread":"main","time":"2026-10-06T10:32:38.919070Z","file":"unpack-trees.c","line":2108,"repo":1,"t_rel":0.006200,"nesting":1,"category":"unpack_trees","label":"unpack_trees"}
{"event":"exit","sid":"20261006T103238.902467Z-Ha9d4ceab-P0001366e","thread":"main","time":"2026-10-06T10:32:38.919133Z","file":"git.c","line":747,"t_abs":0.017192,"code":0}
{"event":"data_json","sid":"20261006T103238.902467Z-Ha9d4ceab-P0001366e","thread":"main","time":"2026-10-06T10:32:38.919149Z","file":"tree-walk.c","line":186,"repo":1,"t_abs":0.017208,"t_rel":0.017208,"nesting":1,"category":"traverse_trees","key":"statistics","value":{"traverse_trees_count":1,"traverse_trees_max_depth":1}}
{"event":"atexit","sid":"20261006T103238.902467Z-Ha9d4ceab-P0001366e","thread":"main","time":"2026-10-06T10:32:38.919165Z","file":"trace2/tr2_tgt_event.c","line":207,"t_abs":0.017224,"code":0}
{"event":"region_enter","sid":"20261006T103238.908110Z-Ha9d4ceab-P00013694","thread":"main","time":"2026-10-06T10:32:38.920016Z","file":"read-cache.c","line":2357,"repo":1,"nesting":1,"category":"index","label":"do_read_index","msg":".git/index"}
{"event":"region_enter","sid":"20261006T103238.908110Z-Ha9d4ceab-P00013694","thread":"main","time":"2026-10-06T10:32:38.920084Z","file":"cache-tree.c","line":643,"repo":1,"nesting":2,"category":"cache_tree","label":"read"}
{"event":"region_leave","sid":"20261006T103238.908110Z-Ha9d4ceab-P00013694","thread":"main","time":"2026-10-06T10:32:38.920136Z","file":"cache-tree.c","line":645,"repo":1,"t_rel":0.000052,"nesting":2,"category":"cache_tree","label":"read"}
{"event":"data","sid":"20261006T103238.908110Z-Ha9d4ceab-P00013694","thread":"main","time":"2026-10-06T10:32:38.920147Z","file":"read-cache.c","line":2306,"repo":1,"t_abs":0.012593,"t_rel":0.000132,"nesting":2,"category":"index","key":"read/version","value":"2"}
{"event":"data","sid":"20261006T103238.908110Z-Ha9d4ceab-P00013694","thread":"main","time":"2026-10-06T10:32:38.920158Z","file":"read-cache.c","line":2308,"repo":1,"t_abs":0.012604,"t_rel":0.000143,"nesting":2,"category":"index","key":"read/cache_nr","value":"389"}
{"event":"region_leave","sid":"20261006T103238.908110Z-Ha9d4ceab-P00013694","thread":"main","time":"2026-10-06T10:32:38.920167Z","file":"read-cache.c","line":2362,"repo":1,"t_rel":0.000153,"nesting":1,"category":"index","label":"do_read_index","msg":".git/index"}
{"event":"region_enter","sid":"20261006T103238.908110Z-Ha9d4ceab-P00013694","thread":"main","time":"2026-10-06T10:32:38.920268Z","file":"unpack-trees.c","line":1905,"repo":1,"nesting":1,"category":"unpack_trees","label":"unpack_trees"}
{"event":"region_enter","sid":"20261006T103238.908110Z-Ha9d4ceab-P00013694","thread":"main","time":"2026-10-06T10:32:38.920453Z","file":"unpack-trees.c","line":2009,"repo":1,"nesting":2,"category":"unpack_trees","label":"traverse_trees"}
{"event":"def_repo","sid":"20261006T103238.912865Z-Ha9d4ceab-P00013682","thread":"main","time":"2026-10-06T10:32:38.920742Z","file":"repository.c","line":241,"repo":1,"worktree":"/private/var/folders/f1/2xjyyqkn5plc19fx4nt4tpt00000gn/T/flow-dperf02-tWIHzq/main"}
{"event":"cmd_name","sid":"20261006T103238.912865Z-Ha9d4ceab-P00013682","thread":"main","time":"2026-10-06T10:32:38.921234Z","file":"git.c","line":477,"name":"merge-base","hierarchy":"merge-base"}
{"event":"version","sid":"20261006T103238.915718Z-Ha9d4ceab-P0001369f","thread":"main","time":"2026-10-06T10:32:38.921274Z","file":"common-init.c","line":57,"evt":"4","exe":"2.50.1 (Apple Git-155)"}
{"event":"start","sid":"20261006T103238.915718Z-Ha9d4ceab-P0001369f","thread":"main","time":"2026-10-06T10:32:38.921296Z","file":"common-init.c","line":58,"t_abs":0.006197,"argv":["/Library/Developer/CommandLineTools/usr/bin/git","-C","/var/folders/f1/2xjyyqkn5plc19fx4nt4tpt00000gn/T/flow-dperf02-tWIHzq/main","ls-files","--others","--exclude-standard","-z"]}
{"event":"def_repo","sid":"20261006T103238.915718Z-Ha9d4ceab-P0001369f","thread":"main","time":"2026-10-06T10:32:38.923119Z","file":"repository.c","line":241,"repo":1,"worktree":"/private/var/folders/f1/2xjyyqkn5plc19fx4nt4tpt00000gn/T/flow-dperf02-tWIHzq/main"}
{"event":"region_leave","sid":"20261006T103238.908110Z-Ha9d4ceab-P00013694","thread":"main","time":"2026-10-06T10:32:38.923411Z","file":"unpack-trees.c","line":2011,"repo":1,"t_rel":0.002959,"nesting":2,"category":"unpack_trees","label":"traverse_trees"}
{"event":"version","sid":"20261006T103238.917215Z-Ha9d4ceab-P00013689","thread":"main","time":"2026-10-06T10:32:38.923649Z","file":"common-init.c","line":57,"evt":"4","exe":"2.50.1 (Apple Git-155)"}
{"event":"data","sid":"20261006T103238.899682Z-Ha9d4ceab-P00013678","thread":"main","time":"2026-10-06T10:32:38.924962Z","file":"dir.c","line":3058,"repo":1,"t_abs":0.025627,"t_rel":0.021273,"nesting":2,"category":"read_directory","key":"path","value":""}
{"event":"exit","sid":"20261006T103238.912865Z-Ha9d4ceab-P00013682","thread":"main","time":"2026-10-06T10:32:38.926912Z","file":"git.c","line":747,"t_abs":0.018445,"code":0}
{"event":"region_leave","sid":"20261006T103238.908110Z-Ha9d4ceab-P00013694","thread":"main","time":"2026-10-06T10:32:38.927007Z","file":"unpack-trees.c","line":2108,"repo":1,"t_rel":0.006737,"nesting":1,"category":"unpack_trees","label":"unpack_trees"}
{"event":"start","sid":"20261006T103238.917215Z-Ha9d4ceab-P00013689","thread":"main","time":"2026-10-06T10:32:38.927010Z","file":"common-init.c","line":58,"t_abs":0.013673,"argv":["/Library/Developer/CommandLineTools/usr/bin/git","-C","/var/folders/f1/2xjyyqkn5plc19fx4nt4tpt00000gn/T/flow-dperf02-tWIHzq/main","cat-file","-t","469d797d25a0efdfd6741c2e7415be27879df851"]}
{"event":"data","sid":"20261006T103238.899682Z-Ha9d4ceab-P00013678","thread":"main","time":"2026-10-06T10:32:38.927016Z","file":"dir.c","line":3067,"repo":1,"t_abs":0.027685,"t_rel":0.023331,"nesting":2,"category":"read_directory","key":"directories-visited","value":"133"}
{"event":"exit","sid":"20261006T103238.908110Z-Ha9d4ceab-P00013694","thread":"main","time":"2026-10-06T10:32:38.927032Z","file":"git.c","line":747,"t_abs":0.019478,"code":0}
{"event":"atexit","sid":"20261006T103238.912865Z-Ha9d4ceab-P00013682","thread":"main","time":"2026-10-06T10:32:38.927020Z","file":"trace2/tr2_tgt_event.c","line":207,"t_abs":0.018553,"code":0}
{"event":"def_repo","sid":"20261006T103238.917215Z-Ha9d4ceab-P00013689","thread":"main","time":"2026-10-06T10:32:38.927435Z","file":"repository.c","line":241,"repo":1,"worktree":"/private/var/folders/f1/2xjyyqkn5plc19fx4nt4tpt00000gn/T/flow-dperf02-tWIHzq/main"}
{"event":"cmd_name","sid":"20261006T103238.917215Z-Ha9d4ceab-P00013689","thread":"main","time":"2026-10-06T10:32:38.927790Z","file":"git.c","line":477,"name":"cat-file","hierarchy":"cat-file"}
{"event":"data_json","sid":"20261006T103238.908110Z-Ha9d4ceab-P00013694","thread":"main","time":"2026-10-06T10:32:38.928016Z","file":"tree-walk.c","line":186,"repo":1,"t_abs":0.020461,"t_rel":0.020461,"nesting":1,"category":"traverse_trees","key":"statistics","value":{"traverse_trees_count":1,"traverse_trees_max_depth":1}}
{"event":"atexit","sid":"20261006T103238.908110Z-Ha9d4ceab-P00013694","thread":"main","time":"2026-10-06T10:32:38.928064Z","file":"trace2/tr2_tgt_event.c","line":207,"t_abs":0.020509,"code":0}
{"event":"data","sid":"20261006T103238.899682Z-Ha9d4ceab-P00013678","thread":"main","time":"2026-10-06T10:32:38.928015Z","file":"dir.c","line":3069,"repo":1,"t_abs":0.028683,"t_rel":0.024329,"nesting":2,"category":"read_directory","key":"paths-visited","value":"522"}
{"event":"region_leave","sid":"20261006T103238.899682Z-Ha9d4ceab-P00013678","thread":"main","time":"2026-10-06T10:32:38.928236Z","file":"dir.c","line":3113,"repo":1,"t_rel":0.024551,"nesting":1,"category":"dir","label":"read_directory"}
{"event":"exit","sid":"20261006T103238.899682Z-Ha9d4ceab-P00013678","thread":"main","time":"2026-10-06T10:32:38.928247Z","file":"git.c","line":747,"t_abs":0.028918,"code":0}
{"event":"atexit","sid":"20261006T103238.899682Z-Ha9d4ceab-P00013678","thread":"main","time":"2026-10-06T10:32:38.928253Z","file":"trace2/tr2_tgt_event.c","line":207,"t_abs":0.028924,"code":0}
{"event":"cmd_name","sid":"20261006T103238.915718Z-Ha9d4ceab-P0001369f","thread":"main","time":"2026-10-06T10:32:38.928281Z","file":"git.c","line":477,"name":"ls-files","hierarchy":"ls-files"}
{"event":"version","sid":"20261006T103238.927012Z-Ha9d4ceab-P000136ae","thread":"main","time":"2026-10-06T10:32:38.928575Z","file":"common-init.c","line":57,"evt":"4","exe":"2.50.1 (Apple Git-155)"}
{"event":"start","sid":"20261006T103238.927012Z-Ha9d4ceab-P000136ae","thread":"main","time":"2026-10-06T10:32:38.928590Z","file":"common-init.c","line":58,"t_abs":0.003336,"argv":["/Library/Developer/CommandLineTools/usr/bin/git","-C","/var/folders/f1/2xjyyqkn5plc19fx4nt4tpt00000gn/T/flow-dperf02-tWIHzq/main","cat-file","-t","469d797d25a0efdfd6741c2e7415be27879df851"]}
{"event":"def_repo","sid":"20261006T103238.927012Z-Ha9d4ceab-P000136ae","thread":"main","time":"2026-10-06T10:32:38.928913Z","file":"repository.c","line":241,"repo":1,"worktree":"/private/var/folders/f1/2xjyyqkn5plc19fx4nt4tpt00000gn/T/flow-dperf02-tWIHzq/main"}
{"event":"region_enter","sid":"20261006T103238.915718Z-Ha9d4ceab-P0001369f","thread":"main","time":"2026-10-06T10:32:38.929327Z","file":"read-cache.c","line":2357,"repo":1,"nesting":1,"category":"index","label":"do_read_index","msg":".git/index"}
{"event":"region_enter","sid":"20261006T103238.915718Z-Ha9d4ceab-P0001369f","thread":"main","time":"2026-10-06T10:32:38.929530Z","file":"cache-tree.c","line":643,"repo":1,"nesting":2,"category":"cache_tree","label":"read"}
{"event":"region_leave","sid":"20261006T103238.915718Z-Ha9d4ceab-P0001369f","thread":"main","time":"2026-10-06T10:32:38.929662Z","file":"cache-tree.c","line":645,"repo":1,"t_rel":0.000132,"nesting":2,"category":"cache_tree","label":"read"}
{"event":"data","sid":"20261006T103238.915718Z-Ha9d4ceab-P0001369f","thread":"main","time":"2026-10-06T10:32:38.929689Z","file":"read-cache.c","line":2306,"repo":1,"t_abs":0.014590,"t_rel":0.000364,"nesting":2,"category":"index","key":"read/version","value":"2"}
{"event":"data","sid":"20261006T103238.915718Z-Ha9d4ceab-P0001369f","thread":"main","time":"2026-10-06T10:32:38.929702Z","file":"read-cache.c","line":2308,"repo":1,"t_abs":0.014603,"t_rel":0.000377,"nesting":2,"category":"index","key":"read/cache_nr","value":"389"}
{"event":"region_leave","sid":"20261006T103238.915718Z-Ha9d4ceab-P0001369f","thread":"main","time":"2026-10-06T10:32:38.929709Z","file":"read-cache.c","line":2362,"repo":1,"t_rel":0.000385,"nesting":1,"category":"index","label":"do_read_index","msg":".git/index"}
{"event":"region_enter","sid":"20261006T103238.915718Z-Ha9d4ceab-P0001369f","thread":"main","time":"2026-10-06T10:32:38.929927Z","file":"dir.c","line":3090,"repo":1,"nesting":1,"category":"dir","label":"read_directory"}
{"event":"region_enter","sid":"20261006T103238.915718Z-Ha9d4ceab-P0001369f","thread":"main","time":"2026-10-06T10:32:38.930486Z","file":"name-hash.c","line":597,"repo":1,"nesting":2,"category":"index","label":"name-hash-init"}
{"event":"region_leave","sid":"20261006T103238.915718Z-Ha9d4ceab-P0001369f","thread":"main","time":"2026-10-06T10:32:38.930523Z","file":"name-hash.c","line":618,"repo":1,"t_rel":0.000038,"nesting":2,"category":"index","label":"name-hash-init"}
{"event":"cmd_name","sid":"20261006T103238.927012Z-Ha9d4ceab-P000136ae","thread":"main","time":"2026-10-06T10:32:38.931837Z","file":"git.c","line":477,"name":"cat-file","hierarchy":"cat-file"}
{"event":"exit","sid":"20261006T103238.917215Z-Ha9d4ceab-P00013689","thread":"main","time":"2026-10-06T10:32:38.932456Z","file":"git.c","line":747,"t_abs":0.019120,"code":0}
{"event":"atexit","sid":"20261006T103238.917215Z-Ha9d4ceab-P00013689","thread":"main","time":"2026-10-06T10:32:38.932477Z","file":"trace2/tr2_tgt_event.c","line":207,"t_abs":0.019141,"code":0}
{"event":"exit","sid":"20261006T103238.927012Z-Ha9d4ceab-P000136ae","thread":"main","time":"2026-10-06T10:32:38.932718Z","file":"git.c","line":747,"t_abs":0.007464,"code":0}
{"event":"atexit","sid":"20261006T103238.927012Z-Ha9d4ceab-P000136ae","thread":"main","time":"2026-10-06T10:32:38.932730Z","file":"trace2/tr2_tgt_event.c","line":207,"t_abs":0.007476,"code":0}
{"event":"version","sid":"20261006T103238.930416Z-Ha9d4ceab-P000136d1","thread":"main","time":"2026-10-06T10:32:38.933493Z","file":"common-init.c","line":57,"evt":"4","exe":"2.50.1 (Apple Git-155)"}
{"event":"start","sid":"20261006T103238.930416Z-Ha9d4ceab-P000136d1","thread":"main","time":"2026-10-06T10:32:38.933508Z","file":"common-init.c","line":58,"t_abs":0.003444,"argv":["/Library/Developer/CommandLineTools/usr/bin/git","-C","/var/folders/f1/2xjyyqkn5plc19fx4nt4tpt00000gn/T/flow-dperf02-tWIHzq/main","merge-base","--is-ancestor","5f4529721d854dc490f98e9546ec64121d705216","469d797d25a0efdfd6741c2e7415be27879df851"]}
{"event":"def_repo","sid":"20261006T103238.930416Z-Ha9d4ceab-P000136d1","thread":"main","time":"2026-10-06T10:32:38.933766Z","file":"repository.c","line":241,"repo":1,"worktree":"/private/var/folders/f1/2xjyyqkn5plc19fx4nt4tpt00000gn/T/flow-dperf02-tWIHzq/main"}
{"event":"cmd_name","sid":"20261006T103238.930416Z-Ha9d4ceab-P000136d1","thread":"main","time":"2026-10-06T10:32:38.934002Z","file":"git.c","line":477,"name":"merge-base","hierarchy":"merge-base"}
{"event":"exit","sid":"20261006T103238.930416Z-Ha9d4ceab-P000136d1","thread":"main","time":"2026-10-06T10:32:38.935559Z","file":"git.c","line":747,"t_abs":0.005494,"code":0}
{"event":"atexit","sid":"20261006T103238.930416Z-Ha9d4ceab-P000136d1","thread":"main","time":"2026-10-06T10:32:38.935577Z","file":"trace2/tr2_tgt_event.c","line":207,"t_abs":0.005513,"code":0}
{"event":"version","sid":"20261006T103238.939941Z-Ha9d4ceab-P000136c6","thread":"main","time":"2026-10-06T10:32:38.943695Z","file":"common-init.c","line":57,"evt":"4","exe":"2.50.1 (Apple Git-155)"}
{"event":"version","sid":"20261006T103238.940099Z-Ha9d4ceab-P000136e5","thread":"main","time":"2026-10-06T10:32:38.943916Z","file":"common-init.c","line":57,"evt":"4","exe":"2.50.1 (Apple Git-155)"}
{"event":"start","sid":"20261006T103238.940099Z-Ha9d4ceab-P000136e5","thread":"main","time":"2026-10-06T10:32:38.943945Z","file":"common-init.c","line":58,"t_abs":0.004480,"argv":["/Library/Developer/CommandLineTools/usr/bin/git","-C","/var/folders/f1/2xjyyqkn5plc19fx4nt4tpt00000gn/T/flow-dperf02-tWIHzq/main","diff","--name-only","-z","--no-renames","HEAD","--"]}
{"event":"start","sid":"20261006T103238.939941Z-Ha9d4ceab-P000136c6","thread":"main","time":"2026-10-06T10:32:38.943742Z","file":"common-init.c","line":58,"t_abs":0.006422,"argv":["/Library/Developer/CommandLineTools/usr/bin/git","-C","/var/folders/f1/2xjyyqkn5plc19fx4nt4tpt00000gn/T/flow-dperf02-tWIHzq/main","ls-files","--others","--exclude-standard","-z"]}
{"event":"cmd_name","sid":"20261006T103238.940099Z-Ha9d4ceab-P000136e5","thread":"main","time":"2026-10-06T10:32:38.944800Z","file":"git.c","line":477,"name":"diff","hierarchy":"diff"}
{"event":"def_repo","sid":"20261006T103238.940099Z-Ha9d4ceab-P000136e5","thread":"main","time":"2026-10-06T10:32:38.945203Z","file":"repository.c","line":241,"repo":1,"worktree":"/private/var/folders/f1/2xjyyqkn5plc19fx4nt4tpt00000gn/T/flow-dperf02-tWIHzq/main"}
{"event":"def_repo","sid":"20261006T103238.939941Z-Ha9d4ceab-P000136c6","thread":"main","time":"2026-10-06T10:32:38.947079Z","file":"repository.c","line":241,"repo":1,"worktree":"/private/var/folders/f1/2xjyyqkn5plc19fx4nt4tpt00000gn/T/flow-dperf02-tWIHzq/main"}
{"event":"cmd_name","sid":"20261006T103238.939941Z-Ha9d4ceab-P000136c6","thread":"main","time":"2026-10-06T10:32:38.947605Z","file":"git.c","line":477,"name":"ls-files","hierarchy":"ls-files"}
{"event":"region_enter","sid":"20261006T103238.939941Z-Ha9d4ceab-P000136c6","thread":"main","time":"2026-10-06T10:32:38.948202Z","file":"read-cache.c","line":2357,"repo":1,"nesting":1,"category":"index","label":"do_read_index","msg":".git/index"}
{"event":"data","sid":"20261006T103238.915718Z-Ha9d4ceab-P0001369f","thread":"main","time":"2026-10-06T10:32:38.948352Z","file":"dir.c","line":3058,"repo":1,"t_abs":0.033249,"t_rel":0.018420,"nesting":2,"category":"read_directory","key":"path","value":""}
{"event":"data","sid":"20261006T103238.915718Z-Ha9d4ceab-P0001369f","thread":"main","time":"2026-10-06T10:32:38.948369Z","file":"dir.c","line":3067,"repo":1,"t_abs":0.033271,"t_rel":0.018442,"nesting":2,"category":"read_directory","key":"directories-visited","value":"133"}
{"event":"data","sid":"20261006T103238.915718Z-Ha9d4ceab-P0001369f","thread":"main","time":"2026-10-06T10:32:38.948379Z","file":"dir.c","line":3069,"repo":1,"t_abs":0.033281,"t_rel":0.018452,"nesting":2,"category":"read_directory","key":"paths-visited","value":"522"}
{"event":"region_leave","sid":"20261006T103238.915718Z-Ha9d4ceab-P0001369f","thread":"main","time":"2026-10-06T10:32:38.948385Z","file":"dir.c","line":3113,"repo":1,"t_rel":0.018458,"nesting":1,"category":"dir","label":"read_directory"}
{"event":"exit","sid":"20261006T103238.915718Z-Ha9d4ceab-P0001369f","thread":"main","time":"2026-10-06T10:32:38.948396Z","file":"git.c","line":747,"t_abs":0.033297,"code":0}
{"event":"atexit","sid":"20261006T103238.915718Z-Ha9d4ceab-P0001369f","thread":"main","time":"2026-10-06T10:32:38.948404Z","file":"trace2/tr2_tgt_event.c","line":207,"t_abs":0.033306,"code":0}
{"event":"region_enter","sid":"20261006T103238.939941Z-Ha9d4ceab-P000136c6","thread":"main","time":"2026-10-06T10:32:38.951237Z","file":"cache-tree.c","line":643,"repo":1,"nesting":2,"category":"cache_tree","label":"read"}
{"event":"region_leave","sid":"20261006T103238.939941Z-Ha9d4ceab-P000136c6","thread":"main","time":"2026-10-06T10:32:38.951283Z","file":"cache-tree.c","line":645,"repo":1,"t_rel":0.000046,"nesting":2,"category":"cache_tree","label":"read"}
{"event":"data","sid":"20261006T103238.939941Z-Ha9d4ceab-P000136c6","thread":"main","time":"2026-10-06T10:32:38.951356Z","file":"read-cache.c","line":2306,"repo":1,"t_abs":0.014036,"t_rel":0.003156,"nesting":2,"category":"index","key":"read/version","value":"2"}
{"event":"data","sid":"20261006T103238.939941Z-Ha9d4ceab-P000136c6","thread":"main","time":"2026-10-06T10:32:38.951365Z","file":"read-cache.c","line":2308,"repo":1,"t_abs":0.014046,"t_rel":0.003166,"nesting":2,"category":"index","key":"read/cache_nr","value":"389"}
{"event":"region_leave","sid":"20261006T103238.939941Z-Ha9d4ceab-P000136c6","thread":"main","time":"2026-10-06T10:32:38.951376Z","file":"read-cache.c","line":2362,"repo":1,"t_rel":0.003177,"nesting":1,"category":"index","label":"do_read_index","msg":".git/index"}
{"event":"region_enter","sid":"20261006T103238.939941Z-Ha9d4ceab-P000136c6","thread":"main","time":"2026-10-06T10:32:38.951642Z","file":"dir.c","line":3090,"repo":1,"nesting":1,"category":"dir","label":"read_directory"}
{"event":"region_enter","sid":"20261006T103238.939941Z-Ha9d4ceab-P000136c6","thread":"main","time":"2026-10-06T10:32:38.952262Z","file":"name-hash.c","line":597,"repo":1,"nesting":2,"category":"index","label":"name-hash-init"}
{"event":"region_leave","sid":"20261006T103238.939941Z-Ha9d4ceab-P000136c6","thread":"main","time":"2026-10-06T10:32:38.952294Z","file":"name-hash.c","line":618,"repo":1,"t_rel":0.000033,"nesting":2,"category":"index","label":"name-hash-init"}
{"event":"region_enter","sid":"20261006T103238.940099Z-Ha9d4ceab-P000136e5","thread":"main","time":"2026-10-06T10:32:38.954332Z","file":"read-cache.c","line":2357,"repo":1,"nesting":1,"category":"index","label":"do_read_index","msg":".git/index"}
{"event":"region_enter","sid":"20261006T103238.940099Z-Ha9d4ceab-P000136e5","thread":"main","time":"2026-10-06T10:32:38.954630Z","file":"cache-tree.c","line":643,"repo":1,"nesting":2,"category":"cache_tree","label":"read"}
{"event":"region_leave","sid":"20261006T103238.940099Z-Ha9d4ceab-P000136e5","thread":"main","time":"2026-10-06T10:32:38.954668Z","file":"cache-tree.c","line":645,"repo":1,"t_rel":0.000040,"nesting":2,"category":"cache_tree","label":"read"}
{"event":"data","sid":"20261006T103238.940099Z-Ha9d4ceab-P000136e5","thread":"main","time":"2026-10-06T10:32:38.954683Z","file":"read-cache.c","line":2306,"repo":1,"t_abs":0.015218,"t_rel":0.000352,"nesting":2,"category":"index","key":"read/version","value":"2"}
{"event":"data","sid":"20261006T103238.940099Z-Ha9d4ceab-P000136e5","thread":"main","time":"2026-10-06T10:32:38.954691Z","file":"read-cache.c","line":2308,"repo":1,"t_abs":0.015226,"t_rel":0.000360,"nesting":2,"category":"index","key":"read/cache_nr","value":"389"}
{"event":"region_leave","sid":"20261006T103238.940099Z-Ha9d4ceab-P000136e5","thread":"main","time":"2026-10-06T10:32:38.954699Z","file":"read-cache.c","line":2362,"repo":1,"t_rel":0.000369,"nesting":1,"category":"index","label":"do_read_index","msg":".git/index"}
{"event":"region_enter","sid":"20261006T103238.940099Z-Ha9d4ceab-P000136e5","thread":"main","time":"2026-10-06T10:32:38.954810Z","file":"unpack-trees.c","line":1905,"repo":1,"nesting":1,"category":"unpack_trees","label":"unpack_trees"}
{"event":"region_enter","sid":"20261006T103238.940099Z-Ha9d4ceab-P000136e5","thread":"main","time":"2026-10-06T10:32:38.955119Z","file":"unpack-trees.c","line":2009,"repo":1,"nesting":2,"category":"unpack_trees","label":"traverse_trees"}
{"event":"region_leave","sid":"20261006T103238.940099Z-Ha9d4ceab-P000136e5","thread":"main","time":"2026-10-06T10:32:38.956938Z","file":"unpack-trees.c","line":2011,"repo":1,"t_rel":0.001821,"nesting":2,"category":"unpack_trees","label":"traverse_trees"}
{"event":"region_leave","sid":"20261006T103238.940099Z-Ha9d4ceab-P000136e5","thread":"main","time":"2026-10-06T10:32:38.956955Z","file":"unpack-trees.c","line":2108,"repo":1,"t_rel":0.002147,"nesting":1,"category":"unpack_trees","label":"unpack_trees"}
{"event":"exit","sid":"20261006T103238.940099Z-Ha9d4ceab-P000136e5","thread":"main","time":"2026-10-06T10:32:38.956998Z","file":"git.c","line":747,"t_abs":0.017533,"code":0}
{"event":"data_json","sid":"20261006T103238.940099Z-Ha9d4ceab-P000136e5","thread":"main","time":"2026-10-06T10:32:38.957082Z","file":"tree-walk.c","line":186,"repo":1,"t_abs":0.017618,"t_rel":0.017618,"nesting":1,"category":"traverse_trees","key":"statistics","value":{"traverse_trees_count":1,"traverse_trees_max_depth":1}}
{"event":"atexit","sid":"20261006T103238.940099Z-Ha9d4ceab-P000136e5","thread":"main","time":"2026-10-06T10:32:38.957095Z","file":"trace2/tr2_tgt_event.c","line":207,"t_abs":0.017630,"code":0}
{"event":"version","sid":"20261006T103238.961356Z-Ha9d4ceab-P000136ef","thread":"main","time":"2026-10-06T10:32:38.963228Z","file":"common-init.c","line":57,"evt":"4","exe":"2.50.1 (Apple Git-155)"}
{"event":"start","sid":"20261006T103238.961356Z-Ha9d4ceab-P000136ef","thread":"main","time":"2026-10-06T10:32:38.966234Z","file":"common-init.c","line":58,"t_abs":0.014452,"argv":["/Library/Developer/CommandLineTools/usr/bin/git","-C","/var/folders/f1/2xjyyqkn5plc19fx4nt4tpt00000gn/T/flow-dperf02-tWIHzq/main","ls-files","--others","--exclude-standard","-z"]}
{"event":"def_repo","sid":"20261006T103238.961356Z-Ha9d4ceab-P000136ef","thread":"main","time":"2026-10-06T10:32:38.967066Z","file":"repository.c","line":241,"repo":1,"worktree":"/private/var/folders/f1/2xjyyqkn5plc19fx4nt4tpt00000gn/T/flow-dperf02-tWIHzq/main"}
{"event":"data","sid":"20261006T103238.939941Z-Ha9d4ceab-P000136c6","thread":"main","time":"2026-10-06T10:32:38.968672Z","file":"dir.c","line":3058,"repo":1,"t_abs":0.031350,"t_rel":0.017028,"nesting":2,"category":"read_directory","key":"path","value":""}
{"event":"data","sid":"20261006T103238.939941Z-Ha9d4ceab-P000136c6","thread":"main","time":"2026-10-06T10:32:38.968694Z","file":"dir.c","line":3067,"repo":1,"t_abs":0.031375,"t_rel":0.017053,"nesting":2,"category":"read_directory","key":"directories-visited","value":"133"}
{"event":"data","sid":"20261006T103238.939941Z-Ha9d4ceab-P000136c6","thread":"main","time":"2026-10-06T10:32:38.968704Z","file":"dir.c","line":3069,"repo":1,"t_abs":0.031385,"t_rel":0.017063,"nesting":2,"category":"read_directory","key":"paths-visited","value":"522"}
{"event":"region_leave","sid":"20261006T103238.939941Z-Ha9d4ceab-P000136c6","thread":"main","time":"2026-10-06T10:32:38.968713Z","file":"dir.c","line":3113,"repo":1,"t_rel":0.017072,"nesting":1,"category":"dir","label":"read_directory"}
{"event":"exit","sid":"20261006T103238.939941Z-Ha9d4ceab-P000136c6","thread":"main","time":"2026-10-06T10:32:38.968731Z","file":"git.c","line":747,"t_abs":0.031411,"code":0}
{"event":"atexit","sid":"20261006T103238.939941Z-Ha9d4ceab-P000136c6","thread":"main","time":"2026-10-06T10:32:38.968740Z","file":"trace2/tr2_tgt_event.c","line":207,"t_abs":0.031420,"code":0}
{"event":"version","sid":"20261006T103238.977286Z-Ha9d4ceab-P000136fb","thread":"main","time":"2026-10-06T10:32:38.978271Z","file":"common-init.c","line":57,"evt":"4","exe":"2.50.1 (Apple Git-155)"}
{"event":"start","sid":"20261006T103238.977286Z-Ha9d4ceab-P000136fb","thread":"main","time":"2026-10-06T10:32:38.980037Z","file":"common-init.c","line":58,"t_abs":0.027261,"argv":["/Library/Developer/CommandLineTools/usr/bin/git","-C","/var/folders/f1/2xjyyqkn5plc19fx4nt4tpt00000gn/T/flow-dperf02-tWIHzq/main","diff","--name-only","-z","--no-renames","HEAD","--"]}
{"event":"cmd_name","sid":"20261006T103238.977286Z-Ha9d4ceab-P000136fb","thread":"main","time":"2026-10-06T10:32:38.980122Z","file":"git.c","line":477,"name":"diff","hierarchy":"diff"}
{"event":"def_repo","sid":"20261006T103238.977286Z-Ha9d4ceab-P000136fb","thread":"main","time":"2026-10-06T10:32:38.980286Z","file":"repository.c","line":241,"repo":1,"worktree":"/private/var/folders/f1/2xjyyqkn5plc19fx4nt4tpt00000gn/T/flow-dperf02-tWIHzq/main"}
{"event":"cmd_name","sid":"20261006T103238.961356Z-Ha9d4ceab-P000136ef","thread":"main","time":"2026-10-06T10:32:38.986715Z","file":"git.c","line":477,"name":"ls-files","hierarchy":"ls-files"}
{"event":"version","sid":"20261006T103238.992528Z-Ha9d4ceab-P000136bb","thread":"main","time":"2026-10-06T10:32:38.994203Z","file":"common-init.c","line":57,"evt":"4","exe":"2.50.1 (Apple Git-155)"}
{"event":"start","sid":"20261006T103238.992528Z-Ha9d4ceab-P000136bb","thread":"main","time":"2026-10-06T10:32:38.994230Z","file":"common-init.c","line":58,"t_abs":0.037690,"argv":["/Library/Developer/CommandLineTools/usr/bin/git","-C","/var/folders/f1/2xjyyqkn5plc19fx4nt4tpt00000gn/T/flow-dperf02-tWIHzq/main","diff","--name-only","-z","--no-renames","HEAD","--"]}
{"event":"cmd_name","sid":"20261006T103238.992528Z-Ha9d4ceab-P000136bb","thread":"main","time":"2026-10-06T10:32:38.994298Z","file":"git.c","line":477,"name":"diff","hierarchy":"diff"}
{"event":"def_repo","sid":"20261006T103238.992528Z-Ha9d4ceab-P000136bb","thread":"main","time":"2026-10-06T10:32:38.994437Z","file":"repository.c","line":241,"repo":1,"worktree":"/private/var/folders/f1/2xjyyqkn5plc19fx4nt4tpt00000gn/T/flow-dperf02-tWIHzq/main"}
{"event":"version","sid":"20261006T103238.992980Z-Ha9d4ceab-P00013710","thread":"main","time":"2026-10-06T10:32:38.995916Z","file":"common-init.c","line":57,"evt":"4","exe":"2.50.1 (Apple Git-155)"}
{"event":"start","sid":"20261006T103238.992980Z-Ha9d4ceab-P00013710","thread":"main","time":"2026-10-06T10:32:38.995937Z","file":"common-init.c","line":58,"t_abs":0.033931,"argv":["/Library/Developer/CommandLineTools/usr/bin/git","-C","/var/folders/f1/2xjyyqkn5plc19fx4nt4tpt00000gn/T/flow-dperf02-tWIHzq/main","diff","--name-only","-z","--no-renames","HEAD","--"]}
{"event":"cmd_name","sid":"20261006T103238.992980Z-Ha9d4ceab-P00013710","thread":"main","time":"2026-10-06T10:32:38.996002Z","file":"git.c","line":477,"name":"diff","hierarchy":"diff"}
{"event":"def_repo","sid":"20261006T103238.992980Z-Ha9d4ceab-P00013710","thread":"main","time":"2026-10-06T10:32:38.996270Z","file":"repository.c","line":241,"repo":1,"worktree":"/private/var/folders/f1/2xjyyqkn5plc19fx4nt4tpt00000gn/T/flow-dperf02-tWIHzq/main"}
{"event":"version","sid":"20261006T103238.996149Z-Ha9d4ceab-P000136f5","thread":"main","time":"2026-10-06T10:32:38.998247Z","file":"common-init.c","line":57,"evt":"4","exe":"2.50.1 (Apple Git-155)"}
{"event":"start","sid":"20261006T103238.996149Z-Ha9d4ceab-P000136f5","thread":"main","time":"2026-10-06T10:32:38.998265Z","file":"common-init.c","line":58,"t_abs":0.043458,"argv":["/Library/Developer/CommandLineTools/usr/bin/git","-C","/var/folders/f1/2xjyyqkn5plc19fx4nt4tpt00000gn/T/flow-dperf02-tWIHzq/main","cat-file","-t","469d797d25a0efdfd6741c2e7415be27879df851"]}
{"event":"def_repo","sid":"20261006T103238.996149Z-Ha9d4ceab-P000136f5","thread":"main","time":"2026-10-06T10:32:38.998493Z","file":"repository.c","line":241,"repo":1,"worktree":"/private/var/folders/f1/2xjyyqkn5plc19fx4nt4tpt00000gn/T/flow-dperf02-tWIHzq/main"}
{"event":"version","sid":"20261006T103239.009820Z-Ha9d4ceab-P00013716","thread":"main","time":"2026-10-06T10:32:39.011330Z","file":"common-init.c","line":57,"evt":"4","exe":"2.50.1 (Apple Git-155)"}
{"event":"start","sid":"20261006T103239.009820Z-Ha9d4ceab-P00013716","thread":"main","time":"2026-10-06T10:32:39.011353Z","file":"common-init.c","line":58,"t_abs":0.053235,"argv":["/Library/Developer/CommandLineTools/usr/bin/git","-C","/var/folders/f1/2xjyyqkn5plc19fx4nt4tpt00000gn/T/flow-dperf02-tWIHzq/main","ls-files","--others","--exclude-standard","-z"]}
{"event":"def_repo","sid":"20261006T103239.009820Z-Ha9d4ceab-P00013716","thread":"main","time":"2026-10-06T10:32:39.011537Z","file":"repository.c","line":241,"repo":1,"worktree":"/private/var/folders/f1/2xjyyqkn5plc19fx4nt4tpt00000gn/T/flow-dperf02-tWIHzq/main"}
{"event":"version","sid":"20261006T103239.009373Z-Ha9d4ceab-P00013742","thread":"main","time":"2026-10-06T10:32:39.011594Z","file":"common-init.c","line":57,"evt":"4","exe":"2.50.1 (Apple Git-155)"}
{"event":"start","sid":"20261006T103239.009373Z-Ha9d4ceab-P00013742","thread":"main","time":"2026-10-06T10:32:39.011606Z","file":"common-init.c","line":58,"t_abs":0.043944,"argv":["/Library/Developer/CommandLineTools/usr/bin/git","-C","/var/folders/f1/2xjyyqkn5plc19fx4nt4tpt00000gn/T/flow-dperf02-tWIHzq/main","cat-file","-t","469d797d25a0efdfd6741c2e7415be27879df851"]}
{"event":"def_repo","sid":"20261006T103239.009373Z-Ha9d4ceab-P00013742","thread":"main","time":"2026-10-06T10:32:39.011848Z","file":"repository.c","line":241,"repo":1,"worktree":"/private/var/folders/f1/2xjyyqkn5plc19fx4nt4tpt00000gn/T/flow-dperf02-tWIHzq/main"}
{"event":"version","sid":"20261006T103239.011700Z-Ha9d4ceab-P0001370b","thread":"main","time":"2026-10-06T10:32:39.013609Z","file":"common-init.c","line":57,"evt":"4","exe":"2.50.1 (Apple Git-155)"}
{"event":"start","sid":"20261006T103239.011700Z-Ha9d4ceab-P0001370b","thread":"main","time":"2026-10-06T10:32:39.013646Z","file":"common-init.c","line":58,"t_abs":0.047477,"argv":["/Library/Developer/CommandLineTools/usr/bin/git","-C","/var/folders/f1/2xjyyqkn5plc19fx4nt4tpt00000gn/T/flow-dperf02-tWIHzq/main","cat-file","-t","469d797d25a0efdfd6741c2e7415be27879df851"]}
{"event":"def_repo","sid":"20261006T103239.011700Z-Ha9d4ceab-P0001370b","thread":"main","time":"2026-10-06T10:32:39.014793Z","file":"repository.c","line":241,"repo":1,"worktree":"/private/var/folders/f1/2xjyyqkn5plc19fx4nt4tpt00000gn/T/flow-dperf02-tWIHzq/main"}
{"event":"version","sid":"20261006T103239.017973Z-Ha9d4ceab-P00013701","thread":"main","time":"2026-10-06T10:32:39.020011Z","file":"common-init.c","line":57,"evt":"4","exe":"2.50.1 (Apple Git-155)"}
{"event":"start","sid":"20261006T103239.017973Z-Ha9d4ceab-P00013701","thread":"main","time":"2026-10-06T10:32:39.020035Z","file":"common-init.c","line":58,"t_abs":0.043569,"argv":["/Library/Developer/CommandLineTools/usr/bin/git","-C","/var/folders/f1/2xjyyqkn5plc19fx4nt4tpt00000gn/T/flow-dperf02-tWIHzq/main","ls-files","--others","--exclude-standard","-z"]}
{"event":"def_repo","sid":"20261006T103239.017973Z-Ha9d4ceab-P00013701","thread":"main","time":"2026-10-06T10:32:39.020319Z","file":"repository.c","line":241,"repo":1,"worktree":"/private/var/folders/f1/2xjyyqkn5plc19fx4nt4tpt00000gn/T/flow-dperf02-tWIHzq/main"}
{"event":"version","sid":"20261006T103239.018637Z-Ha9d4ceab-P000137a4","thread":"main","time":"2026-10-06T10:32:39.020413Z","file":"common-init.c","line":57,"evt":"4","exe":"2.50.1 (Apple Git-155)"}
{"event":"start","sid":"20261006T103239.018637Z-Ha9d4ceab-P000137a4","thread":"main","time":"2026-10-06T10:32:39.020462Z","file":"common-init.c","line":58,"t_abs":0.019697,"argv":["/Library/Developer/CommandLineTools/usr/bin/git","-C","/var/folders/f1/2xjyyqkn5plc19fx4nt4tpt00000gn/T/flow-dperf02-tWIHzq/main","diff","--name-only","-z","--no-renames","HEAD","--"]}
{"event":"cmd_name","sid":"20261006T103239.018637Z-Ha9d4ceab-P000137a4","thread":"main","time":"2026-10-06T10:32:39.020671Z","file":"git.c","line":477,"name":"diff","hierarchy":"diff"}
{"event":"version","sid":"20261006T103239.019044Z-Ha9d4ceab-P00013798","thread":"main","time":"2026-10-06T10:32:39.020771Z","file":"common-init.c","line":57,"evt":"4","exe":"2.50.1 (Apple Git-155)"}
{"event":"start","sid":"20261006T103239.019044Z-Ha9d4ceab-P00013798","thread":"main","time":"2026-10-06T10:32:39.020792Z","file":"common-init.c","line":58,"t_abs":0.018958,"argv":["/Library/Developer/CommandLineTools/usr/bin/git","-C","/var/folders/f1/2xjyyqkn5plc19fx4nt4tpt00000gn/T/flow-dperf02-tWIHzq/main","cat-file","-t","469d797d25a0efdfd6741c2e7415be27879df851"]}
{"event":"def_repo","sid":"20261006T103239.018637Z-Ha9d4ceab-P000137a4","thread":"main","time":"2026-10-06T10:32:39.021117Z","file":"repository.c","line":241,"repo":1,"worktree":"/private/var/folders/f1/2xjyyqkn5plc19fx4nt4tpt00000gn/T/flow-dperf02-tWIHzq/main"}
{"event":"def_repo","sid":"20261006T103239.019044Z-Ha9d4ceab-P00013798","thread":"main","time":"2026-10-06T10:32:39.021419Z","file":"repository.c","line":241,"repo":1,"worktree":"/private/var/folders/f1/2xjyyqkn5plc19fx4nt4tpt00000gn/T/flow-dperf02-tWIHzq/main"}
{"event":"version","sid":"20261006T103239.021604Z-Ha9d4ceab-P0001374d","thread":"main","time":"2026-10-06T10:32:39.022798Z","file":"common-init.c","line":57,"evt":"4","exe":"2.50.1 (Apple Git-155)"}
{"event":"start","sid":"20261006T103239.021604Z-Ha9d4ceab-P0001374d","thread":"main","time":"2026-10-06T10:32:39.022841Z","file":"common-init.c","line":58,"t_abs":0.041509,"argv":["/Library/Developer/CommandLineTools/usr/bin/git","-C","/var/folders/f1/2xjyyqkn5plc19fx4nt4tpt00000gn/T/flow-dperf02-tWIHzq/main","diff","--name-only","-z","--no-renames","HEAD","--"]}
{"event":"version","sid":"20261006T103239.021411Z-Ha9d4ceab-P000136dc","thread":"main","time":"2026-10-06T10:32:39.022924Z","file":"common-init.c","line":57,"evt":"4","exe":"2.50.1 (Apple Git-155)"}
{"event":"start","sid":"20261006T103239.021411Z-Ha9d4ceab-P000136dc","thread":"main","time":"2026-10-06T10:32:39.022934Z","file":"common-init.c","line":58,"t_abs":0.066864,"argv":["/Library/Developer/CommandLineTools/usr/bin/git","-C","/var/folders/f1/2xjyyqkn5plc19fx4nt4tpt00000gn/T/flow-dperf02-tWIHzq/main","cat-file","-t","469d797d25a0efdfd6741c2e7415be27879df851"]}
{"event":"cmd_name","sid":"20261006T103239.021604Z-Ha9d4ceab-P0001374d","thread":"main","time":"2026-10-06T10:32:39.022948Z","file":"git.c","line":477,"name":"diff","hierarchy":"diff"}
{"event":"def_repo","sid":"20261006T103239.021604Z-Ha9d4ceab-P0001374d","thread":"main","time":"2026-10-06T10:32:39.023467Z","file":"repository.c","line":241,"repo":1,"worktree":"/private/var/folders/f1/2xjyyqkn5plc19fx4nt4tpt00000gn/T/flow-dperf02-tWIHzq/main"}
{"event":"def_repo","sid":"20261006T103239.021411Z-Ha9d4ceab-P000136dc","thread":"main","time":"2026-10-06T10:32:39.023612Z","file":"repository.c","line":241,"repo":1,"worktree":"/private/var/folders/f1/2xjyyqkn5plc19fx4nt4tpt00000gn/T/flow-dperf02-tWIHzq/main"}
{"event":"version","sid":"20261006T103239.022857Z-Ha9d4ceab-P0001375f","thread":"main","time":"2026-10-06T10:32:39.023953Z","file":"common-init.c","line":57,"evt":"4","exe":"2.50.1 (Apple Git-155)"}
{"event":"start","sid":"20261006T103239.022857Z-Ha9d4ceab-P0001375f","thread":"main","time":"2026-10-06T10:32:39.023970Z","file":"common-init.c","line":58,"t_abs":0.038729,"argv":["/Library/Developer/CommandLineTools/usr/bin/git","-C","/var/folders/f1/2xjyyqkn5plc19fx4nt4tpt00000gn/T/flow-dperf02-tWIHzq/main","merge-base","--is-ancestor","5f4529721d854dc490f98e9546ec64121d705216","469d797d25a0efdfd6741c2e7415be27879df851"]}
{"event":"def_repo","sid":"20261006T103239.022857Z-Ha9d4ceab-P0001375f","thread":"main","time":"2026-10-06T10:32:39.024371Z","file":"repository.c","line":241,"repo":1,"worktree":"/private/var/folders/f1/2xjyyqkn5plc19fx4nt4tpt00000gn/T/flow-dperf02-tWIHzq/main"}
{"event":"region_enter","sid":"20261006T103238.977286Z-Ha9d4ceab-P000136fb","thread":"main","time":"2026-10-06T10:32:39.026355Z","file":"read-cache.c","line":2357,"repo":1,"nesting":1,"category":"index","label":"do_read_index","msg":".git/index"}
{"event":"region_enter","sid":"20261006T103238.977286Z-Ha9d4ceab-P000136fb","thread":"main","time":"2026-10-06T10:32:39.026500Z","file":"cache-tree.c","line":643,"repo":1,"nesting":2,"category":"cache_tree","label":"read"}
{"event":"region_leave","sid":"20261006T103238.977286Z-Ha9d4ceab-P000136fb","thread":"main","time":"2026-10-06T10:32:39.026538Z","file":"cache-tree.c","line":645,"repo":1,"t_rel":0.000037,"nesting":2,"category":"cache_tree","label":"read"}
{"event":"data","sid":"20261006T103238.977286Z-Ha9d4ceab-P000136fb","thread":"main","time":"2026-10-06T10:32:39.026550Z","file":"read-cache.c","line":2306,"repo":1,"t_abs":0.073776,"t_rel":0.000197,"nesting":2,"category":"index","key":"read/version","value":"2"}
{"event":"data","sid":"20261006T103238.977286Z-Ha9d4ceab-P000136fb","thread":"main","time":"2026-10-06T10:32:39.026558Z","file":"read-cache.c","line":2308,"repo":1,"t_abs":0.073784,"t_rel":0.000205,"nesting":2,"category":"index","key":"read/cache_nr","value":"389"}
{"event":"region_leave","sid":"20261006T103238.977286Z-Ha9d4ceab-P000136fb","thread":"main","time":"2026-10-06T10:32:39.026570Z","file":"read-cache.c","line":2362,"repo":1,"t_rel":0.000217,"nesting":1,"category":"index","label":"do_read_index","msg":".git/index"}
{"event":"region_enter","sid":"20261006T103238.977286Z-Ha9d4ceab-P000136fb","thread":"main","time":"2026-10-06T10:32:39.026706Z","file":"unpack-trees.c","line":1905,"repo":1,"nesting":1,"category":"unpack_trees","label":"unpack_trees"}
{"event":"region_enter","sid":"20261006T103238.977286Z-Ha9d4ceab-P000136fb","thread":"main","time":"2026-10-06T10:32:39.027017Z","file":"unpack-trees.c","line":2009,"repo":1,"nesting":2,"category":"unpack_trees","label":"traverse_trees"}
{"event":"version","sid":"20261006T103239.025866Z-Ha9d4ceab-P00013721","thread":"main","time":"2026-10-06T10:32:39.027217Z","file":"common-init.c","line":57,"evt":"4","exe":"2.50.1 (Apple Git-155)"}
{"event":"start","sid":"20261006T103239.025866Z-Ha9d4ceab-P00013721","thread":"main","time":"2026-10-06T10:32:39.027331Z","file":"common-init.c","line":58,"t_abs":0.054658,"argv":["/Library/Developer/CommandLineTools/usr/bin/git","-C","/var/folders/f1/2xjyyqkn5plc19fx4nt4tpt00000gn/T/flow-dperf02-tWIHzq/main","cat-file","-t","469d797d25a0efdfd6741c2e7415be27879df851"]}
{"event":"def_repo","sid":"20261006T103239.025866Z-Ha9d4ceab-P00013721","thread":"main","time":"2026-10-06T10:32:39.028023Z","file":"repository.c","line":241,"repo":1,"worktree":"/private/var/folders/f1/2xjyyqkn5plc19fx4nt4tpt00000gn/T/flow-dperf02-tWIHzq/main"}
{"event":"version","sid":"20261006T103239.026507Z-Ha9d4ceab-P0001373d","thread":"main","time":"2026-10-06T10:32:39.028098Z","file":"common-init.c","line":57,"evt":"4","exe":"2.50.1 (Apple Git-155)"}
{"event":"start","sid":"20261006T103239.026507Z-Ha9d4ceab-P0001373d","thread":"main","time":"2026-10-06T10:32:39.028115Z","file":"common-init.c","line":58,"t_abs":0.052145,"argv":["/Library/Developer/CommandLineTools/usr/bin/git","-C","/var/folders/f1/2xjyyqkn5plc19fx4nt4tpt00000gn/T/flow-dperf02-tWIHzq/main","ls-files","--others","--exclude-standard","-z"]}
{"event":"def_repo","sid":"20261006T103239.026507Z-Ha9d4ceab-P0001373d","thread":"main","time":"2026-10-06T10:32:39.028947Z","file":"repository.c","line":241,"repo":1,"worktree":"/private/var/folders/f1/2xjyyqkn5plc19fx4nt4tpt00000gn/T/flow-dperf02-tWIHzq/main"}
{"event":"region_enter","sid":"20261006T103238.961356Z-Ha9d4ceab-P000136ef","thread":"main","time":"2026-10-06T10:32:39.029201Z","file":"read-cache.c","line":2357,"repo":1,"nesting":1,"category":"index","label":"do_read_index","msg":".git/index"}
{"event":"region_enter","sid":"20261006T103238.961356Z-Ha9d4ceab-P000136ef","thread":"main","time":"2026-10-06T10:32:39.029524Z","file":"cache-tree.c","line":643,"repo":1,"nesting":2,"category":"cache_tree","label":"read"}
{"event":"region_leave","sid":"20261006T103238.961356Z-Ha9d4ceab-P000136ef","thread":"main","time":"2026-10-06T10:32:39.029558Z","file":"cache-tree.c","line":645,"repo":1,"t_rel":0.000035,"nesting":2,"category":"cache_tree","label":"read"}
{"event":"data","sid":"20261006T103238.961356Z-Ha9d4ceab-P000136ef","thread":"main","time":"2026-10-06T10:32:39.029569Z","file":"read-cache.c","line":2306,"repo":1,"t_abs":0.077788,"t_rel":0.000370,"nesting":2,"category":"index","key":"read/version","value":"2"}
{"event":"data","sid":"20261006T103238.961356Z-Ha9d4ceab-P000136ef","thread":"main","time":"2026-10-06T10:32:39.029576Z","file":"read-cache.c","line":2308,"repo":1,"t_abs":0.077795,"t_rel":0.000377,"nesting":2,"category":"index","key":"read/cache_nr","value":"389"}
{"event":"region_leave","sid":"20261006T103238.961356Z-Ha9d4ceab-P000136ef","thread":"main","time":"2026-10-06T10:32:39.029583Z","file":"read-cache.c","line":2362,"repo":1,"t_rel":0.000385,"nesting":1,"category":"index","label":"do_read_index","msg":".git/index"}
{"event":"region_leave","sid":"20261006T103238.977286Z-Ha9d4ceab-P000136fb","thread":"main","time":"2026-10-06T10:32:39.029746Z","file":"unpack-trees.c","line":2011,"repo":1,"t_rel":0.002732,"nesting":2,"category":"unpack_trees","label":"traverse_trees"}
{"event":"region_leave","sid":"20261006T103238.977286Z-Ha9d4ceab-P000136fb","thread":"main","time":"2026-10-06T10:32:39.029770Z","file":"unpack-trees.c","line":2108,"repo":1,"t_rel":0.003066,"nesting":1,"category":"unpack_trees","label":"unpack_trees"}
{"event":"exit","sid":"20261006T103238.977286Z-Ha9d4ceab-P000136fb","thread":"main","time":"2026-10-06T10:32:39.029818Z","file":"git.c","line":747,"t_abs":0.077044,"code":0}
{"event":"data_json","sid":"20261006T103238.977286Z-Ha9d4ceab-P000136fb","thread":"main","time":"2026-10-06T10:32:39.029831Z","file":"tree-walk.c","line":186,"repo":1,"t_abs":0.077057,"t_rel":0.077057,"nesting":1,"category":"traverse_trees","key":"statistics","value":{"traverse_trees_count":1,"traverse_trees_max_depth":1}}
{"event":"atexit","sid":"20261006T103238.977286Z-Ha9d4ceab-P000136fb","thread":"main","time":"2026-10-06T10:32:39.029840Z","file":"trace2/tr2_tgt_event.c","line":207,"t_abs":0.077065,"code":0}
{"event":"region_enter","sid":"20261006T103238.961356Z-Ha9d4ceab-P000136ef","thread":"main","time":"2026-10-06T10:32:39.030169Z","file":"dir.c","line":3090,"repo":1,"nesting":1,"category":"dir","label":"read_directory"}
{"event":"cmd_name","sid":"20261006T103239.022857Z-Ha9d4ceab-P0001375f","thread":"main","time":"2026-10-06T10:32:39.030707Z","file":"git.c","line":477,"name":"merge-base","hierarchy":"merge-base"}
{"event":"region_enter","sid":"20261006T103238.961356Z-Ha9d4ceab-P000136ef","thread":"main","time":"2026-10-06T10:32:39.030765Z","file":"name-hash.c","line":597,"repo":1,"nesting":2,"category":"index","label":"name-hash-init"}
{"event":"region_leave","sid":"20261006T103238.961356Z-Ha9d4ceab-P000136ef","thread":"main","time":"2026-10-06T10:32:39.030801Z","file":"name-hash.c","line":618,"repo":1,"t_rel":0.000036,"nesting":2,"category":"index","label":"name-hash-init"}
{"event":"cmd_name","sid":"20261006T103238.996149Z-Ha9d4ceab-P000136f5","thread":"main","time":"2026-10-06T10:32:39.031419Z","file":"git.c","line":477,"name":"cat-file","hierarchy":"cat-file"}
{"event":"cmd_name","sid":"20261006T103239.011700Z-Ha9d4ceab-P0001370b","thread":"main","time":"2026-10-06T10:32:39.031793Z","file":"git.c","line":477,"name":"cat-file","hierarchy":"cat-file"}
{"event":"region_enter","sid":"20261006T103238.992528Z-Ha9d4ceab-P000136bb","thread":"main","time":"2026-10-06T10:32:39.032305Z","file":"read-cache.c","line":2357,"repo":1,"nesting":1,"category":"index","label":"do_read_index","msg":".git/index"}
{"event":"region_enter","sid":"20261006T103238.992528Z-Ha9d4ceab-P000136bb","thread":"main","time":"2026-10-06T10:32:39.032543Z","file":"cache-tree.c","line":643,"repo":1,"nesting":2,"category":"cache_tree","label":"read"}
{"event":"region_leave","sid":"20261006T103238.992528Z-Ha9d4ceab-P000136bb","thread":"main","time":"2026-10-06T10:32:39.032583Z","file":"cache-tree.c","line":645,"repo":1,"t_rel":0.000040,"nesting":2,"category":"cache_tree","label":"read"}
{"event":"data","sid":"20261006T103238.992528Z-Ha9d4ceab-P000136bb","thread":"main","time":"2026-10-06T10:32:39.032597Z","file":"read-cache.c","line":2306,"repo":1,"t_abs":0.076057,"t_rel":0.000292,"nesting":2,"category":"index","key":"read/version","value":"2"}
{"event":"data","sid":"20261006T103238.992528Z-Ha9d4ceab-P000136bb","thread":"main","time":"2026-10-06T10:32:39.032604Z","file":"read-cache.c","line":2308,"repo":1,"t_abs":0.076064,"t_rel":0.000299,"nesting":2,"category":"index","key":"read/cache_nr","value":"389"}
{"event":"region_leave","sid":"20261006T103238.992528Z-Ha9d4ceab-P000136bb","thread":"main","time":"2026-10-06T10:32:39.032612Z","file":"read-cache.c","line":2362,"repo":1,"t_rel":0.000307,"nesting":1,"category":"index","label":"do_read_index","msg":".git/index"}
{"event":"region_enter","sid":"20261006T103238.992528Z-Ha9d4ceab-P000136bb","thread":"main","time":"2026-10-06T10:32:39.032775Z","file":"unpack-trees.c","line":1905,"repo":1,"nesting":1,"category":"unpack_trees","label":"unpack_trees"}
{"event":"cmd_name","sid":"20261006T103239.019044Z-Ha9d4ceab-P00013798","thread":"main","time":"2026-10-06T10:32:39.033402Z","file":"git.c","line":477,"name":"cat-file","hierarchy":"cat-file"}
{"event":"region_enter","sid":"20261006T103238.992528Z-Ha9d4ceab-P000136bb","thread":"main","time":"2026-10-06T10:32:39.033532Z","file":"unpack-trees.c","line":2009,"repo":1,"nesting":2,"category":"unpack_trees","label":"traverse_trees"}
{"event":"version","sid":"20261006T103239.033963Z-Ha9d4ceab-P00013730","thread":"main","time":"2026-10-06T10:32:39.035793Z","file":"common-init.c","line":57,"evt":"4","exe":"2.50.1 (Apple Git-155)"}
{"event":"start","sid":"20261006T103239.033963Z-Ha9d4ceab-P00013730","thread":"main","time":"2026-10-06T10:32:39.035837Z","file":"common-init.c","line":58,"t_abs":0.057941,"argv":["/Library/Developer/CommandLineTools/usr/bin/git","-C","/var/folders/f1/2xjyyqkn5plc19fx4nt4tpt00000gn/T/flow-dperf02-tWIHzq/main","diff","--name-only","-z","--no-renames","HEAD","--"]}
{"event":"version","sid":"20261006T103239.034279Z-Ha9d4ceab-P000137b5","thread":"main","time":"2026-10-06T10:32:39.036003Z","file":"common-init.c","line":57,"evt":"4","exe":"2.50.1 (Apple Git-155)"}
{"event":"region_leave","sid":"20261006T103238.992528Z-Ha9d4ceab-P000136bb","thread":"main","time":"2026-10-06T10:32:39.036029Z","file":"unpack-trees.c","line":2011,"repo":1,"t_rel":0.002496,"nesting":2,"category":"unpack_trees","label":"traverse_trees"}
{"event":"region_leave","sid":"20261006T103238.992528Z-Ha9d4ceab-P000136bb","thread":"main","time":"2026-10-06T10:32:39.036057Z","file":"unpack-trees.c","line":2108,"repo":1,"t_rel":0.003283,"nesting":1,"category":"unpack_trees","label":"unpack_trees"}
{"event":"exit","sid":"20261006T103238.992528Z-Ha9d4ceab-P000136bb","thread":"main","time":"2026-10-06T10:32:39.036074Z","file":"git.c","line":747,"t_abs":0.079534,"code":0}
{"event":"start","sid":"20261006T103239.034279Z-Ha9d4ceab-P000137b5","thread":"main","time":"2026-10-06T10:32:39.036032Z","file":"common-init.c","line":58,"t_abs":0.021175,"argv":["/Library/Developer/CommandLineTools/usr/bin/git","-C","/var/folders/f1/2xjyyqkn5plc19fx4nt4tpt00000gn/T/flow-dperf02-tWIHzq/main","cat-file","-t","469d797d25a0efdfd6741c2e7415be27879df851"]}
{"event":"data_json","sid":"20261006T103238.992528Z-Ha9d4ceab-P000136bb","thread":"main","time":"2026-10-06T10:32:39.036082Z","file":"tree-walk.c","line":186,"repo":1,"t_abs":0.079542,"t_rel":0.079542,"nesting":1,"category":"traverse_trees","key":"statistics","value":{"traverse_trees_count":1,"traverse_trees_max_depth":1}}
{"event":"atexit","sid":"20261006T103238.992528Z-Ha9d4ceab-P000136bb","thread":"main","time":"2026-10-06T10:32:39.036094Z","file":"trace2/tr2_tgt_event.c","line":207,"t_abs":0.079555,"code":0}
{"event":"region_enter","sid":"20261006T103239.021604Z-Ha9d4ceab-P0001374d","thread":"main","time":"2026-10-06T10:32:39.036307Z","file":"read-cache.c","line":2357,"repo":1,"nesting":1,"category":"index","label":"do_read_index","msg":".git/index"}
{"event":"region_enter","sid":"20261006T103239.021604Z-Ha9d4ceab-P0001374d","thread":"main","time":"2026-10-06T10:32:39.036516Z","file":"cache-tree.c","line":643,"repo":1,"nesting":2,"category":"cache_tree","label":"read"}
{"event":"region_leave","sid":"20261006T103239.021604Z-Ha9d4ceab-P0001374d","thread":"main","time":"2026-10-06T10:32:39.036542Z","file":"cache-tree.c","line":645,"repo":1,"t_rel":0.000027,"nesting":2,"category":"cache_tree","label":"read"}
{"event":"data","sid":"20261006T103239.021604Z-Ha9d4ceab-P0001374d","thread":"main","time":"2026-10-06T10:32:39.036553Z","file":"read-cache.c","line":2306,"repo":1,"t_abs":0.055221,"t_rel":0.000247,"nesting":2,"category":"index","key":"read/version","value":"2"}
{"event":"data","sid":"20261006T103239.021604Z-Ha9d4ceab-P0001374d","thread":"main","time":"2026-10-06T10:32:39.036562Z","file":"read-cache.c","line":2308,"repo":1,"t_abs":0.055230,"t_rel":0.000256,"nesting":2,"category":"index","key":"read/cache_nr","value":"389"}
{"event":"region_leave","sid":"20261006T103239.021604Z-Ha9d4ceab-P0001374d","thread":"main","time":"2026-10-06T10:32:39.036569Z","file":"read-cache.c","line":2362,"repo":1,"t_rel":0.000262,"nesting":1,"category":"index","label":"do_read_index","msg":".git/index"}
{"event":"cmd_name","sid":"20261006T103239.033963Z-Ha9d4ceab-P00013730","thread":"main","time":"2026-10-06T10:32:39.036743Z","file":"git.c","line":477,"name":"diff","hierarchy":"diff"}
{"event":"cmd_name","sid":"20261006T103239.009820Z-Ha9d4ceab-P00013716","thread":"main","time":"2026-10-06T10:32:39.036798Z","file":"git.c","line":477,"name":"ls-files","hierarchy":"ls-files"}
{"event":"region_enter","sid":"20261006T103239.021604Z-Ha9d4ceab-P0001374d","thread":"main","time":"2026-10-06T10:32:39.036796Z","file":"unpack-trees.c","line":1905,"repo":1,"nesting":1,"category":"unpack_trees","label":"unpack_trees"}
{"event":"def_repo","sid":"20261006T103239.034279Z-Ha9d4ceab-P000137b5","thread":"main","time":"2026-10-06T10:32:39.036831Z","file":"repository.c","line":241,"repo":1,"worktree":"/private/var/folders/f1/2xjyyqkn5plc19fx4nt4tpt00000gn/T/flow-dperf02-tWIHzq/main"}
{"event":"def_repo","sid":"20261006T103239.033963Z-Ha9d4ceab-P00013730","thread":"main","time":"2026-10-06T10:32:39.037736Z","file":"repository.c","line":241,"repo":1,"worktree":"/private/var/folders/f1/2xjyyqkn5plc19fx4nt4tpt00000gn/T/flow-dperf02-tWIHzq/main"}
{"event":"version","sid":"20261006T103239.034969Z-Ha9d4ceab-P00013764","thread":"main","time":"2026-10-06T10:32:39.037805Z","file":"common-init.c","line":57,"evt":"4","exe":"2.50.1 (Apple Git-155)"}
{"event":"start","sid":"20261006T103239.034969Z-Ha9d4ceab-P00013764","thread":"main","time":"2026-10-06T10:32:39.037818Z","file":"common-init.c","line":58,"t_abs":0.055910,"argv":["/Library/Developer/CommandLineTools/usr/bin/git","-C","/var/folders/f1/2xjyyqkn5plc19fx4nt4tpt00000gn/T/flow-dperf02-tWIHzq/main","merge-base","--is-ancestor","5f4529721d854dc490f98e9546ec64121d705216","469d797d25a0efdfd6741c2e7415be27879df851"]}
{"event":"version","sid":"20261006T103239.034751Z-Ha9d4ceab-P0001377f","thread":"main","time":"2026-10-06T10:32:39.037845Z","file":"common-init.c","line":57,"evt":"4","exe":"2.50.1 (Apple Git-155)"}
{"event":"start","sid":"20261006T103239.034751Z-Ha9d4ceab-P0001377f","thread":"main","time":"2026-10-06T10:32:39.037881Z","file":"common-init.c","line":58,"t_abs":0.048451,"argv":["/Library/Developer/CommandLineTools/usr/bin/git","-C","/var/folders/f1/2xjyyqkn5plc19fx4nt4tpt00000gn/T/flow-dperf02-tWIHzq/main","merge-base","--is-ancestor","5f4529721d854dc490f98e9546ec64121d705216","469d797d25a0efdfd6741c2e7415be27879df851"]}
{"event":"region_enter","sid":"20261006T103239.021604Z-Ha9d4ceab-P0001374d","thread":"main","time":"2026-10-06T10:32:39.038448Z","file":"unpack-trees.c","line":2009,"repo":1,"nesting":2,"category":"unpack_trees","label":"traverse_trees"}
{"event":"version","sid":"20261006T103239.036075Z-Ha9d4ceab-P000137c4","thread":"main","time":"2026-10-06T10:32:39.039014Z","file":"common-init.c","line":57,"evt":"4","exe":"2.50.1 (Apple Git-155)"}
{"event":"start","sid":"20261006T103239.036075Z-Ha9d4ceab-P000137c4","thread":"main","time":"2026-10-06T10:32:39.039031Z","file":"common-init.c","line":58,"t_abs":0.020018,"argv":["/Library/Developer/CommandLineTools/usr/bin/git","-C","/var/folders/f1/2xjyyqkn5plc19fx4nt4tpt00000gn/T/flow-dperf02-tWIHzq/main","diff","--name-only","-z","--no-renames","HEAD","--"]}
{"event":"cmd_name","sid":"20261006T103239.036075Z-Ha9d4ceab-P000137c4","thread":"main","time":"2026-10-06T10:32:39.039253Z","file":"git.c","line":477,"name":"diff","hierarchy":"diff"}
{"event":"def_repo","sid":"20261006T103239.034751Z-Ha9d4ceab-P0001377f","thread":"main","time":"2026-10-06T10:32:39.039322Z","file":"repository.c","line":241,"repo":1,"worktree":"/private/var/folders/f1/2xjyyqkn5plc19fx4nt4tpt00000gn/T/flow-dperf02-tWIHzq/main"}
{"event":"def_repo","sid":"20261006T103239.034969Z-Ha9d4ceab-P00013764","thread":"main","time":"2026-10-06T10:32:39.039402Z","file":"repository.c","line":241,"repo":1,"worktree":"/private/var/folders/f1/2xjyyqkn5plc19fx4nt4tpt00000gn/T/flow-dperf02-tWIHzq/main"}
{"event":"def_repo","sid":"20261006T103239.036075Z-Ha9d4ceab-P000137c4","thread":"main","time":"2026-10-06T10:32:39.040070Z","file":"repository.c","line":241,"repo":1,"worktree":"/private/var/folders/f1/2xjyyqkn5plc19fx4nt4tpt00000gn/T/flow-dperf02-tWIHzq/main"}
{"event":"cmd_name","sid":"20261006T103239.017973Z-Ha9d4ceab-P00013701","thread":"main","time":"2026-10-06T10:32:39.040518Z","file":"git.c","line":477,"name":"ls-files","hierarchy":"ls-files"}
{"event":"region_leave","sid":"20261006T103239.021604Z-Ha9d4ceab-P0001374d","thread":"main","time":"2026-10-06T10:32:39.040694Z","file":"unpack-trees.c","line":2011,"repo":1,"t_rel":0.002246,"nesting":2,"category":"unpack_trees","label":"traverse_trees"}
{"event":"region_leave","sid":"20261006T103239.021604Z-Ha9d4ceab-P0001374d","thread":"main","time":"2026-10-06T10:32:39.040716Z","file":"unpack-trees.c","line":2108,"repo":1,"t_rel":0.003921,"nesting":1,"category":"unpack_trees","label":"unpack_trees"}
{"event":"exit","sid":"20261006T103239.021604Z-Ha9d4ceab-P0001374d","thread":"main","time":"2026-10-06T10:32:39.040735Z","file":"git.c","line":747,"t_abs":0.059402,"code":0}
{"event":"data_json","sid":"20261006T103239.021604Z-Ha9d4ceab-P0001374d","thread":"main","time":"2026-10-06T10:32:39.040747Z","file":"tree-walk.c","line":186,"repo":1,"t_abs":0.059415,"t_rel":0.059415,"nesting":1,"category":"traverse_trees","key":"statistics","value":{"traverse_trees_count":1,"traverse_trees_max_depth":1}}
{"event":"atexit","sid":"20261006T103239.021604Z-Ha9d4ceab-P0001374d","thread":"main","time":"2026-10-06T10:32:39.040760Z","file":"trace2/tr2_tgt_event.c","line":207,"t_abs":0.059428,"code":0}
{"event":"cmd_name","sid":"20261006T103239.009373Z-Ha9d4ceab-P00013742","thread":"main","time":"2026-10-06T10:32:39.041941Z","file":"git.c","line":477,"name":"cat-file","hierarchy":"cat-file"}
{"event":"exit","sid":"20261006T103239.022857Z-Ha9d4ceab-P0001375f","thread":"main","time":"2026-10-06T10:32:39.042236Z","file":"git.c","line":747,"t_abs":0.056993,"code":0}
{"event":"atexit","sid":"20261006T103239.022857Z-Ha9d4ceab-P0001375f","thread":"main","time":"2026-10-06T10:32:39.042253Z","file":"trace2/tr2_tgt_event.c","line":207,"t_abs":0.057011,"code":0}
{"event":"version","sid":"20261006T103239.041752Z-Ha9d4ceab-P000137ac","thread":"main","time":"2026-10-06T10:32:39.043386Z","file":"common-init.c","line":57,"evt":"4","exe":"2.50.1 (Apple Git-155)"}
{"event":"start","sid":"20261006T103239.041752Z-Ha9d4ceab-P000137ac","thread":"main","time":"2026-10-06T10:32:39.043403Z","file":"common-init.c","line":58,"t_abs":0.041117,"argv":["/Library/Developer/CommandLineTools/usr/bin/git","-C","/var/folders/f1/2xjyyqkn5plc19fx4nt4tpt00000gn/T/flow-dperf02-tWIHzq/main","ls-files","--others","--exclude-standard","-z"]}
{"event":"exit","sid":"20261006T103239.019044Z-Ha9d4ceab-P00013798","thread":"main","time":"2026-10-06T10:32:39.043412Z","file":"git.c","line":747,"t_abs":0.041578,"code":0}
{"event":"atexit","sid":"20261006T103239.019044Z-Ha9d4ceab-P00013798","thread":"main","time":"2026-10-06T10:32:39.043428Z","file":"trace2/tr2_tgt_event.c","line":207,"t_abs":0.041595,"code":0}
{"event":"def_repo","sid":"20261006T103239.041752Z-Ha9d4ceab-P000137ac","thread":"main","time":"2026-10-06T10:32:39.044369Z","file":"repository.c","line":241,"repo":1,"worktree":"/private/var/folders/f1/2xjyyqkn5plc19fx4nt4tpt00000gn/T/flow-dperf02-tWIHzq/main"}
{"event":"cmd_name","sid":"20261006T103239.021411Z-Ha9d4ceab-P000136dc","thread":"main","time":"2026-10-06T10:32:39.044546Z","file":"git.c","line":477,"name":"cat-file","hierarchy":"cat-file"}
{"event":"region_enter","sid":"20261006T103239.018637Z-Ha9d4ceab-P000137a4","thread":"main","time":"2026-10-06T10:32:39.046019Z","file":"read-cache.c","line":2357,"repo":1,"nesting":1,"category":"index","label":"do_read_index","msg":".git/index"}
{"event":"cmd_name","sid":"20261006T103239.034969Z-Ha9d4ceab-P00013764","thread":"main","time":"2026-10-06T10:32:39.046404Z","file":"git.c","line":477,"name":"merge-base","hierarchy":"merge-base"}
{"event":"region_enter","sid":"20261006T103239.018637Z-Ha9d4ceab-P000137a4","thread":"main","time":"2026-10-06T10:32:39.046590Z","file":"cache-tree.c","line":643,"repo":1,"nesting":2,"category":"cache_tree","label":"read"}
{"event":"region_leave","sid":"20261006T103239.018637Z-Ha9d4ceab-P000137a4","thread":"main","time":"2026-10-06T10:32:39.046708Z","file":"cache-tree.c","line":645,"repo":1,"t_rel":0.000119,"nesting":2,"category":"cache_tree","label":"read"}
{"event":"data","sid":"20261006T103239.018637Z-Ha9d4ceab-P000137a4","thread":"main","time":"2026-10-06T10:32:39.046773Z","file":"read-cache.c","line":2306,"repo":1,"t_abs":0.046008,"t_rel":0.000756,"nesting":2,"category":"index","key":"read/version","value":"2"}
{"event":"data","sid":"20261006T103239.018637Z-Ha9d4ceab-P000137a4","thread":"main","time":"2026-10-06T10:32:39.046788Z","file":"read-cache.c","line":2308,"repo":1,"t_abs":0.046023,"t_rel":0.000771,"nesting":2,"category":"index","key":"read/cache_nr","value":"389"}
{"event":"region_leave","sid":"20261006T103239.018637Z-Ha9d4ceab-P000137a4","thread":"main","time":"2026-10-06T10:32:39.046801Z","file":"read-cache.c","line":2362,"repo":1,"t_rel":0.000784,"nesting":1,"category":"index","label":"do_read_index","msg":".git/index"}
{"event":"cmd_name","sid":"20261006T103239.034751Z-Ha9d4ceab-P0001377f","thread":"main","time":"2026-10-06T10:32:39.046839Z","file":"git.c","line":477,"name":"merge-base","hierarchy":"merge-base"}
{"event":"region_enter","sid":"20261006T103239.018637Z-Ha9d4ceab-P000137a4","thread":"main","time":"2026-10-06T10:32:39.047146Z","file":"unpack-trees.c","line":1905,"repo":1,"nesting":1,"category":"unpack_trees","label":"unpack_trees"}
{"event":"region_enter","sid":"20261006T103239.017973Z-Ha9d4ceab-P00013701","thread":"main","time":"2026-10-06T10:32:39.047508Z","file":"read-cache.c","line":2357,"repo":1,"nesting":1,"category":"index","label":"do_read_index","msg":".git/index"}
{"event":"region_enter","sid":"20261006T103239.017973Z-Ha9d4ceab-P00013701","thread":"main","time":"2026-10-06T10:32:39.047781Z","file":"cache-tree.c","line":643,"repo":1,"nesting":2,"category":"cache_tree","label":"read"}
{"event":"region_leave","sid":"20261006T103239.017973Z-Ha9d4ceab-P00013701","thread":"main","time":"2026-10-06T10:32:39.047817Z","file":"cache-tree.c","line":645,"repo":1,"t_rel":0.000035,"nesting":2,"category":"cache_tree","label":"read"}
{"event":"data","sid":"20261006T103239.017973Z-Ha9d4ceab-P00013701","thread":"main","time":"2026-10-06T10:32:39.047828Z","file":"read-cache.c","line":2306,"repo":1,"t_abs":0.071362,"t_rel":0.000321,"nesting":2,"category":"index","key":"read/version","value":"2"}
{"event":"data","sid":"20261006T103239.017973Z-Ha9d4ceab-P00013701","thread":"main","time":"2026-10-06T10:32:39.047836Z","file":"read-cache.c","line":2308,"repo":1,"t_abs":0.071371,"t_rel":0.000330,"nesting":2,"category":"index","key":"read/cache_nr","value":"389"}
{"event":"region_leave","sid":"20261006T103239.017973Z-Ha9d4ceab-P00013701","thread":"main","time":"2026-10-06T10:32:39.047848Z","file":"read-cache.c","line":2362,"repo":1,"t_rel":0.000342,"nesting":1,"category":"index","label":"do_read_index","msg":".git/index"}
{"event":"version","sid":"20261006T103239.046343Z-Ha9d4ceab-P000137df","thread":"main","time":"2026-10-06T10:32:39.048050Z","file":"common-init.c","line":57,"evt":"4","exe":"2.50.1 (Apple Git-155)"}
{"event":"start","sid":"20261006T103239.046343Z-Ha9d4ceab-P000137df","thread":"main","time":"2026-10-06T10:32:39.048093Z","file":"common-init.c","line":58,"t_abs":0.025398,"argv":["/Library/Developer/CommandLineTools/usr/bin/git","-C","/var/folders/f1/2xjyyqkn5plc19fx4nt4tpt00000gn/T/flow-dperf02-tWIHzq/main","ls-files","--others","--exclude-standard","-z"]}
{"event":"region_enter","sid":"20261006T103239.018637Z-Ha9d4ceab-P000137a4","thread":"main","time":"2026-10-06T10:32:39.048058Z","file":"unpack-trees.c","line":2009,"repo":1,"nesting":2,"category":"unpack_trees","label":"traverse_trees"}
{"event":"region_enter","sid":"20261006T103239.017973Z-Ha9d4ceab-P00013701","thread":"main","time":"2026-10-06T10:32:39.048348Z","file":"dir.c","line":3090,"repo":1,"nesting":1,"category":"dir","label":"read_directory"}
{"event":"def_repo","sid":"20261006T103239.046343Z-Ha9d4ceab-P000137df","thread":"main","time":"2026-10-06T10:32:39.048500Z","file":"repository.c","line":241,"repo":1,"worktree":"/private/var/folders/f1/2xjyyqkn5plc19fx4nt4tpt00000gn/T/flow-dperf02-tWIHzq/main"}
{"event":"exit","sid":"20261006T103239.009373Z-Ha9d4ceab-P00013742","thread":"main","time":"2026-10-06T10:32:39.048761Z","file":"git.c","line":747,"t_abs":0.081098,"code":0}
{"event":"atexit","sid":"20261006T103239.009373Z-Ha9d4ceab-P00013742","thread":"main","time":"2026-10-06T10:32:39.048839Z","file":"trace2/tr2_tgt_event.c","line":207,"t_abs":0.081175,"code":0}
{"event":"version","sid":"20261006T103239.046556Z-Ha9d4ceab-P00013752","thread":"main","time":"2026-10-06T10:32:39.048998Z","file":"common-init.c","line":57,"evt":"4","exe":"2.50.1 (Apple Git-155)"}
{"event":"start","sid":"20261006T103239.046556Z-Ha9d4ceab-P00013752","thread":"main","time":"2026-10-06T10:32:39.049011Z","file":"common-init.c","line":58,"t_abs":0.070722,"argv":["/Library/Developer/CommandLineTools/usr/bin/git","-C","/var/folders/f1/2xjyyqkn5plc19fx4nt4tpt00000gn/T/flow-dperf02-tWIHzq/main","ls-files","--others","--exclude-standard","-z"]}
{"event":"region_enter","sid":"20261006T103239.017973Z-Ha9d4ceab-P00013701","thread":"main","time":"2026-10-06T10:32:39.049475Z","file":"name-hash.c","line":597,"repo":1,"nesting":2,"category":"index","label":"name-hash-init"}
{"event":"region_leave","sid":"20261006T103239.017973Z-Ha9d4ceab-P00013701","thread":"main","time":"2026-10-06T10:32:39.049511Z","file":"name-hash.c","line":618,"repo":1,"t_rel":0.000036,"nesting":2,"category":"index","label":"name-hash-init"}
{"event":"def_repo","sid":"20261006T103239.046556Z-Ha9d4ceab-P00013752","thread":"main","time":"2026-10-06T10:32:39.049667Z","file":"repository.c","line":241,"repo":1,"worktree":"/private/var/folders/f1/2xjyyqkn5plc19fx4nt4tpt00000gn/T/flow-dperf02-tWIHzq/main"}
{"event":"cmd_name","sid":"20261006T103239.034279Z-Ha9d4ceab-P000137b5","thread":"main","time":"2026-10-06T10:32:39.050660Z","file":"git.c","line":477,"name":"cat-file","hierarchy":"cat-file"}
{"event":"region_leave","sid":"20261006T103239.018637Z-Ha9d4ceab-P000137a4","thread":"main","time":"2026-10-06T10:32:39.051514Z","file":"unpack-trees.c","line":2011,"repo":1,"t_rel":0.003456,"nesting":2,"category":"unpack_trees","label":"traverse_trees"}
{"event":"region_leave","sid":"20261006T103239.018637Z-Ha9d4ceab-P000137a4","thread":"main","time":"2026-10-06T10:32:39.051529Z","file":"unpack-trees.c","line":2108,"repo":1,"t_rel":0.004386,"nesting":1,"category":"unpack_trees","label":"unpack_trees"}
{"event":"exit","sid":"20261006T103239.018637Z-Ha9d4ceab-P000137a4","thread":"main","time":"2026-10-06T10:32:39.051542Z","file":"git.c","line":747,"t_abs":0.050778,"code":0}
{"event":"data_json","sid":"20261006T103239.018637Z-Ha9d4ceab-P000137a4","thread":"main","time":"2026-10-06T10:32:39.051549Z","file":"tree-walk.c","line":186,"repo":1,"t_abs":0.050785,"t_rel":0.050785,"nesting":1,"category":"traverse_trees","key":"statistics","value":{"traverse_trees_count":1,"traverse_trees_max_depth":1}}
{"event":"atexit","sid":"20261006T103239.018637Z-Ha9d4ceab-P000137a4","thread":"main","time":"2026-10-06T10:32:39.051555Z","file":"trace2/tr2_tgt_event.c","line":207,"t_abs":0.050790,"code":0}
{"event":"region_enter","sid":"20261006T103239.009820Z-Ha9d4ceab-P00013716","thread":"main","time":"2026-10-06T10:32:39.053153Z","file":"read-cache.c","line":2357,"repo":1,"nesting":1,"category":"index","label":"do_read_index","msg":".git/index"}
{"event":"region_enter","sid":"20261006T103239.009820Z-Ha9d4ceab-P00013716","thread":"main","time":"2026-10-06T10:32:39.053442Z","file":"cache-tree.c","line":643,"repo":1,"nesting":2,"category":"cache_tree","label":"read"}
{"event":"region_leave","sid":"20261006T103239.009820Z-Ha9d4ceab-P00013716","thread":"main","time":"2026-10-06T10:32:39.053470Z","file":"cache-tree.c","line":645,"repo":1,"t_rel":0.000027,"nesting":2,"category":"cache_tree","label":"read"}
{"event":"data","sid":"20261006T103239.009820Z-Ha9d4ceab-P00013716","thread":"main","time":"2026-10-06T10:32:39.053479Z","file":"read-cache.c","line":2306,"repo":1,"t_abs":0.095361,"t_rel":0.000327,"nesting":2,"category":"index","key":"read/version","value":"2"}
{"event":"version","sid":"20261006T103239.052102Z-Ha9d4ceab-P00013790","thread":"main","time":"2026-10-06T10:32:39.053496Z","file":"common-init.c","line":57,"evt":"4","exe":"2.50.1 (Apple Git-155)"}
{"event":"data","sid":"20261006T103239.009820Z-Ha9d4ceab-P00013716","thread":"main","time":"2026-10-06T10:32:39.053490Z","file":"read-cache.c","line":2308,"repo":1,"t_abs":0.095372,"t_rel":0.000338,"nesting":2,"category":"index","key":"read/cache_nr","value":"389"}
{"event":"start","sid":"20261006T103239.052102Z-Ha9d4ceab-P00013790","thread":"main","time":"2026-10-06T10:32:39.053536Z","file":"common-init.c","line":58,"t_abs":0.054858,"argv":["/Library/Developer/CommandLineTools/usr/bin/git","-C","/var/folders/f1/2xjyyqkn5plc19fx4nt4tpt00000gn/T/flow-dperf02-tWIHzq/main","merge-base","--is-ancestor","5f4529721d854dc490f98e9546ec64121d705216","469d797d25a0efdfd6741c2e7415be27879df851"]}
{"event":"region_leave","sid":"20261006T103239.009820Z-Ha9d4ceab-P00013716","thread":"main","time":"2026-10-06T10:32:39.053549Z","file":"read-cache.c","line":2362,"repo":1,"t_rel":0.000397,"nesting":1,"category":"index","label":"do_read_index","msg":".git/index"}
{"event":"version","sid":"20261006T103239.052456Z-Ha9d4ceab-P0001381f","thread":"main","time":"2026-10-06T10:32:39.053576Z","file":"common-init.c","line":57,"evt":"4","exe":"2.50.1 (Apple Git-155)"}
{"event":"start","sid":"20261006T103239.052456Z-Ha9d4ceab-P0001381f","thread":"main","time":"2026-10-06T10:32:39.053589Z","file":"common-init.c","line":58,"t_abs":0.013164,"argv":["/Library/Developer/CommandLineTools/usr/bin/git","-C","/var/folders/f1/2xjyyqkn5plc19fx4nt4tpt00000gn/T/flow-dperf02-tWIHzq/main","ls-tree","-r","-z","--full-tree","469d797d25a0efdfd6741c2e7415be27879df851","--",":(literal)src/shared"]}
{"event":"exit","sid":"20261006T103239.034969Z-Ha9d4ceab-P00013764","thread":"main","time":"2026-10-06T10:32:39.053618Z","file":"git.c","line":747,"t_abs":0.071707,"code":0}
{"event":"atexit","sid":"20261006T103239.034969Z-Ha9d4ceab-P00013764","thread":"main","time":"2026-10-06T10:32:39.053631Z","file":"trace2/tr2_tgt_event.c","line":207,"t_abs":0.071722,"code":0}
{"event":"cmd_name","sid":"20261006T103239.026507Z-Ha9d4ceab-P0001373d","thread":"main","time":"2026-10-06T10:32:39.053755Z","file":"git.c","line":477,"name":"ls-files","hierarchy":"ls-files"}
{"event":"region_enter","sid":"20261006T103239.036075Z-Ha9d4ceab-P000137c4","thread":"main","time":"2026-10-06T10:32:39.054133Z","file":"read-cache.c","line":2357,"repo":1,"nesting":1,"category":"index","label":"do_read_index","msg":".git/index"}
{"event":"region_enter","sid":"20261006T103239.036075Z-Ha9d4ceab-P000137c4","thread":"main","time":"2026-10-06T10:32:39.054354Z","file":"cache-tree.c","line":643,"repo":1,"nesting":2,"category":"cache_tree","label":"read"}
{"event":"region_leave","sid":"20261006T103239.036075Z-Ha9d4ceab-P000137c4","thread":"main","time":"2026-10-06T10:32:39.054383Z","file":"cache-tree.c","line":645,"repo":1,"t_rel":0.000029,"nesting":2,"category":"cache_tree","label":"read"}
{"event":"data","sid":"20261006T103239.036075Z-Ha9d4ceab-P000137c4","thread":"main","time":"2026-10-06T10:32:39.054393Z","file":"read-cache.c","line":2306,"repo":1,"t_abs":0.035380,"t_rel":0.000261,"nesting":2,"category":"index","key":"read/version","value":"2"}
{"event":"data","sid":"20261006T103239.036075Z-Ha9d4ceab-P000137c4","thread":"main","time":"2026-10-06T10:32:39.054400Z","file":"read-cache.c","line":2308,"repo":1,"t_abs":0.035387,"t_rel":0.000268,"nesting":2,"category":"index","key":"read/cache_nr","value":"389"}
{"event":"region_leave","sid":"20261006T103239.036075Z-Ha9d4ceab-P000137c4","thread":"main","time":"2026-10-06T10:32:39.054409Z","file":"read-cache.c","line":2362,"repo":1,"t_rel":0.000276,"nesting":1,"category":"index","label":"do_read_index","msg":".git/index"}
{"event":"region_enter","sid":"20261006T103239.009820Z-Ha9d4ceab-P00013716","thread":"main","time":"2026-10-06T10:32:39.054427Z","file":"dir.c","line":3090,"repo":1,"nesting":1,"category":"dir","label":"read_directory"}
{"event":"cmd_name","sid":"20261006T103239.046556Z-Ha9d4ceab-P00013752","thread":"main","time":"2026-10-06T10:32:39.054548Z","file":"git.c","line":477,"name":"ls-files","hierarchy":"ls-files"}
{"event":"region_enter","sid":"20261006T103239.036075Z-Ha9d4ceab-P000137c4","thread":"main","time":"2026-10-06T10:32:39.054599Z","file":"unpack-trees.c","line":1905,"repo":1,"nesting":1,"category":"unpack_trees","label":"unpack_trees"}
{"event":"def_repo","sid":"20261006T103239.052456Z-Ha9d4ceab-P0001381f","thread":"main","time":"2026-10-06T10:32:39.054739Z","file":"repository.c","line":241,"repo":1,"worktree":"/private/var/folders/f1/2xjyyqkn5plc19fx4nt4tpt00000gn/T/flow-dperf02-tWIHzq/main"}
{"event":"cmd_name","sid":"20261006T103239.041752Z-Ha9d4ceab-P000137ac","thread":"main","time":"2026-10-06T10:32:39.054911Z","file":"git.c","line":477,"name":"ls-files","hierarchy":"ls-files"}
{"event":"def_repo","sid":"20261006T103239.052102Z-Ha9d4ceab-P00013790","thread":"main","time":"2026-10-06T10:32:39.055084Z","file":"repository.c","line":241,"repo":1,"worktree":"/private/var/folders/f1/2xjyyqkn5plc19fx4nt4tpt00000gn/T/flow-dperf02-tWIHzq/main"}
{"event":"cmd_name","sid":"20261006T103239.025866Z-Ha9d4ceab-P00013721","thread":"main","time":"2026-10-06T10:32:39.055334Z","file":"git.c","line":477,"name":"cat-file","hierarchy":"cat-file"}
{"event":"region_enter","sid":"20261006T103239.009820Z-Ha9d4ceab-P00013716","thread":"main","time":"2026-10-06T10:32:39.055662Z","file":"name-hash.c","line":597,"repo":1,"nesting":2,"category":"index","label":"name-hash-init"}
{"event":"region_leave","sid":"20261006T103239.009820Z-Ha9d4ceab-P00013716","thread":"main","time":"2026-10-06T10:32:39.055704Z","file":"name-hash.c","line":618,"repo":1,"t_rel":0.000042,"nesting":2,"category":"index","label":"name-hash-init"}
{"event":"exit","sid":"20261006T103238.996149Z-Ha9d4ceab-P000136f5","thread":"main","time":"2026-10-06T10:32:39.055711Z","file":"git.c","line":747,"t_abs":0.100903,"code":0}
{"event":"atexit","sid":"20261006T103238.996149Z-Ha9d4ceab-P000136f5","thread":"main","time":"2026-10-06T10:32:39.055721Z","file":"trace2/tr2_tgt_event.c","line":207,"t_abs":0.100913,"code":0}
{"event":"exit","sid":"20261006T103239.011700Z-Ha9d4ceab-P0001370b","thread":"main","time":"2026-10-06T10:32:39.055873Z","file":"git.c","line":747,"t_abs":0.089702,"code":0}
{"event":"atexit","sid":"20261006T103239.011700Z-Ha9d4ceab-P0001370b","thread":"main","time":"2026-10-06T10:32:39.055900Z","file":"trace2/tr2_tgt_event.c","line":207,"t_abs":0.089732,"code":0}
{"event":"region_enter","sid":"20261006T103239.036075Z-Ha9d4ceab-P000137c4","thread":"main","time":"2026-10-06T10:32:39.056027Z","file":"unpack-trees.c","line":2009,"repo":1,"nesting":2,"category":"unpack_trees","label":"traverse_trees"}
{"event":"version","sid":"20261006T103239.053045Z-Ha9d4ceab-P000137e9","thread":"main","time":"2026-10-06T10:32:39.056279Z","file":"common-init.c","line":57,"evt":"4","exe":"2.50.1 (Apple Git-155)"}
{"event":"start","sid":"20261006T103239.053045Z-Ha9d4ceab-P000137e9","thread":"main","time":"2026-10-06T10:32:39.056292Z","file":"common-init.c","line":58,"t_abs":0.034171,"argv":["/Library/Developer/CommandLineTools/usr/bin/git","-C","/var/folders/f1/2xjyyqkn5plc19fx4nt4tpt00000gn/T/flow-dperf02-tWIHzq/main","cat-file","-t","469d797d25a0efdfd6741c2e7415be27879df851"]}
{"event":"exit","sid":"20261006T103239.034279Z-Ha9d4ceab-P000137b5","thread":"main","time":"2026-10-06T10:32:39.056877Z","file":"git.c","line":747,"t_abs":0.042019,"code":0}
{"event":"atexit","sid":"20261006T103239.034279Z-Ha9d4ceab-P000137b5","thread":"main","time":"2026-10-06T10:32:39.056892Z","file":"trace2/tr2_tgt_event.c","line":207,"t_abs":0.042035,"code":0}
{"event":"exit","sid":"20261006T103239.034751Z-Ha9d4ceab-P0001377f","thread":"main","time":"2026-10-06T10:32:39.057034Z","file":"git.c","line":747,"t_abs":0.067604,"code":0}
{"event":"atexit","sid":"20261006T103239.034751Z-Ha9d4ceab-P0001377f","thread":"main","time":"2026-10-06T10:32:39.057044Z","file":"trace2/tr2_tgt_event.c","line":207,"t_abs":0.067615,"code":0}
{"event":"def_repo","sid":"20261006T103239.053045Z-Ha9d4ceab-P000137e9","thread":"main","time":"2026-10-06T10:32:39.057264Z","file":"repository.c","line":241,"repo":1,"worktree":"/private/var/folders/f1/2xjyyqkn5plc19fx4nt4tpt00000gn/T/flow-dperf02-tWIHzq/main"}
{"event":"version","sid":"20261006T103239.055038Z-Ha9d4ceab-P00013829","thread":"main","time":"2026-10-06T10:32:39.058334Z","file":"common-init.c","line":57,"evt":"4","exe":"2.50.1 (Apple Git-155)"}
{"event":"start","sid":"20261006T103239.055038Z-Ha9d4ceab-P00013829","thread":"main","time":"2026-10-06T10:32:39.058343Z","file":"common-init.c","line":58,"t_abs":0.013736,"argv":["/Library/Developer/CommandLineTools/usr/bin/git","-C","/var/folders/f1/2xjyyqkn5plc19fx4nt4tpt00000gn/T/flow-dperf02-tWIHzq/main","ls-tree","-r","-z","--full-tree","469d797d25a0efdfd6741c2e7415be27879df851","--",":(literal)src/shared"]}
{"event":"def_repo","sid":"20261006T103239.055038Z-Ha9d4ceab-P00013829","thread":"main","time":"2026-10-06T10:32:39.059287Z","file":"repository.c","line":241,"repo":1,"worktree":"/private/var/folders/f1/2xjyyqkn5plc19fx4nt4tpt00000gn/T/flow-dperf02-tWIHzq/main"}
{"event":"version","sid":"20261006T103239.057206Z-Ha9d4ceab-P000137ee","thread":"main","time":"2026-10-06T10:32:39.059426Z","file":"common-init.c","line":57,"evt":"4","exe":"2.50.1 (Apple Git-155)"}
{"event":"start","sid":"20261006T103239.057206Z-Ha9d4ceab-P000137ee","thread":"main","time":"2026-10-06T10:32:39.059463Z","file":"common-init.c","line":58,"t_abs":0.021440,"argv":["/Library/Developer/CommandLineTools/usr/bin/git","-C","/var/folders/f1/2xjyyqkn5plc19fx4nt4tpt00000gn/T/flow-dperf02-tWIHzq/main","diff","--name-only","-z","--no-renames","HEAD","--"]}
{"event":"exit","sid":"20261006T103239.021411Z-Ha9d4ceab-P000136dc","thread":"main","time":"2026-10-06T10:32:39.059498Z","file":"git.c","line":747,"t_abs":0.103427,"code":0}
{"event":"region_leave","sid":"20261006T103239.036075Z-Ha9d4ceab-P000137c4","thread":"main","time":"2026-10-06T10:32:39.059504Z","file":"unpack-trees.c","line":2011,"repo":1,"t_rel":0.003477,"nesting":2,"category":"unpack_trees","label":"traverse_trees"}
{"event":"atexit","sid":"20261006T103239.021411Z-Ha9d4ceab-P000136dc","thread":"main","time":"2026-10-06T10:32:39.059513Z","file":"trace2/tr2_tgt_event.c","line":207,"t_abs":0.103444,"code":0}
{"event":"region_leave","sid":"20261006T103239.036075Z-Ha9d4ceab-P000137c4","thread":"main","time":"2026-10-06T10:32:39.059524Z","file":"unpack-trees.c","line":2108,"repo":1,"t_rel":0.004926,"nesting":1,"category":"unpack_trees","label":"unpack_trees"}
{"event":"exit","sid":"20261006T103239.036075Z-Ha9d4ceab-P000137c4","thread":"main","time":"2026-10-06T10:32:39.059548Z","file":"git.c","line":747,"t_abs":0.040534,"code":0}
{"event":"data_json","sid":"20261006T103239.036075Z-Ha9d4ceab-P000137c4","thread":"main","time":"2026-10-06T10:32:39.059555Z","file":"tree-walk.c","line":186,"repo":1,"t_abs":0.040541,"t_rel":0.040541,"nesting":1,"category":"traverse_trees","key":"statistics","value":{"traverse_trees_count":1,"traverse_trees_max_depth":1}}
{"event":"atexit","sid":"20261006T103239.036075Z-Ha9d4ceab-P000137c4","thread":"main","time":"2026-10-06T10:32:39.059561Z","file":"trace2/tr2_tgt_event.c","line":207,"t_abs":0.040547,"code":0}
{"event":"cmd_name","sid":"20261006T103239.057206Z-Ha9d4ceab-P000137ee","thread":"main","time":"2026-10-06T10:32:39.059831Z","file":"git.c","line":477,"name":"diff","hierarchy":"diff"}
{"event":"data","sid":"20261006T103238.961356Z-Ha9d4ceab-P000136ef","thread":"main","time":"2026-10-06T10:32:39.060433Z","file":"dir.c","line":3058,"repo":1,"t_abs":0.108651,"t_rel":0.030263,"nesting":2,"category":"read_directory","key":"path","value":""}
{"event":"data","sid":"20261006T103238.961356Z-Ha9d4ceab-P000136ef","thread":"main","time":"2026-10-06T10:32:39.060453Z","file":"dir.c","line":3067,"repo":1,"t_abs":0.108670,"t_rel":0.030282,"nesting":2,"category":"read_directory","key":"directories-visited","value":"133"}
{"event":"data","sid":"20261006T103238.961356Z-Ha9d4ceab-P000136ef","thread":"main","time":"2026-10-06T10:32:39.060459Z","file":"dir.c","line":3069,"repo":1,"t_abs":0.108679,"t_rel":0.030291,"nesting":2,"category":"read_directory","key":"paths-visited","value":"522"}
{"event":"region_leave","sid":"20261006T103238.961356Z-Ha9d4ceab-P000136ef","thread":"main","time":"2026-10-06T10:32:39.060503Z","file":"dir.c","line":3113,"repo":1,"t_rel":0.030335,"nesting":1,"category":"dir","label":"read_directory"}
{"event":"exit","sid":"20261006T103238.961356Z-Ha9d4ceab-P000136ef","thread":"main","time":"2026-10-06T10:32:39.060515Z","file":"git.c","line":747,"t_abs":0.108735,"code":0}
{"event":"atexit","sid":"20261006T103238.961356Z-Ha9d4ceab-P000136ef","thread":"main","time":"2026-10-06T10:32:39.060522Z","file":"trace2/tr2_tgt_event.c","line":207,"t_abs":0.108741,"code":0}
{"event":"def_repo","sid":"20261006T103239.057206Z-Ha9d4ceab-P000137ee","thread":"main","time":"2026-10-06T10:32:39.060767Z","file":"repository.c","line":241,"repo":1,"worktree":"/private/var/folders/f1/2xjyyqkn5plc19fx4nt4tpt00000gn/T/flow-dperf02-tWIHzq/main"}
{"event":"region_enter","sid":"20261006T103239.046556Z-Ha9d4ceab-P00013752","thread":"main","time":"2026-10-06T10:32:39.061463Z","file":"read-cache.c","line":2357,"repo":1,"nesting":1,"category":"index","label":"do_read_index","msg":".git/index"}
{"event":"region_enter","sid":"20261006T103239.033963Z-Ha9d4ceab-P00013730","thread":"main","time":"2026-10-06T10:32:39.061505Z","file":"read-cache.c","line":2357,"repo":1,"nesting":1,"category":"index","label":"do_read_index","msg":".git/index"}
{"event":"cmd_name","sid":"20261006T103239.052456Z-Ha9d4ceab-P0001381f","thread":"main","time":"2026-10-06T10:32:39.061590Z","file":"git.c","line":477,"name":"ls-tree","hierarchy":"ls-tree"}
{"event":"region_enter","sid":"20261006T103239.046556Z-Ha9d4ceab-P00013752","thread":"main","time":"2026-10-06T10:32:39.061624Z","file":"cache-tree.c","line":643,"repo":1,"nesting":2,"category":"cache_tree","label":"read"}
{"event":"region_enter","sid":"20261006T103239.033963Z-Ha9d4ceab-P00013730","thread":"main","time":"2026-10-06T10:32:39.061641Z","file":"cache-tree.c","line":643,"repo":1,"nesting":2,"category":"cache_tree","label":"read"}
{"event":"region_leave","sid":"20261006T103239.046556Z-Ha9d4ceab-P00013752","thread":"main","time":"2026-10-06T10:32:39.061654Z","file":"cache-tree.c","line":645,"repo":1,"t_rel":0.000030,"nesting":2,"category":"cache_tree","label":"read"}
{"event":"region_leave","sid":"20261006T103239.033963Z-Ha9d4ceab-P00013730","thread":"main","time":"2026-10-06T10:32:39.061669Z","file":"cache-tree.c","line":645,"repo":1,"t_rel":0.000027,"nesting":2,"category":"cache_tree","label":"read"}
{"event":"data","sid":"20261006T103239.046556Z-Ha9d4ceab-P00013752","thread":"main","time":"2026-10-06T10:32:39.061675Z","file":"read-cache.c","line":2306,"repo":1,"t_abs":0.083386,"t_rel":0.000213,"nesting":2,"category":"index","key":"read/version","value":"2"}
{"event":"data","sid":"20261006T103239.033963Z-Ha9d4ceab-P00013730","thread":"main","time":"2026-10-06T10:32:39.061680Z","file":"read-cache.c","line":2306,"repo":1,"t_abs":0.083784,"t_rel":0.000175,"nesting":2,"category":"index","key":"read/version","value":"2"}
{"event":"data","sid":"20261006T103239.046556Z-Ha9d4ceab-P00013752","thread":"main","time":"2026-10-06T10:32:39.061682Z","file":"read-cache.c","line":2308,"repo":1,"t_abs":0.083393,"t_rel":0.000220,"nesting":2,"category":"index","key":"read/cache_nr","value":"389"}
{"event":"data","sid":"20261006T103239.033963Z-Ha9d4ceab-P00013730","thread":"main","time":"2026-10-06T10:32:39.061687Z","file":"read-cache.c","line":2308,"repo":1,"t_abs":0.083792,"t_rel":0.000183,"nesting":2,"category":"index","key":"read/cache_nr","value":"389"}
{"event":"region_leave","sid":"20261006T103239.046556Z-Ha9d4ceab-P00013752","thread":"main","time":"2026-10-06T10:32:39.061692Z","file":"read-cache.c","line":2362,"repo":1,"t_rel":0.000231,"nesting":1,"category":"index","label":"do_read_index","msg":".git/index"}
{"event":"region_leave","sid":"20261006T103239.033963Z-Ha9d4ceab-P00013730","thread":"main","time":"2026-10-06T10:32:39.061695Z","file":"read-cache.c","line":2362,"repo":1,"t_rel":0.000191,"nesting":1,"category":"index","label":"do_read_index","msg":".git/index"}
{"event":"region_enter","sid":"20261006T103239.033963Z-Ha9d4ceab-P00013730","thread":"main","time":"2026-10-06T10:32:39.061865Z","file":"unpack-trees.c","line":1905,"repo":1,"nesting":1,"category":"unpack_trees","label":"unpack_trees"}
{"event":"region_enter","sid":"20261006T103239.026507Z-Ha9d4ceab-P0001373d","thread":"main","time":"2026-10-06T10:32:39.062214Z","file":"read-cache.c","line":2357,"repo":1,"nesting":1,"category":"index","label":"do_read_index","msg":".git/index"}
{"event":"region_enter","sid":"20261006T103239.046556Z-Ha9d4ceab-P00013752","thread":"main","time":"2026-10-06T10:32:39.062248Z","file":"dir.c","line":3090,"repo":1,"nesting":1,"category":"dir","label":"read_directory"}
{"event":"cmd_name","sid":"20261006T103239.052102Z-Ha9d4ceab-P00013790","thread":"main","time":"2026-10-06T10:32:39.062510Z","file":"git.c","line":477,"name":"merge-base","hierarchy":"merge-base"}
{"event":"region_enter","sid":"20261006T103239.026507Z-Ha9d4ceab-P0001373d","thread":"main","time":"2026-10-06T10:32:39.062513Z","file":"cache-tree.c","line":643,"repo":1,"nesting":2,"category":"cache_tree","label":"read"}
{"event":"region_leave","sid":"20261006T103239.026507Z-Ha9d4ceab-P0001373d","thread":"main","time":"2026-10-06T10:32:39.062542Z","file":"cache-tree.c","line":645,"repo":1,"t_rel":0.000028,"nesting":2,"category":"cache_tree","label":"read"}
{"event":"version","sid":"20261006T103239.061444Z-Ha9d4ceab-P0001381a","thread":"main","time":"2026-10-06T10:32:39.062544Z","file":"common-init.c","line":57,"evt":"4","exe":"2.50.1 (Apple Git-155)"}
{"event":"data","sid":"20261006T103239.026507Z-Ha9d4ceab-P0001373d","thread":"main","time":"2026-10-06T10:32:39.062551Z","file":"read-cache.c","line":2306,"repo":1,"t_abs":0.086580,"t_rel":0.000337,"nesting":2,"category":"index","key":"read/version","value":"2"}
{"event":"start","sid":"20261006T103239.061444Z-Ha9d4ceab-P0001381a","thread":"main","time":"2026-10-06T10:32:39.062562Z","file":"common-init.c","line":58,"t_abs":0.022655,"argv":["/Library/Developer/CommandLineTools/usr/bin/git","-C","/var/folders/f1/2xjyyqkn5plc19fx4nt4tpt00000gn/T/flow-dperf02-tWIHzq/main","ls-files","--others","--exclude-standard","-z"]}
{"event":"data","sid":"20261006T103239.026507Z-Ha9d4ceab-P0001373d","thread":"main","time":"2026-10-06T10:32:39.062568Z","file":"read-cache.c","line":2308,"repo":1,"t_abs":0.086597,"t_rel":0.000354,"nesting":2,"category":"index","key":"read/cache_nr","value":"389"}
{"event":"region_leave","sid":"20261006T103239.026507Z-Ha9d4ceab-P0001373d","thread":"main","time":"2026-10-06T10:32:39.062581Z","file":"read-cache.c","line":2362,"repo":1,"t_rel":0.000368,"nesting":1,"category":"index","label":"do_read_index","msg":".git/index"}
{"event":"region_enter","sid":"20261006T103239.033963Z-Ha9d4ceab-P00013730","thread":"main","time":"2026-10-06T10:32:39.062614Z","file":"unpack-trees.c","line":2009,"repo":1,"nesting":2,"category":"unpack_trees","label":"traverse_trees"}
{"event":"cmd_name","sid":"20261006T103239.055038Z-Ha9d4ceab-P00013829","thread":"main","time":"2026-10-06T10:32:39.062628Z","file":"git.c","line":477,"name":"ls-tree","hierarchy":"ls-tree"}
{"event":"region_enter","sid":"20261006T103239.046556Z-Ha9d4ceab-P00013752","thread":"main","time":"2026-10-06T10:32:39.063126Z","file":"name-hash.c","line":597,"repo":1,"nesting":2,"category":"index","label":"name-hash-init"}
{"event":"region_leave","sid":"20261006T103239.046556Z-Ha9d4ceab-P00013752","thread":"main","time":"2026-10-06T10:32:39.063159Z","file":"name-hash.c","line":618,"repo":1,"t_rel":0.000034,"nesting":2,"category":"index","label":"name-hash-init"}
{"event":"region_enter","sid":"20261006T103239.026507Z-Ha9d4ceab-P0001373d","thread":"main","time":"2026-10-06T10:32:39.063197Z","file":"dir.c","line":3090,"repo":1,"nesting":1,"category":"dir","label":"read_directory"}
{"event":"def_repo","sid":"20261006T103239.061444Z-Ha9d4ceab-P0001381a","thread":"main","time":"2026-10-06T10:32:39.063572Z","file":"repository.c","line":241,"repo":1,"worktree":"/private/var/folders/f1/2xjyyqkn5plc19fx4nt4tpt00000gn/T/flow-dperf02-tWIHzq/main"}
{"event":"version","sid":"20261006T103239.062404Z-Ha9d4ceab-P00013810","thread":"main","time":"2026-10-06T10:32:39.063835Z","file":"common-init.c","line":57,"evt":"4","exe":"2.50.1 (Apple Git-155)"}
{"event":"start","sid":"20261006T103239.062404Z-Ha9d4ceab-P00013810","thread":"main","time":"2026-10-06T10:32:39.063848Z","file":"common-init.c","line":58,"t_abs":0.018452,"argv":["/Library/Developer/CommandLineTools/usr/bin/git","-C","/var/folders/f1/2xjyyqkn5plc19fx4nt4tpt00000gn/T/flow-dperf02-tWIHzq/main","cat-file","-t","469d797d25a0efdfd6741c2e7415be27879df851"]}
{"event":"region_enter","sid":"20261006T103239.026507Z-Ha9d4ceab-P0001373d","thread":"main","time":"2026-10-06T10:32:39.064002Z","file":"name-hash.c","line":597,"repo":1,"nesting":2,"category":"index","label":"name-hash-init"}
{"event":"region_leave","sid":"20261006T103239.026507Z-Ha9d4ceab-P0001373d","thread":"main","time":"2026-10-06T10:32:39.064034Z","file":"name-hash.c","line":618,"repo":1,"t_rel":0.000032,"nesting":2,"category":"index","label":"name-hash-init"}
{"event":"region_enter","sid":"20261006T103239.041752Z-Ha9d4ceab-P000137ac","thread":"main","time":"2026-10-06T10:32:39.064649Z","file":"read-cache.c","line":2357,"repo":1,"nesting":1,"category":"index","label":"do_read_index","msg":".git/index"}
{"event":"region_enter","sid":"20261006T103239.041752Z-Ha9d4ceab-P000137ac","thread":"main","time":"2026-10-06T10:32:39.064897Z","file":"cache-tree.c","line":643,"repo":1,"nesting":2,"category":"cache_tree","label":"read"}
{"event":"region_leave","sid":"20261006T103239.041752Z-Ha9d4ceab-P000137ac","thread":"main","time":"2026-10-06T10:32:39.064931Z","file":"cache-tree.c","line":645,"repo":1,"t_rel":0.000033,"nesting":2,"category":"cache_tree","label":"read"}
{"event":"data","sid":"20261006T103239.041752Z-Ha9d4ceab-P000137ac","thread":"main","time":"2026-10-06T10:32:39.064942Z","file":"read-cache.c","line":2306,"repo":1,"t_abs":0.062656,"t_rel":0.000294,"nesting":2,"category":"index","key":"read/version","value":"2"}
{"event":"data","sid":"20261006T103239.041752Z-Ha9d4ceab-P000137ac","thread":"main","time":"2026-10-06T10:32:39.064949Z","file":"read-cache.c","line":2308,"repo":1,"t_abs":0.062664,"t_rel":0.000302,"nesting":2,"category":"index","key":"read/cache_nr","value":"389"}
{"event":"region_leave","sid":"20261006T103239.041752Z-Ha9d4ceab-P000137ac","thread":"main","time":"2026-10-06T10:32:39.064957Z","file":"read-cache.c","line":2362,"repo":1,"t_rel":0.000309,"nesting":1,"category":"index","label":"do_read_index","msg":".git/index"}
{"event":"region_leave","sid":"20261006T103239.033963Z-Ha9d4ceab-P00013730","thread":"main","time":"2026-10-06T10:32:39.065094Z","file":"unpack-trees.c","line":2011,"repo":1,"t_rel":0.002479,"nesting":2,"category":"unpack_trees","label":"traverse_trees"}
{"event":"region_leave","sid":"20261006T103239.033963Z-Ha9d4ceab-P00013730","thread":"main","time":"2026-10-06T10:32:39.065108Z","file":"unpack-trees.c","line":2108,"repo":1,"t_rel":0.003245,"nesting":1,"category":"unpack_trees","label":"unpack_trees"}
{"event":"exit","sid":"20261006T103239.033963Z-Ha9d4ceab-P00013730","thread":"main","time":"2026-10-06T10:32:39.065121Z","file":"git.c","line":747,"t_abs":0.087225,"code":0}
{"event":"data_json","sid":"20261006T103239.033963Z-Ha9d4ceab-P00013730","thread":"main","time":"2026-10-06T10:32:39.065132Z","file":"tree-walk.c","line":186,"repo":1,"t_abs":0.087236,"t_rel":0.087236,"nesting":1,"category":"traverse_trees","key":"statistics","value":{"traverse_trees_count":1,"traverse_trees_max_depth":1}}
{"event":"atexit","sid":"20261006T103239.033963Z-Ha9d4ceab-P00013730","thread":"main","time":"2026-10-06T10:32:39.065138Z","file":"trace2/tr2_tgt_event.c","line":207,"t_abs":0.087242,"code":0}
{"event":"region_enter","sid":"20261006T103239.041752Z-Ha9d4ceab-P000137ac","thread":"main","time":"2026-10-06T10:32:39.065680Z","file":"dir.c","line":3090,"repo":1,"nesting":1,"category":"dir","label":"read_directory"}
{"event":"def_repo","sid":"20261006T103239.062404Z-Ha9d4ceab-P00013810","thread":"main","time":"2026-10-06T10:32:39.065759Z","file":"repository.c","line":241,"repo":1,"worktree":"/private/var/folders/f1/2xjyyqkn5plc19fx4nt4tpt00000gn/T/flow-dperf02-tWIHzq/main"}
{"event":"region_enter","sid":"20261006T103238.992980Z-Ha9d4ceab-P00013710","thread":"main","time":"2026-10-06T10:32:39.066089Z","file":"read-cache.c","line":2357,"repo":1,"nesting":1,"category":"index","label":"do_read_index","msg":".git/index"}
{"event":"region_enter","sid":"20261006T103238.992980Z-Ha9d4ceab-P00013710","thread":"main","time":"2026-10-06T10:32:39.066444Z","file":"cache-tree.c","line":643,"repo":1,"nesting":2,"category":"cache_tree","label":"read"}
{"event":"region_leave","sid":"20261006T103238.992980Z-Ha9d4ceab-P00013710","thread":"main","time":"2026-10-06T10:32:39.066519Z","file":"cache-tree.c","line":645,"repo":1,"t_rel":0.000076,"nesting":2,"category":"cache_tree","label":"read"}
{"event":"region_enter","sid":"20261006T103239.041752Z-Ha9d4ceab-P000137ac","thread":"main","time":"2026-10-06T10:32:39.066526Z","file":"name-hash.c","line":597,"repo":1,"nesting":2,"category":"index","label":"name-hash-init"}
{"event":"region_leave","sid":"20261006T103239.041752Z-Ha9d4ceab-P000137ac","thread":"main","time":"2026-10-06T10:32:39.066610Z","file":"name-hash.c","line":618,"repo":1,"t_rel":0.000085,"nesting":2,"category":"index","label":"name-hash-init"}
{"event":"data","sid":"20261006T103238.992980Z-Ha9d4ceab-P00013710","thread":"main","time":"2026-10-06T10:32:39.066622Z","file":"read-cache.c","line":2306,"repo":1,"t_abs":0.104615,"t_rel":0.000534,"nesting":2,"category":"index","key":"read/version","value":"2"}
{"event":"data","sid":"20261006T103238.992980Z-Ha9d4ceab-P00013710","thread":"main","time":"2026-10-06T10:32:39.066652Z","file":"read-cache.c","line":2308,"repo":1,"t_abs":0.104646,"t_rel":0.000565,"nesting":2,"category":"index","key":"read/cache_nr","value":"389"}
{"event":"region_leave","sid":"20261006T103238.992980Z-Ha9d4ceab-P00013710","thread":"main","time":"2026-10-06T10:32:39.066673Z","file":"read-cache.c","line":2362,"repo":1,"t_rel":0.000586,"nesting":1,"category":"index","label":"do_read_index","msg":".git/index"}
{"event":"cmd_name","sid":"20261006T103239.053045Z-Ha9d4ceab-P000137e9","thread":"main","time":"2026-10-06T10:32:39.067248Z","file":"git.c","line":477,"name":"cat-file","hierarchy":"cat-file"}
{"event":"region_enter","sid":"20261006T103238.992980Z-Ha9d4ceab-P00013710","thread":"main","time":"2026-10-06T10:32:39.068024Z","file":"unpack-trees.c","line":1905,"repo":1,"nesting":1,"category":"unpack_trees","label":"unpack_trees"}
{"event":"exit","sid":"20261006T103239.025866Z-Ha9d4ceab-P00013721","thread":"main","time":"2026-10-06T10:32:39.068540Z","file":"git.c","line":747,"t_abs":0.095869,"code":0}
{"event":"atexit","sid":"20261006T103239.025866Z-Ha9d4ceab-P00013721","thread":"main","time":"2026-10-06T10:32:39.068556Z","file":"trace2/tr2_tgt_event.c","line":207,"t_abs":0.095885,"code":0}
{"event":"region_enter","sid":"20261006T103238.992980Z-Ha9d4ceab-P00013710","thread":"main","time":"2026-10-06T10:32:39.069086Z","file":"unpack-trees.c","line":2009,"repo":1,"nesting":2,"category":"unpack_trees","label":"traverse_trees"}
{"event":"version","sid":"20261006T103239.069269Z-Ha9d4ceab-P0001380b","thread":"main","time":"2026-10-06T10:32:39.070756Z","file":"common-init.c","line":57,"evt":"4","exe":"2.50.1 (Apple Git-155)"}
{"event":"start","sid":"20261006T103239.069269Z-Ha9d4ceab-P0001380b","thread":"main","time":"2026-10-06T10:32:39.070789Z","file":"common-init.c","line":58,"t_abs":0.022079,"argv":["/Library/Developer/CommandLineTools/usr/bin/git","-C","/var/folders/f1/2xjyyqkn5plc19fx4nt4tpt00000gn/T/flow-dperf02-tWIHzq/main","ls-files","--others","--exclude-standard","-z"]}
{"event":"cmd_name","sid":"20261006T103239.061444Z-Ha9d4ceab-P0001381a","thread":"main","time":"2026-10-06T10:32:39.071043Z","file":"git.c","line":477,"name":"ls-files","hierarchy":"ls-files"}
{"event":"def_repo","sid":"20261006T103239.069269Z-Ha9d4ceab-P0001380b","thread":"main","time":"2026-10-06T10:32:39.072328Z","file":"repository.c","line":241,"repo":1,"worktree":"/private/var/folders/f1/2xjyyqkn5plc19fx4nt4tpt00000gn/T/flow-dperf02-tWIHzq/main"}
{"event":"exit","sid":"20261006T103239.052456Z-Ha9d4ceab-P0001381f","thread":"main","time":"2026-10-06T10:32:39.072500Z","file":"git.c","line":747,"t_abs":0.032075,"code":0}
{"event":"atexit","sid":"20261006T103239.052456Z-Ha9d4ceab-P0001381f","thread":"main","time":"2026-10-06T10:32:39.072514Z","file":"trace2/tr2_tgt_event.c","line":207,"t_abs":0.032089,"code":0}
{"event":"exit","sid":"20261006T103239.055038Z-Ha9d4ceab-P00013829","thread":"main","time":"2026-10-06T10:32:39.072917Z","file":"git.c","line":747,"t_abs":0.028309,"code":0}
{"event":"atexit","sid":"20261006T103239.055038Z-Ha9d4ceab-P00013829","thread":"main","time":"2026-10-06T10:32:39.072938Z","file":"trace2/tr2_tgt_event.c","line":207,"t_abs":0.028331,"code":0}
{"event":"region_leave","sid":"20261006T103238.992980Z-Ha9d4ceab-P00013710","thread":"main","time":"2026-10-06T10:32:39.073668Z","file":"unpack-trees.c","line":2011,"repo":1,"t_rel":0.004582,"nesting":2,"category":"unpack_trees","label":"traverse_trees"}
{"event":"region_leave","sid":"20261006T103238.992980Z-Ha9d4ceab-P00013710","thread":"main","time":"2026-10-06T10:32:39.073708Z","file":"unpack-trees.c","line":2108,"repo":1,"t_rel":0.005689,"nesting":1,"category":"unpack_trees","label":"unpack_trees"}
{"event":"exit","sid":"20261006T103238.992980Z-Ha9d4ceab-P00013710","thread":"main","time":"2026-10-06T10:32:39.073738Z","file":"git.c","line":747,"t_abs":0.111732,"code":0}
{"event":"data_json","sid":"20261006T103238.992980Z-Ha9d4ceab-P00013710","thread":"main","time":"2026-10-06T10:32:39.073754Z","file":"tree-walk.c","line":186,"repo":1,"t_abs":0.111748,"t_rel":0.111748,"nesting":1,"category":"traverse_trees","key":"statistics","value":{"traverse_trees_count":1,"traverse_trees_max_depth":1}}
{"event":"atexit","sid":"20261006T103238.992980Z-Ha9d4ceab-P00013710","thread":"main","time":"2026-10-06T10:32:39.073770Z","file":"trace2/tr2_tgt_event.c","line":207,"t_abs":0.111764,"code":0}
{"event":"exit","sid":"20261006T103239.052102Z-Ha9d4ceab-P00013790","thread":"main","time":"2026-10-06T10:32:39.074014Z","file":"git.c","line":747,"t_abs":0.075336,"code":0}
{"event":"atexit","sid":"20261006T103239.052102Z-Ha9d4ceab-P00013790","thread":"main","time":"2026-10-06T10:32:39.074031Z","file":"trace2/tr2_tgt_event.c","line":207,"t_abs":0.075353,"code":0}
{"event":"version","sid":"20261006T103239.072640Z-Ha9d4ceab-P00013815","thread":"main","time":"2026-10-06T10:32:39.074592Z","file":"common-init.c","line":57,"evt":"4","exe":"2.50.1 (Apple Git-155)"}
{"event":"start","sid":"20261006T103239.072640Z-Ha9d4ceab-P00013815","thread":"main","time":"2026-10-06T10:32:39.074604Z","file":"common-init.c","line":58,"t_abs":0.012575,"argv":["/Library/Developer/CommandLineTools/usr/bin/git","-C","/var/folders/f1/2xjyyqkn5plc19fx4nt4tpt00000gn/T/flow-dperf02-tWIHzq/main","diff","--name-only","-z","--no-renames","HEAD","--"]}
{"event":"cmd_name","sid":"20261006T103239.046343Z-Ha9d4ceab-P000137df","thread":"main","time":"2026-10-06T10:32:39.074646Z","file":"git.c","line":477,"name":"ls-files","hierarchy":"ls-files"}
{"event":"cmd_name","sid":"20261006T103239.072640Z-Ha9d4ceab-P00013815","thread":"main","time":"2026-10-06T10:32:39.074852Z","file":"git.c","line":477,"name":"diff","hierarchy":"diff"}
{"event":"region_enter","sid":"20261006T103239.057206Z-Ha9d4ceab-P000137ee","thread":"main","time":"2026-10-06T10:32:39.075807Z","file":"read-cache.c","line":2357,"repo":1,"nesting":1,"category":"index","label":"do_read_index","msg":".git/index"}
{"event":"def_repo","sid":"20261006T103239.072640Z-Ha9d4ceab-P00013815","thread":"main","time":"2026-10-06T10:32:39.075936Z","file":"repository.c","line":241,"repo":1,"worktree":"/private/var/folders/f1/2xjyyqkn5plc19fx4nt4tpt00000gn/T/flow-dperf02-tWIHzq/main"}
{"event":"region_enter","sid":"20261006T103239.057206Z-Ha9d4ceab-P000137ee","thread":"main","time":"2026-10-06T10:32:39.076065Z","file":"cache-tree.c","line":643,"repo":1,"nesting":2,"category":"cache_tree","label":"read"}
{"event":"region_leave","sid":"20261006T103239.057206Z-Ha9d4ceab-P000137ee","thread":"main","time":"2026-10-06T10:32:39.076092Z","file":"cache-tree.c","line":645,"repo":1,"t_rel":0.000029,"nesting":2,"category":"cache_tree","label":"read"}
{"event":"data","sid":"20261006T103239.057206Z-Ha9d4ceab-P000137ee","thread":"main","time":"2026-10-06T10:32:39.076122Z","file":"read-cache.c","line":2306,"repo":1,"t_abs":0.038100,"t_rel":0.000315,"nesting":2,"category":"index","key":"read/version","value":"2"}
{"event":"data","sid":"20261006T103239.057206Z-Ha9d4ceab-P000137ee","thread":"main","time":"2026-10-06T10:32:39.076130Z","file":"read-cache.c","line":2308,"repo":1,"t_abs":0.038108,"t_rel":0.000323,"nesting":2,"category":"index","key":"read/cache_nr","value":"389"}
{"event":"region_leave","sid":"20261006T103239.057206Z-Ha9d4ceab-P000137ee","thread":"main","time":"2026-10-06T10:32:39.076138Z","file":"read-cache.c","line":2362,"repo":1,"t_rel":0.000331,"nesting":1,"category":"index","label":"do_read_index","msg":".git/index"}
{"event":"region_enter","sid":"20261006T103239.057206Z-Ha9d4ceab-P000137ee","thread":"main","time":"2026-10-06T10:32:39.076374Z","file":"unpack-trees.c","line":1905,"repo":1,"nesting":1,"category":"unpack_trees","label":"unpack_trees"}
{"event":"exit","sid":"20261006T103239.053045Z-Ha9d4ceab-P000137e9","thread":"main","time":"2026-10-06T10:32:39.077348Z","file":"git.c","line":747,"t_abs":0.055225,"code":0}
{"event":"atexit","sid":"20261006T103239.053045Z-Ha9d4ceab-P000137e9","thread":"main","time":"2026-10-06T10:32:39.077359Z","file":"trace2/tr2_tgt_event.c","line":207,"t_abs":0.055237,"code":0}
{"event":"cmd_name","sid":"20261006T103239.062404Z-Ha9d4ceab-P00013810","thread":"main","time":"2026-10-06T10:32:39.077480Z","file":"git.c","line":477,"name":"cat-file","hierarchy":"cat-file"}
{"event":"cmd_name","sid":"20261006T103239.069269Z-Ha9d4ceab-P0001380b","thread":"main","time":"2026-10-06T10:32:39.077599Z","file":"git.c","line":477,"name":"ls-files","hierarchy":"ls-files"}
{"event":"region_enter","sid":"20261006T103239.061444Z-Ha9d4ceab-P0001381a","thread":"main","time":"2026-10-06T10:32:39.077923Z","file":"read-cache.c","line":2357,"repo":1,"nesting":1,"category":"index","label":"do_read_index","msg":".git/index"}
{"event":"region_enter","sid":"20261006T103239.061444Z-Ha9d4ceab-P0001381a","thread":"main","time":"2026-10-06T10:32:39.078179Z","file":"cache-tree.c","line":643,"repo":1,"nesting":2,"category":"cache_tree","label":"read"}
{"event":"region_leave","sid":"20261006T103239.061444Z-Ha9d4ceab-P0001381a","thread":"main","time":"2026-10-06T10:32:39.078211Z","file":"cache-tree.c","line":645,"repo":1,"t_rel":0.000032,"nesting":2,"category":"cache_tree","label":"read"}
{"event":"data","sid":"20261006T103239.061444Z-Ha9d4ceab-P0001381a","thread":"main","time":"2026-10-06T10:32:39.078222Z","file":"read-cache.c","line":2306,"repo":1,"t_abs":0.038315,"t_rel":0.000300,"nesting":2,"category":"index","key":"read/version","value":"2"}
{"event":"data","sid":"20261006T103239.061444Z-Ha9d4ceab-P0001381a","thread":"main","time":"2026-10-06T10:32:39.078229Z","file":"read-cache.c","line":2308,"repo":1,"t_abs":0.038322,"t_rel":0.000307,"nesting":2,"category":"index","key":"read/cache_nr","value":"389"}
{"event":"region_leave","sid":"20261006T103239.061444Z-Ha9d4ceab-P0001381a","thread":"main","time":"2026-10-06T10:32:39.078237Z","file":"read-cache.c","line":2362,"repo":1,"t_rel":0.000315,"nesting":1,"category":"index","label":"do_read_index","msg":".git/index"}
{"event":"region_enter","sid":"20261006T103239.057206Z-Ha9d4ceab-P000137ee","thread":"main","time":"2026-10-06T10:32:39.078327Z","file":"unpack-trees.c","line":2009,"repo":1,"nesting":2,"category":"unpack_trees","label":"traverse_trees"}
{"event":"region_enter","sid":"20261006T103239.046343Z-Ha9d4ceab-P000137df","thread":"main","time":"2026-10-06T10:32:39.078816Z","file":"read-cache.c","line":2357,"repo":1,"nesting":1,"category":"index","label":"do_read_index","msg":".git/index"}
{"event":"region_enter","sid":"20261006T103239.046343Z-Ha9d4ceab-P000137df","thread":"main","time":"2026-10-06T10:32:39.079007Z","file":"cache-tree.c","line":643,"repo":1,"nesting":2,"category":"cache_tree","label":"read"}
{"event":"region_leave","sid":"20261006T103239.046343Z-Ha9d4ceab-P000137df","thread":"main","time":"2026-10-06T10:32:39.079055Z","file":"cache-tree.c","line":645,"repo":1,"t_rel":0.000047,"nesting":2,"category":"cache_tree","label":"read"}
{"event":"data","sid":"20261006T103239.046343Z-Ha9d4ceab-P000137df","thread":"main","time":"2026-10-06T10:32:39.079064Z","file":"read-cache.c","line":2306,"repo":1,"t_abs":0.056370,"t_rel":0.000249,"nesting":2,"category":"index","key":"read/version","value":"2"}
{"event":"data","sid":"20261006T103239.046343Z-Ha9d4ceab-P000137df","thread":"main","time":"2026-10-06T10:32:39.079070Z","file":"read-cache.c","line":2308,"repo":1,"t_abs":0.056375,"t_rel":0.000254,"nesting":2,"category":"index","key":"read/cache_nr","value":"389"}
{"event":"region_leave","sid":"20261006T103239.046343Z-Ha9d4ceab-P000137df","thread":"main","time":"2026-10-06T10:32:39.079076Z","file":"read-cache.c","line":2362,"repo":1,"t_rel":0.000261,"nesting":1,"category":"index","label":"do_read_index","msg":".git/index"}
{"event":"region_enter","sid":"20261006T103239.061444Z-Ha9d4ceab-P0001381a","thread":"main","time":"2026-10-06T10:32:39.079417Z","file":"dir.c","line":3090,"repo":1,"nesting":1,"category":"dir","label":"read_directory"}
{"event":"region_enter","sid":"20261006T103239.069269Z-Ha9d4ceab-P0001380b","thread":"main","time":"2026-10-06T10:32:39.079693Z","file":"read-cache.c","line":2357,"repo":1,"nesting":1,"category":"index","label":"do_read_index","msg":".git/index"}
{"event":"region_enter","sid":"20261006T103239.046343Z-Ha9d4ceab-P000137df","thread":"main","time":"2026-10-06T10:32:39.079741Z","file":"dir.c","line":3090,"repo":1,"nesting":1,"category":"dir","label":"read_directory"}
{"event":"version","sid":"20261006T103239.076330Z-Ha9d4ceab-P00013846","thread":"main","time":"2026-10-06T10:32:39.079752Z","file":"common-init.c","line":57,"evt":"4","exe":"2.50.1 (Apple Git-155)"}
{"event":"start","sid":"20261006T103239.076330Z-Ha9d4ceab-P00013846","thread":"main","time":"2026-10-06T10:32:39.079785Z","file":"common-init.c","line":58,"t_abs":0.011244,"argv":["/Library/Developer/CommandLineTools/usr/bin/git","-C","/var/folders/f1/2xjyyqkn5plc19fx4nt4tpt00000gn/T/flow-dperf02-tWIHzq/main","cat-file","-t","469d797d25a0efdfd6741c2e7415be27879df851"]}
{"event":"region_enter","sid":"20261006T103239.069269Z-Ha9d4ceab-P0001380b","thread":"main","time":"2026-10-06T10:32:39.079950Z","file":"cache-tree.c","line":643,"repo":1,"nesting":2,"category":"cache_tree","label":"read"}
{"event":"region_leave","sid":"20261006T103239.069269Z-Ha9d4ceab-P0001380b","thread":"main","time":"2026-10-06T10:32:39.079995Z","file":"cache-tree.c","line":645,"repo":1,"t_rel":0.000046,"nesting":2,"category":"cache_tree","label":"read"}
{"event":"version","sid":"20261006T103239.077256Z-Ha9d4ceab-P0001384b","thread":"main","time":"2026-10-06T10:32:39.080216Z","file":"common-init.c","line":57,"evt":"4","exe":"2.50.1 (Apple Git-155)"}
{"event":"start","sid":"20261006T103239.077256Z-Ha9d4ceab-P0001384b","thread":"main","time":"2026-10-06T10:32:39.080231Z","file":"common-init.c","line":58,"t_abs":0.011456,"argv":["/Library/Developer/CommandLineTools/usr/bin/git","-C","/var/folders/f1/2xjyyqkn5plc19fx4nt4tpt00000gn/T/flow-dperf02-tWIHzq/main","diff","--name-only","-z","--no-renames","HEAD","--"]}
{"event":"data","sid":"20261006T103239.069269Z-Ha9d4ceab-P0001380b","thread":"main","time":"2026-10-06T10:32:39.080007Z","file":"read-cache.c","line":2306,"repo":1,"t_abs":0.031298,"t_rel":0.000315,"nesting":2,"category":"index","key":"read/version","value":"2"}
{"event":"data","sid":"20261006T103239.069269Z-Ha9d4ceab-P0001380b","thread":"main","time":"2026-10-06T10:32:39.080399Z","file":"read-cache.c","line":2308,"repo":1,"t_abs":0.031690,"t_rel":0.000707,"nesting":2,"category":"index","key":"read/cache_nr","value":"389"}
{"event":"region_leave","sid":"20261006T103239.069269Z-Ha9d4ceab-P0001380b","thread":"main","time":"2026-10-06T10:32:39.080409Z","file":"read-cache.c","line":2362,"repo":1,"t_rel":0.000718,"nesting":1,"category":"index","label":"do_read_index","msg":".git/index"}
{"event":"cmd_name","sid":"20261006T103239.077256Z-Ha9d4ceab-P0001384b","thread":"main","time":"2026-10-06T10:32:39.080459Z","file":"git.c","line":477,"name":"diff","hierarchy":"diff"}
{"event":"region_enter","sid":"20261006T103239.061444Z-Ha9d4ceab-P0001381a","thread":"main","time":"2026-10-06T10:32:39.080575Z","file":"name-hash.c","line":597,"repo":1,"nesting":2,"category":"index","label":"name-hash-init"}
{"event":"region_leave","sid":"20261006T103239.061444Z-Ha9d4ceab-P0001381a","thread":"main","time":"2026-10-06T10:32:39.080612Z","file":"name-hash.c","line":618,"repo":1,"t_rel":0.000038,"nesting":2,"category":"index","label":"name-hash-init"}
{"event":"region_enter","sid":"20261006T103239.046343Z-Ha9d4ceab-P000137df","thread":"main","time":"2026-10-06T10:32:39.080681Z","file":"name-hash.c","line":597,"repo":1,"nesting":2,"category":"index","label":"name-hash-init"}
{"event":"region_leave","sid":"20261006T103239.046343Z-Ha9d4ceab-P000137df","thread":"main","time":"2026-10-06T10:32:39.080715Z","file":"name-hash.c","line":618,"repo":1,"t_rel":0.000034,"nesting":2,"category":"index","label":"name-hash-init"}
{"event":"region_leave","sid":"20261006T103239.057206Z-Ha9d4ceab-P000137ee","thread":"main","time":"2026-10-06T10:32:39.080932Z","file":"unpack-trees.c","line":2011,"repo":1,"t_rel":0.002606,"nesting":2,"category":"unpack_trees","label":"traverse_trees"}
{"event":"region_leave","sid":"20261006T103239.057206Z-Ha9d4ceab-P000137ee","thread":"main","time":"2026-10-06T10:32:39.080947Z","file":"unpack-trees.c","line":2108,"repo":1,"t_rel":0.004573,"nesting":1,"category":"unpack_trees","label":"unpack_trees"}
{"event":"exit","sid":"20261006T103239.057206Z-Ha9d4ceab-P000137ee","thread":"main","time":"2026-10-06T10:32:39.080961Z","file":"git.c","line":747,"t_abs":0.042939,"code":0}
{"event":"data_json","sid":"20261006T103239.057206Z-Ha9d4ceab-P000137ee","thread":"main","time":"2026-10-06T10:32:39.080967Z","file":"tree-walk.c","line":186,"repo":1,"t_abs":0.042946,"t_rel":0.042946,"nesting":1,"category":"traverse_trees","key":"statistics","value":{"traverse_trees_count":1,"traverse_trees_max_depth":1}}
{"event":"atexit","sid":"20261006T103239.057206Z-Ha9d4ceab-P000137ee","thread":"main","time":"2026-10-06T10:32:39.080973Z","file":"trace2/tr2_tgt_event.c","line":207,"t_abs":0.042951,"code":0}
{"event":"def_repo","sid":"20261006T103239.076330Z-Ha9d4ceab-P00013846","thread":"main","time":"2026-10-06T10:32:39.081257Z","file":"repository.c","line":241,"repo":1,"worktree":"/private/var/folders/f1/2xjyyqkn5plc19fx4nt4tpt00000gn/T/flow-dperf02-tWIHzq/main"}
{"event":"region_enter","sid":"20261006T103239.069269Z-Ha9d4ceab-P0001380b","thread":"main","time":"2026-10-06T10:32:39.081349Z","file":"dir.c","line":3090,"repo":1,"nesting":1,"category":"dir","label":"read_directory"}
{"event":"exit","sid":"20261006T103239.062404Z-Ha9d4ceab-P00013810","thread":"main","time":"2026-10-06T10:32:39.081419Z","file":"git.c","line":747,"t_abs":0.036023,"code":0}
{"event":"atexit","sid":"20261006T103239.062404Z-Ha9d4ceab-P00013810","thread":"main","time":"2026-10-06T10:32:39.081431Z","file":"trace2/tr2_tgt_event.c","line":207,"t_abs":0.036035,"code":0}
{"event":"def_repo","sid":"20261006T103239.077256Z-Ha9d4ceab-P0001384b","thread":"main","time":"2026-10-06T10:32:39.081484Z","file":"repository.c","line":241,"repo":1,"worktree":"/private/var/folders/f1/2xjyyqkn5plc19fx4nt4tpt00000gn/T/flow-dperf02-tWIHzq/main"}
{"event":"version","sid":"20261006T103239.078469Z-Ha9d4ceab-P00013850","thread":"main","time":"2026-10-06T10:32:39.081644Z","file":"common-init.c","line":57,"evt":"4","exe":"2.50.1 (Apple Git-155)"}
{"event":"start","sid":"20261006T103239.078469Z-Ha9d4ceab-P00013850","thread":"main","time":"2026-10-06T10:32:39.081656Z","file":"common-init.c","line":58,"t_abs":0.007312,"argv":["/Library/Developer/CommandLineTools/usr/bin/git","-C","/var/folders/f1/2xjyyqkn5plc19fx4nt4tpt00000gn/T/flow-dperf02-tWIHzq/main","ls-files","--others","--exclude-standard","-z"]}
{"event":"region_enter","sid":"20261006T103239.069269Z-Ha9d4ceab-P0001380b","thread":"main","time":"2026-10-06T10:32:39.082396Z","file":"name-hash.c","line":597,"repo":1,"nesting":2,"category":"index","label":"name-hash-init"}
{"event":"region_leave","sid":"20261006T103239.069269Z-Ha9d4ceab-P0001380b","thread":"main","time":"2026-10-06T10:32:39.082431Z","file":"name-hash.c","line":618,"repo":1,"t_rel":0.000035,"nesting":2,"category":"index","label":"name-hash-init"}
{"event":"def_repo","sid":"20261006T103239.078469Z-Ha9d4ceab-P00013850","thread":"main","time":"2026-10-06T10:32:39.083083Z","file":"repository.c","line":241,"repo":1,"worktree":"/private/var/folders/f1/2xjyyqkn5plc19fx4nt4tpt00000gn/T/flow-dperf02-tWIHzq/main"}
{"event":"cmd_name","sid":"20261006T103239.076330Z-Ha9d4ceab-P00013846","thread":"main","time":"2026-10-06T10:32:39.083339Z","file":"git.c","line":477,"name":"cat-file","hierarchy":"cat-file"}
{"event":"region_enter","sid":"20261006T103239.072640Z-Ha9d4ceab-P00013815","thread":"main","time":"2026-10-06T10:32:39.084162Z","file":"read-cache.c","line":2357,"repo":1,"nesting":1,"category":"index","label":"do_read_index","msg":".git/index"}
{"event":"region_enter","sid":"20261006T103239.072640Z-Ha9d4ceab-P00013815","thread":"main","time":"2026-10-06T10:32:39.084493Z","file":"cache-tree.c","line":643,"repo":1,"nesting":2,"category":"cache_tree","label":"read"}
{"event":"region_leave","sid":"20261006T103239.072640Z-Ha9d4ceab-P00013815","thread":"main","time":"2026-10-06T10:32:39.084518Z","file":"cache-tree.c","line":645,"repo":1,"t_rel":0.000025,"nesting":2,"category":"cache_tree","label":"read"}
{"event":"data","sid":"20261006T103239.072640Z-Ha9d4ceab-P00013815","thread":"main","time":"2026-10-06T10:32:39.084526Z","file":"read-cache.c","line":2306,"repo":1,"t_abs":0.022498,"t_rel":0.000365,"nesting":2,"category":"index","key":"read/version","value":"2"}
{"event":"data","sid":"20261006T103239.072640Z-Ha9d4ceab-P00013815","thread":"main","time":"2026-10-06T10:32:39.084533Z","file":"read-cache.c","line":2308,"repo":1,"t_abs":0.022504,"t_rel":0.000371,"nesting":2,"category":"index","key":"read/cache_nr","value":"389"}
{"event":"region_leave","sid":"20261006T103239.072640Z-Ha9d4ceab-P00013815","thread":"main","time":"2026-10-06T10:32:39.084539Z","file":"read-cache.c","line":2362,"repo":1,"t_rel":0.000377,"nesting":1,"category":"index","label":"do_read_index","msg":".git/index"}
{"event":"region_enter","sid":"20261006T103239.072640Z-Ha9d4ceab-P00013815","thread":"main","time":"2026-10-06T10:32:39.084854Z","file":"unpack-trees.c","line":1905,"repo":1,"nesting":1,"category":"unpack_trees","label":"unpack_trees"}
{"event":"cmd_name","sid":"20261006T103239.078469Z-Ha9d4ceab-P00013850","thread":"main","time":"2026-10-06T10:32:39.085190Z","file":"git.c","line":477,"name":"ls-files","hierarchy":"ls-files"}
{"event":"region_enter","sid":"20261006T103239.072640Z-Ha9d4ceab-P00013815","thread":"main","time":"2026-10-06T10:32:39.085881Z","file":"unpack-trees.c","line":2009,"repo":1,"nesting":2,"category":"unpack_trees","label":"traverse_trees"}
{"event":"region_enter","sid":"20261006T103239.078469Z-Ha9d4ceab-P00013850","thread":"main","time":"2026-10-06T10:32:39.087034Z","file":"read-cache.c","line":2357,"repo":1,"nesting":1,"category":"index","label":"do_read_index","msg":".git/index"}
{"event":"region_enter","sid":"20261006T103239.078469Z-Ha9d4ceab-P00013850","thread":"main","time":"2026-10-06T10:32:39.087300Z","file":"cache-tree.c","line":643,"repo":1,"nesting":2,"category":"cache_tree","label":"read"}
{"event":"region_leave","sid":"20261006T103239.078469Z-Ha9d4ceab-P00013850","thread":"main","time":"2026-10-06T10:32:39.087329Z","file":"cache-tree.c","line":645,"repo":1,"t_rel":0.000029,"nesting":2,"category":"cache_tree","label":"read"}
{"event":"data","sid":"20261006T103239.078469Z-Ha9d4ceab-P00013850","thread":"main","time":"2026-10-06T10:32:39.087338Z","file":"read-cache.c","line":2306,"repo":1,"t_abs":0.012994,"t_rel":0.000304,"nesting":2,"category":"index","key":"read/version","value":"2"}
{"event":"data","sid":"20261006T103239.078469Z-Ha9d4ceab-P00013850","thread":"main","time":"2026-10-06T10:32:39.087345Z","file":"read-cache.c","line":2308,"repo":1,"t_abs":0.013001,"t_rel":0.000311,"nesting":2,"category":"index","key":"read/cache_nr","value":"389"}
{"event":"region_leave","sid":"20261006T103239.078469Z-Ha9d4ceab-P00013850","thread":"main","time":"2026-10-06T10:32:39.087375Z","file":"read-cache.c","line":2362,"repo":1,"t_rel":0.000342,"nesting":1,"category":"index","label":"do_read_index","msg":".git/index"}
{"event":"exit","sid":"20261006T103239.076330Z-Ha9d4ceab-P00013846","thread":"main","time":"2026-10-06T10:32:39.087727Z","file":"git.c","line":747,"t_abs":0.019186,"code":0}
{"event":"atexit","sid":"20261006T103239.076330Z-Ha9d4ceab-P00013846","thread":"main","time":"2026-10-06T10:32:39.087752Z","file":"trace2/tr2_tgt_event.c","line":207,"t_abs":0.019212,"code":0}
{"event":"region_enter","sid":"20261006T103239.078469Z-Ha9d4ceab-P00013850","thread":"main","time":"2026-10-06T10:32:39.087872Z","file":"dir.c","line":3090,"repo":1,"nesting":1,"category":"dir","label":"read_directory"}
{"event":"region_leave","sid":"20261006T103239.072640Z-Ha9d4ceab-P00013815","thread":"main","time":"2026-10-06T10:32:39.087891Z","file":"unpack-trees.c","line":2011,"repo":1,"t_rel":0.002009,"nesting":2,"category":"unpack_trees","label":"traverse_trees"}
{"event":"region_leave","sid":"20261006T103239.072640Z-Ha9d4ceab-P00013815","thread":"main","time":"2026-10-06T10:32:39.087903Z","file":"unpack-trees.c","line":2108,"repo":1,"t_rel":0.003050,"nesting":1,"category":"unpack_trees","label":"unpack_trees"}
{"event":"exit","sid":"20261006T103239.072640Z-Ha9d4ceab-P00013815","thread":"main","time":"2026-10-06T10:32:39.087916Z","file":"git.c","line":747,"t_abs":0.025888,"code":0}
{"event":"data_json","sid":"20261006T103239.072640Z-Ha9d4ceab-P00013815","thread":"main","time":"2026-10-06T10:32:39.087923Z","file":"tree-walk.c","line":186,"repo":1,"t_abs":0.025893,"t_rel":0.025893,"nesting":1,"category":"traverse_trees","key":"statistics","value":{"traverse_trees_count":1,"traverse_trees_max_depth":1}}
{"event":"atexit","sid":"20261006T103239.072640Z-Ha9d4ceab-P00013815","thread":"main","time":"2026-10-06T10:32:39.087929Z","file":"trace2/tr2_tgt_event.c","line":207,"t_abs":0.025901,"code":0}
{"event":"region_enter","sid":"20261006T103239.078469Z-Ha9d4ceab-P00013850","thread":"main","time":"2026-10-06T10:32:39.088675Z","file":"name-hash.c","line":597,"repo":1,"nesting":2,"category":"index","label":"name-hash-init"}
{"event":"region_leave","sid":"20261006T103239.078469Z-Ha9d4ceab-P00013850","thread":"main","time":"2026-10-06T10:32:39.088710Z","file":"name-hash.c","line":618,"repo":1,"t_rel":0.000035,"nesting":2,"category":"index","label":"name-hash-init"}
{"event":"version","sid":"20261006T103239.084120Z-Ha9d4ceab-P00013824","thread":"main","time":"2026-10-06T10:32:39.089417Z","file":"common-init.c","line":57,"evt":"4","exe":"2.50.1 (Apple Git-155)"}
{"event":"start","sid":"20261006T103239.084120Z-Ha9d4ceab-P00013824","thread":"main","time":"2026-10-06T10:32:39.089468Z","file":"common-init.c","line":58,"t_abs":0.007836,"argv":["/Library/Developer/CommandLineTools/usr/bin/git","-C","/var/folders/f1/2xjyyqkn5plc19fx4nt4tpt00000gn/T/flow-dperf02-tWIHzq/main","ls-tree","-r","-z","--full-tree","469d797d25a0efdfd6741c2e7415be27879df851","--",":(literal)src/shared"]}
{"event":"data","sid":"20261006T103239.017973Z-Ha9d4ceab-P00013701","thread":"main","time":"2026-10-06T10:32:39.090964Z","file":"dir.c","line":3058,"repo":1,"t_abs":0.114498,"t_rel":0.042616,"nesting":2,"category":"read_directory","key":"path","value":""}
{"event":"data","sid":"20261006T103239.017973Z-Ha9d4ceab-P00013701","thread":"main","time":"2026-10-06T10:32:39.090981Z","file":"dir.c","line":3067,"repo":1,"t_abs":0.114513,"t_rel":0.042631,"nesting":2,"category":"read_directory","key":"directories-visited","value":"133"}
{"event":"data","sid":"20261006T103239.017973Z-Ha9d4ceab-P00013701","thread":"main","time":"2026-10-06T10:32:39.090987Z","file":"dir.c","line":3069,"repo":1,"t_abs":0.114522,"t_rel":0.042640,"nesting":2,"category":"read_directory","key":"paths-visited","value":"522"}
{"event":"region_leave","sid":"20261006T103239.017973Z-Ha9d4ceab-P00013701","thread":"main","time":"2026-10-06T10:32:39.091020Z","file":"dir.c","line":3113,"repo":1,"t_rel":0.042672,"nesting":1,"category":"dir","label":"read_directory"}
{"event":"exit","sid":"20261006T103239.017973Z-Ha9d4ceab-P00013701","thread":"main","time":"2026-10-06T10:32:39.091029Z","file":"git.c","line":747,"t_abs":0.114564,"code":0}
{"event":"atexit","sid":"20261006T103239.017973Z-Ha9d4ceab-P00013701","thread":"main","time":"2026-10-06T10:32:39.091035Z","file":"trace2/tr2_tgt_event.c","line":207,"t_abs":0.114569,"code":0}
{"event":"region_enter","sid":"20261006T103239.077256Z-Ha9d4ceab-P0001384b","thread":"main","time":"2026-10-06T10:32:39.091403Z","file":"read-cache.c","line":2357,"repo":1,"nesting":1,"category":"index","label":"do_read_index","msg":".git/index"}
{"event":"def_repo","sid":"20261006T103239.084120Z-Ha9d4ceab-P00013824","thread":"main","time":"2026-10-06T10:32:39.091238Z","file":"repository.c","line":241,"repo":1,"worktree":"/private/var/folders/f1/2xjyyqkn5plc19fx4nt4tpt00000gn/T/flow-dperf02-tWIHzq/main"}
{"event":"region_enter","sid":"20261006T103239.077256Z-Ha9d4ceab-P0001384b","thread":"main","time":"2026-10-06T10:32:39.091671Z","file":"cache-tree.c","line":643,"repo":1,"nesting":2,"category":"cache_tree","label":"read"}
{"event":"region_leave","sid":"20261006T103239.077256Z-Ha9d4ceab-P0001384b","thread":"main","time":"2026-10-06T10:32:39.091698Z","file":"cache-tree.c","line":645,"repo":1,"t_rel":0.000026,"nesting":2,"category":"cache_tree","label":"read"}
{"event":"data","sid":"20261006T103239.077256Z-Ha9d4ceab-P0001384b","thread":"main","time":"2026-10-06T10:32:39.091706Z","file":"read-cache.c","line":2306,"repo":1,"t_abs":0.022931,"t_rel":0.000302,"nesting":2,"category":"index","key":"read/version","value":"2"}
{"event":"data","sid":"20261006T103239.077256Z-Ha9d4ceab-P0001384b","thread":"main","time":"2026-10-06T10:32:39.091712Z","file":"read-cache.c","line":2308,"repo":1,"t_abs":0.022936,"t_rel":0.000307,"nesting":2,"category":"index","key":"read/cache_nr","value":"389"}
{"event":"region_leave","sid":"20261006T103239.077256Z-Ha9d4ceab-P0001384b","thread":"main","time":"2026-10-06T10:32:39.091718Z","file":"read-cache.c","line":2362,"repo":1,"t_rel":0.000315,"nesting":1,"category":"index","label":"do_read_index","msg":".git/index"}
{"event":"region_enter","sid":"20261006T103239.077256Z-Ha9d4ceab-P0001384b","thread":"main","time":"2026-10-06T10:32:39.091982Z","file":"unpack-trees.c","line":1905,"repo":1,"nesting":1,"category":"unpack_trees","label":"unpack_trees"}
{"event":"cmd_name","sid":"20261006T103239.084120Z-Ha9d4ceab-P00013824","thread":"main","time":"2026-10-06T10:32:39.093101Z","file":"git.c","line":477,"name":"ls-tree","hierarchy":"ls-tree"}
{"event":"region_enter","sid":"20261006T103239.077256Z-Ha9d4ceab-P0001384b","thread":"main","time":"2026-10-06T10:32:39.093119Z","file":"unpack-trees.c","line":2009,"repo":1,"nesting":2,"category":"unpack_trees","label":"traverse_trees"}
{"event":"region_leave","sid":"20261006T103239.077256Z-Ha9d4ceab-P0001384b","thread":"main","time":"2026-10-06T10:32:39.097225Z","file":"unpack-trees.c","line":2011,"repo":1,"t_rel":0.004109,"nesting":2,"category":"unpack_trees","label":"traverse_trees"}
{"event":"region_leave","sid":"20261006T103239.077256Z-Ha9d4ceab-P0001384b","thread":"main","time":"2026-10-06T10:32:39.097245Z","file":"unpack-trees.c","line":2108,"repo":1,"t_rel":0.005263,"nesting":1,"category":"unpack_trees","label":"unpack_trees"}
{"event":"exit","sid":"20261006T103239.077256Z-Ha9d4ceab-P0001384b","thread":"main","time":"2026-10-06T10:32:39.097261Z","file":"git.c","line":747,"t_abs":0.028486,"code":0}
{"event":"data_json","sid":"20261006T103239.077256Z-Ha9d4ceab-P0001384b","thread":"main","time":"2026-10-06T10:32:39.097273Z","file":"tree-walk.c","line":186,"repo":1,"t_abs":0.028497,"t_rel":0.028497,"nesting":1,"category":"traverse_trees","key":"statistics","value":{"traverse_trees_count":1,"traverse_trees_max_depth":1}}
{"event":"atexit","sid":"20261006T103239.077256Z-Ha9d4ceab-P0001384b","thread":"main","time":"2026-10-06T10:32:39.097357Z","file":"trace2/tr2_tgt_event.c","line":207,"t_abs":0.028579,"code":0}
{"event":"exit","sid":"20261006T103239.084120Z-Ha9d4ceab-P00013824","thread":"main","time":"2026-10-06T10:32:39.097591Z","file":"git.c","line":747,"t_abs":0.015960,"code":0}
{"event":"atexit","sid":"20261006T103239.084120Z-Ha9d4ceab-P00013824","thread":"main","time":"2026-10-06T10:32:39.097605Z","file":"trace2/tr2_tgt_event.c","line":207,"t_abs":0.015975,"code":0}
{"event":"data","sid":"20261006T103239.026507Z-Ha9d4ceab-P0001373d","thread":"main","time":"2026-10-06T10:32:39.101871Z","file":"dir.c","line":3058,"repo":1,"t_abs":0.125899,"t_rel":0.038672,"nesting":2,"category":"read_directory","key":"path","value":""}
{"event":"data","sid":"20261006T103239.026507Z-Ha9d4ceab-P0001373d","thread":"main","time":"2026-10-06T10:32:39.101958Z","file":"dir.c","line":3067,"repo":1,"t_abs":0.125971,"t_rel":0.038744,"nesting":2,"category":"read_directory","key":"directories-visited","value":"133"}
{"event":"data","sid":"20261006T103239.026507Z-Ha9d4ceab-P0001373d","thread":"main","time":"2026-10-06T10:32:39.101976Z","file":"dir.c","line":3069,"repo":1,"t_abs":0.126005,"t_rel":0.038778,"nesting":2,"category":"read_directory","key":"paths-visited","value":"522"}
{"event":"region_leave","sid":"20261006T103239.026507Z-Ha9d4ceab-P0001373d","thread":"main","time":"2026-10-06T10:32:39.101993Z","file":"dir.c","line":3113,"repo":1,"t_rel":0.038795,"nesting":1,"category":"dir","label":"read_directory"}
{"event":"exit","sid":"20261006T103239.026507Z-Ha9d4ceab-P0001373d","thread":"main","time":"2026-10-06T10:32:39.102015Z","file":"git.c","line":747,"t_abs":0.126044,"code":0}
{"event":"atexit","sid":"20261006T103239.026507Z-Ha9d4ceab-P0001373d","thread":"main","time":"2026-10-06T10:32:39.102035Z","file":"trace2/tr2_tgt_event.c","line":207,"t_abs":0.126056,"code":0}
{"event":"data","sid":"20261006T103239.046556Z-Ha9d4ceab-P00013752","thread":"main","time":"2026-10-06T10:32:39.102694Z","file":"dir.c","line":3058,"repo":1,"t_abs":0.124404,"t_rel":0.040445,"nesting":2,"category":"read_directory","key":"path","value":""}
{"event":"data","sid":"20261006T103239.046556Z-Ha9d4ceab-P00013752","thread":"main","time":"2026-10-06T10:32:39.102715Z","file":"dir.c","line":3067,"repo":1,"t_abs":0.124427,"t_rel":0.040468,"nesting":2,"category":"read_directory","key":"directories-visited","value":"133"}
{"event":"data","sid":"20261006T103239.046556Z-Ha9d4ceab-P00013752","thread":"main","time":"2026-10-06T10:32:39.102725Z","file":"dir.c","line":3069,"repo":1,"t_abs":0.124436,"t_rel":0.040477,"nesting":2,"category":"read_directory","key":"paths-visited","value":"522"}
{"event":"region_leave","sid":"20261006T103239.046556Z-Ha9d4ceab-P00013752","thread":"main","time":"2026-10-06T10:32:39.102733Z","file":"dir.c","line":3113,"repo":1,"t_rel":0.040485,"nesting":1,"category":"dir","label":"read_directory"}
{"event":"exit","sid":"20261006T103239.046556Z-Ha9d4ceab-P00013752","thread":"main","time":"2026-10-06T10:32:39.102742Z","file":"git.c","line":747,"t_abs":0.124454,"code":0}
{"event":"atexit","sid":"20261006T103239.046556Z-Ha9d4ceab-P00013752","thread":"main","time":"2026-10-06T10:32:39.102748Z","file":"trace2/tr2_tgt_event.c","line":207,"t_abs":0.124459,"code":0}
{"event":"data","sid":"20261006T103239.041752Z-Ha9d4ceab-P000137ac","thread":"main","time":"2026-10-06T10:32:39.105752Z","file":"dir.c","line":3058,"repo":1,"t_abs":0.103464,"t_rel":0.040069,"nesting":2,"category":"read_directory","key":"path","value":""}
{"event":"data","sid":"20261006T103239.041752Z-Ha9d4ceab-P000137ac","thread":"main","time":"2026-10-06T10:32:39.105781Z","file":"dir.c","line":3067,"repo":1,"t_abs":0.103493,"t_rel":0.040098,"nesting":2,"category":"read_directory","key":"directories-visited","value":"133"}
{"event":"data","sid":"20261006T103239.041752Z-Ha9d4ceab-P000137ac","thread":"main","time":"2026-10-06T10:32:39.105792Z","file":"dir.c","line":3069,"repo":1,"t_abs":0.103507,"t_rel":0.040112,"nesting":2,"category":"read_directory","key":"paths-visited","value":"522"}
{"event":"region_leave","sid":"20261006T103239.041752Z-Ha9d4ceab-P000137ac","thread":"main","time":"2026-10-06T10:32:39.105829Z","file":"dir.c","line":3113,"repo":1,"t_rel":0.040148,"nesting":1,"category":"dir","label":"read_directory"}
{"event":"exit","sid":"20261006T103239.041752Z-Ha9d4ceab-P000137ac","thread":"main","time":"2026-10-06T10:32:39.105839Z","file":"git.c","line":747,"t_abs":0.103553,"code":0}
{"event":"atexit","sid":"20261006T103239.041752Z-Ha9d4ceab-P000137ac","thread":"main","time":"2026-10-06T10:32:39.105848Z","file":"trace2/tr2_tgt_event.c","line":207,"t_abs":0.103562,"code":0}
{"event":"data","sid":"20261006T103239.009820Z-Ha9d4ceab-P00013716","thread":"main","time":"2026-10-06T10:32:39.106285Z","file":"dir.c","line":3058,"repo":1,"t_abs":0.148164,"t_rel":0.051856,"nesting":2,"category":"read_directory","key":"path","value":""}
{"event":"data","sid":"20261006T103239.009820Z-Ha9d4ceab-P00013716","thread":"main","time":"2026-10-06T10:32:39.106298Z","file":"dir.c","line":3067,"repo":1,"t_abs":0.148181,"t_rel":0.051873,"nesting":2,"category":"read_directory","key":"directories-visited","value":"133"}
{"event":"data","sid":"20261006T103239.009820Z-Ha9d4ceab-P00013716","thread":"main","time":"2026-10-06T10:32:39.106304Z","file":"dir.c","line":3069,"repo":1,"t_abs":0.148187,"t_rel":0.051879,"nesting":2,"category":"read_directory","key":"paths-visited","value":"522"}
{"event":"region_leave","sid":"20261006T103239.009820Z-Ha9d4ceab-P00013716","thread":"main","time":"2026-10-06T10:32:39.106310Z","file":"dir.c","line":3113,"repo":1,"t_rel":0.051885,"nesting":1,"category":"dir","label":"read_directory"}
{"event":"exit","sid":"20261006T103239.009820Z-Ha9d4ceab-P00013716","thread":"main","time":"2026-10-06T10:32:39.106319Z","file":"git.c","line":747,"t_abs":0.148201,"code":0}
{"event":"atexit","sid":"20261006T103239.009820Z-Ha9d4ceab-P00013716","thread":"main","time":"2026-10-06T10:32:39.106327Z","file":"trace2/tr2_tgt_event.c","line":207,"t_abs":0.148209,"code":0}
{"event":"version","sid":"20261006T103239.108914Z-Ha9d4ceab-P0001386d","thread":"main","time":"2026-10-06T10:32:39.110074Z","file":"common-init.c","line":57,"evt":"4","exe":"2.50.1 (Apple Git-155)"}
{"event":"start","sid":"20261006T103239.108914Z-Ha9d4ceab-P0001386d","thread":"main","time":"2026-10-06T10:32:39.110118Z","file":"common-init.c","line":58,"t_abs":0.002803,"argv":["/Library/Developer/CommandLineTools/usr/bin/git","-C","/var/folders/f1/2xjyyqkn5plc19fx4nt4tpt00000gn/T/flow-dperf02-tWIHzq/main","cat-file","-t","469d797d25a0efdfd6741c2e7415be27879df851"]}
{"event":"data","sid":"20261006T103239.046343Z-Ha9d4ceab-P000137df","thread":"main","time":"2026-10-06T10:32:39.110740Z","file":"dir.c","line":3058,"repo":1,"t_abs":0.088041,"t_rel":0.030994,"nesting":2,"category":"read_directory","key":"path","value":""}
{"event":"data","sid":"20261006T103239.046343Z-Ha9d4ceab-P000137df","thread":"main","time":"2026-10-06T10:32:39.110759Z","file":"dir.c","line":3067,"repo":1,"t_abs":0.088064,"t_rel":0.031017,"nesting":2,"category":"read_directory","key":"directories-visited","value":"133"}
{"event":"data","sid":"20261006T103239.046343Z-Ha9d4ceab-P000137df","thread":"main","time":"2026-10-06T10:32:39.110765Z","file":"dir.c","line":3069,"repo":1,"t_abs":0.088070,"t_rel":0.031023,"nesting":2,"category":"read_directory","key":"paths-visited","value":"522"}
{"event":"region_leave","sid":"20261006T103239.046343Z-Ha9d4ceab-P000137df","thread":"main","time":"2026-10-06T10:32:39.110771Z","file":"dir.c","line":3113,"repo":1,"t_rel":0.031029,"nesting":1,"category":"dir","label":"read_directory"}
{"event":"exit","sid":"20261006T103239.046343Z-Ha9d4ceab-P000137df","thread":"main","time":"2026-10-06T10:32:39.110785Z","file":"git.c","line":747,"t_abs":0.088090,"code":0}
{"event":"atexit","sid":"20261006T103239.046343Z-Ha9d4ceab-P000137df","thread":"main","time":"2026-10-06T10:32:39.111013Z","file":"trace2/tr2_tgt_event.c","line":207,"t_abs":0.088317,"code":0}
{"event":"version","sid":"20261006T103239.110084Z-Ha9d4ceab-P00013877","thread":"main","time":"2026-10-06T10:32:39.111070Z","file":"common-init.c","line":57,"evt":"4","exe":"2.50.1 (Apple Git-155)"}
{"event":"start","sid":"20261006T103239.110084Z-Ha9d4ceab-P00013877","thread":"main","time":"2026-10-06T10:32:39.111110Z","file":"common-init.c","line":58,"t_abs":0.002312,"argv":["/Library/Developer/CommandLineTools/usr/bin/git","-C","/var/folders/f1/2xjyyqkn5plc19fx4nt4tpt00000gn/T/flow-dperf02-tWIHzq/main","ls-files","--others","--exclude-standard","-z"]}
{"event":"def_repo","sid":"20261006T103239.108914Z-Ha9d4ceab-P0001386d","thread":"main","time":"2026-10-06T10:32:39.111231Z","file":"repository.c","line":241,"repo":1,"worktree":"/private/var/folders/f1/2xjyyqkn5plc19fx4nt4tpt00000gn/T/flow-dperf02-tWIHzq/main"}
{"event":"def_repo","sid":"20261006T103239.110084Z-Ha9d4ceab-P00013877","thread":"main","time":"2026-10-06T10:32:39.111763Z","file":"repository.c","line":241,"repo":1,"worktree":"/private/var/folders/f1/2xjyyqkn5plc19fx4nt4tpt00000gn/T/flow-dperf02-tWIHzq/main"}
{"event":"cmd_name","sid":"20261006T103239.108914Z-Ha9d4ceab-P0001386d","thread":"main","time":"2026-10-06T10:32:39.112051Z","file":"git.c","line":477,"name":"cat-file","hierarchy":"cat-file"}
{"event":"data","sid":"20261006T103239.061444Z-Ha9d4ceab-P0001381a","thread":"main","time":"2026-10-06T10:32:39.112426Z","file":"dir.c","line":3058,"repo":1,"t_abs":0.072495,"t_rel":0.032988,"nesting":2,"category":"read_directory","key":"path","value":""}
{"event":"data","sid":"20261006T103239.061444Z-Ha9d4ceab-P0001381a","thread":"main","time":"2026-10-06T10:32:39.112475Z","file":"dir.c","line":3067,"repo":1,"t_abs":0.072568,"t_rel":0.033061,"nesting":2,"category":"read_directory","key":"directories-visited","value":"133"}
{"event":"data","sid":"20261006T103239.061444Z-Ha9d4ceab-P0001381a","thread":"main","time":"2026-10-06T10:32:39.112493Z","file":"dir.c","line":3069,"repo":1,"t_abs":0.072586,"t_rel":0.033079,"nesting":2,"category":"read_directory","key":"paths-visited","value":"522"}
{"event":"region_leave","sid":"20261006T103239.061444Z-Ha9d4ceab-P0001381a","thread":"main","time":"2026-10-06T10:32:39.112508Z","file":"dir.c","line":3113,"repo":1,"t_rel":0.033094,"nesting":1,"category":"dir","label":"read_directory"}
{"event":"exit","sid":"20261006T103239.061444Z-Ha9d4ceab-P0001381a","thread":"main","time":"2026-10-06T10:32:39.112533Z","file":"git.c","line":747,"t_abs":0.072625,"code":0}
{"event":"cmd_name","sid":"20261006T103239.110084Z-Ha9d4ceab-P00013877","thread":"main","time":"2026-10-06T10:32:39.112540Z","file":"git.c","line":477,"name":"ls-files","hierarchy":"ls-files"}
{"event":"atexit","sid":"20261006T103239.061444Z-Ha9d4ceab-P0001381a","thread":"main","time":"2026-10-06T10:32:39.112546Z","file":"trace2/tr2_tgt_event.c","line":207,"t_abs":0.072638,"code":0}
{"event":"region_enter","sid":"20261006T103239.110084Z-Ha9d4ceab-P00013877","thread":"main","time":"2026-10-06T10:32:39.113062Z","file":"read-cache.c","line":2357,"repo":1,"nesting":1,"category":"index","label":"do_read_index","msg":".git/index"}
{"event":"version","sid":"20261006T103239.111767Z-Ha9d4ceab-P00013872","thread":"main","time":"2026-10-06T10:32:39.113078Z","file":"common-init.c","line":57,"evt":"4","exe":"2.50.1 (Apple Git-155)"}
{"event":"start","sid":"20261006T103239.111767Z-Ha9d4ceab-P00013872","thread":"main","time":"2026-10-06T10:32:39.113113Z","file":"common-init.c","line":58,"t_abs":0.002290,"argv":["/Library/Developer/CommandLineTools/usr/bin/git","-C","/var/folders/f1/2xjyyqkn5plc19fx4nt4tpt00000gn/T/flow-dperf02-tWIHzq/main","diff","--name-only","-z","--no-renames","HEAD","--"]}
{"event":"data","sid":"20261006T103239.069269Z-Ha9d4ceab-P0001380b","thread":"main","time":"2026-10-06T10:32:39.113120Z","file":"dir.c","line":3058,"repo":1,"t_abs":0.064407,"t_rel":0.031767,"nesting":2,"category":"read_directory","key":"path","value":""}
{"event":"data","sid":"20261006T103239.069269Z-Ha9d4ceab-P0001380b","thread":"main","time":"2026-10-06T10:32:39.113141Z","file":"dir.c","line":3067,"repo":1,"t_abs":0.064432,"t_rel":0.031792,"nesting":2,"category":"read_directory","key":"directories-visited","value":"133"}
{"event":"region_enter","sid":"20261006T103239.110084Z-Ha9d4ceab-P00013877","thread":"main","time":"2026-10-06T10:32:39.113155Z","file":"cache-tree.c","line":643,"repo":1,"nesting":2,"category":"cache_tree","label":"read"}
{"event":"data","sid":"20261006T103239.069269Z-Ha9d4ceab-P0001380b","thread":"main","time":"2026-10-06T10:32:39.113188Z","file":"dir.c","line":3069,"repo":1,"t_abs":0.064480,"t_rel":0.031840,"nesting":2,"category":"read_directory","key":"paths-visited","value":"522"}
{"event":"region_leave","sid":"20261006T103239.069269Z-Ha9d4ceab-P0001380b","thread":"main","time":"2026-10-06T10:32:39.113204Z","file":"dir.c","line":3113,"repo":1,"t_rel":0.031855,"nesting":1,"category":"dir","label":"read_directory"}
{"event":"exit","sid":"20261006T103239.069269Z-Ha9d4ceab-P0001380b","thread":"main","time":"2026-10-06T10:32:39.113223Z","file":"git.c","line":747,"t_abs":0.064515,"code":0}
{"event":"atexit","sid":"20261006T103239.069269Z-Ha9d4ceab-P0001380b","thread":"main","time":"2026-10-06T10:32:39.113231Z","file":"trace2/tr2_tgt_event.c","line":207,"t_abs":0.064522,"code":0}
{"event":"cmd_name","sid":"20261006T103239.111767Z-Ha9d4ceab-P00013872","thread":"main","time":"2026-10-06T10:32:39.113280Z","file":"git.c","line":477,"name":"diff","hierarchy":"diff"}
{"event":"exit","sid":"20261006T103239.108914Z-Ha9d4ceab-P0001386d","thread":"main","time":"2026-10-06T10:32:39.113524Z","file":"git.c","line":747,"t_abs":0.006210,"code":0}
{"event":"region_leave","sid":"20261006T103239.110084Z-Ha9d4ceab-P00013877","thread":"main","time":"2026-10-06T10:32:39.113518Z","file":"cache-tree.c","line":645,"repo":1,"t_rel":0.000361,"nesting":2,"category":"cache_tree","label":"read"}
{"event":"def_repo","sid":"20261006T103239.111767Z-Ha9d4ceab-P00013872","thread":"main","time":"2026-10-06T10:32:39.113562Z","file":"repository.c","line":241,"repo":1,"worktree":"/private/var/folders/f1/2xjyyqkn5plc19fx4nt4tpt00000gn/T/flow-dperf02-tWIHzq/main"}
{"event":"atexit","sid":"20261006T103239.108914Z-Ha9d4ceab-P0001386d","thread":"main","time":"2026-10-06T10:32:39.113543Z","file":"trace2/tr2_tgt_event.c","line":207,"t_abs":0.006229,"code":0}
{"event":"data","sid":"20261006T103239.078469Z-Ha9d4ceab-P00013850","thread":"main","time":"2026-10-06T10:32:39.113693Z","file":"dir.c","line":3058,"repo":1,"t_abs":0.039346,"t_rel":0.025818,"nesting":2,"category":"read_directory","key":"path","value":""}
{"event":"data","sid":"20261006T103239.078469Z-Ha9d4ceab-P00013850","thread":"main","time":"2026-10-06T10:32:39.113705Z","file":"dir.c","line":3067,"repo":1,"t_abs":0.039362,"t_rel":0.025834,"nesting":2,"category":"read_directory","key":"directories-visited","value":"133"}
{"event":"data","sid":"20261006T103239.078469Z-Ha9d4ceab-P00013850","thread":"main","time":"2026-10-06T10:32:39.113712Z","file":"dir.c","line":3069,"repo":1,"t_abs":0.039368,"t_rel":0.025840,"nesting":2,"category":"read_directory","key":"paths-visited","value":"522"}
{"event":"region_leave","sid":"20261006T103239.078469Z-Ha9d4ceab-P00013850","thread":"main","time":"2026-10-06T10:32:39.113717Z","file":"dir.c","line":3113,"repo":1,"t_rel":0.025846,"nesting":1,"category":"dir","label":"read_directory"}
{"event":"exit","sid":"20261006T103239.078469Z-Ha9d4ceab-P00013850","thread":"main","time":"2026-10-06T10:32:39.113726Z","file":"git.c","line":747,"t_abs":0.039383,"code":0}
{"event":"atexit","sid":"20261006T103239.078469Z-Ha9d4ceab-P00013850","thread":"main","time":"2026-10-06T10:32:39.113735Z","file":"trace2/tr2_tgt_event.c","line":207,"t_abs":0.039392,"code":0}
{"event":"data","sid":"20261006T103239.110084Z-Ha9d4ceab-P00013877","thread":"main","time":"2026-10-06T10:32:39.113781Z","file":"read-cache.c","line":2306,"repo":1,"t_abs":0.004982,"t_rel":0.000718,"nesting":2,"category":"index","key":"read/version","value":"2"}
{"event":"data","sid":"20261006T103239.110084Z-Ha9d4ceab-P00013877","thread":"main","time":"2026-10-06T10:32:39.113793Z","file":"read-cache.c","line":2308,"repo":1,"t_abs":0.004996,"t_rel":0.000732,"nesting":2,"category":"index","key":"read/cache_nr","value":"389"}
{"event":"region_leave","sid":"20261006T103239.110084Z-Ha9d4ceab-P00013877","thread":"main","time":"2026-10-06T10:32:39.113830Z","file":"read-cache.c","line":2362,"repo":1,"t_rel":0.000769,"nesting":1,"category":"index","label":"do_read_index","msg":".git/index"}
{"event":"region_enter","sid":"20261006T103239.110084Z-Ha9d4ceab-P00013877","thread":"main","time":"2026-10-06T10:32:39.114111Z","file":"dir.c","line":3090,"repo":1,"nesting":1,"category":"dir","label":"read_directory"}
{"event":"region_enter","sid":"20261006T103239.110084Z-Ha9d4ceab-P00013877","thread":"main","time":"2026-10-06T10:32:39.114931Z","file":"name-hash.c","line":597,"repo":1,"nesting":2,"category":"index","label":"name-hash-init"}
{"event":"region_leave","sid":"20261006T103239.110084Z-Ha9d4ceab-P00013877","thread":"main","time":"2026-10-06T10:32:39.115026Z","file":"name-hash.c","line":618,"repo":1,"t_rel":0.000098,"nesting":2,"category":"index","label":"name-hash-init"}
{"event":"region_enter","sid":"20261006T103239.111767Z-Ha9d4ceab-P00013872","thread":"main","time":"2026-10-06T10:32:39.115978Z","file":"read-cache.c","line":2357,"repo":1,"nesting":1,"category":"index","label":"do_read_index","msg":".git/index"}
{"event":"region_enter","sid":"20261006T103239.111767Z-Ha9d4ceab-P00013872","thread":"main","time":"2026-10-06T10:32:39.116052Z","file":"cache-tree.c","line":643,"repo":1,"nesting":2,"category":"cache_tree","label":"read"}
{"event":"region_leave","sid":"20261006T103239.111767Z-Ha9d4ceab-P00013872","thread":"main","time":"2026-10-06T10:32:39.116082Z","file":"cache-tree.c","line":645,"repo":1,"t_rel":0.000031,"nesting":2,"category":"cache_tree","label":"read"}
{"event":"data","sid":"20261006T103239.111767Z-Ha9d4ceab-P00013872","thread":"main","time":"2026-10-06T10:32:39.116094Z","file":"read-cache.c","line":2306,"repo":1,"t_abs":0.005271,"t_rel":0.000117,"nesting":2,"category":"index","key":"read/version","value":"2"}
{"event":"data","sid":"20261006T103239.111767Z-Ha9d4ceab-P00013872","thread":"main","time":"2026-10-06T10:32:39.116104Z","file":"read-cache.c","line":2308,"repo":1,"t_abs":0.005282,"t_rel":0.000128,"nesting":2,"category":"index","key":"read/cache_nr","value":"389"}
{"event":"region_leave","sid":"20261006T103239.111767Z-Ha9d4ceab-P00013872","thread":"main","time":"2026-10-06T10:32:39.116114Z","file":"read-cache.c","line":2362,"repo":1,"t_rel":0.000138,"nesting":1,"category":"index","label":"do_read_index","msg":".git/index"}
{"event":"region_enter","sid":"20261006T103239.111767Z-Ha9d4ceab-P00013872","thread":"main","time":"2026-10-06T10:32:39.116174Z","file":"unpack-trees.c","line":1905,"repo":1,"nesting":1,"category":"unpack_trees","label":"unpack_trees"}
{"event":"region_enter","sid":"20261006T103239.111767Z-Ha9d4ceab-P00013872","thread":"main","time":"2026-10-06T10:32:39.116301Z","file":"unpack-trees.c","line":2009,"repo":1,"nesting":2,"category":"unpack_trees","label":"traverse_trees"}
{"event":"region_leave","sid":"20261006T103239.111767Z-Ha9d4ceab-P00013872","thread":"main","time":"2026-10-06T10:32:39.118578Z","file":"unpack-trees.c","line":2011,"repo":1,"t_rel":0.002276,"nesting":2,"category":"unpack_trees","label":"traverse_trees"}
{"event":"region_leave","sid":"20261006T103239.111767Z-Ha9d4ceab-P00013872","thread":"main","time":"2026-10-06T10:32:39.118642Z","file":"unpack-trees.c","line":2108,"repo":1,"t_rel":0.002468,"nesting":1,"category":"unpack_trees","label":"unpack_trees"}
{"event":"exit","sid":"20261006T103239.111767Z-Ha9d4ceab-P00013872","thread":"main","time":"2026-10-06T10:32:39.118696Z","file":"git.c","line":747,"t_abs":0.007857,"code":0}
{"event":"data_json","sid":"20261006T103239.111767Z-Ha9d4ceab-P00013872","thread":"main","time":"2026-10-06T10:32:39.118723Z","file":"tree-walk.c","line":186,"repo":1,"t_abs":0.007900,"t_rel":0.007900,"nesting":1,"category":"traverse_trees","key":"statistics","value":{"traverse_trees_count":1,"traverse_trees_max_depth":1}}
{"event":"atexit","sid":"20261006T103239.111767Z-Ha9d4ceab-P00013872","thread":"main","time":"2026-10-06T10:32:39.118733Z","file":"trace2/tr2_tgt_event.c","line":207,"t_abs":0.007910,"code":0}
{"event":"data","sid":"20261006T103239.110084Z-Ha9d4ceab-P00013877","thread":"main","time":"2026-10-06T10:32:39.122141Z","file":"dir.c","line":3058,"repo":1,"t_abs":0.013339,"t_rel":0.008026,"nesting":2,"category":"read_directory","key":"path","value":""}
{"event":"data","sid":"20261006T103239.110084Z-Ha9d4ceab-P00013877","thread":"main","time":"2026-10-06T10:32:39.122162Z","file":"dir.c","line":3067,"repo":1,"t_abs":0.013364,"t_rel":0.008051,"nesting":2,"category":"read_directory","key":"directories-visited","value":"133"}
{"event":"data","sid":"20261006T103239.110084Z-Ha9d4ceab-P00013877","thread":"main","time":"2026-10-06T10:32:39.122172Z","file":"dir.c","line":3069,"repo":1,"t_abs":0.013375,"t_rel":0.008062,"nesting":2,"category":"read_directory","key":"paths-visited","value":"522"}
{"event":"region_leave","sid":"20261006T103239.110084Z-Ha9d4ceab-P00013877","thread":"main","time":"2026-10-06T10:32:39.122181Z","file":"dir.c","line":3113,"repo":1,"t_rel":0.008071,"nesting":1,"category":"dir","label":"read_directory"}
{"event":"exit","sid":"20261006T103239.110084Z-Ha9d4ceab-P00013877","thread":"main","time":"2026-10-06T10:32:39.122194Z","file":"git.c","line":747,"t_abs":0.013396,"code":0}
{"event":"atexit","sid":"20261006T103239.110084Z-Ha9d4ceab-P00013877","thread":"main","time":"2026-10-06T10:32:39.122200Z","file":"trace2/tr2_tgt_event.c","line":207,"t_abs":0.013402,"code":0}
{"event":"version","sid":"20261006T103239.131338Z-Ha9d4ceab-P00013892","thread":"main","time":"2026-10-06T10:32:39.133154Z","file":"common-init.c","line":57,"evt":"4","exe":"2.50.1 (Apple Git-155)"}
{"event":"start","sid":"20261006T103239.131338Z-Ha9d4ceab-P00013892","thread":"main","time":"2026-10-06T10:32:39.133184Z","file":"common-init.c","line":58,"t_abs":0.002242,"argv":["/Library/Developer/CommandLineTools/usr/bin/git","-C","/var/folders/f1/2xjyyqkn5plc19fx4nt4tpt00000gn/T/flow-dperf02-tWIHzq/main","cat-file","-t","469d797d25a0efdfd6741c2e7415be27879df851"]}
{"event":"def_repo","sid":"20261006T103239.131338Z-Ha9d4ceab-P00013892","thread":"main","time":"2026-10-06T10:32:39.133486Z","file":"repository.c","line":241,"repo":1,"worktree":"/private/var/folders/f1/2xjyyqkn5plc19fx4nt4tpt00000gn/T/flow-dperf02-tWIHzq/main"}
{"event":"cmd_name","sid":"20261006T103239.131338Z-Ha9d4ceab-P00013892","thread":"main","time":"2026-10-06T10:32:39.133720Z","file":"git.c","line":477,"name":"cat-file","hierarchy":"cat-file"}
{"event":"version","sid":"20261006T103239.132896Z-Ha9d4ceab-P0001389a","thread":"main","time":"2026-10-06T10:32:39.134136Z","file":"common-init.c","line":57,"evt":"4","exe":"2.50.1 (Apple Git-155)"}
{"event":"start","sid":"20261006T103239.132896Z-Ha9d4ceab-P0001389a","thread":"main","time":"2026-10-06T10:32:39.134177Z","file":"common-init.c","line":58,"t_abs":0.001642,"argv":["/Library/Developer/CommandLineTools/usr/bin/git","-C","/var/folders/f1/2xjyyqkn5plc19fx4nt4tpt00000gn/T/flow-dperf02-tWIHzq/main","diff","--name-only","-z","--no-renames","HEAD","--"]}
{"event":"cmd_name","sid":"20261006T103239.132896Z-Ha9d4ceab-P0001389a","thread":"main","time":"2026-10-06T10:32:39.134447Z","file":"git.c","line":477,"name":"diff","hierarchy":"diff"}
{"event":"def_repo","sid":"20261006T103239.132896Z-Ha9d4ceab-P0001389a","thread":"main","time":"2026-10-06T10:32:39.134933Z","file":"repository.c","line":241,"repo":1,"worktree":"/private/var/folders/f1/2xjyyqkn5plc19fx4nt4tpt00000gn/T/flow-dperf02-tWIHzq/main"}
{"event":"exit","sid":"20261006T103239.131338Z-Ha9d4ceab-P00013892","thread":"main","time":"2026-10-06T10:32:39.135076Z","file":"git.c","line":747,"t_abs":0.004133,"code":0}
{"event":"atexit","sid":"20261006T103239.131338Z-Ha9d4ceab-P00013892","thread":"main","time":"2026-10-06T10:32:39.135090Z","file":"trace2/tr2_tgt_event.c","line":207,"t_abs":0.004148,"code":0}
{"event":"region_enter","sid":"20261006T103239.132896Z-Ha9d4ceab-P0001389a","thread":"main","time":"2026-10-06T10:32:39.138665Z","file":"read-cache.c","line":2357,"repo":1,"nesting":1,"category":"index","label":"do_read_index","msg":".git/index"}
{"event":"region_enter","sid":"20261006T103239.132896Z-Ha9d4ceab-P0001389a","thread":"main","time":"2026-10-06T10:32:39.138800Z","file":"cache-tree.c","line":643,"repo":1,"nesting":2,"category":"cache_tree","label":"read"}
{"event":"region_leave","sid":"20261006T103239.132896Z-Ha9d4ceab-P0001389a","thread":"main","time":"2026-10-06T10:32:39.138832Z","file":"cache-tree.c","line":645,"repo":1,"t_rel":0.000032,"nesting":2,"category":"cache_tree","label":"read"}
{"event":"data","sid":"20261006T103239.132896Z-Ha9d4ceab-P0001389a","thread":"main","time":"2026-10-06T10:32:39.138846Z","file":"read-cache.c","line":2306,"repo":1,"t_abs":0.006312,"t_rel":0.000183,"nesting":2,"category":"index","key":"read/version","value":"2"}
{"event":"data","sid":"20261006T103239.132896Z-Ha9d4ceab-P0001389a","thread":"main","time":"2026-10-06T10:32:39.138855Z","file":"read-cache.c","line":2308,"repo":1,"t_abs":0.006321,"t_rel":0.000192,"nesting":2,"category":"index","key":"read/cache_nr","value":"389"}
{"event":"region_leave","sid":"20261006T103239.132896Z-Ha9d4ceab-P0001389a","thread":"main","time":"2026-10-06T10:32:39.138863Z","file":"read-cache.c","line":2362,"repo":1,"t_rel":0.000199,"nesting":1,"category":"index","label":"do_read_index","msg":".git/index"}
{"event":"region_enter","sid":"20261006T103239.132896Z-Ha9d4ceab-P0001389a","thread":"main","time":"2026-10-06T10:32:39.140488Z","file":"unpack-trees.c","line":1905,"repo":1,"nesting":1,"category":"unpack_trees","label":"unpack_trees"}
{"event":"region_enter","sid":"20261006T103239.132896Z-Ha9d4ceab-P0001389a","thread":"main","time":"2026-10-06T10:32:39.140650Z","file":"unpack-trees.c","line":2009,"repo":1,"nesting":2,"category":"unpack_trees","label":"traverse_trees"}
{"event":"region_leave","sid":"20261006T103239.132896Z-Ha9d4ceab-P0001389a","thread":"main","time":"2026-10-06T10:32:39.142719Z","file":"unpack-trees.c","line":2011,"repo":1,"t_rel":0.002070,"nesting":2,"category":"unpack_trees","label":"traverse_trees"}
{"event":"region_leave","sid":"20261006T103239.132896Z-Ha9d4ceab-P0001389a","thread":"main","time":"2026-10-06T10:32:39.142741Z","file":"unpack-trees.c","line":2108,"repo":1,"t_rel":0.002255,"nesting":1,"category":"unpack_trees","label":"unpack_trees"}
{"event":"exit","sid":"20261006T103239.132896Z-Ha9d4ceab-P0001389a","thread":"main","time":"2026-10-06T10:32:39.142762Z","file":"git.c","line":747,"t_abs":0.010227,"code":0}
{"event":"data_json","sid":"20261006T103239.132896Z-Ha9d4ceab-P0001389a","thread":"main","time":"2026-10-06T10:32:39.142772Z","file":"tree-walk.c","line":186,"repo":1,"t_abs":0.010237,"t_rel":0.010237,"nesting":1,"category":"traverse_trees","key":"statistics","value":{"traverse_trees_count":1,"traverse_trees_max_depth":1}}
{"event":"atexit","sid":"20261006T103239.132896Z-Ha9d4ceab-P0001389a","thread":"main","time":"2026-10-06T10:32:39.142778Z","file":"trace2/tr2_tgt_event.c","line":207,"t_abs":0.010244,"code":0}
{"event":"version","sid":"20261006T103239.142886Z-Ha9d4ceab-P000138a4","thread":"main","time":"2026-10-06T10:32:39.143947Z","file":"common-init.c","line":57,"evt":"4","exe":"2.50.1 (Apple Git-155)"}
{"event":"version","sid":"20261006T103239.143101Z-Ha9d4ceab-P000138af","thread":"main","time":"2026-10-06T10:32:39.144021Z","file":"common-init.c","line":57,"evt":"4","exe":"2.50.1 (Apple Git-155)"}
{"event":"start","sid":"20261006T103239.142886Z-Ha9d4ceab-P000138a4","thread":"main","time":"2026-10-06T10:32:39.144027Z","file":"common-init.c","line":58,"t_abs":0.001753,"argv":["/Library/Developer/CommandLineTools/usr/bin/git","-C","/var/folders/f1/2xjyyqkn5plc19fx4nt4tpt00000gn/T/flow-dperf02-tWIHzq/main","ls-files","--others","--exclude-standard","-z"]}
{"event":"start","sid":"20261006T103239.143101Z-Ha9d4ceab-P000138af","thread":"main","time":"2026-10-06T10:32:39.144045Z","file":"common-init.c","line":58,"t_abs":0.003044,"argv":["/Library/Developer/CommandLineTools/usr/bin/git","-C","/var/folders/f1/2xjyyqkn5plc19fx4nt4tpt00000gn/T/flow-dperf02-tWIHzq/main","cat-file","-t","469d797d25a0efdfd6741c2e7415be27879df851"]}
{"event":"def_repo","sid":"20261006T103239.143101Z-Ha9d4ceab-P000138af","thread":"main","time":"2026-10-06T10:32:39.144472Z","file":"repository.c","line":241,"repo":1,"worktree":"/private/var/folders/f1/2xjyyqkn5plc19fx4nt4tpt00000gn/T/flow-dperf02-tWIHzq/main"}
{"event":"cmd_name","sid":"20261006T103239.143101Z-Ha9d4ceab-P000138af","thread":"main","time":"2026-10-06T10:32:39.144681Z","file":"git.c","line":477,"name":"cat-file","hierarchy":"cat-file"}
{"event":"def_repo","sid":"20261006T103239.142886Z-Ha9d4ceab-P000138a4","thread":"main","time":"2026-10-06T10:32:39.145156Z","file":"repository.c","line":241,"repo":1,"worktree":"/private/var/folders/f1/2xjyyqkn5plc19fx4nt4tpt00000gn/T/flow-dperf02-tWIHzq/main"}
{"event":"cmd_name","sid":"20261006T103239.142886Z-Ha9d4ceab-P000138a4","thread":"main","time":"2026-10-06T10:32:39.145448Z","file":"git.c","line":477,"name":"ls-files","hierarchy":"ls-files"}
{"event":"exit","sid":"20261006T103239.143101Z-Ha9d4ceab-P000138af","thread":"main","time":"2026-10-06T10:32:39.145728Z","file":"git.c","line":747,"t_abs":0.004727,"code":0}
{"event":"atexit","sid":"20261006T103239.143101Z-Ha9d4ceab-P000138af","thread":"main","time":"2026-10-06T10:32:39.145745Z","file":"trace2/tr2_tgt_event.c","line":207,"t_abs":0.004744,"code":0}
{"event":"region_enter","sid":"20261006T103239.142886Z-Ha9d4ceab-P000138a4","thread":"main","time":"2026-10-06T10:32:39.145751Z","file":"read-cache.c","line":2357,"repo":1,"nesting":1,"category":"index","label":"do_read_index","msg":".git/index"}
{"event":"region_enter","sid":"20261006T103239.142886Z-Ha9d4ceab-P000138a4","thread":"main","time":"2026-10-06T10:32:39.145816Z","file":"cache-tree.c","line":643,"repo":1,"nesting":2,"category":"cache_tree","label":"read"}
{"event":"region_leave","sid":"20261006T103239.142886Z-Ha9d4ceab-P000138a4","thread":"main","time":"2026-10-06T10:32:39.145848Z","file":"cache-tree.c","line":645,"repo":1,"t_rel":0.000032,"nesting":2,"category":"cache_tree","label":"read"}
{"event":"data","sid":"20261006T103239.142886Z-Ha9d4ceab-P000138a4","thread":"main","time":"2026-10-06T10:32:39.145866Z","file":"read-cache.c","line":2306,"repo":1,"t_abs":0.003594,"t_rel":0.000116,"nesting":2,"category":"index","key":"read/version","value":"2"}
{"event":"data","sid":"20261006T103239.142886Z-Ha9d4ceab-P000138a4","thread":"main","time":"2026-10-06T10:32:39.145874Z","file":"read-cache.c","line":2308,"repo":1,"t_abs":0.003602,"t_rel":0.000124,"nesting":2,"category":"index","key":"read/cache_nr","value":"389"}
{"event":"region_leave","sid":"20261006T103239.142886Z-Ha9d4ceab-P000138a4","thread":"main","time":"2026-10-06T10:32:39.145881Z","file":"read-cache.c","line":2362,"repo":1,"t_rel":0.000131,"nesting":1,"category":"index","label":"do_read_index","msg":".git/index"}
{"event":"region_enter","sid":"20261006T103239.142886Z-Ha9d4ceab-P000138a4","thread":"main","time":"2026-10-06T10:32:39.146134Z","file":"dir.c","line":3090,"repo":1,"nesting":1,"category":"dir","label":"read_directory"}
{"event":"region_enter","sid":"20261006T103239.142886Z-Ha9d4ceab-P000138a4","thread":"main","time":"2026-10-06T10:32:39.146680Z","file":"name-hash.c","line":597,"repo":1,"nesting":2,"category":"index","label":"name-hash-init"}
{"event":"region_leave","sid":"20261006T103239.142886Z-Ha9d4ceab-P000138a4","thread":"main","time":"2026-10-06T10:32:39.146724Z","file":"name-hash.c","line":618,"repo":1,"t_rel":0.000045,"nesting":2,"category":"index","label":"name-hash-init"}
{"event":"version","sid":"20261006T103239.146954Z-Ha9d4ceab-P000138ba","thread":"main","time":"2026-10-06T10:32:39.147836Z","file":"common-init.c","line":57,"evt":"4","exe":"2.50.1 (Apple Git-155)"}
{"event":"start","sid":"20261006T103239.146954Z-Ha9d4ceab-P000138ba","thread":"main","time":"2026-10-06T10:32:39.147880Z","file":"common-init.c","line":58,"t_abs":0.002031,"argv":["/Library/Developer/CommandLineTools/usr/bin/git","-C","/var/folders/f1/2xjyyqkn5plc19fx4nt4tpt00000gn/T/flow-dperf02-tWIHzq/main","diff","--name-only","-z","--no-renames","HEAD","--"]}
{"event":"cmd_name","sid":"20261006T103239.146954Z-Ha9d4ceab-P000138ba","thread":"main","time":"2026-10-06T10:32:39.148045Z","file":"git.c","line":477,"name":"diff","hierarchy":"diff"}
{"event":"def_repo","sid":"20261006T103239.146954Z-Ha9d4ceab-P000138ba","thread":"main","time":"2026-10-06T10:32:39.148561Z","file":"repository.c","line":241,"repo":1,"worktree":"/private/var/folders/f1/2xjyyqkn5plc19fx4nt4tpt00000gn/T/flow-dperf02-tWIHzq/main"}
{"event":"region_enter","sid":"20261006T103239.146954Z-Ha9d4ceab-P000138ba","thread":"main","time":"2026-10-06T10:32:39.152829Z","file":"read-cache.c","line":2357,"repo":1,"nesting":1,"category":"index","label":"do_read_index","msg":".git/index"}
{"event":"region_enter","sid":"20261006T103239.146954Z-Ha9d4ceab-P000138ba","thread":"main","time":"2026-10-06T10:32:39.152976Z","file":"cache-tree.c","line":643,"repo":1,"nesting":2,"category":"cache_tree","label":"read"}
{"event":"region_leave","sid":"20261006T103239.146954Z-Ha9d4ceab-P000138ba","thread":"main","time":"2026-10-06T10:32:39.153001Z","file":"cache-tree.c","line":645,"repo":1,"t_rel":0.000025,"nesting":2,"category":"cache_tree","label":"read"}
{"event":"data","sid":"20261006T103239.146954Z-Ha9d4ceab-P000138ba","thread":"main","time":"2026-10-06T10:32:39.153011Z","file":"read-cache.c","line":2306,"repo":1,"t_abs":0.007163,"t_rel":0.000184,"nesting":2,"category":"index","key":"read/version","value":"2"}
{"event":"data","sid":"20261006T103239.146954Z-Ha9d4ceab-P000138ba","thread":"main","time":"2026-10-06T10:32:39.153021Z","file":"read-cache.c","line":2308,"repo":1,"t_abs":0.007173,"t_rel":0.000194,"nesting":2,"category":"index","key":"read/cache_nr","value":"389"}
{"event":"region_leave","sid":"20261006T103239.146954Z-Ha9d4ceab-P000138ba","thread":"main","time":"2026-10-06T10:32:39.153029Z","file":"read-cache.c","line":2362,"repo":1,"t_rel":0.000202,"nesting":1,"category":"index","label":"do_read_index","msg":".git/index"}
{"event":"region_enter","sid":"20261006T103239.146954Z-Ha9d4ceab-P000138ba","thread":"main","time":"2026-10-06T10:32:39.153128Z","file":"unpack-trees.c","line":1905,"repo":1,"nesting":1,"category":"unpack_trees","label":"unpack_trees"}
{"event":"region_enter","sid":"20261006T103239.146954Z-Ha9d4ceab-P000138ba","thread":"main","time":"2026-10-06T10:32:39.153361Z","file":"unpack-trees.c","line":2009,"repo":1,"nesting":2,"category":"unpack_trees","label":"traverse_trees"}
{"event":"version","sid":"20261006T103239.152847Z-Ha9d4ceab-P000138c2","thread":"main","time":"2026-10-06T10:32:39.154435Z","file":"common-init.c","line":57,"evt":"4","exe":"2.50.1 (Apple Git-155)"}
{"event":"start","sid":"20261006T103239.152847Z-Ha9d4ceab-P000138c2","thread":"main","time":"2026-10-06T10:32:39.154460Z","file":"common-init.c","line":58,"t_abs":0.002494,"argv":["/Library/Developer/CommandLineTools/usr/bin/git","-C","/var/folders/f1/2xjyyqkn5plc19fx4nt4tpt00000gn/T/flow-dperf02-tWIHzq/main","ls-files","--others","--exclude-standard","-z"]}
{"event":"version","sid":"20261006T103239.153581Z-Ha9d4ceab-P000138db","thread":"main","time":"2026-10-06T10:32:39.154755Z","file":"common-init.c","line":57,"evt":"4","exe":"2.50.1 (Apple Git-155)"}
{"event":"start","sid":"20261006T103239.153581Z-Ha9d4ceab-P000138db","thread":"main","time":"2026-10-06T10:32:39.154775Z","file":"common-init.c","line":58,"t_abs":0.001540,"argv":["/Library/Developer/CommandLineTools/usr/bin/git","-C","/var/folders/f1/2xjyyqkn5plc19fx4nt4tpt00000gn/T/flow-dperf02-tWIHzq/main","ls-tree","-r","-z","--full-tree","469d797d25a0efdfd6741c2e7415be27879df851","--",":(literal)src/shared"]}
{"event":"def_repo","sid":"20261006T103239.152847Z-Ha9d4ceab-P000138c2","thread":"main","time":"2026-10-06T10:32:39.154877Z","file":"repository.c","line":241,"repo":1,"worktree":"/private/var/folders/f1/2xjyyqkn5plc19fx4nt4tpt00000gn/T/flow-dperf02-tWIHzq/main"}
{"event":"def_repo","sid":"20261006T103239.153581Z-Ha9d4ceab-P000138db","thread":"main","time":"2026-10-06T10:32:39.155210Z","file":"repository.c","line":241,"repo":1,"worktree":"/private/var/folders/f1/2xjyyqkn5plc19fx4nt4tpt00000gn/T/flow-dperf02-tWIHzq/main"}
{"event":"version","sid":"20261006T103239.153908Z-Ha9d4ceab-P000138d2","thread":"main","time":"2026-10-06T10:32:39.155213Z","file":"common-init.c","line":57,"evt":"4","exe":"2.50.1 (Apple Git-155)"}
{"event":"start","sid":"20261006T103239.153908Z-Ha9d4ceab-P000138d2","thread":"main","time":"2026-10-06T10:32:39.155270Z","file":"common-init.c","line":58,"t_abs":0.001675,"argv":["/Library/Developer/CommandLineTools/usr/bin/git","-C","/var/folders/f1/2xjyyqkn5plc19fx4nt4tpt00000gn/T/flow-dperf02-tWIHzq/main","ls-tree","-r","-z","--full-tree","469d797d25a0efdfd6741c2e7415be27879df851","--",":(literal)src/shared"]}
{"event":"region_leave","sid":"20261006T103239.146954Z-Ha9d4ceab-P000138ba","thread":"main","time":"2026-10-06T10:32:39.155360Z","file":"unpack-trees.c","line":2011,"repo":1,"t_rel":0.002000,"nesting":2,"category":"unpack_trees","label":"traverse_trees"}
{"event":"region_leave","sid":"20261006T103239.146954Z-Ha9d4ceab-P000138ba","thread":"main","time":"2026-10-06T10:32:39.155376Z","file":"unpack-trees.c","line":2108,"repo":1,"t_rel":0.002248,"nesting":1,"category":"unpack_trees","label":"unpack_trees"}
{"event":"exit","sid":"20261006T103239.146954Z-Ha9d4ceab-P000138ba","thread":"main","time":"2026-10-06T10:32:39.155394Z","file":"git.c","line":747,"t_abs":0.009545,"code":0}
{"event":"data_json","sid":"20261006T103239.146954Z-Ha9d4ceab-P000138ba","thread":"main","time":"2026-10-06T10:32:39.155402Z","file":"tree-walk.c","line":186,"repo":1,"t_abs":0.009553,"t_rel":0.009553,"nesting":1,"category":"traverse_trees","key":"statistics","value":{"traverse_trees_count":1,"traverse_trees_max_depth":1}}
{"event":"atexit","sid":"20261006T103239.146954Z-Ha9d4ceab-P000138ba","thread":"main","time":"2026-10-06T10:32:39.155411Z","file":"trace2/tr2_tgt_event.c","line":207,"t_abs":0.009562,"code":0}
{"event":"version","sid":"20261006T103239.154195Z-Ha9d4ceab-P000138f2","thread":"main","time":"2026-10-06T10:32:39.155608Z","file":"common-init.c","line":57,"evt":"4","exe":"2.50.1 (Apple Git-155)"}
{"event":"start","sid":"20261006T103239.154195Z-Ha9d4ceab-P000138f2","thread":"main","time":"2026-10-06T10:32:39.155622Z","file":"common-init.c","line":58,"t_abs":0.001767,"argv":["/Library/Developer/CommandLineTools/usr/bin/git","-C","/var/folders/f1/2xjyyqkn5plc19fx4nt4tpt00000gn/T/flow-dperf02-tWIHzq/main","ls-tree","-r","-z","--full-tree","469d797d25a0efdfd6741c2e7415be27879df851","--",":(literal)src/shared"]}
{"event":"def_repo","sid":"20261006T103239.153908Z-Ha9d4ceab-P000138d2","thread":"main","time":"2026-10-06T10:32:39.155942Z","file":"repository.c","line":241,"repo":1,"worktree":"/private/var/folders/f1/2xjyyqkn5plc19fx4nt4tpt00000gn/T/flow-dperf02-tWIHzq/main"}
{"event":"cmd_name","sid":"20261006T103239.153581Z-Ha9d4ceab-P000138db","thread":"main","time":"2026-10-06T10:32:39.155978Z","file":"git.c","line":477,"name":"ls-tree","hierarchy":"ls-tree"}
{"event":"cmd_name","sid":"20261006T103239.152847Z-Ha9d4ceab-P000138c2","thread":"main","time":"2026-10-06T10:32:39.155990Z","file":"git.c","line":477,"name":"ls-files","hierarchy":"ls-files"}
{"event":"region_enter","sid":"20261006T103239.152847Z-Ha9d4ceab-P000138c2","thread":"main","time":"2026-10-06T10:32:39.156729Z","file":"read-cache.c","line":2357,"repo":1,"nesting":1,"category":"index","label":"do_read_index","msg":".git/index"}
{"event":"region_enter","sid":"20261006T103239.152847Z-Ha9d4ceab-P000138c2","thread":"main","time":"2026-10-06T10:32:39.156839Z","file":"cache-tree.c","line":643,"repo":1,"nesting":2,"category":"cache_tree","label":"read"}
{"event":"cmd_name","sid":"20261006T103239.153908Z-Ha9d4ceab-P000138d2","thread":"main","time":"2026-10-06T10:32:39.156849Z","file":"git.c","line":477,"name":"ls-tree","hierarchy":"ls-tree"}
{"event":"region_leave","sid":"20261006T103239.152847Z-Ha9d4ceab-P000138c2","thread":"main","time":"2026-10-06T10:32:39.156871Z","file":"cache-tree.c","line":645,"repo":1,"t_rel":0.000033,"nesting":2,"category":"cache_tree","label":"read"}
{"event":"def_repo","sid":"20261006T103239.154195Z-Ha9d4ceab-P000138f2","thread":"main","time":"2026-10-06T10:32:39.156929Z","file":"repository.c","line":241,"repo":1,"worktree":"/private/var/folders/f1/2xjyyqkn5plc19fx4nt4tpt00000gn/T/flow-dperf02-tWIHzq/main"}
{"event":"data","sid":"20261006T103239.152847Z-Ha9d4ceab-P000138c2","thread":"main","time":"2026-10-06T10:32:39.156943Z","file":"read-cache.c","line":2306,"repo":1,"t_abs":0.004977,"t_rel":0.000214,"nesting":2,"category":"index","key":"read/version","value":"2"}
{"event":"data","sid":"20261006T103239.142886Z-Ha9d4ceab-P000138a4","thread":"main","time":"2026-10-06T10:32:39.156970Z","file":"dir.c","line":3058,"repo":1,"t_abs":0.014693,"t_rel":0.010832,"nesting":2,"category":"read_directory","key":"path","value":""}
{"event":"data","sid":"20261006T103239.152847Z-Ha9d4ceab-P000138c2","thread":"main","time":"2026-10-06T10:32:39.157062Z","file":"read-cache.c","line":2308,"repo":1,"t_abs":0.005096,"t_rel":0.000333,"nesting":2,"category":"index","key":"read/cache_nr","value":"389"}
{"event":"data","sid":"20261006T103239.142886Z-Ha9d4ceab-P000138a4","thread":"main","time":"2026-10-06T10:32:39.157075Z","file":"dir.c","line":3067,"repo":1,"t_abs":0.014801,"t_rel":0.010940,"nesting":2,"category":"read_directory","key":"directories-visited","value":"133"}
{"event":"region_leave","sid":"20261006T103239.152847Z-Ha9d4ceab-P000138c2","thread":"main","time":"2026-10-06T10:32:39.157080Z","file":"read-cache.c","line":2362,"repo":1,"t_rel":0.000351,"nesting":1,"category":"index","label":"do_read_index","msg":".git/index"}
{"event":"data","sid":"20261006T103239.142886Z-Ha9d4ceab-P000138a4","thread":"main","time":"2026-10-06T10:32:39.157091Z","file":"dir.c","line":3069,"repo":1,"t_abs":0.014819,"t_rel":0.010958,"nesting":2,"category":"read_directory","key":"paths-visited","value":"522"}
{"event":"region_leave","sid":"20261006T103239.142886Z-Ha9d4ceab-P000138a4","thread":"main","time":"2026-10-06T10:32:39.157108Z","file":"dir.c","line":3113,"repo":1,"t_rel":0.010974,"nesting":1,"category":"dir","label":"read_directory"}
{"event":"exit","sid":"20261006T103239.142886Z-Ha9d4ceab-P000138a4","thread":"main","time":"2026-10-06T10:32:39.157120Z","file":"git.c","line":747,"t_abs":0.014847,"code":0}
{"event":"atexit","sid":"20261006T103239.142886Z-Ha9d4ceab-P000138a4","thread":"main","time":"2026-10-06T10:32:39.157127Z","file":"trace2/tr2_tgt_event.c","line":207,"t_abs":0.014854,"code":0}
{"event":"region_enter","sid":"20261006T103239.152847Z-Ha9d4ceab-P000138c2","thread":"main","time":"2026-10-06T10:32:39.157298Z","file":"dir.c","line":3090,"repo":1,"nesting":1,"category":"dir","label":"read_directory"}
{"event":"cmd_name","sid":"20261006T103239.154195Z-Ha9d4ceab-P000138f2","thread":"main","time":"2026-10-06T10:32:39.157410Z","file":"git.c","line":477,"name":"ls-tree","hierarchy":"ls-tree"}
{"event":"region_enter","sid":"20261006T103239.152847Z-Ha9d4ceab-P000138c2","thread":"main","time":"2026-10-06T10:32:39.158016Z","file":"name-hash.c","line":597,"repo":1,"nesting":2,"category":"index","label":"name-hash-init"}
{"event":"region_leave","sid":"20261006T103239.152847Z-Ha9d4ceab-P000138c2","thread":"main","time":"2026-10-06T10:32:39.158057Z","file":"name-hash.c","line":618,"repo":1,"t_rel":0.000043,"nesting":2,"category":"index","label":"name-hash-init"}
{"event":"exit","sid":"20261006T103239.153581Z-Ha9d4ceab-P000138db","thread":"main","time":"2026-10-06T10:32:39.158062Z","file":"git.c","line":747,"t_abs":0.004826,"code":0}
{"event":"atexit","sid":"20261006T103239.153581Z-Ha9d4ceab-P000138db","thread":"main","time":"2026-10-06T10:32:39.158083Z","file":"trace2/tr2_tgt_event.c","line":207,"t_abs":0.004848,"code":0}
{"event":"exit","sid":"20261006T103239.153908Z-Ha9d4ceab-P000138d2","thread":"main","time":"2026-10-06T10:32:39.158310Z","file":"git.c","line":747,"t_abs":0.004716,"code":0}
{"event":"atexit","sid":"20261006T103239.153908Z-Ha9d4ceab-P000138d2","thread":"main","time":"2026-10-06T10:32:39.158326Z","file":"trace2/tr2_tgt_event.c","line":207,"t_abs":0.004732,"code":0}
{"event":"exit","sid":"20261006T103239.154195Z-Ha9d4ceab-P000138f2","thread":"main","time":"2026-10-06T10:32:39.158652Z","file":"git.c","line":747,"t_abs":0.004796,"code":0}
{"event":"atexit","sid":"20261006T103239.154195Z-Ha9d4ceab-P000138f2","thread":"main","time":"2026-10-06T10:32:39.158708Z","file":"trace2/tr2_tgt_event.c","line":207,"t_abs":0.004853,"code":0}
{"event":"version","sid":"20261006T103239.165072Z-Ha9d4ceab-P000138fa","thread":"main","time":"2026-10-06T10:32:39.166299Z","file":"common-init.c","line":57,"evt":"4","exe":"2.50.1 (Apple Git-155)"}
{"event":"start","sid":"20261006T103239.165072Z-Ha9d4ceab-P000138fa","thread":"main","time":"2026-10-06T10:32:39.166469Z","file":"common-init.c","line":58,"t_abs":0.002472,"argv":["/Library/Developer/CommandLineTools/usr/bin/git","-C","/var/folders/f1/2xjyyqkn5plc19fx4nt4tpt00000gn/T/flow-dperf02-tWIHzq/main","ls-tree","-r","-z","--full-tree","469d797d25a0efdfd6741c2e7415be27879df851","--",":(literal)src/shared"]}
{"event":"def_repo","sid":"20261006T103239.165072Z-Ha9d4ceab-P000138fa","thread":"main","time":"2026-10-06T10:32:39.167256Z","file":"repository.c","line":241,"repo":1,"worktree":"/private/var/folders/f1/2xjyyqkn5plc19fx4nt4tpt00000gn/T/flow-dperf02-tWIHzq/main"}
{"event":"data","sid":"20261006T103239.152847Z-Ha9d4ceab-P000138c2","thread":"main","time":"2026-10-06T10:32:39.167596Z","file":"dir.c","line":3058,"repo":1,"t_abs":0.015629,"t_rel":0.010297,"nesting":2,"category":"read_directory","key":"path","value":""}
{"event":"data","sid":"20261006T103239.152847Z-Ha9d4ceab-P000138c2","thread":"main","time":"2026-10-06T10:32:39.167636Z","file":"dir.c","line":3067,"repo":1,"t_abs":0.015655,"t_rel":0.010323,"nesting":2,"category":"read_directory","key":"directories-visited","value":"133"}
{"event":"data","sid":"20261006T103239.152847Z-Ha9d4ceab-P000138c2","thread":"main","time":"2026-10-06T10:32:39.167644Z","file":"dir.c","line":3069,"repo":1,"t_abs":0.015679,"t_rel":0.010347,"nesting":2,"category":"read_directory","key":"paths-visited","value":"522"}
{"event":"region_leave","sid":"20261006T103239.152847Z-Ha9d4ceab-P000138c2","thread":"main","time":"2026-10-06T10:32:39.167653Z","file":"dir.c","line":3113,"repo":1,"t_rel":0.010355,"nesting":1,"category":"dir","label":"read_directory"}
{"event":"exit","sid":"20261006T103239.152847Z-Ha9d4ceab-P000138c2","thread":"main","time":"2026-10-06T10:32:39.167668Z","file":"git.c","line":747,"t_abs":0.015702,"code":0}
{"event":"atexit","sid":"20261006T103239.152847Z-Ha9d4ceab-P000138c2","thread":"main","time":"2026-10-06T10:32:39.167674Z","file":"trace2/tr2_tgt_event.c","line":207,"t_abs":0.015708,"code":0}
{"event":"cmd_name","sid":"20261006T103239.165072Z-Ha9d4ceab-P000138fa","thread":"main","time":"2026-10-06T10:32:39.167846Z","file":"git.c","line":477,"name":"ls-tree","hierarchy":"ls-tree"}
{"event":"exit","sid":"20261006T103239.165072Z-Ha9d4ceab-P000138fa","thread":"main","time":"2026-10-06T10:32:39.170246Z","file":"git.c","line":747,"t_abs":0.006249,"code":0}
{"event":"atexit","sid":"20261006T103239.165072Z-Ha9d4ceab-P000138fa","thread":"main","time":"2026-10-06T10:32:39.170284Z","file":"trace2/tr2_tgt_event.c","line":207,"t_abs":0.006288,"code":0}
{"event":"version","sid":"20261006T103239.179711Z-Ha9d4ceab-P0001392c","thread":"main","time":"2026-10-06T10:32:39.180139Z","file":"common-init.c","line":57,"evt":"4","exe":"2.50.1 (Apple Git-155)"}
{"event":"start","sid":"20261006T103239.179711Z-Ha9d4ceab-P0001392c","thread":"main","time":"2026-10-06T10:32:39.180168Z","file":"common-init.c","line":58,"t_abs":0.000869,"argv":["/Library/Developer/CommandLineTools/usr/bin/git","-C","/var/folders/f1/2xjyyqkn5plc19fx4nt4tpt00000gn/T/flow-dperf02-tWIHzq/main","ls-tree","-r","-z","--full-tree","469d797d25a0efdfd6741c2e7415be27879df851","--",":(literal)src/shared"]}
{"event":"def_repo","sid":"20261006T103239.179711Z-Ha9d4ceab-P0001392c","thread":"main","time":"2026-10-06T10:32:39.180444Z","file":"repository.c","line":241,"repo":1,"worktree":"/private/var/folders/f1/2xjyyqkn5plc19fx4nt4tpt00000gn/T/flow-dperf02-tWIHzq/main"}
{"event":"cmd_name","sid":"20261006T103239.179711Z-Ha9d4ceab-P0001392c","thread":"main","time":"2026-10-06T10:32:39.180681Z","file":"git.c","line":477,"name":"ls-tree","hierarchy":"ls-tree"}
{"event":"exit","sid":"20261006T103239.179711Z-Ha9d4ceab-P0001392c","thread":"main","time":"2026-10-06T10:32:39.181837Z","file":"git.c","line":747,"t_abs":0.002538,"code":0}
{"event":"atexit","sid":"20261006T103239.179711Z-Ha9d4ceab-P0001392c","thread":"main","time":"2026-10-06T10:32:39.181852Z","file":"trace2/tr2_tgt_event.c","line":207,"t_abs":0.002553,"code":0}
{"event":"version","sid":"20261006T103239.186201Z-Ha9d4ceab-P00013942","thread":"main","time":"2026-10-06T10:32:39.187431Z","file":"common-init.c","line":57,"evt":"4","exe":"2.50.1 (Apple Git-155)"}
{"event":"start","sid":"20261006T103239.186201Z-Ha9d4ceab-P00013942","thread":"main","time":"2026-10-06T10:32:39.187510Z","file":"common-init.c","line":58,"t_abs":0.001908,"argv":["/Library/Developer/CommandLineTools/usr/bin/git","-C","/var/folders/f1/2xjyyqkn5plc19fx4nt4tpt00000gn/T/flow-dperf02-tWIHzq/main","ls-tree","-r","-z","--full-tree","469d797d25a0efdfd6741c2e7415be27879df851","--",":(literal)src/shared/a.txt"]}
{"event":"version","sid":"20261006T103239.186407Z-Ha9d4ceab-P00013937","thread":"main","time":"2026-10-06T10:32:39.187694Z","file":"common-init.c","line":57,"evt":"4","exe":"2.50.1 (Apple Git-155)"}
{"event":"start","sid":"20261006T103239.186407Z-Ha9d4ceab-P00013937","thread":"main","time":"2026-10-06T10:32:39.187742Z","file":"common-init.c","line":58,"t_abs":0.002207,"argv":["/Library/Developer/CommandLineTools/usr/bin/git","-C","/var/folders/f1/2xjyyqkn5plc19fx4nt4tpt00000gn/T/flow-dperf02-tWIHzq/main","ls-tree","-r","-z","--full-tree","469d797d25a0efdfd6741c2e7415be27879df851","--",":(literal)src/shared"]}
{"event":"def_repo","sid":"20261006T103239.186201Z-Ha9d4ceab-P00013942","thread":"main","time":"2026-10-06T10:32:39.187958Z","file":"repository.c","line":241,"repo":1,"worktree":"/private/var/folders/f1/2xjyyqkn5plc19fx4nt4tpt00000gn/T/flow-dperf02-tWIHzq/main"}
{"event":"cmd_name","sid":"20261006T103239.186201Z-Ha9d4ceab-P00013942","thread":"main","time":"2026-10-06T10:32:39.188620Z","file":"git.c","line":477,"name":"ls-tree","hierarchy":"ls-tree"}
{"event":"def_repo","sid":"20261006T103239.186407Z-Ha9d4ceab-P00013937","thread":"main","time":"2026-10-06T10:32:39.189538Z","file":"repository.c","line":241,"repo":1,"worktree":"/private/var/folders/f1/2xjyyqkn5plc19fx4nt4tpt00000gn/T/flow-dperf02-tWIHzq/main"}
{"event":"exit","sid":"20261006T103239.186201Z-Ha9d4ceab-P00013942","thread":"main","time":"2026-10-06T10:32:39.190025Z","file":"git.c","line":747,"t_abs":0.004424,"code":0}
{"event":"atexit","sid":"20261006T103239.186201Z-Ha9d4ceab-P00013942","thread":"main","time":"2026-10-06T10:32:39.190038Z","file":"trace2/tr2_tgt_event.c","line":207,"t_abs":0.004437,"code":0}
{"event":"cmd_name","sid":"20261006T103239.186407Z-Ha9d4ceab-P00013937","thread":"main","time":"2026-10-06T10:32:39.190051Z","file":"git.c","line":477,"name":"ls-tree","hierarchy":"ls-tree"}
{"event":"exit","sid":"20261006T103239.186407Z-Ha9d4ceab-P00013937","thread":"main","time":"2026-10-06T10:32:39.191262Z","file":"git.c","line":747,"t_abs":0.005727,"code":0}
{"event":"atexit","sid":"20261006T103239.186407Z-Ha9d4ceab-P00013937","thread":"main","time":"2026-10-06T10:32:39.191276Z","file":"trace2/tr2_tgt_event.c","line":207,"t_abs":0.005741,"code":0}
{"event":"version","sid":"20261006T103239.196191Z-Ha9d4ceab-P0001394e","thread":"main","time":"2026-10-06T10:32:39.197301Z","file":"common-init.c","line":57,"evt":"4","exe":"2.50.1 (Apple Git-155)"}
{"event":"start","sid":"20261006T103239.196191Z-Ha9d4ceab-P0001394e","thread":"main","time":"2026-10-06T10:32:39.197358Z","file":"common-init.c","line":58,"t_abs":0.001554,"argv":["/Library/Developer/CommandLineTools/usr/bin/git","-C","/var/folders/f1/2xjyyqkn5plc19fx4nt4tpt00000gn/T/flow-dperf02-tWIHzq/main","ls-tree","-r","-z","--full-tree","469d797d25a0efdfd6741c2e7415be27879df851","--",":(literal)src/shared/a.txt"]}
{"event":"def_repo","sid":"20261006T103239.196191Z-Ha9d4ceab-P0001394e","thread":"main","time":"2026-10-06T10:32:39.198335Z","file":"repository.c","line":241,"repo":1,"worktree":"/private/var/folders/f1/2xjyyqkn5plc19fx4nt4tpt00000gn/T/flow-dperf02-tWIHzq/main"}
{"event":"cmd_name","sid":"20261006T103239.196191Z-Ha9d4ceab-P0001394e","thread":"main","time":"2026-10-06T10:32:39.199211Z","file":"git.c","line":477,"name":"ls-tree","hierarchy":"ls-tree"}
{"event":"exit","sid":"20261006T103239.196191Z-Ha9d4ceab-P0001394e","thread":"main","time":"2026-10-06T10:32:39.200921Z","file":"git.c","line":747,"t_abs":0.005116,"code":0}
{"event":"atexit","sid":"20261006T103239.196191Z-Ha9d4ceab-P0001394e","thread":"main","time":"2026-10-06T10:32:39.200944Z","file":"trace2/tr2_tgt_event.c","line":207,"t_abs":0.005140,"code":0}
{"event":"version","sid":"20261006T103239.206514Z-Ha9d4ceab-P00013969","thread":"main","time":"2026-10-06T10:32:39.208643Z","file":"common-init.c","line":57,"evt":"4","exe":"2.50.1 (Apple Git-155)"}
{"event":"start","sid":"20261006T103239.206514Z-Ha9d4ceab-P00013969","thread":"main","time":"2026-10-06T10:32:39.208670Z","file":"common-init.c","line":58,"t_abs":0.002534,"argv":["/Library/Developer/CommandLineTools/usr/bin/git","-C","/var/folders/f1/2xjyyqkn5plc19fx4nt4tpt00000gn/T/flow-dperf02-tWIHzq/main","ls-tree","-r","-z","--full-tree","469d797d25a0efdfd6741c2e7415be27879df851","--",":(literal)src/shared"]}
{"event":"def_repo","sid":"20261006T103239.206514Z-Ha9d4ceab-P00013969","thread":"main","time":"2026-10-06T10:32:39.209030Z","file":"repository.c","line":241,"repo":1,"worktree":"/private/var/folders/f1/2xjyyqkn5plc19fx4nt4tpt00000gn/T/flow-dperf02-tWIHzq/main"}
{"event":"cmd_name","sid":"20261006T103239.206514Z-Ha9d4ceab-P00013969","thread":"main","time":"2026-10-06T10:32:39.209948Z","file":"git.c","line":477,"name":"ls-tree","hierarchy":"ls-tree"}
{"event":"version","sid":"20261006T103239.209973Z-Ha9d4ceab-P0001397c","thread":"main","time":"2026-10-06T10:32:39.210923Z","file":"common-init.c","line":57,"evt":"4","exe":"2.50.1 (Apple Git-155)"}
{"event":"start","sid":"20261006T103239.209973Z-Ha9d4ceab-P0001397c","thread":"main","time":"2026-10-06T10:32:39.211568Z","file":"common-init.c","line":58,"t_abs":0.002985,"argv":["/Library/Developer/CommandLineTools/usr/bin/git","-C","/var/folders/f1/2xjyyqkn5plc19fx4nt4tpt00000gn/T/flow-dperf02-tWIHzq/main","ls-tree","-r","-z","--full-tree","469d797d25a0efdfd6741c2e7415be27879df851","--",":(literal)src/shared"]}
{"event":"def_repo","sid":"20261006T103239.209973Z-Ha9d4ceab-P0001397c","thread":"main","time":"2026-10-06T10:32:39.212846Z","file":"repository.c","line":241,"repo":1,"worktree":"/private/var/folders/f1/2xjyyqkn5plc19fx4nt4tpt00000gn/T/flow-dperf02-tWIHzq/main"}
{"event":"cmd_name","sid":"20261006T103239.209973Z-Ha9d4ceab-P0001397c","thread":"main","time":"2026-10-06T10:32:39.213120Z","file":"git.c","line":477,"name":"ls-tree","hierarchy":"ls-tree"}
{"event":"version","sid":"20261006T103239.211514Z-Ha9d4ceab-P0001395d","thread":"main","time":"2026-10-06T10:32:39.213771Z","file":"common-init.c","line":57,"evt":"4","exe":"2.50.1 (Apple Git-155)"}
{"event":"start","sid":"20261006T103239.211514Z-Ha9d4ceab-P0001395d","thread":"main","time":"2026-10-06T10:32:39.213792Z","file":"common-init.c","line":58,"t_abs":0.003478,"argv":["/Library/Developer/CommandLineTools/usr/bin/git","-C","/var/folders/f1/2xjyyqkn5plc19fx4nt4tpt00000gn/T/flow-dperf02-tWIHzq/main","ls-tree","-r","-z","--full-tree","469d797d25a0efdfd6741c2e7415be27879df851","--",":(literal)src/shared"]}
{"event":"version","sid":"20261006T103239.210462Z-Ha9d4ceab-P00013974","thread":"main","time":"2026-10-06T10:32:39.213772Z","file":"common-init.c","line":57,"evt":"4","exe":"2.50.1 (Apple Git-155)"}
{"event":"start","sid":"20261006T103239.210462Z-Ha9d4ceab-P00013974","thread":"main","time":"2026-10-06T10:32:39.213825Z","file":"common-init.c","line":58,"t_abs":0.004440,"argv":["/Library/Developer/CommandLineTools/usr/bin/git","-C","/var/folders/f1/2xjyyqkn5plc19fx4nt4tpt00000gn/T/flow-dperf02-tWIHzq/main","ls-tree","-r","-z","--full-tree","469d797d25a0efdfd6741c2e7415be27879df851","--",":(literal)src/shared"]}
{"event":"def_repo","sid":"20261006T103239.210462Z-Ha9d4ceab-P00013974","thread":"main","time":"2026-10-06T10:32:39.214201Z","file":"repository.c","line":241,"repo":1,"worktree":"/private/var/folders/f1/2xjyyqkn5plc19fx4nt4tpt00000gn/T/flow-dperf02-tWIHzq/main"}
{"event":"def_repo","sid":"20261006T103239.211514Z-Ha9d4ceab-P0001395d","thread":"main","time":"2026-10-06T10:32:39.214240Z","file":"repository.c","line":241,"repo":1,"worktree":"/private/var/folders/f1/2xjyyqkn5plc19fx4nt4tpt00000gn/T/flow-dperf02-tWIHzq/main"}
{"event":"exit","sid":"20261006T103239.209973Z-Ha9d4ceab-P0001397c","thread":"main","time":"2026-10-06T10:32:39.215152Z","file":"git.c","line":747,"t_abs":0.006568,"code":0}
{"event":"atexit","sid":"20261006T103239.209973Z-Ha9d4ceab-P0001397c","thread":"main","time":"2026-10-06T10:32:39.215166Z","file":"trace2/tr2_tgt_event.c","line":207,"t_abs":0.006583,"code":0}
{"event":"exit","sid":"20261006T103239.206514Z-Ha9d4ceab-P00013969","thread":"main","time":"2026-10-06T10:32:39.215361Z","file":"git.c","line":747,"t_abs":0.009225,"code":0}
{"event":"atexit","sid":"20261006T103239.206514Z-Ha9d4ceab-P00013969","thread":"main","time":"2026-10-06T10:32:39.215375Z","file":"trace2/tr2_tgt_event.c","line":207,"t_abs":0.009239,"code":0}
{"event":"cmd_name","sid":"20261006T103239.210462Z-Ha9d4ceab-P00013974","thread":"main","time":"2026-10-06T10:32:39.215466Z","file":"git.c","line":477,"name":"ls-tree","hierarchy":"ls-tree"}
{"event":"cmd_name","sid":"20261006T103239.211514Z-Ha9d4ceab-P0001395d","thread":"main","time":"2026-10-06T10:32:39.215474Z","file":"git.c","line":477,"name":"ls-tree","hierarchy":"ls-tree"}
{"event":"exit","sid":"20261006T103239.211514Z-Ha9d4ceab-P0001395d","thread":"main","time":"2026-10-06T10:32:39.217893Z","file":"git.c","line":747,"t_abs":0.007579,"code":0}
{"event":"atexit","sid":"20261006T103239.211514Z-Ha9d4ceab-P0001395d","thread":"main","time":"2026-10-06T10:32:39.217910Z","file":"trace2/tr2_tgt_event.c","line":207,"t_abs":0.007596,"code":0}
{"event":"exit","sid":"20261006T103239.210462Z-Ha9d4ceab-P00013974","thread":"main","time":"2026-10-06T10:32:39.220286Z","file":"git.c","line":747,"t_abs":0.010901,"code":0}
{"event":"atexit","sid":"20261006T103239.210462Z-Ha9d4ceab-P00013974","thread":"main","time":"2026-10-06T10:32:39.220305Z","file":"trace2/tr2_tgt_event.c","line":207,"t_abs":0.010920,"code":0}
{"event":"version","sid":"20261006T103239.221155Z-Ha9d4ceab-P00013994","thread":"main","time":"2026-10-06T10:32:39.221781Z","file":"common-init.c","line":57,"evt":"4","exe":"2.50.1 (Apple Git-155)"}
{"event":"start","sid":"20261006T103239.221155Z-Ha9d4ceab-P00013994","thread":"main","time":"2026-10-06T10:32:39.221837Z","file":"common-init.c","line":58,"t_abs":0.001174,"argv":["/Library/Developer/CommandLineTools/usr/bin/git","-C","/var/folders/f1/2xjyyqkn5plc19fx4nt4tpt00000gn/T/flow-dperf02-tWIHzq/main","ls-tree","-r","-z","--full-tree","469d797d25a0efdfd6741c2e7415be27879df851","--",":(literal)src/shared/a.txt"]}
{"event":"version","sid":"20261006T103239.220498Z-Ha9d4ceab-P00013987","thread":"main","time":"2026-10-06T10:32:39.221858Z","file":"common-init.c","line":57,"evt":"4","exe":"2.50.1 (Apple Git-155)"}
{"event":"start","sid":"20261006T103239.220498Z-Ha9d4ceab-P00013987","thread":"main","time":"2026-10-06T10:32:39.221886Z","file":"common-init.c","line":58,"t_abs":0.002108,"argv":["/Library/Developer/CommandLineTools/usr/bin/git","-C","/var/folders/f1/2xjyyqkn5plc19fx4nt4tpt00000gn/T/flow-dperf02-tWIHzq/main","ls-tree","-r","-z","--full-tree","469d797d25a0efdfd6741c2e7415be27879df851","--",":(literal)src/shared/a.txt"]}
{"event":"def_repo","sid":"20261006T103239.221155Z-Ha9d4ceab-P00013994","thread":"main","time":"2026-10-06T10:32:39.222546Z","file":"repository.c","line":241,"repo":1,"worktree":"/private/var/folders/f1/2xjyyqkn5plc19fx4nt4tpt00000gn/T/flow-dperf02-tWIHzq/main"}
{"event":"def_repo","sid":"20261006T103239.220498Z-Ha9d4ceab-P00013987","thread":"main","time":"2026-10-06T10:32:39.222799Z","file":"repository.c","line":241,"repo":1,"worktree":"/private/var/folders/f1/2xjyyqkn5plc19fx4nt4tpt00000gn/T/flow-dperf02-tWIHzq/main"}
{"event":"cmd_name","sid":"20261006T103239.221155Z-Ha9d4ceab-P00013994","thread":"main","time":"2026-10-06T10:32:39.223029Z","file":"git.c","line":477,"name":"ls-tree","hierarchy":"ls-tree"}
{"event":"cmd_name","sid":"20261006T103239.220498Z-Ha9d4ceab-P00013987","thread":"main","time":"2026-10-06T10:32:39.223435Z","file":"git.c","line":477,"name":"ls-tree","hierarchy":"ls-tree"}
{"event":"version","sid":"20261006T103239.223708Z-Ha9d4ceab-P00013999","thread":"main","time":"2026-10-06T10:32:39.225321Z","file":"common-init.c","line":57,"evt":"4","exe":"2.50.1 (Apple Git-155)"}
{"event":"start","sid":"20261006T103239.223708Z-Ha9d4ceab-P00013999","thread":"main","time":"2026-10-06T10:32:39.225358Z","file":"common-init.c","line":58,"t_abs":0.002400,"argv":["/Library/Developer/CommandLineTools/usr/bin/git","-C","/var/folders/f1/2xjyyqkn5plc19fx4nt4tpt00000gn/T/flow-dperf02-tWIHzq/main","ls-tree","-r","-z","--full-tree","469d797d25a0efdfd6741c2e7415be27879df851","--",":(literal)src/shared/a.txt"]}
{"event":"def_repo","sid":"20261006T103239.223708Z-Ha9d4ceab-P00013999","thread":"main","time":"2026-10-06T10:32:39.226388Z","file":"repository.c","line":241,"repo":1,"worktree":"/private/var/folders/f1/2xjyyqkn5plc19fx4nt4tpt00000gn/T/flow-dperf02-tWIHzq/main"}
{"event":"exit","sid":"20261006T103239.221155Z-Ha9d4ceab-P00013994","thread":"main","time":"2026-10-06T10:32:39.226953Z","file":"git.c","line":747,"t_abs":0.006290,"code":0}
{"event":"atexit","sid":"20261006T103239.221155Z-Ha9d4ceab-P00013994","thread":"main","time":"2026-10-06T10:32:39.226983Z","file":"trace2/tr2_tgt_event.c","line":207,"t_abs":0.006321,"code":0}
{"event":"exit","sid":"20261006T103239.220498Z-Ha9d4ceab-P00013987","thread":"main","time":"2026-10-06T10:32:39.227636Z","file":"git.c","line":747,"t_abs":0.007857,"code":0}
{"event":"atexit","sid":"20261006T103239.220498Z-Ha9d4ceab-P00013987","thread":"main","time":"2026-10-06T10:32:39.227656Z","file":"trace2/tr2_tgt_event.c","line":207,"t_abs":0.007878,"code":0}
{"event":"cmd_name","sid":"20261006T103239.223708Z-Ha9d4ceab-P00013999","thread":"main","time":"2026-10-06T10:32:39.228998Z","file":"git.c","line":477,"name":"ls-tree","hierarchy":"ls-tree"}
{"event":"version","sid":"20261006T103239.229257Z-Ha9d4ceab-P0001398f","thread":"main","time":"2026-10-06T10:32:39.230528Z","file":"common-init.c","line":57,"evt":"4","exe":"2.50.1 (Apple Git-155)"}
{"event":"start","sid":"20261006T103239.229257Z-Ha9d4ceab-P0001398f","thread":"main","time":"2026-10-06T10:32:39.230660Z","file":"common-init.c","line":58,"t_abs":0.002462,"argv":["/Library/Developer/CommandLineTools/usr/bin/git","-C","/var/folders/f1/2xjyyqkn5plc19fx4nt4tpt00000gn/T/flow-dperf02-tWIHzq/main","ls-tree","-r","-z","--full-tree","469d797d25a0efdfd6741c2e7415be27879df851","--",":(literal)src/shared"]}
{"event":"exit","sid":"20261006T103239.223708Z-Ha9d4ceab-P00013999","thread":"main","time":"2026-10-06T10:32:39.230702Z","file":"git.c","line":747,"t_abs":0.007743,"code":0}
{"event":"atexit","sid":"20261006T103239.223708Z-Ha9d4ceab-P00013999","thread":"main","time":"2026-10-06T10:32:39.230723Z","file":"trace2/tr2_tgt_event.c","line":207,"t_abs":0.007765,"code":0}
{"event":"def_repo","sid":"20261006T103239.229257Z-Ha9d4ceab-P0001398f","thread":"main","time":"2026-10-06T10:32:39.231250Z","file":"repository.c","line":241,"repo":1,"worktree":"/private/var/folders/f1/2xjyyqkn5plc19fx4nt4tpt00000gn/T/flow-dperf02-tWIHzq/main"}
{"event":"cmd_name","sid":"20261006T103239.229257Z-Ha9d4ceab-P0001398f","thread":"main","time":"2026-10-06T10:32:39.231857Z","file":"git.c","line":477,"name":"ls-tree","hierarchy":"ls-tree"}
{"event":"version","sid":"20261006T103239.232454Z-Ha9d4ceab-P000139a3","thread":"main","time":"2026-10-06T10:32:39.233618Z","file":"common-init.c","line":57,"evt":"4","exe":"2.50.1 (Apple Git-155)"}
{"event":"start","sid":"20261006T103239.232454Z-Ha9d4ceab-P000139a3","thread":"main","time":"2026-10-06T10:32:39.233657Z","file":"common-init.c","line":58,"t_abs":0.002109,"argv":["/Library/Developer/CommandLineTools/usr/bin/git","-C","/var/folders/f1/2xjyyqkn5plc19fx4nt4tpt00000gn/T/flow-dperf02-tWIHzq/main","ls-tree","-r","-z","--full-tree","469d797d25a0efdfd6741c2e7415be27879df851","--",":(literal)src/shared/a.txt"]}
{"event":"exit","sid":"20261006T103239.229257Z-Ha9d4ceab-P0001398f","thread":"main","time":"2026-10-06T10:32:39.234024Z","file":"git.c","line":747,"t_abs":0.005827,"code":0}
{"event":"atexit","sid":"20261006T103239.229257Z-Ha9d4ceab-P0001398f","thread":"main","time":"2026-10-06T10:32:39.234044Z","file":"trace2/tr2_tgt_event.c","line":207,"t_abs":0.005847,"code":0}
{"event":"def_repo","sid":"20261006T103239.232454Z-Ha9d4ceab-P000139a3","thread":"main","time":"2026-10-06T10:32:39.234283Z","file":"repository.c","line":241,"repo":1,"worktree":"/private/var/folders/f1/2xjyyqkn5plc19fx4nt4tpt00000gn/T/flow-dperf02-tWIHzq/main"}
{"event":"cmd_name","sid":"20261006T103239.232454Z-Ha9d4ceab-P000139a3","thread":"main","time":"2026-10-06T10:32:39.234678Z","file":"git.c","line":477,"name":"ls-tree","hierarchy":"ls-tree"}
{"event":"version","sid":"20261006T103239.235329Z-Ha9d4ceab-P000139bc","thread":"main","time":"2026-10-06T10:32:39.236021Z","file":"common-init.c","line":57,"evt":"4","exe":"2.50.1 (Apple Git-155)"}
{"event":"start","sid":"20261006T103239.235329Z-Ha9d4ceab-P000139bc","thread":"main","time":"2026-10-06T10:32:39.236043Z","file":"common-init.c","line":58,"t_abs":0.001646,"argv":["/Library/Developer/CommandLineTools/usr/bin/git","-C","/var/folders/f1/2xjyyqkn5plc19fx4nt4tpt00000gn/T/flow-dperf02-tWIHzq/main","ls-tree","-r","-z","--full-tree","469d797d25a0efdfd6741c2e7415be27879df851","--",":(literal)src/shared/a.txt"]}
{"event":"exit","sid":"20261006T103239.232454Z-Ha9d4ceab-P000139a3","thread":"main","time":"2026-10-06T10:32:39.236232Z","file":"git.c","line":747,"t_abs":0.004684,"code":0}
{"event":"atexit","sid":"20261006T103239.232454Z-Ha9d4ceab-P000139a3","thread":"main","time":"2026-10-06T10:32:39.236249Z","file":"trace2/tr2_tgt_event.c","line":207,"t_abs":0.004701,"code":0}
{"event":"version","sid":"20261006T103239.235734Z-Ha9d4ceab-P000139b7","thread":"main","time":"2026-10-06T10:32:39.236429Z","file":"common-init.c","line":57,"evt":"4","exe":"2.50.1 (Apple Git-155)"}
{"event":"start","sid":"20261006T103239.235734Z-Ha9d4ceab-P000139b7","thread":"main","time":"2026-10-06T10:32:39.236443Z","file":"common-init.c","line":58,"t_abs":0.001202,"argv":["/Library/Developer/CommandLineTools/usr/bin/git","-C","/var/folders/f1/2xjyyqkn5plc19fx4nt4tpt00000gn/T/flow-dperf02-tWIHzq/main","ls-tree","-r","-z","--full-tree","469d797d25a0efdfd6741c2e7415be27879df851","--",":(literal)src/shared"]}
{"event":"def_repo","sid":"20261006T103239.235329Z-Ha9d4ceab-P000139bc","thread":"main","time":"2026-10-06T10:32:39.236885Z","file":"repository.c","line":241,"repo":1,"worktree":"/private/var/folders/f1/2xjyyqkn5plc19fx4nt4tpt00000gn/T/flow-dperf02-tWIHzq/main"}
{"event":"def_repo","sid":"20261006T103239.235734Z-Ha9d4ceab-P000139b7","thread":"main","time":"2026-10-06T10:32:39.236912Z","file":"repository.c","line":241,"repo":1,"worktree":"/private/var/folders/f1/2xjyyqkn5plc19fx4nt4tpt00000gn/T/flow-dperf02-tWIHzq/main"}
{"event":"cmd_name","sid":"20261006T103239.235734Z-Ha9d4ceab-P000139b7","thread":"main","time":"2026-10-06T10:32:39.237600Z","file":"git.c","line":477,"name":"ls-tree","hierarchy":"ls-tree"}
{"event":"cmd_name","sid":"20261006T103239.235329Z-Ha9d4ceab-P000139bc","thread":"main","time":"2026-10-06T10:32:39.237952Z","file":"git.c","line":477,"name":"ls-tree","hierarchy":"ls-tree"}
{"event":"version","sid":"20261006T103239.237996Z-Ha9d4ceab-P000139b2","thread":"main","time":"2026-10-06T10:32:39.238704Z","file":"common-init.c","line":57,"evt":"4","exe":"2.50.1 (Apple Git-155)"}
{"event":"start","sid":"20261006T103239.237996Z-Ha9d4ceab-P000139b2","thread":"main","time":"2026-10-06T10:32:39.238720Z","file":"common-init.c","line":58,"t_abs":0.001685,"argv":["/Library/Developer/CommandLineTools/usr/bin/git","-C","/var/folders/f1/2xjyyqkn5plc19fx4nt4tpt00000gn/T/flow-dperf02-tWIHzq/main","ls-tree","-r","-z","--full-tree","469d797d25a0efdfd6741c2e7415be27879df851","--",":(literal)src/shared"]}
{"event":"def_repo","sid":"20261006T103239.237996Z-Ha9d4ceab-P000139b2","thread":"main","time":"2026-10-06T10:32:39.239245Z","file":"repository.c","line":241,"repo":1,"worktree":"/private/var/folders/f1/2xjyyqkn5plc19fx4nt4tpt00000gn/T/flow-dperf02-tWIHzq/main"}
{"event":"cmd_name","sid":"20261006T103239.237996Z-Ha9d4ceab-P000139b2","thread":"main","time":"2026-10-06T10:32:39.239549Z","file":"git.c","line":477,"name":"ls-tree","hierarchy":"ls-tree"}
{"event":"version","sid":"20261006T103239.238064Z-Ha9d4ceab-P000139ad","thread":"main","time":"2026-10-06T10:32:39.239464Z","file":"common-init.c","line":57,"evt":"4","exe":"2.50.1 (Apple Git-155)"}
{"event":"start","sid":"20261006T103239.238064Z-Ha9d4ceab-P000139ad","thread":"main","time":"2026-10-06T10:32:39.239609Z","file":"common-init.c","line":58,"t_abs":0.002597,"argv":["/Library/Developer/CommandLineTools/usr/bin/git","-C","/var/folders/f1/2xjyyqkn5plc19fx4nt4tpt00000gn/T/flow-dperf02-tWIHzq/main","ls-tree","-r","-z","--full-tree","469d797d25a0efdfd6741c2e7415be27879df851","--",":(literal)src/shared/a.txt"]}
{"event":"def_repo","sid":"20261006T103239.238064Z-Ha9d4ceab-P000139ad","thread":"main","time":"2026-10-06T10:32:39.240305Z","file":"repository.c","line":241,"repo":1,"worktree":"/private/var/folders/f1/2xjyyqkn5plc19fx4nt4tpt00000gn/T/flow-dperf02-tWIHzq/main"}
{"event":"exit","sid":"20261006T103239.235329Z-Ha9d4ceab-P000139bc","thread":"main","time":"2026-10-06T10:32:39.240363Z","file":"git.c","line":747,"t_abs":0.005966,"code":0}
{"event":"atexit","sid":"20261006T103239.235329Z-Ha9d4ceab-P000139bc","thread":"main","time":"2026-10-06T10:32:39.240381Z","file":"trace2/tr2_tgt_event.c","line":207,"t_abs":0.005984,"code":0}
{"event":"exit","sid":"20261006T103239.235734Z-Ha9d4ceab-P000139b7","thread":"main","time":"2026-10-06T10:32:39.240850Z","file":"git.c","line":747,"t_abs":0.005609,"code":0}
{"event":"atexit","sid":"20261006T103239.235734Z-Ha9d4ceab-P000139b7","thread":"main","time":"2026-10-06T10:32:39.240862Z","file":"trace2/tr2_tgt_event.c","line":207,"t_abs":0.005621,"code":0}
{"event":"cmd_name","sid":"20261006T103239.238064Z-Ha9d4ceab-P000139ad","thread":"main","time":"2026-10-06T10:32:39.241226Z","file":"git.c","line":477,"name":"ls-tree","hierarchy":"ls-tree"}
{"event":"exit","sid":"20261006T103239.237996Z-Ha9d4ceab-P000139b2","thread":"main","time":"2026-10-06T10:32:39.241333Z","file":"git.c","line":747,"t_abs":0.004297,"code":0}
{"event":"atexit","sid":"20261006T103239.237996Z-Ha9d4ceab-P000139b2","thread":"main","time":"2026-10-06T10:32:39.241346Z","file":"trace2/tr2_tgt_event.c","line":207,"t_abs":0.004310,"code":0}
{"event":"version","sid":"20261006T103239.241852Z-Ha9d4ceab-P000139c9","thread":"main","time":"2026-10-06T10:32:39.242337Z","file":"common-init.c","line":57,"evt":"4","exe":"2.50.1 (Apple Git-155)"}
{"event":"start","sid":"20261006T103239.241852Z-Ha9d4ceab-P000139c9","thread":"main","time":"2026-10-06T10:32:39.242351Z","file":"common-init.c","line":58,"t_abs":0.000841,"argv":["/Library/Developer/CommandLineTools/usr/bin/git","-C","/var/folders/f1/2xjyyqkn5plc19fx4nt4tpt00000gn/T/flow-dperf02-tWIHzq/main","ls-tree","-r","-z","--full-tree","469d797d25a0efdfd6741c2e7415be27879df851","--",":(literal)src/shared/a.txt"]}
{"event":"exit","sid":"20261006T103239.238064Z-Ha9d4ceab-P000139ad","thread":"main","time":"2026-10-06T10:32:39.242408Z","file":"git.c","line":747,"t_abs":0.005397,"code":0}
{"event":"atexit","sid":"20261006T103239.238064Z-Ha9d4ceab-P000139ad","thread":"main","time":"2026-10-06T10:32:39.242420Z","file":"trace2/tr2_tgt_event.c","line":207,"t_abs":0.005409,"code":0}
{"event":"def_repo","sid":"20261006T103239.241852Z-Ha9d4ceab-P000139c9","thread":"main","time":"2026-10-06T10:32:39.242664Z","file":"repository.c","line":241,"repo":1,"worktree":"/private/var/folders/f1/2xjyyqkn5plc19fx4nt4tpt00000gn/T/flow-dperf02-tWIHzq/main"}
{"event":"cmd_name","sid":"20261006T103239.241852Z-Ha9d4ceab-P000139c9","thread":"main","time":"2026-10-06T10:32:39.242899Z","file":"git.c","line":477,"name":"ls-tree","hierarchy":"ls-tree"}
{"event":"version","sid":"20261006T103239.242556Z-Ha9d4ceab-P000139dd","thread":"main","time":"2026-10-06T10:32:39.243607Z","file":"common-init.c","line":57,"evt":"4","exe":"2.50.1 (Apple Git-155)"}
{"event":"start","sid":"20261006T103239.242556Z-Ha9d4ceab-P000139dd","thread":"main","time":"2026-10-06T10:32:39.243702Z","file":"common-init.c","line":58,"t_abs":0.001667,"argv":["/Library/Developer/CommandLineTools/usr/bin/git","-C","/var/folders/f1/2xjyyqkn5plc19fx4nt4tpt00000gn/T/flow-dperf02-tWIHzq/main","ls-tree","-r","-z","--full-tree","469d797d25a0efdfd6741c2e7415be27879df851","--",":(literal)src/second"]}
{"event":"def_repo","sid":"20261006T103239.242556Z-Ha9d4ceab-P000139dd","thread":"main","time":"2026-10-06T10:32:39.244293Z","file":"repository.c","line":241,"repo":1,"worktree":"/private/var/folders/f1/2xjyyqkn5plc19fx4nt4tpt00000gn/T/flow-dperf02-tWIHzq/main"}
{"event":"cmd_name","sid":"20261006T103239.242556Z-Ha9d4ceab-P000139dd","thread":"main","time":"2026-10-06T10:32:39.244845Z","file":"git.c","line":477,"name":"ls-tree","hierarchy":"ls-tree"}
{"event":"exit","sid":"20261006T103239.241852Z-Ha9d4ceab-P000139c9","thread":"main","time":"2026-10-06T10:32:39.245350Z","file":"git.c","line":747,"t_abs":0.003840,"code":0}
{"event":"atexit","sid":"20261006T103239.241852Z-Ha9d4ceab-P000139c9","thread":"main","time":"2026-10-06T10:32:39.245362Z","file":"trace2/tr2_tgt_event.c","line":207,"t_abs":0.003852,"code":0}
{"event":"exit","sid":"20261006T103239.242556Z-Ha9d4ceab-P000139dd","thread":"main","time":"2026-10-06T10:32:39.247173Z","file":"git.c","line":747,"t_abs":0.005139,"code":0}
{"event":"atexit","sid":"20261006T103239.242556Z-Ha9d4ceab-P000139dd","thread":"main","time":"2026-10-06T10:32:39.247195Z","file":"trace2/tr2_tgt_event.c","line":207,"t_abs":0.005161,"code":0}
{"event":"version","sid":"20261006T103239.247414Z-Ha9d4ceab-P000139d4","thread":"main","time":"2026-10-06T10:32:39.248293Z","file":"common-init.c","line":57,"evt":"4","exe":"2.50.1 (Apple Git-155)"}
{"event":"start","sid":"20261006T103239.247414Z-Ha9d4ceab-P000139d4","thread":"main","time":"2026-10-06T10:32:39.248555Z","file":"common-init.c","line":58,"t_abs":0.001961,"argv":["/Library/Developer/CommandLineTools/usr/bin/git","-C","/var/folders/f1/2xjyyqkn5plc19fx4nt4tpt00000gn/T/flow-dperf02-tWIHzq/main","ls-tree","-r","-z","--full-tree","469d797d25a0efdfd6741c2e7415be27879df851","--",":(literal)src/second"]}
{"event":"def_repo","sid":"20261006T103239.247414Z-Ha9d4ceab-P000139d4","thread":"main","time":"2026-10-06T10:32:39.249023Z","file":"repository.c","line":241,"repo":1,"worktree":"/private/var/folders/f1/2xjyyqkn5plc19fx4nt4tpt00000gn/T/flow-dperf02-tWIHzq/main"}
{"event":"cmd_name","sid":"20261006T103239.247414Z-Ha9d4ceab-P000139d4","thread":"main","time":"2026-10-06T10:32:39.249337Z","file":"git.c","line":477,"name":"ls-tree","hierarchy":"ls-tree"}
{"event":"exit","sid":"20261006T103239.247414Z-Ha9d4ceab-P000139d4","thread":"main","time":"2026-10-06T10:32:39.250896Z","file":"git.c","line":747,"t_abs":0.004302,"code":0}
{"event":"atexit","sid":"20261006T103239.247414Z-Ha9d4ceab-P000139d4","thread":"main","time":"2026-10-06T10:32:39.250913Z","file":"trace2/tr2_tgt_event.c","line":207,"t_abs":0.004320,"code":0}
{"event":"version","sid":"20261006T103239.251196Z-Ha9d4ceab-P000139f3","thread":"main","time":"2026-10-06T10:32:39.251859Z","file":"common-init.c","line":57,"evt":"4","exe":"2.50.1 (Apple Git-155)"}
{"event":"start","sid":"20261006T103239.251196Z-Ha9d4ceab-P000139f3","thread":"main","time":"2026-10-06T10:32:39.251887Z","file":"common-init.c","line":58,"t_abs":0.001193,"argv":["/Library/Developer/CommandLineTools/usr/bin/git","-C","/var/folders/f1/2xjyyqkn5plc19fx4nt4tpt00000gn/T/flow-dperf02-tWIHzq/main","ls-tree","-r","-z","--full-tree","469d797d25a0efdfd6741c2e7415be27879df851","--",":(literal)src/shared/a.txt"]}
{"event":"def_repo","sid":"20261006T103239.251196Z-Ha9d4ceab-P000139f3","thread":"main","time":"2026-10-06T10:32:39.252416Z","file":"repository.c","line":241,"repo":1,"worktree":"/private/var/folders/f1/2xjyyqkn5plc19fx4nt4tpt00000gn/T/flow-dperf02-tWIHzq/main"}
{"event":"cmd_name","sid":"20261006T103239.251196Z-Ha9d4ceab-P000139f3","thread":"main","time":"2026-10-06T10:32:39.252690Z","file":"git.c","line":477,"name":"ls-tree","hierarchy":"ls-tree"}
{"event":"exit","sid":"20261006T103239.251196Z-Ha9d4ceab-P000139f3","thread":"main","time":"2026-10-06T10:32:39.254066Z","file":"git.c","line":747,"t_abs":0.003371,"code":0}
{"event":"atexit","sid":"20261006T103239.251196Z-Ha9d4ceab-P000139f3","thread":"main","time":"2026-10-06T10:32:39.254085Z","file":"trace2/tr2_tgt_event.c","line":207,"t_abs":0.003391,"code":0}
{"event":"version","sid":"20261006T103239.260223Z-Ha9d4ceab-P00013a07","thread":"main","time":"2026-10-06T10:32:39.260810Z","file":"common-init.c","line":57,"evt":"4","exe":"2.50.1 (Apple Git-155)"}
{"event":"start","sid":"20261006T103239.260223Z-Ha9d4ceab-P00013a07","thread":"main","time":"2026-10-06T10:32:39.260867Z","file":"common-init.c","line":58,"t_abs":0.001020,"argv":["/Library/Developer/CommandLineTools/usr/bin/git","-C","/var/folders/f1/2xjyyqkn5plc19fx4nt4tpt00000gn/T/flow-dperf02-tWIHzq/main","ls-tree","-r","-z","--full-tree","469d797d25a0efdfd6741c2e7415be27879df851","--",":(literal)src/shared/a.txt"]}
{"event":"def_repo","sid":"20261006T103239.260223Z-Ha9d4ceab-P00013a07","thread":"main","time":"2026-10-06T10:32:39.261801Z","file":"repository.c","line":241,"repo":1,"worktree":"/private/var/folders/f1/2xjyyqkn5plc19fx4nt4tpt00000gn/T/flow-dperf02-tWIHzq/main"}
{"event":"cmd_name","sid":"20261006T103239.260223Z-Ha9d4ceab-P00013a07","thread":"main","time":"2026-10-06T10:32:39.262044Z","file":"git.c","line":477,"name":"ls-tree","hierarchy":"ls-tree"}
{"event":"exit","sid":"20261006T103239.260223Z-Ha9d4ceab-P00013a07","thread":"main","time":"2026-10-06T10:32:39.263300Z","file":"git.c","line":747,"t_abs":0.003452,"code":0}
{"event":"atexit","sid":"20261006T103239.260223Z-Ha9d4ceab-P00013a07","thread":"main","time":"2026-10-06T10:32:39.263314Z","file":"trace2/tr2_tgt_event.c","line":207,"t_abs":0.003467,"code":0}
{"event":"version","sid":"20261006T103239.274703Z-Ha9d4ceab-P00013a28","thread":"main","time":"2026-10-06T10:32:39.275696Z","file":"common-init.c","line":57,"evt":"4","exe":"2.50.1 (Apple Git-155)"}
{"event":"start","sid":"20261006T103239.274703Z-Ha9d4ceab-P00013a28","thread":"main","time":"2026-10-06T10:32:39.275730Z","file":"common-init.c","line":58,"t_abs":0.001444,"argv":["/Library/Developer/CommandLineTools/usr/bin/git","-C","/var/folders/f1/2xjyyqkn5plc19fx4nt4tpt00000gn/T/flow-dperf02-tWIHzq/main","ls-tree","-r","-z","--full-tree","469d797d25a0efdfd6741c2e7415be27879df851","--",":(literal)src/shared/a.txt"]}
{"event":"version","sid":"20261006T103239.275231Z-Ha9d4ceab-P00013a1f","thread":"main","time":"2026-10-06T10:32:39.275937Z","file":"common-init.c","line":57,"evt":"4","exe":"2.50.1 (Apple Git-155)"}
{"event":"start","sid":"20261006T103239.275231Z-Ha9d4ceab-P00013a1f","thread":"main","time":"2026-10-06T10:32:39.275977Z","file":"common-init.c","line":58,"t_abs":0.001130,"argv":["/Library/Developer/CommandLineTools/usr/bin/git","-C","/var/folders/f1/2xjyyqkn5plc19fx4nt4tpt00000gn/T/flow-dperf02-tWIHzq/main","ls-tree","-r","-z","--full-tree","469d797d25a0efdfd6741c2e7415be27879df851","--",":(literal)src/second"]}
{"event":"def_repo","sid":"20261006T103239.274703Z-Ha9d4ceab-P00013a28","thread":"main","time":"2026-10-06T10:32:39.276583Z","file":"repository.c","line":241,"repo":1,"worktree":"/private/var/folders/f1/2xjyyqkn5plc19fx4nt4tpt00000gn/T/flow-dperf02-tWIHzq/main"}
{"event":"def_repo","sid":"20261006T103239.275231Z-Ha9d4ceab-P00013a1f","thread":"main","time":"2026-10-06T10:32:39.276753Z","file":"repository.c","line":241,"repo":1,"worktree":"/private/var/folders/f1/2xjyyqkn5plc19fx4nt4tpt00000gn/T/flow-dperf02-tWIHzq/main"}
{"event":"cmd_name","sid":"20261006T103239.274703Z-Ha9d4ceab-P00013a28","thread":"main","time":"2026-10-06T10:32:39.277148Z","file":"git.c","line":477,"name":"ls-tree","hierarchy":"ls-tree"}
{"event":"cmd_name","sid":"20261006T103239.275231Z-Ha9d4ceab-P00013a1f","thread":"main","time":"2026-10-06T10:32:39.277712Z","file":"git.c","line":477,"name":"ls-tree","hierarchy":"ls-tree"}
{"event":"version","sid":"20261006T103239.278092Z-Ha9d4ceab-P00013a3a","thread":"main","time":"2026-10-06T10:32:39.279110Z","file":"common-init.c","line":57,"evt":"4","exe":"2.50.1 (Apple Git-155)"}
{"event":"start","sid":"20261006T103239.278092Z-Ha9d4ceab-P00013a3a","thread":"main","time":"2026-10-06T10:32:39.279133Z","file":"common-init.c","line":58,"t_abs":0.001604,"argv":["/Library/Developer/CommandLineTools/usr/bin/git","-C","/var/folders/f1/2xjyyqkn5plc19fx4nt4tpt00000gn/T/flow-dperf02-tWIHzq/main","ls-tree","-r","-z","--full-tree","469d797d25a0efdfd6741c2e7415be27879df851","--",":(literal)src/shared/a.txt"]}
{"event":"exit","sid":"20261006T103239.274703Z-Ha9d4ceab-P00013a28","thread":"main","time":"2026-10-06T10:32:39.279163Z","file":"git.c","line":747,"t_abs":0.004877,"code":0}
{"event":"atexit","sid":"20261006T103239.274703Z-Ha9d4ceab-P00013a28","thread":"main","time":"2026-10-06T10:32:39.279203Z","file":"trace2/tr2_tgt_event.c","line":207,"t_abs":0.004917,"code":0}
{"event":"exit","sid":"20261006T103239.275231Z-Ha9d4ceab-P00013a1f","thread":"main","time":"2026-10-06T10:32:39.279835Z","file":"git.c","line":747,"t_abs":0.004988,"code":0}
{"event":"atexit","sid":"20261006T103239.275231Z-Ha9d4ceab-P00013a1f","thread":"main","time":"2026-10-06T10:32:39.279850Z","file":"trace2/tr2_tgt_event.c","line":207,"t_abs":0.005004,"code":0}
{"event":"def_repo","sid":"20261006T103239.278092Z-Ha9d4ceab-P00013a3a","thread":"main","time":"2026-10-06T10:32:39.279967Z","file":"repository.c","line":241,"repo":1,"worktree":"/private/var/folders/f1/2xjyyqkn5plc19fx4nt4tpt00000gn/T/flow-dperf02-tWIHzq/main"}
{"event":"cmd_name","sid":"20261006T103239.278092Z-Ha9d4ceab-P00013a3a","thread":"main","time":"2026-10-06T10:32:39.280591Z","file":"git.c","line":477,"name":"ls-tree","hierarchy":"ls-tree"}
{"event":"version","sid":"20261006T103239.280322Z-Ha9d4ceab-P00013a3f","thread":"main","time":"2026-10-06T10:32:39.281885Z","file":"common-init.c","line":57,"evt":"4","exe":"2.50.1 (Apple Git-155)"}
{"event":"start","sid":"20261006T103239.280322Z-Ha9d4ceab-P00013a3f","thread":"main","time":"2026-10-06T10:32:39.281921Z","file":"common-init.c","line":58,"t_abs":0.002550,"argv":["/Library/Developer/CommandLineTools/usr/bin/git","-C","/var/folders/f1/2xjyyqkn5plc19fx4nt4tpt00000gn/T/flow-dperf02-tWIHzq/main","ls-tree","-r","-z","--full-tree","469d797d25a0efdfd6741c2e7415be27879df851","--",":(literal)src/second"]}
{"event":"def_repo","sid":"20261006T103239.280322Z-Ha9d4ceab-P00013a3f","thread":"main","time":"2026-10-06T10:32:39.282492Z","file":"repository.c","line":241,"repo":1,"worktree":"/private/var/folders/f1/2xjyyqkn5plc19fx4nt4tpt00000gn/T/flow-dperf02-tWIHzq/main"}
{"event":"cmd_name","sid":"20261006T103239.280322Z-Ha9d4ceab-P00013a3f","thread":"main","time":"2026-10-06T10:32:39.282881Z","file":"git.c","line":477,"name":"ls-tree","hierarchy":"ls-tree"}
{"event":"exit","sid":"20261006T103239.278092Z-Ha9d4ceab-P00013a3a","thread":"main","time":"2026-10-06T10:32:39.283087Z","file":"git.c","line":747,"t_abs":0.005557,"code":0}
{"event":"atexit","sid":"20261006T103239.278092Z-Ha9d4ceab-P00013a3a","thread":"main","time":"2026-10-06T10:32:39.283107Z","file":"trace2/tr2_tgt_event.c","line":207,"t_abs":0.005578,"code":0}
{"event":"exit","sid":"20261006T103239.280322Z-Ha9d4ceab-P00013a3f","thread":"main","time":"2026-10-06T10:32:39.284591Z","file":"git.c","line":747,"t_abs":0.005220,"code":0}
{"event":"atexit","sid":"20261006T103239.280322Z-Ha9d4ceab-P00013a3f","thread":"main","time":"2026-10-06T10:32:39.284604Z","file":"trace2/tr2_tgt_event.c","line":207,"t_abs":0.005233,"code":0}
{"event":"version","sid":"20261006T103239.291539Z-Ha9d4ceab-P00013a5d","thread":"main","time":"2026-10-06T10:32:39.292893Z","file":"common-init.c","line":57,"evt":"4","exe":"2.50.1 (Apple Git-155)"}
{"event":"start","sid":"20261006T103239.291539Z-Ha9d4ceab-P00013a5d","thread":"main","time":"2026-10-06T10:32:39.293039Z","file":"common-init.c","line":58,"t_abs":0.002510,"argv":["/Library/Developer/CommandLineTools/usr/bin/git","-C","/var/folders/f1/2xjyyqkn5plc19fx4nt4tpt00000gn/T/flow-dperf02-tWIHzq/main","ls-tree","-r","-z","--full-tree","469d797d25a0efdfd6741c2e7415be27879df851","--",":(literal)src/shared/a.txt"]}
{"event":"def_repo","sid":"20261006T103239.291539Z-Ha9d4ceab-P00013a5d","thread":"main","time":"2026-10-06T10:32:39.293427Z","file":"repository.c","line":241,"repo":1,"worktree":"/private/var/folders/f1/2xjyyqkn5plc19fx4nt4tpt00000gn/T/flow-dperf02-tWIHzq/main"}
{"event":"cmd_name","sid":"20261006T103239.291539Z-Ha9d4ceab-P00013a5d","thread":"main","time":"2026-10-06T10:32:39.293793Z","file":"git.c","line":477,"name":"ls-tree","hierarchy":"ls-tree"}
{"event":"exit","sid":"20261006T103239.291539Z-Ha9d4ceab-P00013a5d","thread":"main","time":"2026-10-06T10:32:39.295329Z","file":"git.c","line":747,"t_abs":0.004801,"code":0}
{"event":"atexit","sid":"20261006T103239.291539Z-Ha9d4ceab-P00013a5d","thread":"main","time":"2026-10-06T10:32:39.295348Z","file":"trace2/tr2_tgt_event.c","line":207,"t_abs":0.004820,"code":0}
{"event":"version","sid":"20261006T103239.294126Z-Ha9d4ceab-P00013a56","thread":"main","time":"2026-10-06T10:32:39.295458Z","file":"common-init.c","line":57,"evt":"4","exe":"2.50.1 (Apple Git-155)"}
{"event":"start","sid":"20261006T103239.294126Z-Ha9d4ceab-P00013a56","thread":"main","time":"2026-10-06T10:32:39.295499Z","file":"common-init.c","line":58,"t_abs":0.001994,"argv":["/Library/Developer/CommandLineTools/usr/bin/git","-C","/var/folders/f1/2xjyyqkn5plc19fx4nt4tpt00000gn/T/flow-dperf02-tWIHzq/main","ls-tree","-r","-z","--full-tree","469d797d25a0efdfd6741c2e7415be27879df851","--",":(literal)src/second"]}
{"event":"def_repo","sid":"20261006T103239.294126Z-Ha9d4ceab-P00013a56","thread":"main","time":"2026-10-06T10:32:39.295865Z","file":"repository.c","line":241,"repo":1,"worktree":"/private/var/folders/f1/2xjyyqkn5plc19fx4nt4tpt00000gn/T/flow-dperf02-tWIHzq/main"}
{"event":"cmd_name","sid":"20261006T103239.294126Z-Ha9d4ceab-P00013a56","thread":"main","time":"2026-10-06T10:32:39.296242Z","file":"git.c","line":477,"name":"ls-tree","hierarchy":"ls-tree"}
{"event":"version","sid":"20261006T103239.295160Z-Ha9d4ceab-P00013a62","thread":"main","time":"2026-10-06T10:32:39.296733Z","file":"common-init.c","line":57,"evt":"4","exe":"2.50.1 (Apple Git-155)"}
{"event":"start","sid":"20261006T103239.295160Z-Ha9d4ceab-P00013a62","thread":"main","time":"2026-10-06T10:32:39.296814Z","file":"common-init.c","line":58,"t_abs":0.003209,"argv":["/Library/Developer/CommandLineTools/usr/bin/git","-C","/var/folders/f1/2xjyyqkn5plc19fx4nt4tpt00000gn/T/flow-dperf02-tWIHzq/main","ls-tree","-r","-z","--full-tree","469d797d25a0efdfd6741c2e7415be27879df851","--",":(literal)src/second"]}
{"event":"def_repo","sid":"20261006T103239.295160Z-Ha9d4ceab-P00013a62","thread":"main","time":"2026-10-06T10:32:39.297042Z","file":"repository.c","line":241,"repo":1,"worktree":"/private/var/folders/f1/2xjyyqkn5plc19fx4nt4tpt00000gn/T/flow-dperf02-tWIHzq/main"}
{"event":"cmd_name","sid":"20261006T103239.295160Z-Ha9d4ceab-P00013a62","thread":"main","time":"2026-10-06T10:32:39.297283Z","file":"git.c","line":477,"name":"ls-tree","hierarchy":"ls-tree"}
{"event":"exit","sid":"20261006T103239.294126Z-Ha9d4ceab-P00013a56","thread":"main","time":"2026-10-06T10:32:39.297724Z","file":"git.c","line":747,"t_abs":0.004220,"code":0}
{"event":"atexit","sid":"20261006T103239.294126Z-Ha9d4ceab-P00013a56","thread":"main","time":"2026-10-06T10:32:39.297737Z","file":"trace2/tr2_tgt_event.c","line":207,"t_abs":0.004233,"code":0}
{"event":"exit","sid":"20261006T103239.295160Z-Ha9d4ceab-P00013a62","thread":"main","time":"2026-10-06T10:32:39.298674Z","file":"git.c","line":747,"t_abs":0.005069,"code":0}
{"event":"atexit","sid":"20261006T103239.295160Z-Ha9d4ceab-P00013a62","thread":"main","time":"2026-10-06T10:32:39.298693Z","file":"trace2/tr2_tgt_event.c","line":207,"t_abs":0.005089,"code":0}
{"event":"version","sid":"20261006T103239.307821Z-Ha9d4ceab-P00013a98","thread":"main","time":"2026-10-06T10:32:39.308397Z","file":"common-init.c","line":57,"evt":"4","exe":"2.50.1 (Apple Git-155)"}
{"event":"start","sid":"20261006T103239.307821Z-Ha9d4ceab-P00013a98","thread":"main","time":"2026-10-06T10:32:39.308482Z","file":"common-init.c","line":58,"t_abs":0.001015,"argv":["/Library/Developer/CommandLineTools/usr/bin/git","-C","/var/folders/f1/2xjyyqkn5plc19fx4nt4tpt00000gn/T/flow-dperf02-tWIHzq/main","ls-tree","-r","-z","--full-tree","469d797d25a0efdfd6741c2e7415be27879df851","--",":(literal)src/second"]}
{"event":"def_repo","sid":"20261006T103239.307821Z-Ha9d4ceab-P00013a98","thread":"main","time":"2026-10-06T10:32:39.308716Z","file":"repository.c","line":241,"repo":1,"worktree":"/private/var/folders/f1/2xjyyqkn5plc19fx4nt4tpt00000gn/T/flow-dperf02-tWIHzq/main"}
{"event":"version","sid":"20261006T103239.308194Z-Ha9d4ceab-P00013a75","thread":"main","time":"2026-10-06T10:32:39.308911Z","file":"common-init.c","line":57,"evt":"4","exe":"2.50.1 (Apple Git-155)"}
{"event":"start","sid":"20261006T103239.308194Z-Ha9d4ceab-P00013a75","thread":"main","time":"2026-10-06T10:32:39.308950Z","file":"common-init.c","line":58,"t_abs":0.001250,"argv":["/Library/Developer/CommandLineTools/usr/bin/git","-C","/var/folders/f1/2xjyyqkn5plc19fx4nt4tpt00000gn/T/flow-dperf02-tWIHzq/main","ls-tree","-r","-z","--full-tree","469d797d25a0efdfd6741c2e7415be27879df851","--",":(literal)src/second"]}
{"event":"cmd_name","sid":"20261006T103239.307821Z-Ha9d4ceab-P00013a98","thread":"main","time":"2026-10-06T10:32:39.309115Z","file":"git.c","line":477,"name":"ls-tree","hierarchy":"ls-tree"}
{"event":"def_repo","sid":"20261006T103239.308194Z-Ha9d4ceab-P00013a75","thread":"main","time":"2026-10-06T10:32:39.309379Z","file":"repository.c","line":241,"repo":1,"worktree":"/private/var/folders/f1/2xjyyqkn5plc19fx4nt4tpt00000gn/T/flow-dperf02-tWIHzq/main"}
{"event":"cmd_name","sid":"20261006T103239.308194Z-Ha9d4ceab-P00013a75","thread":"main","time":"2026-10-06T10:32:39.309641Z","file":"git.c","line":477,"name":"ls-tree","hierarchy":"ls-tree"}
{"event":"exit","sid":"20261006T103239.307821Z-Ha9d4ceab-P00013a98","thread":"main","time":"2026-10-06T10:32:39.310796Z","file":"git.c","line":747,"t_abs":0.003329,"code":0}
{"event":"atexit","sid":"20261006T103239.307821Z-Ha9d4ceab-P00013a98","thread":"main","time":"2026-10-06T10:32:39.310813Z","file":"trace2/tr2_tgt_event.c","line":207,"t_abs":0.003347,"code":0}
{"event":"exit","sid":"20261006T103239.308194Z-Ha9d4ceab-P00013a75","thread":"main","time":"2026-10-06T10:32:39.310926Z","file":"git.c","line":747,"t_abs":0.003227,"code":0}
{"event":"atexit","sid":"20261006T103239.308194Z-Ha9d4ceab-P00013a75","thread":"main","time":"2026-10-06T10:32:39.310941Z","file":"trace2/tr2_tgt_event.c","line":207,"t_abs":0.003242,"code":0}
{"event":"version","sid":"20261006T103239.316078Z-Ha9d4ceab-P00013aa9","thread":"main","time":"2026-10-06T10:32:39.319692Z","file":"common-init.c","line":57,"evt":"4","exe":"2.50.1 (Apple Git-155)"}
{"event":"start","sid":"20261006T103239.316078Z-Ha9d4ceab-P00013aa9","thread":"main","time":"2026-10-06T10:32:39.319722Z","file":"common-init.c","line":58,"t_abs":0.004251,"argv":["/Library/Developer/CommandLineTools/usr/bin/git","-C","/var/folders/f1/2xjyyqkn5plc19fx4nt4tpt00000gn/T/flow-dperf02-tWIHzq/main","ls-tree","-r","-z","--full-tree","469d797d25a0efdfd6741c2e7415be27879df851","--",":(literal)src/shared/a.txt"]}
{"event":"def_repo","sid":"20261006T103239.316078Z-Ha9d4ceab-P00013aa9","thread":"main","time":"2026-10-06T10:32:39.319915Z","file":"repository.c","line":241,"repo":1,"worktree":"/private/var/folders/f1/2xjyyqkn5plc19fx4nt4tpt00000gn/T/flow-dperf02-tWIHzq/main"}
{"event":"cmd_name","sid":"20261006T103239.316078Z-Ha9d4ceab-P00013aa9","thread":"main","time":"2026-10-06T10:32:39.320106Z","file":"git.c","line":477,"name":"ls-tree","hierarchy":"ls-tree"}
{"event":"version","sid":"20261006T103239.318925Z-Ha9d4ceab-P00013a9f","thread":"main","time":"2026-10-06T10:32:39.320209Z","file":"common-init.c","line":57,"evt":"4","exe":"2.50.1 (Apple Git-155)"}
{"event":"start","sid":"20261006T103239.318925Z-Ha9d4ceab-P00013a9f","thread":"main","time":"2026-10-06T10:32:39.320237Z","file":"common-init.c","line":58,"t_abs":0.001783,"argv":["/Library/Developer/CommandLineTools/usr/bin/git","-C","/var/folders/f1/2xjyyqkn5plc19fx4nt4tpt00000gn/T/flow-dperf02-tWIHzq/main","ls-tree","-r","-z","--full-tree","469d797d25a0efdfd6741c2e7415be27879df851","--",":(literal)src/shared/a.txt"]}
{"event":"def_repo","sid":"20261006T103239.318925Z-Ha9d4ceab-P00013a9f","thread":"main","time":"2026-10-06T10:32:39.320643Z","file":"repository.c","line":241,"repo":1,"worktree":"/private/var/folders/f1/2xjyyqkn5plc19fx4nt4tpt00000gn/T/flow-dperf02-tWIHzq/main"}
{"event":"cmd_name","sid":"20261006T103239.318925Z-Ha9d4ceab-P00013a9f","thread":"main","time":"2026-10-06T10:32:39.320909Z","file":"git.c","line":477,"name":"ls-tree","hierarchy":"ls-tree"}
{"event":"exit","sid":"20261006T103239.316078Z-Ha9d4ceab-P00013aa9","thread":"main","time":"2026-10-06T10:32:39.321343Z","file":"git.c","line":747,"t_abs":0.005871,"code":0}
{"event":"atexit","sid":"20261006T103239.316078Z-Ha9d4ceab-P00013aa9","thread":"main","time":"2026-10-06T10:32:39.321353Z","file":"trace2/tr2_tgt_event.c","line":207,"t_abs":0.005882,"code":0}
{"event":"exit","sid":"20261006T103239.318925Z-Ha9d4ceab-P00013a9f","thread":"main","time":"2026-10-06T10:32:39.322122Z","file":"git.c","line":747,"t_abs":0.003668,"code":0}
{"event":"atexit","sid":"20261006T103239.318925Z-Ha9d4ceab-P00013a9f","thread":"main","time":"2026-10-06T10:32:39.322137Z","file":"trace2/tr2_tgt_event.c","line":207,"t_abs":0.003683,"code":0}
{"event":"version","sid":"20261006T103239.323780Z-Ha9d4ceab-P00013ac1","thread":"main","time":"2026-10-06T10:32:39.324600Z","file":"common-init.c","line":57,"evt":"4","exe":"2.50.1 (Apple Git-155)"}
{"event":"start","sid":"20261006T103239.323780Z-Ha9d4ceab-P00013ac1","thread":"main","time":"2026-10-06T10:32:39.324629Z","file":"common-init.c","line":58,"t_abs":0.001252,"argv":["/Library/Developer/CommandLineTools/usr/bin/git","-C","/var/folders/f1/2xjyyqkn5plc19fx4nt4tpt00000gn/T/flow-dperf02-tWIHzq/main","ls-tree","-r","-z","--full-tree","469d797d25a0efdfd6741c2e7415be27879df851","--",":(literal)src/second"]}
{"event":"def_repo","sid":"20261006T103239.323780Z-Ha9d4ceab-P00013ac1","thread":"main","time":"2026-10-06T10:32:39.324896Z","file":"repository.c","line":241,"repo":1,"worktree":"/private/var/folders/f1/2xjyyqkn5plc19fx4nt4tpt00000gn/T/flow-dperf02-tWIHzq/main"}
{"event":"cmd_name","sid":"20261006T103239.323780Z-Ha9d4ceab-P00013ac1","thread":"main","time":"2026-10-06T10:32:39.325163Z","file":"git.c","line":477,"name":"ls-tree","hierarchy":"ls-tree"}
{"event":"exit","sid":"20261006T103239.323780Z-Ha9d4ceab-P00013ac1","thread":"main","time":"2026-10-06T10:32:39.326775Z","file":"git.c","line":747,"t_abs":0.003397,"code":0}
{"event":"atexit","sid":"20261006T103239.323780Z-Ha9d4ceab-P00013ac1","thread":"main","time":"2026-10-06T10:32:39.326799Z","file":"trace2/tr2_tgt_event.c","line":207,"t_abs":0.003422,"code":0}
{"event":"version","sid":"20261006T103239.326142Z-Ha9d4ceab-P00013ab7","thread":"main","time":"2026-10-06T10:32:39.327359Z","file":"common-init.c","line":57,"evt":"4","exe":"2.50.1 (Apple Git-155)"}
{"event":"start","sid":"20261006T103239.326142Z-Ha9d4ceab-P00013ab7","thread":"main","time":"2026-10-06T10:32:39.327374Z","file":"common-init.c","line":58,"t_abs":0.001842,"argv":["/Library/Developer/CommandLineTools/usr/bin/git","-C","/var/folders/f1/2xjyyqkn5plc19fx4nt4tpt00000gn/T/flow-dperf02-tWIHzq/main","ls-tree","-r","-z","--full-tree","469d797d25a0efdfd6741c2e7415be27879df851","--",":(literal)src/third.txt"]}
{"event":"def_repo","sid":"20261006T103239.326142Z-Ha9d4ceab-P00013ab7","thread":"main","time":"2026-10-06T10:32:39.328008Z","file":"repository.c","line":241,"repo":1,"worktree":"/private/var/folders/f1/2xjyyqkn5plc19fx4nt4tpt00000gn/T/flow-dperf02-tWIHzq/main"}
{"event":"cmd_name","sid":"20261006T103239.326142Z-Ha9d4ceab-P00013ab7","thread":"main","time":"2026-10-06T10:32:39.328383Z","file":"git.c","line":477,"name":"ls-tree","hierarchy":"ls-tree"}
{"event":"exit","sid":"20261006T103239.326142Z-Ha9d4ceab-P00013ab7","thread":"main","time":"2026-10-06T10:32:39.329974Z","file":"git.c","line":747,"t_abs":0.004442,"code":0}
{"event":"atexit","sid":"20261006T103239.326142Z-Ha9d4ceab-P00013ab7","thread":"main","time":"2026-10-06T10:32:39.330031Z","file":"trace2/tr2_tgt_event.c","line":207,"t_abs":0.004499,"code":0}
{"event":"version","sid":"20261006T103239.330306Z-Ha9d4ceab-P00013ac6","thread":"main","time":"2026-10-06T10:32:39.330910Z","file":"common-init.c","line":57,"evt":"4","exe":"2.50.1 (Apple Git-155)"}
{"event":"start","sid":"20261006T103239.330306Z-Ha9d4ceab-P00013ac6","thread":"main","time":"2026-10-06T10:32:39.330938Z","file":"common-init.c","line":58,"t_abs":0.001067,"argv":["/Library/Developer/CommandLineTools/usr/bin/git","-C","/var/folders/f1/2xjyyqkn5plc19fx4nt4tpt00000gn/T/flow-dperf02-tWIHzq/main","ls-tree","-r","-z","--full-tree","469d797d25a0efdfd6741c2e7415be27879df851","--",":(literal)src/second"]}
{"event":"def_repo","sid":"20261006T103239.330306Z-Ha9d4ceab-P00013ac6","thread":"main","time":"2026-10-06T10:32:39.331180Z","file":"repository.c","line":241,"repo":1,"worktree":"/private/var/folders/f1/2xjyyqkn5plc19fx4nt4tpt00000gn/T/flow-dperf02-tWIHzq/main"}
{"event":"cmd_name","sid":"20261006T103239.330306Z-Ha9d4ceab-P00013ac6","thread":"main","time":"2026-10-06T10:32:39.331649Z","file":"git.c","line":477,"name":"ls-tree","hierarchy":"ls-tree"}
{"event":"exit","sid":"20261006T103239.330306Z-Ha9d4ceab-P00013ac6","thread":"main","time":"2026-10-06T10:32:39.334051Z","file":"git.c","line":747,"t_abs":0.004180,"code":0}
{"event":"atexit","sid":"20261006T103239.330306Z-Ha9d4ceab-P00013ac6","thread":"main","time":"2026-10-06T10:32:39.334071Z","file":"trace2/tr2_tgt_event.c","line":207,"t_abs":0.004200,"code":0}
{"event":"version","sid":"20261006T103239.334924Z-Ha9d4ceab-P00013ad6","thread":"main","time":"2026-10-06T10:32:39.336206Z","file":"common-init.c","line":57,"evt":"4","exe":"2.50.1 (Apple Git-155)"}
{"event":"start","sid":"20261006T103239.334924Z-Ha9d4ceab-P00013ad6","thread":"main","time":"2026-10-06T10:32:39.336233Z","file":"common-init.c","line":58,"t_abs":0.002387,"argv":["/Library/Developer/CommandLineTools/usr/bin/git","-C","/var/folders/f1/2xjyyqkn5plc19fx4nt4tpt00000gn/T/flow-dperf02-tWIHzq/main","ls-tree","-r","-z","--full-tree","469d797d25a0efdfd6741c2e7415be27879df851","--",":(literal)src/second"]}
{"event":"def_repo","sid":"20261006T103239.334924Z-Ha9d4ceab-P00013ad6","thread":"main","time":"2026-10-06T10:32:39.336448Z","file":"repository.c","line":241,"repo":1,"worktree":"/private/var/folders/f1/2xjyyqkn5plc19fx4nt4tpt00000gn/T/flow-dperf02-tWIHzq/main"}
{"event":"cmd_name","sid":"20261006T103239.334924Z-Ha9d4ceab-P00013ad6","thread":"main","time":"2026-10-06T10:32:39.336680Z","file":"git.c","line":477,"name":"ls-tree","hierarchy":"ls-tree"}
{"event":"exit","sid":"20261006T103239.334924Z-Ha9d4ceab-P00013ad6","thread":"main","time":"2026-10-06T10:32:39.338730Z","file":"git.c","line":747,"t_abs":0.004884,"code":0}
{"event":"atexit","sid":"20261006T103239.334924Z-Ha9d4ceab-P00013ad6","thread":"main","time":"2026-10-06T10:32:39.338754Z","file":"trace2/tr2_tgt_event.c","line":207,"t_abs":0.004908,"code":0}
{"event":"version","sid":"20261006T103239.336927Z-Ha9d4ceab-P00013ace","thread":"main","time":"2026-10-06T10:32:39.338830Z","file":"common-init.c","line":57,"evt":"4","exe":"2.50.1 (Apple Git-155)"}
{"event":"start","sid":"20261006T103239.336927Z-Ha9d4ceab-P00013ace","thread":"main","time":"2026-10-06T10:32:39.338872Z","file":"common-init.c","line":58,"t_abs":0.002357,"argv":["/Library/Developer/CommandLineTools/usr/bin/git","-C","/var/folders/f1/2xjyyqkn5plc19fx4nt4tpt00000gn/T/flow-dperf02-tWIHzq/main","ls-tree","-r","-z","--full-tree","469d797d25a0efdfd6741c2e7415be27879df851","--",":(literal)src/third.txt"]}
{"event":"version","sid":"20261006T103239.337491Z-Ha9d4ceab-P00013ae7","thread":"main","time":"2026-10-06T10:32:39.339140Z","file":"common-init.c","line":57,"evt":"4","exe":"2.50.1 (Apple Git-155)"}
{"event":"start","sid":"20261006T103239.337491Z-Ha9d4ceab-P00013ae7","thread":"main","time":"2026-10-06T10:32:39.339159Z","file":"common-init.c","line":58,"t_abs":0.002083,"argv":["/Library/Developer/CommandLineTools/usr/bin/git","-C","/var/folders/f1/2xjyyqkn5plc19fx4nt4tpt00000gn/T/flow-dperf02-tWIHzq/main","ls-tree","-r","-z","--full-tree","469d797d25a0efdfd6741c2e7415be27879df851","--",":(literal)src/second"]}
{"event":"def_repo","sid":"20261006T103239.337491Z-Ha9d4ceab-P00013ae7","thread":"main","time":"2026-10-06T10:32:39.339886Z","file":"repository.c","line":241,"repo":1,"worktree":"/private/var/folders/f1/2xjyyqkn5plc19fx4nt4tpt00000gn/T/flow-dperf02-tWIHzq/main"}
{"event":"def_repo","sid":"20261006T103239.336927Z-Ha9d4ceab-P00013ace","thread":"main","time":"2026-10-06T10:32:39.340034Z","file":"repository.c","line":241,"repo":1,"worktree":"/private/var/folders/f1/2xjyyqkn5plc19fx4nt4tpt00000gn/T/flow-dperf02-tWIHzq/main"}
{"event":"cmd_name","sid":"20261006T103239.337491Z-Ha9d4ceab-P00013ae7","thread":"main","time":"2026-10-06T10:32:39.340410Z","file":"git.c","line":477,"name":"ls-tree","hierarchy":"ls-tree"}
{"event":"cmd_name","sid":"20261006T103239.336927Z-Ha9d4ceab-P00013ace","thread":"main","time":"2026-10-06T10:32:39.341197Z","file":"git.c","line":477,"name":"ls-tree","hierarchy":"ls-tree"}
{"event":"exit","sid":"20261006T103239.336927Z-Ha9d4ceab-P00013ace","thread":"main","time":"2026-10-06T10:32:39.342623Z","file":"git.c","line":747,"t_abs":0.006108,"code":0}
{"event":"atexit","sid":"20261006T103239.336927Z-Ha9d4ceab-P00013ace","thread":"main","time":"2026-10-06T10:32:39.342649Z","file":"trace2/tr2_tgt_event.c","line":207,"t_abs":0.006135,"code":0}
{"event":"exit","sid":"20261006T103239.337491Z-Ha9d4ceab-P00013ae7","thread":"main","time":"2026-10-06T10:32:39.343760Z","file":"git.c","line":747,"t_abs":0.006683,"code":0}
{"event":"atexit","sid":"20261006T103239.337491Z-Ha9d4ceab-P00013ae7","thread":"main","time":"2026-10-06T10:32:39.343779Z","file":"trace2/tr2_tgt_event.c","line":207,"t_abs":0.006704,"code":0}
{"event":"version","sid":"20261006T103239.344354Z-Ha9d4ceab-P00013aed","thread":"main","time":"2026-10-06T10:32:39.345427Z","file":"common-init.c","line":57,"evt":"4","exe":"2.50.1 (Apple Git-155)"}
{"event":"start","sid":"20261006T103239.344354Z-Ha9d4ceab-P00013aed","thread":"main","time":"2026-10-06T10:32:39.345463Z","file":"common-init.c","line":58,"t_abs":0.001661,"argv":["/Library/Developer/CommandLineTools/usr/bin/git","-C","/var/folders/f1/2xjyyqkn5plc19fx4nt4tpt00000gn/T/flow-dperf02-tWIHzq/main","ls-tree","-r","-z","--full-tree","469d797d25a0efdfd6741c2e7415be27879df851","--",":(literal)src/third.txt"]}
{"event":"def_repo","sid":"20261006T103239.344354Z-Ha9d4ceab-P00013aed","thread":"main","time":"2026-10-06T10:32:39.345731Z","file":"repository.c","line":241,"repo":1,"worktree":"/private/var/folders/f1/2xjyyqkn5plc19fx4nt4tpt00000gn/T/flow-dperf02-tWIHzq/main"}
{"event":"cmd_name","sid":"20261006T103239.344354Z-Ha9d4ceab-P00013aed","thread":"main","time":"2026-10-06T10:32:39.346108Z","file":"git.c","line":477,"name":"ls-tree","hierarchy":"ls-tree"}
{"event":"version","sid":"20261006T103239.346560Z-Ha9d4ceab-P00013afa","thread":"main","time":"2026-10-06T10:32:39.347271Z","file":"common-init.c","line":57,"evt":"4","exe":"2.50.1 (Apple Git-155)"}
{"event":"start","sid":"20261006T103239.346560Z-Ha9d4ceab-P00013afa","thread":"main","time":"2026-10-06T10:32:39.347339Z","file":"common-init.c","line":58,"t_abs":0.001252,"argv":["/Library/Developer/CommandLineTools/usr/bin/git","-C","/var/folders/f1/2xjyyqkn5plc19fx4nt4tpt00000gn/T/flow-dperf02-tWIHzq/main","ls-tree","-r","-z","--full-tree","469d797d25a0efdfd6741c2e7415be27879df851","--",":(literal)src/second"]}
{"event":"def_repo","sid":"20261006T103239.346560Z-Ha9d4ceab-P00013afa","thread":"main","time":"2026-10-06T10:32:39.348263Z","file":"repository.c","line":241,"repo":1,"worktree":"/private/var/folders/f1/2xjyyqkn5plc19fx4nt4tpt00000gn/T/flow-dperf02-tWIHzq/main"}
{"event":"exit","sid":"20261006T103239.344354Z-Ha9d4ceab-P00013aed","thread":"main","time":"2026-10-06T10:32:39.348312Z","file":"git.c","line":747,"t_abs":0.004510,"code":0}
{"event":"atexit","sid":"20261006T103239.344354Z-Ha9d4ceab-P00013aed","thread":"main","time":"2026-10-06T10:32:39.348329Z","file":"trace2/tr2_tgt_event.c","line":207,"t_abs":0.004527,"code":0}
{"event":"cmd_name","sid":"20261006T103239.346560Z-Ha9d4ceab-P00013afa","thread":"main","time":"2026-10-06T10:32:39.349306Z","file":"git.c","line":477,"name":"ls-tree","hierarchy":"ls-tree"}
{"event":"exit","sid":"20261006T103239.346560Z-Ha9d4ceab-P00013afa","thread":"main","time":"2026-10-06T10:32:39.351541Z","file":"git.c","line":747,"t_abs":0.005500,"code":0}
{"event":"atexit","sid":"20261006T103239.346560Z-Ha9d4ceab-P00013afa","thread":"main","time":"2026-10-06T10:32:39.351564Z","file":"trace2/tr2_tgt_event.c","line":207,"t_abs":0.005524,"code":0}
{"event":"version","sid":"20261006T103239.352741Z-Ha9d4ceab-P00013b0a","thread":"main","time":"2026-10-06T10:32:39.354259Z","file":"common-init.c","line":57,"evt":"4","exe":"2.50.1 (Apple Git-155)"}
{"event":"start","sid":"20261006T103239.352741Z-Ha9d4ceab-P00013b0a","thread":"main","time":"2026-10-06T10:32:39.354287Z","file":"common-init.c","line":58,"t_abs":0.002000,"argv":["/Library/Developer/CommandLineTools/usr/bin/git","-C","/var/folders/f1/2xjyyqkn5plc19fx4nt4tpt00000gn/T/flow-dperf02-tWIHzq/main","ls-tree","-r","-z","--full-tree","469d797d25a0efdfd6741c2e7415be27879df851","--",":(literal)src/third.txt"]}
{"event":"def_repo","sid":"20261006T103239.352741Z-Ha9d4ceab-P00013b0a","thread":"main","time":"2026-10-06T10:32:39.354632Z","file":"repository.c","line":241,"repo":1,"worktree":"/private/var/folders/f1/2xjyyqkn5plc19fx4nt4tpt00000gn/T/flow-dperf02-tWIHzq/main"}
{"event":"cmd_name","sid":"20261006T103239.352741Z-Ha9d4ceab-P00013b0a","thread":"main","time":"2026-10-06T10:32:39.354991Z","file":"git.c","line":477,"name":"ls-tree","hierarchy":"ls-tree"}
{"event":"version","sid":"20261006T103239.354447Z-Ha9d4ceab-P00013af4","thread":"main","time":"2026-10-06T10:32:39.355607Z","file":"common-init.c","line":57,"evt":"4","exe":"2.50.1 (Apple Git-155)"}
{"event":"start","sid":"20261006T103239.354447Z-Ha9d4ceab-P00013af4","thread":"main","time":"2026-10-06T10:32:39.355643Z","file":"common-init.c","line":58,"t_abs":0.001703,"argv":["/Library/Developer/CommandLineTools/usr/bin/git","-C","/var/folders/f1/2xjyyqkn5plc19fx4nt4tpt00000gn/T/flow-dperf02-tWIHzq/main","ls-tree","-r","-z","--full-tree","469d797d25a0efdfd6741c2e7415be27879df851","--",":(literal)src/third.txt"]}
{"event":"def_repo","sid":"20261006T103239.354447Z-Ha9d4ceab-P00013af4","thread":"main","time":"2026-10-06T10:32:39.356073Z","file":"repository.c","line":241,"repo":1,"worktree":"/private/var/folders/f1/2xjyyqkn5plc19fx4nt4tpt00000gn/T/flow-dperf02-tWIHzq/main"}
{"event":"cmd_name","sid":"20261006T103239.354447Z-Ha9d4ceab-P00013af4","thread":"main","time":"2026-10-06T10:32:39.356391Z","file":"git.c","line":477,"name":"ls-tree","hierarchy":"ls-tree"}
{"event":"exit","sid":"20261006T103239.352741Z-Ha9d4ceab-P00013b0a","thread":"main","time":"2026-10-06T10:32:39.357601Z","file":"git.c","line":747,"t_abs":0.005314,"code":0}
{"event":"atexit","sid":"20261006T103239.352741Z-Ha9d4ceab-P00013b0a","thread":"main","time":"2026-10-06T10:32:39.357621Z","file":"trace2/tr2_tgt_event.c","line":207,"t_abs":0.005334,"code":0}
{"event":"exit","sid":"20261006T103239.354447Z-Ha9d4ceab-P00013af4","thread":"main","time":"2026-10-06T10:32:39.357699Z","file":"git.c","line":747,"t_abs":0.003759,"code":0}
{"event":"atexit","sid":"20261006T103239.354447Z-Ha9d4ceab-P00013af4","thread":"main","time":"2026-10-06T10:32:39.357709Z","file":"trace2/tr2_tgt_event.c","line":207,"t_abs":0.003769,"code":0}
{"event":"version","sid":"20261006T103239.360602Z-Ha9d4ceab-P00013b05","thread":"main","time":"2026-10-06T10:32:39.361928Z","file":"common-init.c","line":57,"evt":"4","exe":"2.50.1 (Apple Git-155)"}
{"event":"start","sid":"20261006T103239.360602Z-Ha9d4ceab-P00013b05","thread":"main","time":"2026-10-06T10:32:39.361959Z","file":"common-init.c","line":58,"t_abs":0.001804,"argv":["/Library/Developer/CommandLineTools/usr/bin/git","-C","/var/folders/f1/2xjyyqkn5plc19fx4nt4tpt00000gn/T/flow-dperf02-tWIHzq/main","ls-tree","-r","-z","--full-tree","469d797d25a0efdfd6741c2e7415be27879df851","--",":(literal)src/third.txt"]}
{"event":"def_repo","sid":"20261006T103239.360602Z-Ha9d4ceab-P00013b05","thread":"main","time":"2026-10-06T10:32:39.362192Z","file":"repository.c","line":241,"repo":1,"worktree":"/private/var/folders/f1/2xjyyqkn5plc19fx4nt4tpt00000gn/T/flow-dperf02-tWIHzq/main"}
{"event":"cmd_name","sid":"20261006T103239.360602Z-Ha9d4ceab-P00013b05","thread":"main","time":"2026-10-06T10:32:39.362427Z","file":"git.c","line":477,"name":"ls-tree","hierarchy":"ls-tree"}
{"event":"exit","sid":"20261006T103239.360602Z-Ha9d4ceab-P00013b05","thread":"main","time":"2026-10-06T10:32:39.363505Z","file":"git.c","line":747,"t_abs":0.003350,"code":0}
{"event":"atexit","sid":"20261006T103239.360602Z-Ha9d4ceab-P00013b05","thread":"main","time":"2026-10-06T10:32:39.363520Z","file":"trace2/tr2_tgt_event.c","line":207,"t_abs":0.003365,"code":0}
{"event":"version","sid":"20261006T103239.370608Z-Ha9d4ceab-P00013b18","thread":"main","time":"2026-10-06T10:32:39.372506Z","file":"common-init.c","line":57,"evt":"4","exe":"2.50.1 (Apple Git-155)"}
{"event":"start","sid":"20261006T103239.370608Z-Ha9d4ceab-P00013b18","thread":"main","time":"2026-10-06T10:32:39.372607Z","file":"common-init.c","line":58,"t_abs":0.002480,"argv":["/Library/Developer/CommandLineTools/usr/bin/git","-C","/var/folders/f1/2xjyyqkn5plc19fx4nt4tpt00000gn/T/flow-dperf02-tWIHzq/main","ls-tree","-r","-z","--full-tree","469d797d25a0efdfd6741c2e7415be27879df851","--",":(literal)src/third.txt"]}
{"event":"def_repo","sid":"20261006T103239.370608Z-Ha9d4ceab-P00013b18","thread":"main","time":"2026-10-06T10:32:39.373097Z","file":"repository.c","line":241,"repo":1,"worktree":"/private/var/folders/f1/2xjyyqkn5plc19fx4nt4tpt00000gn/T/flow-dperf02-tWIHzq/main"}
{"event":"cmd_name","sid":"20261006T103239.370608Z-Ha9d4ceab-P00013b18","thread":"main","time":"2026-10-06T10:32:39.373315Z","file":"git.c","line":477,"name":"ls-tree","hierarchy":"ls-tree"}
{"event":"exit","sid":"20261006T103239.370608Z-Ha9d4ceab-P00013b18","thread":"main","time":"2026-10-06T10:32:39.374524Z","file":"git.c","line":747,"t_abs":0.004398,"code":0}
{"event":"atexit","sid":"20261006T103239.370608Z-Ha9d4ceab-P00013b18","thread":"main","time":"2026-10-06T10:32:39.374536Z","file":"trace2/tr2_tgt_event.c","line":207,"t_abs":0.004410,"code":0}
{"event":"version","sid":"20261006T103239.376495Z-Ha9d4ceab-P00013b1e","thread":"main","time":"2026-10-06T10:32:39.380447Z","file":"common-init.c","line":57,"evt":"4","exe":"2.50.1 (Apple Git-155)"}
{"event":"start","sid":"20261006T103239.376495Z-Ha9d4ceab-P00013b1e","thread":"main","time":"2026-10-06T10:32:39.380476Z","file":"common-init.c","line":58,"t_abs":0.006235,"argv":["/Library/Developer/CommandLineTools/usr/bin/git","-C","/var/folders/f1/2xjyyqkn5plc19fx4nt4tpt00000gn/T/flow-dperf02-tWIHzq/main","ls-tree","-r","-z","--full-tree","469d797d25a0efdfd6741c2e7415be27879df851","--",":(literal)src/third.txt"]}
{"event":"def_repo","sid":"20261006T103239.376495Z-Ha9d4ceab-P00013b1e","thread":"main","time":"2026-10-06T10:32:39.381151Z","file":"repository.c","line":241,"repo":1,"worktree":"/private/var/folders/f1/2xjyyqkn5plc19fx4nt4tpt00000gn/T/flow-dperf02-tWIHzq/main"}
{"event":"cmd_name","sid":"20261006T103239.376495Z-Ha9d4ceab-P00013b1e","thread":"main","time":"2026-10-06T10:32:39.381432Z","file":"git.c","line":477,"name":"ls-tree","hierarchy":"ls-tree"}
{"event":"exit","sid":"20261006T103239.376495Z-Ha9d4ceab-P00013b1e","thread":"main","time":"2026-10-06T10:32:39.382432Z","file":"git.c","line":747,"t_abs":0.008191,"code":0}
{"event":"atexit","sid":"20261006T103239.376495Z-Ha9d4ceab-P00013b1e","thread":"main","time":"2026-10-06T10:32:39.382443Z","file":"trace2/tr2_tgt_event.c","line":207,"t_abs":0.008202,"code":0}
{"event":"version","sid":"20261006T103239.389381Z-Ha9d4ceab-P00013b46","thread":"main","time":"2026-10-06T10:32:39.392344Z","file":"common-init.c","line":57,"evt":"4","exe":"2.50.1 (Apple Git-155)"}
{"event":"start","sid":"20261006T103239.389381Z-Ha9d4ceab-P00013b46","thread":"main","time":"2026-10-06T10:32:39.392377Z","file":"common-init.c","line":58,"t_abs":0.004374,"argv":["/Library/Developer/CommandLineTools/usr/bin/git","-C","/var/folders/f1/2xjyyqkn5plc19fx4nt4tpt00000gn/T/flow-dperf02-tWIHzq/main","ls-tree","-r","-z","--full-tree","469d797d25a0efdfd6741c2e7415be27879df851","--",":(literal)src/third.txt"]}
{"event":"version","sid":"20261006T103239.389644Z-Ha9d4ceab-P00013b38","thread":"main","time":"2026-10-06T10:32:39.393179Z","file":"common-init.c","line":57,"evt":"4","exe":"2.50.1 (Apple Git-155)"}
{"event":"start","sid":"20261006T103239.389644Z-Ha9d4ceab-P00013b38","thread":"main","time":"2026-10-06T10:32:39.393194Z","file":"common-init.c","line":58,"t_abs":0.005104,"argv":["/Library/Developer/CommandLineTools/usr/bin/git","-C","/var/folders/f1/2xjyyqkn5plc19fx4nt4tpt00000gn/T/flow-dperf02-tWIHzq/main","ls-tree","-r","-z","--full-tree","469d797d25a0efdfd6741c2e7415be27879df851","--",":(literal)src/second"]}
{"event":"def_repo","sid":"20261006T103239.389644Z-Ha9d4ceab-P00013b38","thread":"main","time":"2026-10-06T10:32:39.393400Z","file":"repository.c","line":241,"repo":1,"worktree":"/private/var/folders/f1/2xjyyqkn5plc19fx4nt4tpt00000gn/T/flow-dperf02-tWIHzq/main"}
{"event":"cmd_name","sid":"20261006T103239.389644Z-Ha9d4ceab-P00013b38","thread":"main","time":"2026-10-06T10:32:39.393664Z","file":"git.c","line":477,"name":"ls-tree","hierarchy":"ls-tree"}
{"event":"def_repo","sid":"20261006T103239.389381Z-Ha9d4ceab-P00013b46","thread":"main","time":"2026-10-06T10:32:39.394554Z","file":"repository.c","line":241,"repo":1,"worktree":"/private/var/folders/f1/2xjyyqkn5plc19fx4nt4tpt00000gn/T/flow-dperf02-tWIHzq/main"}
{"event":"cmd_name","sid":"20261006T103239.389381Z-Ha9d4ceab-P00013b46","thread":"main","time":"2026-10-06T10:32:39.394748Z","file":"git.c","line":477,"name":"ls-tree","hierarchy":"ls-tree"}
{"event":"exit","sid":"20261006T103239.389644Z-Ha9d4ceab-P00013b38","thread":"main","time":"2026-10-06T10:32:39.395040Z","file":"git.c","line":747,"t_abs":0.006950,"code":0}
{"event":"atexit","sid":"20261006T103239.389644Z-Ha9d4ceab-P00013b38","thread":"main","time":"2026-10-06T10:32:39.395490Z","file":"trace2/tr2_tgt_event.c","line":207,"t_abs":0.007400,"code":0}
{"event":"exit","sid":"20261006T103239.389381Z-Ha9d4ceab-P00013b46","thread":"main","time":"2026-10-06T10:32:39.396213Z","file":"git.c","line":747,"t_abs":0.008210,"code":0}
{"event":"atexit","sid":"20261006T103239.389381Z-Ha9d4ceab-P00013b46","thread":"main","time":"2026-10-06T10:32:39.396229Z","file":"trace2/tr2_tgt_event.c","line":207,"t_abs":0.008227,"code":0}
{"event":"version","sid":"20261006T103239.401432Z-Ha9d4ceab-P00013b55","thread":"main","time":"2026-10-06T10:32:39.402303Z","file":"common-init.c","line":57,"evt":"4","exe":"2.50.1 (Apple Git-155)"}
{"event":"start","sid":"20261006T103239.401432Z-Ha9d4ceab-P00013b55","thread":"main","time":"2026-10-06T10:32:39.402329Z","file":"common-init.c","line":58,"t_abs":0.001607,"argv":["/Library/Developer/CommandLineTools/usr/bin/git","-C","/var/folders/f1/2xjyyqkn5plc19fx4nt4tpt00000gn/T/flow-dperf02-tWIHzq/main","ls-tree","-r","-z","--full-tree","469d797d25a0efdfd6741c2e7415be27879df851","--",":(literal)src/fourth.txt"]}
{"event":"def_repo","sid":"20261006T103239.401432Z-Ha9d4ceab-P00013b55","thread":"main","time":"2026-10-06T10:32:39.402532Z","file":"repository.c","line":241,"repo":1,"worktree":"/private/var/folders/f1/2xjyyqkn5plc19fx4nt4tpt00000gn/T/flow-dperf02-tWIHzq/main"}
{"event":"version","sid":"20261006T103239.401855Z-Ha9d4ceab-P00013b6b","thread":"main","time":"2026-10-06T10:32:39.402594Z","file":"common-init.c","line":57,"evt":"4","exe":"2.50.1 (Apple Git-155)"}
{"event":"start","sid":"20261006T103239.401855Z-Ha9d4ceab-P00013b6b","thread":"main","time":"2026-10-06T10:32:39.402618Z","file":"common-init.c","line":58,"t_abs":0.001581,"argv":["/Library/Developer/CommandLineTools/usr/bin/git","-C","/var/folders/f1/2xjyyqkn5plc19fx4nt4tpt00000gn/T/flow-dperf02-tWIHzq/main","ls-tree","-r","-z","--full-tree","469d797d25a0efdfd6741c2e7415be27879df851","--",":(literal)src/fourth.txt"]}
{"event":"version","sid":"20261006T103239.401999Z-Ha9d4ceab-P00013b60","thread":"main","time":"2026-10-06T10:32:39.402628Z","file":"common-init.c","line":57,"evt":"4","exe":"2.50.1 (Apple Git-155)"}
{"event":"start","sid":"20261006T103239.401999Z-Ha9d4ceab-P00013b60","thread":"main","time":"2026-10-06T10:32:39.402696Z","file":"common-init.c","line":58,"t_abs":0.001516,"argv":["/Library/Developer/CommandLineTools/usr/bin/git","-C","/var/folders/f1/2xjyyqkn5plc19fx4nt4tpt00000gn/T/flow-dperf02-tWIHzq/main","ls-tree","-r","-z","--full-tree","469d797d25a0efdfd6741c2e7415be27879df851","--",":(literal)src/third.txt"]}
{"event":"cmd_name","sid":"20261006T103239.401432Z-Ha9d4ceab-P00013b55","thread":"main","time":"2026-10-06T10:32:39.402825Z","file":"git.c","line":477,"name":"ls-tree","hierarchy":"ls-tree"}
{"event":"def_repo","sid":"20261006T103239.401855Z-Ha9d4ceab-P00013b6b","thread":"main","time":"2026-10-06T10:32:39.403102Z","file":"repository.c","line":241,"repo":1,"worktree":"/private/var/folders/f1/2xjyyqkn5plc19fx4nt4tpt00000gn/T/flow-dperf02-tWIHzq/main"}
{"event":"def_repo","sid":"20261006T103239.401999Z-Ha9d4ceab-P00013b60","thread":"main","time":"2026-10-06T10:32:39.403262Z","file":"repository.c","line":241,"repo":1,"worktree":"/private/var/folders/f1/2xjyyqkn5plc19fx4nt4tpt00000gn/T/flow-dperf02-tWIHzq/main"}
{"event":"cmd_name","sid":"20261006T103239.401855Z-Ha9d4ceab-P00013b6b","thread":"main","time":"2026-10-06T10:32:39.403521Z","file":"git.c","line":477,"name":"ls-tree","hierarchy":"ls-tree"}
{"event":"cmd_name","sid":"20261006T103239.401999Z-Ha9d4ceab-P00013b60","thread":"main","time":"2026-10-06T10:32:39.403714Z","file":"git.c","line":477,"name":"ls-tree","hierarchy":"ls-tree"}
{"event":"exit","sid":"20261006T103239.401432Z-Ha9d4ceab-P00013b55","thread":"main","time":"2026-10-06T10:32:39.404661Z","file":"git.c","line":747,"t_abs":0.003938,"code":0}
{"event":"atexit","sid":"20261006T103239.401432Z-Ha9d4ceab-P00013b55","thread":"main","time":"2026-10-06T10:32:39.404686Z","file":"trace2/tr2_tgt_event.c","line":207,"t_abs":0.003964,"code":0}
{"event":"exit","sid":"20261006T103239.401855Z-Ha9d4ceab-P00013b6b","thread":"main","time":"2026-10-06T10:32:39.405171Z","file":"git.c","line":747,"t_abs":0.004134,"code":0}
{"event":"atexit","sid":"20261006T103239.401855Z-Ha9d4ceab-P00013b6b","thread":"main","time":"2026-10-06T10:32:39.405190Z","file":"trace2/tr2_tgt_event.c","line":207,"t_abs":0.004153,"code":0}
{"event":"exit","sid":"20261006T103239.401999Z-Ha9d4ceab-P00013b60","thread":"main","time":"2026-10-06T10:32:39.405488Z","file":"git.c","line":747,"t_abs":0.004308,"code":0}
{"event":"atexit","sid":"20261006T103239.401999Z-Ha9d4ceab-P00013b60","thread":"main","time":"2026-10-06T10:32:39.405505Z","file":"trace2/tr2_tgt_event.c","line":207,"t_abs":0.004325,"code":0}
{"event":"version","sid":"20261006T103239.404776Z-Ha9d4ceab-P00013b89","thread":"main","time":"2026-10-06T10:32:39.405825Z","file":"common-init.c","line":57,"evt":"4","exe":"2.50.1 (Apple Git-155)"}
{"event":"start","sid":"20261006T103239.404776Z-Ha9d4ceab-P00013b89","thread":"main","time":"2026-10-06T10:32:39.405839Z","file":"common-init.c","line":58,"t_abs":0.001939,"argv":["/Library/Developer/CommandLineTools/usr/bin/git","-C","/var/folders/f1/2xjyyqkn5plc19fx4nt4tpt00000gn/T/flow-dperf02-tWIHzq/main","ls-tree","-r","-z","--full-tree","469d797d25a0efdfd6741c2e7415be27879df851","--",":(literal)src/fourth.txt"]}
{"event":"def_repo","sid":"20261006T103239.404776Z-Ha9d4ceab-P00013b89","thread":"main","time":"2026-10-06T10:32:39.406058Z","file":"repository.c","line":241,"repo":1,"worktree":"/private/var/folders/f1/2xjyyqkn5plc19fx4nt4tpt00000gn/T/flow-dperf02-tWIHzq/main"}
{"event":"cmd_name","sid":"20261006T103239.404776Z-Ha9d4ceab-P00013b89","thread":"main","time":"2026-10-06T10:32:39.406276Z","file":"git.c","line":477,"name":"ls-tree","hierarchy":"ls-tree"}
{"event":"exit","sid":"20261006T103239.404776Z-Ha9d4ceab-P00013b89","thread":"main","time":"2026-10-06T10:32:39.407289Z","file":"git.c","line":747,"t_abs":0.003389,"code":0}
{"event":"atexit","sid":"20261006T103239.404776Z-Ha9d4ceab-P00013b89","thread":"main","time":"2026-10-06T10:32:39.407300Z","file":"trace2/tr2_tgt_event.c","line":207,"t_abs":0.003400,"code":0}
{"event":"version","sid":"20261006T103239.409782Z-Ha9d4ceab-P00013b9e","thread":"main","time":"2026-10-06T10:32:39.410165Z","file":"common-init.c","line":57,"evt":"4","exe":"2.50.1 (Apple Git-155)"}
{"event":"start","sid":"20261006T103239.409782Z-Ha9d4ceab-P00013b9e","thread":"main","time":"2026-10-06T10:32:39.410193Z","file":"common-init.c","line":58,"t_abs":0.000821,"argv":["/Library/Developer/CommandLineTools/usr/bin/git","-C","/var/folders/f1/2xjyyqkn5plc19fx4nt4tpt00000gn/T/flow-dperf02-tWIHzq/main","ls-tree","-r","-z","--full-tree","469d797d25a0efdfd6741c2e7415be27879df851","--",":(literal)src/second"]}
{"event":"def_repo","sid":"20261006T103239.409782Z-Ha9d4ceab-P00013b9e","thread":"main","time":"2026-10-06T10:32:39.410426Z","file":"repository.c","line":241,"repo":1,"worktree":"/private/var/folders/f1/2xjyyqkn5plc19fx4nt4tpt00000gn/T/flow-dperf02-tWIHzq/main"}
{"event":"cmd_name","sid":"20261006T103239.409782Z-Ha9d4ceab-P00013b9e","thread":"main","time":"2026-10-06T10:32:39.410684Z","file":"git.c","line":477,"name":"ls-tree","hierarchy":"ls-tree"}
{"event":"version","sid":"20261006T103239.411615Z-Ha9d4ceab-P00013b76","thread":"main","time":"2026-10-06T10:32:39.412106Z","file":"common-init.c","line":57,"evt":"4","exe":"2.50.1 (Apple Git-155)"}
{"event":"start","sid":"20261006T103239.411615Z-Ha9d4ceab-P00013b76","thread":"main","time":"2026-10-06T10:32:39.412149Z","file":"common-init.c","line":58,"t_abs":0.001107,"argv":["/Library/Developer/CommandLineTools/usr/bin/git","-C","/var/folders/f1/2xjyyqkn5plc19fx4nt4tpt00000gn/T/flow-dperf02-tWIHzq/main","ls-tree","-r","-z","--full-tree","469d797d25a0efdfd6741c2e7415be27879df851","--",":(literal)src/third.txt"]}
{"event":"version","sid":"20261006T103239.411048Z-Ha9d4ceab-P00013b93","thread":"main","time":"2026-10-06T10:32:39.412557Z","file":"common-init.c","line":57,"evt":"4","exe":"2.50.1 (Apple Git-155)"}
{"event":"def_repo","sid":"20261006T103239.411615Z-Ha9d4ceab-P00013b76","thread":"main","time":"2026-10-06T10:32:39.412590Z","file":"repository.c","line":241,"repo":1,"worktree":"/private/var/folders/f1/2xjyyqkn5plc19fx4nt4tpt00000gn/T/flow-dperf02-tWIHzq/main"}
{"event":"start","sid":"20261006T103239.411048Z-Ha9d4ceab-P00013b93","thread":"main","time":"2026-10-06T10:32:39.412684Z","file":"common-init.c","line":58,"t_abs":0.002180,"argv":["/Library/Developer/CommandLineTools/usr/bin/git","-C","/var/folders/f1/2xjyyqkn5plc19fx4nt4tpt00000gn/T/flow-dperf02-tWIHzq/main","ls-tree","-r","-z","--full-tree","469d797d25a0efdfd6741c2e7415be27879df851","--",":(literal)src/third.txt"]}
{"event":"version","sid":"20261006T103239.411830Z-Ha9d4ceab-P00013b99","thread":"main","time":"2026-10-06T10:32:39.412762Z","file":"common-init.c","line":57,"evt":"4","exe":"2.50.1 (Apple Git-155)"}
{"event":"start","sid":"20261006T103239.411830Z-Ha9d4ceab-P00013b99","thread":"main","time":"2026-10-06T10:32:39.412779Z","file":"common-init.c","line":58,"t_abs":0.001292,"argv":["/Library/Developer/CommandLineTools/usr/bin/git","-C","/var/folders/f1/2xjyyqkn5plc19fx4nt4tpt00000gn/T/flow-dperf02-tWIHzq/main","ls-tree","-r","-z","--full-tree","469d797d25a0efdfd6741c2e7415be27879df851","--",":(literal)src/second"]}
{"event":"cmd_name","sid":"20261006T103239.411615Z-Ha9d4ceab-P00013b76","thread":"main","time":"2026-10-06T10:32:39.412880Z","file":"git.c","line":477,"name":"ls-tree","hierarchy":"ls-tree"}
{"event":"exit","sid":"20261006T103239.409782Z-Ha9d4ceab-P00013b9e","thread":"main","time":"2026-10-06T10:32:39.413005Z","file":"git.c","line":747,"t_abs":0.003633,"code":0}
{"event":"atexit","sid":"20261006T103239.409782Z-Ha9d4ceab-P00013b9e","thread":"main","time":"2026-10-06T10:32:39.413019Z","file":"trace2/tr2_tgt_event.c","line":207,"t_abs":0.003647,"code":0}
{"event":"def_repo","sid":"20261006T103239.411048Z-Ha9d4ceab-P00013b93","thread":"main","time":"2026-10-06T10:32:39.413180Z","file":"repository.c","line":241,"repo":1,"worktree":"/private/var/folders/f1/2xjyyqkn5plc19fx4nt4tpt00000gn/T/flow-dperf02-tWIHzq/main"}
{"event":"def_repo","sid":"20261006T103239.411830Z-Ha9d4ceab-P00013b99","thread":"main","time":"2026-10-06T10:32:39.413357Z","file":"repository.c","line":241,"repo":1,"worktree":"/private/var/folders/f1/2xjyyqkn5plc19fx4nt4tpt00000gn/T/flow-dperf02-tWIHzq/main"}
{"event":"cmd_name","sid":"20261006T103239.411048Z-Ha9d4ceab-P00013b93","thread":"main","time":"2026-10-06T10:32:39.413990Z","file":"git.c","line":477,"name":"ls-tree","hierarchy":"ls-tree"}
{"event":"cmd_name","sid":"20261006T103239.411830Z-Ha9d4ceab-P00013b99","thread":"main","time":"2026-10-06T10:32:39.414279Z","file":"git.c","line":477,"name":"ls-tree","hierarchy":"ls-tree"}
{"event":"version","sid":"20261006T103239.413900Z-Ha9d4ceab-P00013bb0","thread":"main","time":"2026-10-06T10:32:39.414487Z","file":"common-init.c","line":57,"evt":"4","exe":"2.50.1 (Apple Git-155)"}
{"event":"start","sid":"20261006T103239.413900Z-Ha9d4ceab-P00013bb0","thread":"main","time":"2026-10-06T10:32:39.414500Z","file":"common-init.c","line":58,"t_abs":0.001522,"argv":["/Library/Developer/CommandLineTools/usr/bin/git","-C","/var/folders/f1/2xjyyqkn5plc19fx4nt4tpt00000gn/T/flow-dperf02-tWIHzq/main","ls-tree","-r","-z","--full-tree","469d797d25a0efdfd6741c2e7415be27879df851","--",":(literal)src/fourth.txt"]}
{"event":"def_repo","sid":"20261006T103239.413900Z-Ha9d4ceab-P00013bb0","thread":"main","time":"2026-10-06T10:32:39.414689Z","file":"repository.c","line":241,"repo":1,"worktree":"/private/var/folders/f1/2xjyyqkn5plc19fx4nt4tpt00000gn/T/flow-dperf02-tWIHzq/main"}
{"event":"cmd_name","sid":"20261006T103239.413900Z-Ha9d4ceab-P00013bb0","thread":"main","time":"2026-10-06T10:32:39.414936Z","file":"git.c","line":477,"name":"ls-tree","hierarchy":"ls-tree"}
{"event":"exit","sid":"20261006T103239.411615Z-Ha9d4ceab-P00013b76","thread":"main","time":"2026-10-06T10:32:39.415135Z","file":"git.c","line":747,"t_abs":0.004093,"code":0}
{"event":"atexit","sid":"20261006T103239.411615Z-Ha9d4ceab-P00013b76","thread":"main","time":"2026-10-06T10:32:39.415148Z","file":"trace2/tr2_tgt_event.c","line":207,"t_abs":0.004106,"code":0}
{"event":"exit","sid":"20261006T103239.411048Z-Ha9d4ceab-P00013b93","thread":"main","time":"2026-10-06T10:32:39.415542Z","file":"git.c","line":747,"t_abs":0.005039,"code":0}
{"event":"atexit","sid":"20261006T103239.411048Z-Ha9d4ceab-P00013b93","thread":"main","time":"2026-10-06T10:32:39.415558Z","file":"trace2/tr2_tgt_event.c","line":207,"t_abs":0.005055,"code":0}
{"event":"exit","sid":"20261006T103239.411830Z-Ha9d4ceab-P00013b99","thread":"main","time":"2026-10-06T10:32:39.416150Z","file":"git.c","line":747,"t_abs":0.004663,"code":0}
{"event":"atexit","sid":"20261006T103239.411830Z-Ha9d4ceab-P00013b99","thread":"main","time":"2026-10-06T10:32:39.416165Z","file":"trace2/tr2_tgt_event.c","line":207,"t_abs":0.004678,"code":0}
{"event":"exit","sid":"20261006T103239.413900Z-Ha9d4ceab-P00013bb0","thread":"main","time":"2026-10-06T10:32:39.416222Z","file":"git.c","line":747,"t_abs":0.003242,"code":0}
{"event":"atexit","sid":"20261006T103239.413900Z-Ha9d4ceab-P00013bb0","thread":"main","time":"2026-10-06T10:32:39.416232Z","file":"trace2/tr2_tgt_event.c","line":207,"t_abs":0.003254,"code":0}
{"event":"version","sid":"20261006T103239.417117Z-Ha9d4ceab-P00013ba8","thread":"main","time":"2026-10-06T10:32:39.417534Z","file":"common-init.c","line":57,"evt":"4","exe":"2.50.1 (Apple Git-155)"}
{"event":"start","sid":"20261006T103239.417117Z-Ha9d4ceab-P00013ba8","thread":"main","time":"2026-10-06T10:32:39.417557Z","file":"common-init.c","line":58,"t_abs":0.000793,"argv":["/Library/Developer/CommandLineTools/usr/bin/git","-C","/var/folders/f1/2xjyyqkn5plc19fx4nt4tpt00000gn/T/flow-dperf02-tWIHzq/main","ls-tree","-r","-z","--full-tree","469d797d25a0efdfd6741c2e7415be27879df851","--",":(literal)src/fourth.txt"]}
{"event":"def_repo","sid":"20261006T103239.417117Z-Ha9d4ceab-P00013ba8","thread":"main","time":"2026-10-06T10:32:39.417904Z","file":"repository.c","line":241,"repo":1,"worktree":"/private/var/folders/f1/2xjyyqkn5plc19fx4nt4tpt00000gn/T/flow-dperf02-tWIHzq/main"}
{"event":"cmd_name","sid":"20261006T103239.417117Z-Ha9d4ceab-P00013ba8","thread":"main","time":"2026-10-06T10:32:39.418221Z","file":"git.c","line":477,"name":"ls-tree","hierarchy":"ls-tree"}
{"event":"version","sid":"20261006T103239.418616Z-Ha9d4ceab-P00013b7f","thread":"main","time":"2026-10-06T10:32:39.419240Z","file":"common-init.c","line":57,"evt":"4","exe":"2.50.1 (Apple Git-155)"}
{"event":"start","sid":"20261006T103239.418616Z-Ha9d4ceab-P00013b7f","thread":"main","time":"2026-10-06T10:32:39.419283Z","file":"common-init.c","line":58,"t_abs":0.001060,"argv":["/Library/Developer/CommandLineTools/usr/bin/git","-C","/var/folders/f1/2xjyyqkn5plc19fx4nt4tpt00000gn/T/flow-dperf02-tWIHzq/main","ls-tree","-r","-z","--full-tree","469d797d25a0efdfd6741c2e7415be27879df851","--",":(literal)src/third.txt"]}
{"event":"exit","sid":"20261006T103239.417117Z-Ha9d4ceab-P00013ba8","thread":"main","time":"2026-10-06T10:32:39.419254Z","file":"git.c","line":747,"t_abs":0.002490,"code":0}
{"event":"atexit","sid":"20261006T103239.417117Z-Ha9d4ceab-P00013ba8","thread":"main","time":"2026-10-06T10:32:39.419333Z","file":"trace2/tr2_tgt_event.c","line":207,"t_abs":0.002567,"code":0}
{"event":"def_repo","sid":"20261006T103239.418616Z-Ha9d4ceab-P00013b7f","thread":"main","time":"2026-10-06T10:32:39.419711Z","file":"repository.c","line":241,"repo":1,"worktree":"/private/var/folders/f1/2xjyyqkn5plc19fx4nt4tpt00000gn/T/flow-dperf02-tWIHzq/main"}
{"event":"cmd_name","sid":"20261006T103239.418616Z-Ha9d4ceab-P00013b7f","thread":"main","time":"2026-10-06T10:32:39.420176Z","file":"git.c","line":477,"name":"ls-tree","hierarchy":"ls-tree"}
{"event":"exit","sid":"20261006T103239.418616Z-Ha9d4ceab-P00013b7f","thread":"main","time":"2026-10-06T10:32:39.421208Z","file":"git.c","line":747,"t_abs":0.002985,"code":0}
{"event":"atexit","sid":"20261006T103239.418616Z-Ha9d4ceab-P00013b7f","thread":"main","time":"2026-10-06T10:32:39.421227Z","file":"trace2/tr2_tgt_event.c","line":207,"t_abs":0.003004,"code":0}
{"event":"version","sid":"20261006T103239.432958Z-Ha9d4ceab-P00013bd2","thread":"main","time":"2026-10-06T10:32:39.433569Z","file":"common-init.c","line":57,"evt":"4","exe":"2.50.1 (Apple Git-155)"}
{"event":"start","sid":"20261006T103239.432958Z-Ha9d4ceab-P00013bd2","thread":"main","time":"2026-10-06T10:32:39.433601Z","file":"common-init.c","line":58,"t_abs":0.000990,"argv":["/Library/Developer/CommandLineTools/usr/bin/git","-C","/var/folders/f1/2xjyyqkn5plc19fx4nt4tpt00000gn/T/flow-dperf02-tWIHzq/main","ls-tree","-r","-z","--full-tree","469d797d25a0efdfd6741c2e7415be27879df851","--",":(literal)src/fourth.txt"]}
{"event":"def_repo","sid":"20261006T103239.432958Z-Ha9d4ceab-P00013bd2","thread":"main","time":"2026-10-06T10:32:39.433937Z","file":"repository.c","line":241,"repo":1,"worktree":"/private/var/folders/f1/2xjyyqkn5plc19fx4nt4tpt00000gn/T/flow-dperf02-tWIHzq/main"}
{"event":"cmd_name","sid":"20261006T103239.432958Z-Ha9d4ceab-P00013bd2","thread":"main","time":"2026-10-06T10:32:39.434180Z","file":"git.c","line":477,"name":"ls-tree","hierarchy":"ls-tree"}
{"event":"exit","sid":"20261006T103239.432958Z-Ha9d4ceab-P00013bd2","thread":"main","time":"2026-10-06T10:32:39.435215Z","file":"git.c","line":747,"t_abs":0.002604,"code":0}
{"event":"atexit","sid":"20261006T103239.432958Z-Ha9d4ceab-P00013bd2","thread":"main","time":"2026-10-06T10:32:39.435231Z","file":"trace2/tr2_tgt_event.c","line":207,"t_abs":0.002620,"code":0}
{"event":"version","sid":"20261006T103239.437787Z-Ha9d4ceab-P00013bd9","thread":"main","time":"2026-10-06T10:32:39.439456Z","file":"common-init.c","line":57,"evt":"4","exe":"2.50.1 (Apple Git-155)"}
{"event":"start","sid":"20261006T103239.437787Z-Ha9d4ceab-P00013bd9","thread":"main","time":"2026-10-06T10:32:39.439485Z","file":"common-init.c","line":58,"t_abs":0.002110,"argv":["/Library/Developer/CommandLineTools/usr/bin/git","-C","/var/folders/f1/2xjyyqkn5plc19fx4nt4tpt00000gn/T/flow-dperf02-tWIHzq/main","ls-tree","-r","-z","--full-tree","469d797d25a0efdfd6741c2e7415be27879df851","--",":(literal)src/fourth.txt"]}
{"event":"def_repo","sid":"20261006T103239.437787Z-Ha9d4ceab-P00013bd9","thread":"main","time":"2026-10-06T10:32:39.439765Z","file":"repository.c","line":241,"repo":1,"worktree":"/private/var/folders/f1/2xjyyqkn5plc19fx4nt4tpt00000gn/T/flow-dperf02-tWIHzq/main"}
{"event":"cmd_name","sid":"20261006T103239.437787Z-Ha9d4ceab-P00013bd9","thread":"main","time":"2026-10-06T10:32:39.440136Z","file":"git.c","line":477,"name":"ls-tree","hierarchy":"ls-tree"}
{"event":"exit","sid":"20261006T103239.437787Z-Ha9d4ceab-P00013bd9","thread":"main","time":"2026-10-06T10:32:39.441830Z","file":"git.c","line":747,"t_abs":0.004455,"code":0}
{"event":"atexit","sid":"20261006T103239.437787Z-Ha9d4ceab-P00013bd9","thread":"main","time":"2026-10-06T10:32:39.441843Z","file":"trace2/tr2_tgt_event.c","line":207,"t_abs":0.004468,"code":0}
{"event":"version","sid":"20261006T103239.441148Z-Ha9d4ceab-P00013bdf","thread":"main","time":"2026-10-06T10:32:39.443358Z","file":"common-init.c","line":57,"evt":"4","exe":"2.50.1 (Apple Git-155)"}
{"event":"start","sid":"20261006T103239.441148Z-Ha9d4ceab-P00013bdf","thread":"main","time":"2026-10-06T10:32:39.443398Z","file":"common-init.c","line":58,"t_abs":0.002630,"argv":["/Library/Developer/CommandLineTools/usr/bin/git","-C","/var/folders/f1/2xjyyqkn5plc19fx4nt4tpt00000gn/T/flow-dperf02-tWIHzq/main","ls-tree","-r","-z","--full-tree","469d797d25a0efdfd6741c2e7415be27879df851","--",":(literal)src/fourth.txt"]}
{"event":"def_repo","sid":"20261006T103239.441148Z-Ha9d4ceab-P00013bdf","thread":"main","time":"2026-10-06T10:32:39.443853Z","file":"repository.c","line":241,"repo":1,"worktree":"/private/var/folders/f1/2xjyyqkn5plc19fx4nt4tpt00000gn/T/flow-dperf02-tWIHzq/main"}
{"event":"cmd_name","sid":"20261006T103239.441148Z-Ha9d4ceab-P00013bdf","thread":"main","time":"2026-10-06T10:32:39.444953Z","file":"git.c","line":477,"name":"ls-tree","hierarchy":"ls-tree"}
{"event":"version","sid":"20261006T103239.444459Z-Ha9d4ceab-P00013be8","thread":"main","time":"2026-10-06T10:32:39.446299Z","file":"common-init.c","line":57,"evt":"4","exe":"2.50.1 (Apple Git-155)"}
{"event":"start","sid":"20261006T103239.444459Z-Ha9d4ceab-P00013be8","thread":"main","time":"2026-10-06T10:32:39.446324Z","file":"common-init.c","line":58,"t_abs":0.002273,"argv":["/Library/Developer/CommandLineTools/usr/bin/git","-C","/var/folders/f1/2xjyyqkn5plc19fx4nt4tpt00000gn/T/flow-dperf02-tWIHzq/main","ls-tree","-r","-z","--full-tree","469d797d25a0efdfd6741c2e7415be27879df851","--",":(literal)src/fourth.txt"]}
{"event":"def_repo","sid":"20261006T103239.444459Z-Ha9d4ceab-P00013be8","thread":"main","time":"2026-10-06T10:32:39.446855Z","file":"repository.c","line":241,"repo":1,"worktree":"/private/var/folders/f1/2xjyyqkn5plc19fx4nt4tpt00000gn/T/flow-dperf02-tWIHzq/main"}
{"event":"cmd_name","sid":"20261006T103239.444459Z-Ha9d4ceab-P00013be8","thread":"main","time":"2026-10-06T10:32:39.447368Z","file":"git.c","line":477,"name":"ls-tree","hierarchy":"ls-tree"}
{"event":"exit","sid":"20261006T103239.441148Z-Ha9d4ceab-P00013bdf","thread":"main","time":"2026-10-06T10:32:39.447841Z","file":"git.c","line":747,"t_abs":0.007074,"code":0}
{"event":"atexit","sid":"20261006T103239.441148Z-Ha9d4ceab-P00013bdf","thread":"main","time":"2026-10-06T10:32:39.447859Z","file":"trace2/tr2_tgt_event.c","line":207,"t_abs":0.007092,"code":0}
{"event":"exit","sid":"20261006T103239.444459Z-Ha9d4ceab-P00013be8","thread":"main","time":"2026-10-06T10:32:39.449932Z","file":"git.c","line":747,"t_abs":0.005880,"code":0}
{"event":"atexit","sid":"20261006T103239.444459Z-Ha9d4ceab-P00013be8","thread":"main","time":"2026-10-06T10:32:39.449959Z","file":"trace2/tr2_tgt_event.c","line":207,"t_abs":0.005908,"code":0}
{"event":"version","sid":"20261006T103239.451142Z-Ha9d4ceab-P00013c09","thread":"main","time":"2026-10-06T10:32:39.451849Z","file":"common-init.c","line":57,"evt":"4","exe":"2.50.1 (Apple Git-155)"}
{"event":"start","sid":"20261006T103239.451142Z-Ha9d4ceab-P00013c09","thread":"main","time":"2026-10-06T10:32:39.451896Z","file":"common-init.c","line":58,"t_abs":0.001230,"argv":["/Library/Developer/CommandLineTools/usr/bin/git","-C","/var/folders/f1/2xjyyqkn5plc19fx4nt4tpt00000gn/T/flow-dperf02-tWIHzq/main","ls-tree","-r","-z","--full-tree","469d797d25a0efdfd6741c2e7415be27879df851","--",":(literal)src/fourth.txt"]}
{"event":"def_repo","sid":"20261006T103239.451142Z-Ha9d4ceab-P00013c09","thread":"main","time":"2026-10-06T10:32:39.452868Z","file":"repository.c","line":241,"repo":1,"worktree":"/private/var/folders/f1/2xjyyqkn5plc19fx4nt4tpt00000gn/T/flow-dperf02-tWIHzq/main"}
{"event":"cmd_name","sid":"20261006T103239.451142Z-Ha9d4ceab-P00013c09","thread":"main","time":"2026-10-06T10:32:39.453682Z","file":"git.c","line":477,"name":"ls-tree","hierarchy":"ls-tree"}
{"event":"version","sid":"20261006T103239.452762Z-Ha9d4ceab-P00013bfc","thread":"main","time":"2026-10-06T10:32:39.454261Z","file":"common-init.c","line":57,"evt":"4","exe":"2.50.1 (Apple Git-155)"}
{"event":"start","sid":"20261006T103239.452762Z-Ha9d4ceab-P00013bfc","thread":"main","time":"2026-10-06T10:32:39.454284Z","file":"common-init.c","line":58,"t_abs":0.002256,"argv":["/Library/Developer/CommandLineTools/usr/bin/git","-C","/var/folders/f1/2xjyyqkn5plc19fx4nt4tpt00000gn/T/flow-dperf02-tWIHzq/main","ls-tree","-r","-z","--full-tree","469d797d25a0efdfd6741c2e7415be27879df851","--",":(literal)src/third.txt"]}
{"event":"def_repo","sid":"20261006T103239.452762Z-Ha9d4ceab-P00013bfc","thread":"main","time":"2026-10-06T10:32:39.455044Z","file":"repository.c","line":241,"repo":1,"worktree":"/private/var/folders/f1/2xjyyqkn5plc19fx4nt4tpt00000gn/T/flow-dperf02-tWIHzq/main"}
{"event":"cmd_name","sid":"20261006T103239.452762Z-Ha9d4ceab-P00013bfc","thread":"main","time":"2026-10-06T10:32:39.455894Z","file":"git.c","line":477,"name":"ls-tree","hierarchy":"ls-tree"}
{"event":"exit","sid":"20261006T103239.451142Z-Ha9d4ceab-P00013c09","thread":"main","time":"2026-10-06T10:32:39.456189Z","file":"git.c","line":747,"t_abs":0.005523,"code":0}
{"event":"atexit","sid":"20261006T103239.451142Z-Ha9d4ceab-P00013c09","thread":"main","time":"2026-10-06T10:32:39.456203Z","file":"trace2/tr2_tgt_event.c","line":207,"t_abs":0.005538,"code":0}
{"event":"version","sid":"20261006T103239.455652Z-Ha9d4ceab-P00013c19","thread":"main","time":"2026-10-06T10:32:39.456564Z","file":"common-init.c","line":57,"evt":"4","exe":"2.50.1 (Apple Git-155)"}
{"event":"start","sid":"20261006T103239.455652Z-Ha9d4ceab-P00013c19","thread":"main","time":"2026-10-06T10:32:39.456597Z","file":"common-init.c","line":58,"t_abs":0.001986,"argv":["/Library/Developer/CommandLineTools/usr/bin/git","-C","/var/folders/f1/2xjyyqkn5plc19fx4nt4tpt00000gn/T/flow-dperf02-tWIHzq/main","ls-tree","-r","-z","--full-tree","469d797d25a0efdfd6741c2e7415be27879df851","--",":(literal)src/fourth.txt"]}
{"event":"def_repo","sid":"20261006T103239.455652Z-Ha9d4ceab-P00013c19","thread":"main","time":"2026-10-06T10:32:39.457038Z","file":"repository.c","line":241,"repo":1,"worktree":"/private/var/folders/f1/2xjyyqkn5plc19fx4nt4tpt00000gn/T/flow-dperf02-tWIHzq/main"}
{"event":"exit","sid":"20261006T103239.452762Z-Ha9d4ceab-P00013bfc","thread":"main","time":"2026-10-06T10:32:39.457774Z","file":"git.c","line":747,"t_abs":0.005746,"code":0}
{"event":"atexit","sid":"20261006T103239.452762Z-Ha9d4ceab-P00013bfc","thread":"main","time":"2026-10-06T10:32:39.457789Z","file":"trace2/tr2_tgt_event.c","line":207,"t_abs":0.005761,"code":0}
{"event":"cmd_name","sid":"20261006T103239.455652Z-Ha9d4ceab-P00013c19","thread":"main","time":"2026-10-06T10:32:39.458238Z","file":"git.c","line":477,"name":"ls-tree","hierarchy":"ls-tree"}
{"event":"exit","sid":"20261006T103239.455652Z-Ha9d4ceab-P00013c19","thread":"main","time":"2026-10-06T10:32:39.459330Z","file":"git.c","line":747,"t_abs":0.004719,"code":0}
{"event":"atexit","sid":"20261006T103239.455652Z-Ha9d4ceab-P00013c19","thread":"main","time":"2026-10-06T10:32:39.459345Z","file":"trace2/tr2_tgt_event.c","line":207,"t_abs":0.004734,"code":0}
{"event":"version","sid":"20261006T103239.462859Z-Ha9d4ceab-P00013c24","thread":"main","time":"2026-10-06T10:32:39.463451Z","file":"common-init.c","line":57,"evt":"4","exe":"2.50.1 (Apple Git-155)"}
{"event":"start","sid":"20261006T103239.462859Z-Ha9d4ceab-P00013c24","thread":"main","time":"2026-10-06T10:32:39.463553Z","file":"common-init.c","line":58,"t_abs":0.001018,"argv":["/Library/Developer/CommandLineTools/usr/bin/git","-C","/var/folders/f1/2xjyyqkn5plc19fx4nt4tpt00000gn/T/flow-dperf02-tWIHzq/main","ls-tree","-r","-z","--full-tree","469d797d25a0efdfd6741c2e7415be27879df851","--",":(literal)src/third.txt"]}
{"event":"def_repo","sid":"20261006T103239.462859Z-Ha9d4ceab-P00013c24","thread":"main","time":"2026-10-06T10:32:39.464321Z","file":"repository.c","line":241,"repo":1,"worktree":"/private/var/folders/f1/2xjyyqkn5plc19fx4nt4tpt00000gn/T/flow-dperf02-tWIHzq/main"}
{"event":"cmd_name","sid":"20261006T103239.462859Z-Ha9d4ceab-P00013c24","thread":"main","time":"2026-10-06T10:32:39.464706Z","file":"git.c","line":477,"name":"ls-tree","hierarchy":"ls-tree"}
{"event":"version","sid":"20261006T103239.464459Z-Ha9d4ceab-P00013c29","thread":"main","time":"2026-10-06T10:32:39.465050Z","file":"common-init.c","line":57,"evt":"4","exe":"2.50.1 (Apple Git-155)"}
{"event":"start","sid":"20261006T103239.464459Z-Ha9d4ceab-P00013c29","thread":"main","time":"2026-10-06T10:32:39.465070Z","file":"common-init.c","line":58,"t_abs":0.001455,"argv":["/Library/Developer/CommandLineTools/usr/bin/git","-C","/var/folders/f1/2xjyyqkn5plc19fx4nt4tpt00000gn/T/flow-dperf02-tWIHzq/main","ls-tree","-r","-z","--full-tree","469d797d25a0efdfd6741c2e7415be27879df851","--",":(literal)src/fourth.txt"]}
{"event":"version","sid":"20261006T103239.464470Z-Ha9d4ceab-P00013c3a","thread":"main","time":"2026-10-06T10:32:39.465076Z","file":"common-init.c","line":57,"evt":"4","exe":"2.50.1 (Apple Git-155)"}
{"event":"start","sid":"20261006T103239.464470Z-Ha9d4ceab-P00013c3a","thread":"main","time":"2026-10-06T10:32:39.465091Z","file":"common-init.c","line":58,"t_abs":0.001294,"argv":["/Library/Developer/CommandLineTools/usr/bin/git","-C","/var/folders/f1/2xjyyqkn5plc19fx4nt4tpt00000gn/T/flow-dperf02-tWIHzq/main","ls-tree","-r","-z","--full-tree","469d797d25a0efdfd6741c2e7415be27879df851","--",":(literal)src/third.txt"]}
{"event":"def_repo","sid":"20261006T103239.464459Z-Ha9d4ceab-P00013c29","thread":"main","time":"2026-10-06T10:32:39.465419Z","file":"repository.c","line":241,"repo":1,"worktree":"/private/var/folders/f1/2xjyyqkn5plc19fx4nt4tpt00000gn/T/flow-dperf02-tWIHzq/main"}
{"event":"def_repo","sid":"20261006T103239.464470Z-Ha9d4ceab-P00013c3a","thread":"main","time":"2026-10-06T10:32:39.465435Z","file":"repository.c","line":241,"repo":1,"worktree":"/private/var/folders/f1/2xjyyqkn5plc19fx4nt4tpt00000gn/T/flow-dperf02-tWIHzq/main"}
{"event":"exit","sid":"20261006T103239.462859Z-Ha9d4ceab-P00013c24","thread":"main","time":"2026-10-06T10:32:39.466497Z","file":"git.c","line":747,"t_abs":0.003963,"code":0}
{"event":"atexit","sid":"20261006T103239.462859Z-Ha9d4ceab-P00013c24","thread":"main","time":"2026-10-06T10:32:39.466506Z","file":"trace2/tr2_tgt_event.c","line":207,"t_abs":0.003972,"code":0}
{"event":"cmd_name","sid":"20261006T103239.464459Z-Ha9d4ceab-P00013c29","thread":"main","time":"2026-10-06T10:32:39.466541Z","file":"git.c","line":477,"name":"ls-tree","hierarchy":"ls-tree"}
{"event":"cmd_name","sid":"20261006T103239.464470Z-Ha9d4ceab-P00013c3a","thread":"main","time":"2026-10-06T10:32:39.466551Z","file":"git.c","line":477,"name":"ls-tree","hierarchy":"ls-tree"}
{"event":"exit","sid":"20261006T103239.464459Z-Ha9d4ceab-P00013c29","thread":"main","time":"2026-10-06T10:32:39.468225Z","file":"git.c","line":747,"t_abs":0.004610,"code":0}
{"event":"atexit","sid":"20261006T103239.464459Z-Ha9d4ceab-P00013c29","thread":"main","time":"2026-10-06T10:32:39.468238Z","file":"trace2/tr2_tgt_event.c","line":207,"t_abs":0.004623,"code":0}
{"event":"exit","sid":"20261006T103239.464470Z-Ha9d4ceab-P00013c3a","thread":"main","time":"2026-10-06T10:32:39.468610Z","file":"git.c","line":747,"t_abs":0.004812,"code":0}
{"event":"atexit","sid":"20261006T103239.464470Z-Ha9d4ceab-P00013c3a","thread":"main","time":"2026-10-06T10:32:39.468629Z","file":"trace2/tr2_tgt_event.c","line":207,"t_abs":0.004831,"code":0}
{"event":"version","sid":"20261006T103239.467260Z-Ha9d4ceab-P00013c35","thread":"main","time":"2026-10-06T10:32:39.470351Z","file":"common-init.c","line":57,"evt":"4","exe":"2.50.1 (Apple Git-155)"}
{"event":"start","sid":"20261006T103239.467260Z-Ha9d4ceab-P00013c35","thread":"main","time":"2026-10-06T10:32:39.470366Z","file":"common-init.c","line":58,"t_abs":0.003939,"argv":["/Library/Developer/CommandLineTools/usr/bin/git","-C","/var/folders/f1/2xjyyqkn5plc19fx4nt4tpt00000gn/T/flow-dperf02-tWIHzq/main","ls-tree","-r","-z","--full-tree","469d797d25a0efdfd6741c2e7415be27879df851","--",":(literal)src/fourth.txt"]}
{"event":"def_repo","sid":"20261006T103239.467260Z-Ha9d4ceab-P00013c35","thread":"main","time":"2026-10-06T10:32:39.470697Z","file":"repository.c","line":241,"repo":1,"worktree":"/private/var/folders/f1/2xjyyqkn5plc19fx4nt4tpt00000gn/T/flow-dperf02-tWIHzq/main"}
{"event":"cmd_name","sid":"20261006T103239.467260Z-Ha9d4ceab-P00013c35","thread":"main","time":"2026-10-06T10:32:39.471655Z","file":"git.c","line":477,"name":"ls-tree","hierarchy":"ls-tree"}
{"event":"exit","sid":"20261006T103239.467260Z-Ha9d4ceab-P00013c35","thread":"main","time":"2026-10-06T10:32:39.472960Z","file":"git.c","line":747,"t_abs":0.006532,"code":0}
{"event":"atexit","sid":"20261006T103239.467260Z-Ha9d4ceab-P00013c35","thread":"main","time":"2026-10-06T10:32:39.472982Z","file":"trace2/tr2_tgt_event.c","line":207,"t_abs":0.006554,"code":0}
{"event":"version","sid":"20261006T103239.479213Z-Ha9d4ceab-P00013c6b","thread":"main","time":"2026-10-06T10:32:39.480042Z","file":"common-init.c","line":57,"evt":"4","exe":"2.50.1 (Apple Git-155)"}
{"event":"start","sid":"20261006T103239.479213Z-Ha9d4ceab-P00013c6b","thread":"main","time":"2026-10-06T10:32:39.480071Z","file":"common-init.c","line":58,"t_abs":0.001411,"argv":["/Library/Developer/CommandLineTools/usr/bin/git","-C","/var/folders/f1/2xjyyqkn5plc19fx4nt4tpt00000gn/T/flow-dperf02-tWIHzq/main","ls-tree","-r","-z","--full-tree","469d797d25a0efdfd6741c2e7415be27879df851","--",":(literal)src/fourth.txt"]}
{"event":"def_repo","sid":"20261006T103239.479213Z-Ha9d4ceab-P00013c6b","thread":"main","time":"2026-10-06T10:32:39.480895Z","file":"repository.c","line":241,"repo":1,"worktree":"/private/var/folders/f1/2xjyyqkn5plc19fx4nt4tpt00000gn/T/flow-dperf02-tWIHzq/main"}
{"event":"cmd_name","sid":"20261006T103239.479213Z-Ha9d4ceab-P00013c6b","thread":"main","time":"2026-10-06T10:32:39.481292Z","file":"git.c","line":477,"name":"ls-tree","hierarchy":"ls-tree"}
{"event":"exit","sid":"20261006T103239.479213Z-Ha9d4ceab-P00013c6b","thread":"main","time":"2026-10-06T10:32:39.482473Z","file":"git.c","line":747,"t_abs":0.003813,"code":0}
{"event":"atexit","sid":"20261006T103239.479213Z-Ha9d4ceab-P00013c6b","thread":"main","time":"2026-10-06T10:32:39.482965Z","file":"trace2/tr2_tgt_event.c","line":207,"t_abs":0.004304,"code":0}
{"event":"version","sid":"20261006T103239.495990Z-Ha9d4ceab-P00013c86","thread":"main","time":"2026-10-06T10:32:39.496733Z","file":"common-init.c","line":57,"evt":"4","exe":"2.50.1 (Apple Git-155)"}
{"event":"start","sid":"20261006T103239.495990Z-Ha9d4ceab-P00013c86","thread":"main","time":"2026-10-06T10:32:39.496768Z","file":"common-init.c","line":58,"t_abs":0.001265,"argv":["/Library/Developer/CommandLineTools/usr/bin/git","-C","/var/folders/f1/2xjyyqkn5plc19fx4nt4tpt00000gn/T/flow-dperf02-tWIHzq/main","ls-tree","-r","-z","--full-tree","469d797d25a0efdfd6741c2e7415be27879df851","--",":(literal)src/fourth.txt"]}
{"event":"def_repo","sid":"20261006T103239.495990Z-Ha9d4ceab-P00013c86","thread":"main","time":"2026-10-06T10:32:39.497040Z","file":"repository.c","line":241,"repo":1,"worktree":"/private/var/folders/f1/2xjyyqkn5plc19fx4nt4tpt00000gn/T/flow-dperf02-tWIHzq/main"}
{"event":"cmd_name","sid":"20261006T103239.495990Z-Ha9d4ceab-P00013c86","thread":"main","time":"2026-10-06T10:32:39.497309Z","file":"git.c","line":477,"name":"ls-tree","hierarchy":"ls-tree"}
{"event":"exit","sid":"20261006T103239.495990Z-Ha9d4ceab-P00013c86","thread":"main","time":"2026-10-06T10:32:39.498611Z","file":"git.c","line":747,"t_abs":0.003108,"code":0}
{"event":"atexit","sid":"20261006T103239.495990Z-Ha9d4ceab-P00013c86","thread":"main","time":"2026-10-06T10:32:39.498674Z","file":"trace2/tr2_tgt_event.c","line":207,"t_abs":0.003171,"code":0}
{"event":"version","sid":"20261006T103239.498014Z-Ha9d4ceab-P00013c8d","thread":"main","time":"2026-10-06T10:32:39.499113Z","file":"common-init.c","line":57,"evt":"4","exe":"2.50.1 (Apple Git-155)"}
{"event":"start","sid":"20261006T103239.498014Z-Ha9d4ceab-P00013c8d","thread":"main","time":"2026-10-06T10:32:39.499130Z","file":"common-init.c","line":58,"t_abs":0.001791,"argv":["/Library/Developer/CommandLineTools/usr/bin/git","-C","/var/folders/f1/2xjyyqkn5plc19fx4nt4tpt00000gn/T/flow-dperf02-tWIHzq/main","ls-tree","-r","-z","--full-tree","469d797d25a0efdfd6741c2e7415be27879df851","--",":(literal)src/fourth.txt"]}
{"event":"def_repo","sid":"20261006T103239.498014Z-Ha9d4ceab-P00013c8d","thread":"main","time":"2026-10-06T10:32:39.499354Z","file":"repository.c","line":241,"repo":1,"worktree":"/private/var/folders/f1/2xjyyqkn5plc19fx4nt4tpt00000gn/T/flow-dperf02-tWIHzq/main"}
{"event":"cmd_name","sid":"20261006T103239.498014Z-Ha9d4ceab-P00013c8d","thread":"main","time":"2026-10-06T10:32:39.499896Z","file":"git.c","line":477,"name":"ls-tree","hierarchy":"ls-tree"}
{"event":"exit","sid":"20261006T103239.498014Z-Ha9d4ceab-P00013c8d","thread":"main","time":"2026-10-06T10:32:39.501084Z","file":"git.c","line":747,"t_abs":0.003745,"code":0}
{"event":"atexit","sid":"20261006T103239.498014Z-Ha9d4ceab-P00013c8d","thread":"main","time":"2026-10-06T10:32:39.501098Z","file":"trace2/tr2_tgt_event.c","line":207,"t_abs":0.003759,"code":0}
