{"event":"version","sid":"20261006T121407.248945Z-Ha9d4ceab-P000153bc","thread":"main","time":"2026-10-06T12:14:07.249429Z","file":"common-init.c","line":57,"evt":"4","exe":"2.50.1 (Apple Git-155)"}
{"event":"version","sid":"20261006T121407.248953Z-Ha9d4ceab-P000153c2","thread":"main","time":"2026-10-06T12:14:07.249445Z","file":"common-init.c","line":57,"evt":"4","exe":"2.50.1 (Apple Git-155)"}
{"event":"start","sid":"20261006T121407.248945Z-Ha9d4ceab-P000153bc","thread":"main","time":"2026-10-06T12:14:07.249472Z","file":"common-init.c","line":58,"t_abs":0.000902,"argv":["/Library/Developer/CommandLineTools/usr/bin/git","-C","/var/folders/f1/2xjyyqkn5plc19fx4nt4tpt00000gn/T/dperf03-git-tg8ewO/0","branch","--show-current"]}
{"event":"start","sid":"20261006T121407.248953Z-Ha9d4ceab-P000153c2","thread":"main","time":"2026-10-06T12:14:07.249487Z","file":"common-init.c","line":58,"t_abs":0.000911,"argv":["/Library/Developer/CommandLineTools/usr/bin/git","-C","/var/folders/f1/2xjyyqkn5plc19fx4nt4tpt00000gn/T/dperf03-git-tg8ewO/0","rev-parse","HEAD"]}
{"event":"cmd_name","sid":"20261006T121407.248953Z-Ha9d4ceab-P000153c2","thread":"main","time":"2026-10-06T12:14:07.249544Z","file":"git.c","line":477,"name":"rev-parse","hierarchy":"rev-parse"}
{"event":"version","sid":"20261006T121407.248951Z-Ha9d4ceab-P000153c8","thread":"main","time":"2026-10-06T12:14:07.249606Z","file":"common-init.c","line":57,"evt":"4","exe":"2.50.1 (Apple Git-155)"}
{"event":"start","sid":"20261006T121407.248951Z-Ha9d4ceab-P000153c8","thread":"main","time":"2026-10-06T12:14:07.249618Z","file":"common-init.c","line":58,"t_abs":0.001064,"argv":["/Library/Developer/CommandLineTools/usr/bin/git","-C","/var/folders/f1/2xjyyqkn5plc19fx4nt4tpt00000gn/T/dperf03-git-tg8ewO/0","status","--porcelain","--untracked-files=normal"]}
{"event":"def_repo","sid":"20261006T121407.248945Z-Ha9d4ceab-P000153bc","thread":"main","time":"2026-10-06T12:14:07.249684Z","file":"repository.c","line":241,"repo":1,"worktree":"/private/var/folders/f1/2xjyyqkn5plc19fx4nt4tpt00000gn/T/dperf03-git-tg8ewO/0"}
{"event":"def_repo","sid":"20261006T121407.248953Z-Ha9d4ceab-P000153c2","thread":"main","time":"2026-10-06T12:14:07.249689Z","file":"repository.c","line":241,"repo":1,"worktree":"/private/var/folders/f1/2xjyyqkn5plc19fx4nt4tpt00000gn/T/dperf03-git-tg8ewO/0"}
{"event":"cmd_name","sid":"20261006T121407.248945Z-Ha9d4ceab-P000153bc","thread":"main","time":"2026-10-06T12:14:07.249710Z","file":"git.c","line":477,"name":"branch","hierarchy":"branch"}
{"event":"version","sid":"20261006T121407.248955Z-Ha9d4ceab-P000153b6","thread":"main","time":"2026-10-06T12:14:07.249758Z","file":"common-init.c","line":57,"evt":"4","exe":"2.50.1 (Apple Git-155)"}
{"event":"def_repo","sid":"20261006T121407.248951Z-Ha9d4ceab-P000153c8","thread":"main","time":"2026-10-06T12:14:07.249769Z","file":"repository.c","line":241,"repo":1,"worktree":"/private/var/folders/f1/2xjyyqkn5plc19fx4nt4tpt00000gn/T/dperf03-git-tg8ewO/0"}
{"event":"start","sid":"20261006T121407.248955Z-Ha9d4ceab-P000153b6","thread":"main","time":"2026-10-06T12:14:07.249783Z","file":"common-init.c","line":58,"t_abs":0.001202,"argv":["/Library/Developer/CommandLineTools/usr/bin/git","-C","/var/folders/f1/2xjyyqkn5plc19fx4nt4tpt00000gn/T/dperf03-git-tg8ewO/0","rev-parse","--show-toplevel"]}
{"event":"cmd_name","sid":"20261006T121407.248955Z-Ha9d4ceab-P000153b6","thread":"main","time":"2026-10-06T12:14:07.249908Z","file":"git.c","line":477,"name":"rev-parse","hierarchy":"rev-parse"}
{"event":"exit","sid":"20261006T121407.248953Z-Ha9d4ceab-P000153c2","thread":"main","time":"2026-10-06T12:14:07.250032Z","file":"git.c","line":747,"t_abs":0.001456,"code":0}
{"event":"atexit","sid":"20261006T121407.248953Z-Ha9d4ceab-P000153c2","thread":"main","time":"2026-10-06T12:14:07.250043Z","file":"trace2/tr2_tgt_event.c","line":207,"t_abs":0.001467,"code":0}
{"event":"cmd_name","sid":"20261006T121407.248951Z-Ha9d4ceab-P000153c8","thread":"main","time":"2026-10-06T12:14:07.250060Z","file":"git.c","line":477,"name":"status","hierarchy":"status"}
{"event":"exit","sid":"20261006T121407.248945Z-Ha9d4ceab-P000153bc","thread":"main","time":"2026-10-06T12:14:07.250087Z","file":"git.c","line":747,"t_abs":0.001518,"code":0}
{"event":"atexit","sid":"20261006T121407.248945Z-Ha9d4ceab-P000153bc","thread":"main","time":"2026-10-06T12:14:07.250123Z","file":"trace2/tr2_tgt_event.c","line":207,"t_abs":0.001552,"code":0}
{"event":"def_repo","sid":"20261006T121407.248955Z-Ha9d4ceab-P000153b6","thread":"main","time":"2026-10-06T12:14:07.250144Z","file":"repository.c","line":241,"repo":1,"worktree":"/private/var/folders/f1/2xjyyqkn5plc19fx4nt4tpt00000gn/T/dperf03-git-tg8ewO/0"}
{"event":"region_enter","sid":"20261006T121407.248951Z-Ha9d4ceab-P000153c8","thread":"main","time":"2026-10-06T12:14:07.250315Z","file":"read-cache.c","line":2357,"repo":1,"nesting":1,"category":"index","label":"do_read_index","msg":".git/index"}
{"event":"region_enter","sid":"20261006T121407.248951Z-Ha9d4ceab-P000153c8","thread":"main","time":"2026-10-06T12:14:07.250375Z","file":"cache-tree.c","line":643,"repo":1,"nesting":2,"category":"cache_tree","label":"read"}
{"event":"exit","sid":"20261006T121407.248955Z-Ha9d4ceab-P000153b6","thread":"main","time":"2026-10-06T12:14:07.250382Z","file":"git.c","line":747,"t_abs":0.001801,"code":0}
{"event":"region_leave","sid":"20261006T121407.248951Z-Ha9d4ceab-P000153c8","thread":"main","time":"2026-10-06T12:14:07.250383Z","file":"cache-tree.c","line":645,"repo":1,"t_rel":0.000007,"nesting":2,"category":"cache_tree","label":"read"}
{"event":"atexit","sid":"20261006T121407.248955Z-Ha9d4ceab-P000153b6","thread":"main","time":"2026-10-06T12:14:07.250392Z","file":"trace2/tr2_tgt_event.c","line":207,"t_abs":0.001811,"code":0}
{"event":"data","sid":"20261006T121407.248951Z-Ha9d4ceab-P000153c8","thread":"main","time":"2026-10-06T12:14:07.250401Z","file":"read-cache.c","line":2306,"repo":1,"t_abs":0.001847,"t_rel":0.000085,"nesting":2,"category":"index","key":"read/version","value":"2"}
{"event":"data","sid":"20261006T121407.248951Z-Ha9d4ceab-P000153c8","thread":"main","time":"2026-10-06T12:14:07.250411Z","file":"read-cache.c","line":2308,"repo":1,"t_abs":0.001858,"t_rel":0.000096,"nesting":2,"category":"index","key":"read/cache_nr","value":"1"}
{"event":"region_leave","sid":"20261006T121407.248951Z-Ha9d4ceab-P000153c8","thread":"main","time":"2026-10-06T12:14:07.250417Z","file":"read-cache.c","line":2362,"repo":1,"t_rel":0.000100,"nesting":1,"category":"index","label":"do_read_index","msg":".git/index"}
{"event":"region_enter","sid":"20261006T121407.248951Z-Ha9d4ceab-P000153c8","thread":"main","time":"2026-10-06T12:14:07.250427Z","file":"read-cache.c","line":1513,"nesting":1,"category":"index","label":"refresh"}
{"event":"data","sid":"20261006T121407.248951Z-Ha9d4ceab-P000153c8","thread":"main","time":"2026-10-06T12:14:07.251344Z","file":"read-cache.c","line":1595,"t_abs":0.002790,"t_rel":0.000917,"nesting":2,"category":"index","key":"refresh/sum_lstat","value":"1"}
{"event":"data","sid":"20261006T121407.248951Z-Ha9d4ceab-P000153c8","thread":"main","time":"2026-10-06T12:14:07.251360Z","file":"read-cache.c","line":1596,"t_abs":0.002806,"t_rel":0.000933,"nesting":2,"category":"index","key":"refresh/sum_scan","value":"0"}
{"event":"region_leave","sid":"20261006T121407.248951Z-Ha9d4ceab-P000153c8","thread":"main","time":"2026-10-06T12:14:07.251366Z","file":"read-cache.c","line":1597,"t_rel":0.000939,"nesting":1,"category":"index","label":"refresh"}
{"event":"region_enter","sid":"20261006T121407.248951Z-Ha9d4ceab-P000153c8","thread":"main","time":"2026-10-06T12:14:07.251416Z","file":"wt-status.c","line":841,"repo":1,"nesting":1,"category":"status","label":"worktrees"}
{"event":"region_enter","sid":"20261006T121407.248951Z-Ha9d4ceab-P000153c8","thread":"main","time":"2026-10-06T12:14:07.251434Z","file":"diffcore-rename.c","line":1407,"repo":1,"nesting":2,"category":"diff","label":"setup"}
{"event":"region_leave","sid":"20261006T121407.248951Z-Ha9d4ceab-P000153c8","thread":"main","time":"2026-10-06T12:14:07.251441Z","file":"diffcore-rename.c","line":1460,"repo":1,"t_rel":0.000005,"nesting":2,"category":"diff","label":"setup"}
{"event":"region_enter","sid":"20261006T121407.248951Z-Ha9d4ceab-P000153c8","thread":"main","time":"2026-10-06T12:14:07.251463Z","file":"diffcore-rename.c","line":1640,"repo":1,"nesting":2,"category":"diff","label":"write back to queue"}
{"event":"region_leave","sid":"20261006T121407.248951Z-Ha9d4ceab-P000153c8","thread":"main","time":"2026-10-06T12:14:07.251467Z","file":"diffcore-rename.c","line":1717,"repo":1,"t_rel":0.000005,"nesting":2,"category":"diff","label":"write back to queue"}
{"event":"region_leave","sid":"20261006T121407.248951Z-Ha9d4ceab-P000153c8","thread":"main","time":"2026-10-06T12:14:07.251474Z","file":"wt-status.c","line":843,"repo":1,"t_rel":0.000058,"nesting":1,"category":"status","label":"worktrees"}
{"event":"region_enter","sid":"20261006T121407.248951Z-Ha9d4ceab-P000153c8","thread":"main","time":"2026-10-06T12:14:07.251478Z","file":"wt-status.c","line":850,"repo":1,"nesting":1,"category":"status","label":"index"}
{"event":"region_enter","sid":"20261006T121407.248951Z-Ha9d4ceab-P000153c8","thread":"main","time":"2026-10-06T12:14:07.251683Z","file":"unpack-trees.c","line":1905,"repo":1,"nesting":2,"category":"unpack_trees","label":"unpack_trees"}
{"event":"region_leave","sid":"20261006T121407.248951Z-Ha9d4ceab-P000153c8","thread":"main","time":"2026-10-06T12:14:07.251782Z","file":"unpack-trees.c","line":2108,"repo":1,"t_rel":0.000099,"nesting":2,"category":"unpack_trees","label":"unpack_trees"}
{"event":"region_enter","sid":"20261006T121407.248951Z-Ha9d4ceab-P000153c8","thread":"main","time":"2026-10-06T12:14:07.251789Z","file":"diffcore-rename.c","line":1407,"repo":1,"nesting":2,"category":"diff","label":"setup"}
{"event":"region_leave","sid":"20261006T121407.248951Z-Ha9d4ceab-P000153c8","thread":"main","time":"2026-10-06T12:14:07.251792Z","file":"diffcore-rename.c","line":1460,"repo":1,"t_rel":0.000004,"nesting":2,"category":"diff","label":"setup"}
{"event":"region_enter","sid":"20261006T121407.248951Z-Ha9d4ceab-P000153c8","thread":"main","time":"2026-10-06T12:14:07.251796Z","file":"diffcore-rename.c","line":1640,"repo":1,"nesting":2,"category":"diff","label":"write back to queue"}
{"event":"region_leave","sid":"20261006T121407.248951Z-Ha9d4ceab-P000153c8","thread":"main","time":"2026-10-06T12:14:07.251799Z","file":"diffcore-rename.c","line":1717,"repo":1,"t_rel":0.000004,"nesting":2,"category":"diff","label":"write back to queue"}
{"event":"region_leave","sid":"20261006T121407.248951Z-Ha9d4ceab-P000153c8","thread":"main","time":"2026-10-06T12:14:07.251803Z","file":"wt-status.c","line":852,"repo":1,"t_rel":0.000325,"nesting":1,"category":"status","label":"index"}
{"event":"region_enter","sid":"20261006T121407.248951Z-Ha9d4ceab-P000153c8","thread":"main","time":"2026-10-06T12:14:07.251806Z","file":"wt-status.c","line":855,"repo":1,"nesting":1,"category":"status","label":"untracked"}
{"event":"region_enter","sid":"20261006T121407.248951Z-Ha9d4ceab-P000153c8","thread":"main","time":"2026-10-06T12:14:07.251858Z","file":"dir.c","line":3090,"repo":1,"nesting":2,"category":"dir","label":"read_directory"}
{"event":"region_leave","sid":"20261006T121407.248951Z-Ha9d4ceab-P000153c8","thread":"main","time":"2026-10-06T12:14:07.251892Z","file":"dir.c","line":3113,"repo":1,"t_rel":0.000035,"nesting":2,"category":"dir","label":"read_directory"}
{"event":"region_leave","sid":"20261006T121407.248951Z-Ha9d4ceab-P000153c8","thread":"main","time":"2026-10-06T12:14:07.251898Z","file":"wt-status.c","line":857,"repo":1,"t_rel":0.000091,"nesting":1,"category":"status","label":"untracked"}
{"event":"data","sid":"20261006T121407.248951Z-Ha9d4ceab-P000153c8","thread":"main","time":"2026-10-06T12:14:07.251916Z","file":"wt-status.c","line":2569,"repo":1,"t_abs":0.003363,"t_rel":0.003363,"nesting":1,"category":"status","key":"count/changed","value":"0"}
{"event":"data","sid":"20261006T121407.248951Z-Ha9d4ceab-P000153c8","thread":"main","time":"2026-10-06T12:14:07.251921Z","file":"wt-status.c","line":2571,"repo":1,"t_abs":0.003368,"t_rel":0.003368,"nesting":1,"category":"status","key":"count/untracked","value":"0"}
{"event":"data","sid":"20261006T121407.248951Z-Ha9d4ceab-P000153c8","thread":"main","time":"2026-10-06T12:14:07.251935Z","file":"wt-status.c","line":2572,"repo":1,"t_abs":0.003381,"t_rel":0.003381,"nesting":1,"category":"status","key":"count/ignored","value":"0"}
{"event":"region_enter","sid":"20261006T121407.248951Z-Ha9d4ceab-P000153c8","thread":"main","time":"2026-10-06T12:14:07.251939Z","file":"wt-status.c","line":2574,"repo":1,"nesting":1,"category":"status","label":"print"}
{"event":"region_leave","sid":"20261006T121407.248951Z-Ha9d4ceab-P000153c8","thread":"main","time":"2026-10-06T12:14:07.251942Z","file":"wt-status.c","line":2595,"repo":1,"t_rel":0.000004,"nesting":1,"category":"status","label":"print"}
{"event":"exit","sid":"20261006T121407.248951Z-Ha9d4ceab-P000153c8","thread":"main","time":"2026-10-06T12:14:07.251948Z","file":"git.c","line":747,"t_abs":0.003394,"code":0}
{"event":"data_json","sid":"20261006T121407.248951Z-Ha9d4ceab-P000153c8","thread":"main","time":"2026-10-06T12:14:07.251952Z","file":"tree-walk.c","line":186,"repo":1,"t_abs":0.003398,"t_rel":0.003398,"nesting":1,"category":"traverse_trees","key":"statistics","value":{"traverse_trees_count":1,"traverse_trees_max_depth":1}}
{"event":"atexit","sid":"20261006T121407.248951Z-Ha9d4ceab-P000153c8","thread":"main","time":"2026-10-06T12:14:07.251957Z","file":"trace2/tr2_tgt_event.c","line":207,"t_abs":0.003404,"code":0}
{"event":"version","sid":"20261006T121407.265917Z-Ha9d4ceab-P000153ce","thread":"main","time":"2026-10-06T12:14:07.267271Z","file":"common-init.c","line":57,"evt":"4","exe":"2.50.1 (Apple Git-155)"}
{"event":"start","sid":"20261006T121407.265917Z-Ha9d4ceab-P000153ce","thread":"main","time":"2026-10-06T12:14:07.267298Z","file":"common-init.c","line":58,"t_abs":0.001879,"argv":["/Library/Developer/CommandLineTools/usr/bin/git","-C","/var/folders/f1/2xjyyqkn5plc19fx4nt4tpt00000gn/T/dperf03-git-tg8ewO/1","rev-parse","--show-toplevel"]}
{"event":"cmd_name","sid":"20261006T121407.265917Z-Ha9d4ceab-P000153ce","thread":"main","time":"2026-10-06T12:14:07.267361Z","file":"git.c","line":477,"name":"rev-parse","hierarchy":"rev-parse"}
{"event":"version","sid":"20261006T121407.265915Z-Ha9d4ceab-P000153da","thread":"main","time":"2026-10-06T12:14:07.267412Z","file":"common-init.c","line":57,"evt":"4","exe":"2.50.1 (Apple Git-155)"}
{"event":"start","sid":"20261006T121407.265915Z-Ha9d4ceab-P000153da","thread":"main","time":"2026-10-06T12:14:07.267425Z","file":"common-init.c","line":58,"t_abs":0.001998,"argv":["/Library/Developer/CommandLineTools/usr/bin/git","-C","/var/folders/f1/2xjyyqkn5plc19fx4nt4tpt00000gn/T/dperf03-git-tg8ewO/1","rev-parse","HEAD"]}
{"event":"cmd_name","sid":"20261006T121407.265915Z-Ha9d4ceab-P000153da","thread":"main","time":"2026-10-06T12:14:07.267466Z","file":"git.c","line":477,"name":"rev-parse","hierarchy":"rev-parse"}
{"event":"def_repo","sid":"20261006T121407.265917Z-Ha9d4ceab-P000153ce","thread":"main","time":"2026-10-06T12:14:07.267561Z","file":"repository.c","line":241,"repo":1,"worktree":"/private/var/folders/f1/2xjyyqkn5plc19fx4nt4tpt00000gn/T/dperf03-git-tg8ewO/1"}
{"event":"def_repo","sid":"20261006T121407.265915Z-Ha9d4ceab-P000153da","thread":"main","time":"2026-10-06T12:14:07.267602Z","file":"repository.c","line":241,"repo":1,"worktree":"/private/var/folders/f1/2xjyyqkn5plc19fx4nt4tpt00000gn/T/dperf03-git-tg8ewO/1"}
{"event":"version","sid":"20261006T121407.265915Z-Ha9d4ceab-P000153d4","thread":"main","time":"2026-10-06T12:14:07.267729Z","file":"common-init.c","line":57,"evt":"4","exe":"2.50.1 (Apple Git-155)"}
{"event":"start","sid":"20261006T121407.265915Z-Ha9d4ceab-P000153d4","thread":"main","time":"2026-10-06T12:14:07.267740Z","file":"common-init.c","line":58,"t_abs":0.002319,"argv":["/Library/Developer/CommandLineTools/usr/bin/git","-C","/var/folders/f1/2xjyyqkn5plc19fx4nt4tpt00000gn/T/dperf03-git-tg8ewO/1","branch","--show-current"]}
{"event":"version","sid":"20261006T121407.265915Z-Ha9d4ceab-P000153e0","thread":"main","time":"2026-10-06T12:14:07.267746Z","file":"common-init.c","line":57,"evt":"4","exe":"2.50.1 (Apple Git-155)"}
{"event":"start","sid":"20261006T121407.265915Z-Ha9d4ceab-P000153e0","thread":"main","time":"2026-10-06T12:14:07.267775Z","file":"common-init.c","line":58,"t_abs":0.002376,"argv":["/Library/Developer/CommandLineTools/usr/bin/git","-C","/var/folders/f1/2xjyyqkn5plc19fx4nt4tpt00000gn/T/dperf03-git-tg8ewO/1","status","--porcelain","--untracked-files=normal"]}
{"event":"exit","sid":"20261006T121407.265917Z-Ha9d4ceab-P000153ce","thread":"main","time":"2026-10-06T12:14:07.267804Z","file":"git.c","line":747,"t_abs":0.002390,"code":0}
{"event":"atexit","sid":"20261006T121407.265917Z-Ha9d4ceab-P000153ce","thread":"main","time":"2026-10-06T12:14:07.267813Z","file":"trace2/tr2_tgt_event.c","line":207,"t_abs":0.002398,"code":0}
{"event":"def_repo","sid":"20261006T121407.265915Z-Ha9d4ceab-P000153d4","thread":"main","time":"2026-10-06T12:14:07.267962Z","file":"repository.c","line":241,"repo":1,"worktree":"/private/var/folders/f1/2xjyyqkn5plc19fx4nt4tpt00000gn/T/dperf03-git-tg8ewO/1"}
{"event":"cmd_name","sid":"20261006T121407.265915Z-Ha9d4ceab-P000153d4","thread":"main","time":"2026-10-06T12:14:07.267989Z","file":"git.c","line":477,"name":"branch","hierarchy":"branch"}
{"event":"def_repo","sid":"20261006T121407.265915Z-Ha9d4ceab-P000153e0","thread":"main","time":"2026-10-06T12:14:07.268008Z","file":"repository.c","line":241,"repo":1,"worktree":"/private/var/folders/f1/2xjyyqkn5plc19fx4nt4tpt00000gn/T/dperf03-git-tg8ewO/1"}
{"event":"exit","sid":"20261006T121407.265915Z-Ha9d4ceab-P000153da","thread":"main","time":"2026-10-06T12:14:07.268027Z","file":"git.c","line":747,"t_abs":0.002600,"code":0}
{"event":"atexit","sid":"20261006T121407.265915Z-Ha9d4ceab-P000153da","thread":"main","time":"2026-10-06T12:14:07.268043Z","file":"trace2/tr2_tgt_event.c","line":207,"t_abs":0.002616,"code":0}
{"event":"cmd_name","sid":"20261006T121407.265915Z-Ha9d4ceab-P000153e0","thread":"main","time":"2026-10-06T12:14:07.268257Z","file":"git.c","line":477,"name":"status","hierarchy":"status"}
{"event":"exit","sid":"20261006T121407.265915Z-Ha9d4ceab-P000153d4","thread":"main","time":"2026-10-06T12:14:07.268338Z","file":"git.c","line":747,"t_abs":0.002917,"code":0}
{"event":"atexit","sid":"20261006T121407.265915Z-Ha9d4ceab-P000153d4","thread":"main","time":"2026-10-06T12:14:07.268350Z","file":"trace2/tr2_tgt_event.c","line":207,"t_abs":0.002930,"code":0}
{"event":"region_enter","sid":"20261006T121407.265915Z-Ha9d4ceab-P000153e0","thread":"main","time":"2026-10-06T12:14:07.268479Z","file":"read-cache.c","line":2357,"repo":1,"nesting":1,"category":"index","label":"do_read_index","msg":".git/index"}
{"event":"region_enter","sid":"20261006T121407.265915Z-Ha9d4ceab-P000153e0","thread":"main","time":"2026-10-06T12:14:07.268531Z","file":"cache-tree.c","line":643,"repo":1,"nesting":2,"category":"cache_tree","label":"read"}
{"event":"region_leave","sid":"20261006T121407.265915Z-Ha9d4ceab-P000153e0","thread":"main","time":"2026-10-06T12:14:07.268541Z","file":"cache-tree.c","line":645,"repo":1,"t_rel":0.000010,"nesting":2,"category":"cache_tree","label":"read"}
{"event":"data","sid":"20261006T121407.265915Z-Ha9d4ceab-P000153e0","thread":"main","time":"2026-10-06T12:14:07.268550Z","file":"read-cache.c","line":2306,"repo":1,"t_abs":0.003152,"t_rel":0.000072,"nesting":2,"category":"index","key":"read/version","value":"2"}
{"event":"data","sid":"20261006T121407.265915Z-Ha9d4ceab-P000153e0","thread":"main","time":"2026-10-06T12:14:07.268556Z","file":"read-cache.c","line":2308,"repo":1,"t_abs":0.003158,"t_rel":0.000078,"nesting":2,"category":"index","key":"read/cache_nr","value":"1"}
{"event":"region_leave","sid":"20261006T121407.265915Z-Ha9d4ceab-P000153e0","thread":"main","time":"2026-10-06T12:14:07.268561Z","file":"read-cache.c","line":2362,"repo":1,"t_rel":0.000083,"nesting":1,"category":"index","label":"do_read_index","msg":".git/index"}
{"event":"region_enter","sid":"20261006T121407.265915Z-Ha9d4ceab-P000153e0","thread":"main","time":"2026-10-06T12:14:07.268572Z","file":"read-cache.c","line":1513,"nesting":1,"category":"index","label":"refresh"}
{"event":"data","sid":"20261006T121407.265915Z-Ha9d4ceab-P000153e0","thread":"main","time":"2026-10-06T12:14:07.269398Z","file":"read-cache.c","line":1595,"t_abs":0.003999,"t_rel":0.000825,"nesting":2,"category":"index","key":"refresh/sum_lstat","value":"1"}
{"event":"data","sid":"20261006T121407.265915Z-Ha9d4ceab-P000153e0","thread":"main","time":"2026-10-06T12:14:07.269406Z","file":"read-cache.c","line":1596,"t_abs":0.004007,"t_rel":0.000833,"nesting":2,"category":"index","key":"refresh/sum_scan","value":"0"}
{"event":"region_leave","sid":"20261006T121407.265915Z-Ha9d4ceab-P000153e0","thread":"main","time":"2026-10-06T12:14:07.269412Z","file":"read-cache.c","line":1597,"t_rel":0.000839,"nesting":1,"category":"index","label":"refresh"}
{"event":"region_enter","sid":"20261006T121407.265915Z-Ha9d4ceab-P000153e0","thread":"main","time":"2026-10-06T12:14:07.269464Z","file":"wt-status.c","line":841,"repo":1,"nesting":1,"category":"status","label":"worktrees"}
{"event":"region_enter","sid":"20261006T121407.265915Z-Ha9d4ceab-P000153e0","thread":"main","time":"2026-10-06T12:14:07.269490Z","file":"diffcore-rename.c","line":1407,"repo":1,"nesting":2,"category":"diff","label":"setup"}
{"event":"region_leave","sid":"20261006T121407.265915Z-Ha9d4ceab-P000153e0","thread":"main","time":"2026-10-06T12:14:07.269495Z","file":"diffcore-rename.c","line":1460,"repo":1,"t_rel":0.000006,"nesting":2,"category":"diff","label":"setup"}
{"event":"region_enter","sid":"20261006T121407.265915Z-Ha9d4ceab-P000153e0","thread":"main","time":"2026-10-06T12:14:07.269498Z","file":"diffcore-rename.c","line":1640,"repo":1,"nesting":2,"category":"diff","label":"write back to queue"}
{"event":"region_leave","sid":"20261006T121407.265915Z-Ha9d4ceab-P000153e0","thread":"main","time":"2026-10-06T12:14:07.269505Z","file":"diffcore-rename.c","line":1717,"repo":1,"t_rel":0.000007,"nesting":2,"category":"diff","label":"write back to queue"}
{"event":"region_leave","sid":"20261006T121407.265915Z-Ha9d4ceab-P000153e0","thread":"main","time":"2026-10-06T12:14:07.269512Z","file":"wt-status.c","line":843,"repo":1,"t_rel":0.000049,"nesting":1,"category":"status","label":"worktrees"}
{"event":"region_enter","sid":"20261006T121407.265915Z-Ha9d4ceab-P000153e0","thread":"main","time":"2026-10-06T12:14:07.269517Z","file":"wt-status.c","line":850,"repo":1,"nesting":1,"category":"status","label":"index"}
{"event":"region_enter","sid":"20261006T121407.265915Z-Ha9d4ceab-P000153e0","thread":"main","time":"2026-10-06T12:14:07.269716Z","file":"unpack-trees.c","line":1905,"repo":1,"nesting":2,"category":"unpack_trees","label":"unpack_trees"}
{"event":"region_leave","sid":"20261006T121407.265915Z-Ha9d4ceab-P000153e0","thread":"main","time":"2026-10-06T12:14:07.269816Z","file":"unpack-trees.c","line":2108,"repo":1,"t_rel":0.000100,"nesting":2,"category":"unpack_trees","label":"unpack_trees"}
{"event":"region_enter","sid":"20261006T121407.265915Z-Ha9d4ceab-P000153e0","thread":"main","time":"2026-10-06T12:14:07.269821Z","file":"diffcore-rename.c","line":1407,"repo":1,"nesting":2,"category":"diff","label":"setup"}
{"event":"region_leave","sid":"20261006T121407.265915Z-Ha9d4ceab-P000153e0","thread":"main","time":"2026-10-06T12:14:07.269825Z","file":"diffcore-rename.c","line":1460,"repo":1,"t_rel":0.000003,"nesting":2,"category":"diff","label":"setup"}
{"event":"region_enter","sid":"20261006T121407.265915Z-Ha9d4ceab-P000153e0","thread":"main","time":"2026-10-06T12:14:07.269828Z","file":"diffcore-rename.c","line":1640,"repo":1,"nesting":2,"category":"diff","label":"write back to queue"}
{"event":"region_leave","sid":"20261006T121407.265915Z-Ha9d4ceab-P000153e0","thread":"main","time":"2026-10-06T12:14:07.269832Z","file":"diffcore-rename.c","line":1717,"repo":1,"t_rel":0.000004,"nesting":2,"category":"diff","label":"write back to queue"}
{"event":"region_leave","sid":"20261006T121407.265915Z-Ha9d4ceab-P000153e0","thread":"main","time":"2026-10-06T12:14:07.269836Z","file":"wt-status.c","line":852,"repo":1,"t_rel":0.000320,"nesting":1,"category":"status","label":"index"}
{"event":"region_enter","sid":"20261006T121407.265915Z-Ha9d4ceab-P000153e0","thread":"main","time":"2026-10-06T12:14:07.269840Z","file":"wt-status.c","line":855,"repo":1,"nesting":1,"category":"status","label":"untracked"}
{"event":"region_enter","sid":"20261006T121407.265915Z-Ha9d4ceab-P000153e0","thread":"main","time":"2026-10-06T12:14:07.269908Z","file":"dir.c","line":3090,"repo":1,"nesting":2,"category":"dir","label":"read_directory"}
{"event":"region_leave","sid":"20261006T121407.265915Z-Ha9d4ceab-P000153e0","thread":"main","time":"2026-10-06T12:14:07.269947Z","file":"dir.c","line":3113,"repo":1,"t_rel":0.000039,"nesting":2,"category":"dir","label":"read_directory"}
{"event":"region_leave","sid":"20261006T121407.265915Z-Ha9d4ceab-P000153e0","thread":"main","time":"2026-10-06T12:14:07.269952Z","file":"wt-status.c","line":857,"repo":1,"t_rel":0.000112,"nesting":1,"category":"status","label":"untracked"}
{"event":"data","sid":"20261006T121407.265915Z-Ha9d4ceab-P000153e0","thread":"main","time":"2026-10-06T12:14:07.269980Z","file":"wt-status.c","line":2569,"repo":1,"t_abs":0.004581,"t_rel":0.004581,"nesting":1,"category":"status","key":"count/changed","value":"0"}
{"event":"data","sid":"20261006T121407.265915Z-Ha9d4ceab-P000153e0","thread":"main","time":"2026-10-06T12:14:07.269984Z","file":"wt-status.c","line":2571,"repo":1,"t_abs":0.004586,"t_rel":0.004586,"nesting":1,"category":"status","key":"count/untracked","value":"0"}
{"event":"data","sid":"20261006T121407.265915Z-Ha9d4ceab-P000153e0","thread":"main","time":"2026-10-06T12:14:07.269989Z","file":"wt-status.c","line":2572,"repo":1,"t_abs":0.004591,"t_rel":0.004591,"nesting":1,"category":"status","key":"count/ignored","value":"0"}
{"event":"region_enter","sid":"20261006T121407.265915Z-Ha9d4ceab-P000153e0","thread":"main","time":"2026-10-06T12:14:07.269993Z","file":"wt-status.c","line":2574,"repo":1,"nesting":1,"category":"status","label":"print"}
{"event":"region_leave","sid":"20261006T121407.265915Z-Ha9d4ceab-P000153e0","thread":"main","time":"2026-10-06T12:14:07.269997Z","file":"wt-status.c","line":2595,"repo":1,"t_rel":0.000004,"nesting":1,"category":"status","label":"print"}
{"event":"exit","sid":"20261006T121407.265915Z-Ha9d4ceab-P000153e0","thread":"main","time":"2026-10-06T12:14:07.270002Z","file":"git.c","line":747,"t_abs":0.004604,"code":0}
{"event":"data_json","sid":"20261006T121407.265915Z-Ha9d4ceab-P000153e0","thread":"main","time":"2026-10-06T12:14:07.270007Z","file":"tree-walk.c","line":186,"repo":1,"t_abs":0.004608,"t_rel":0.004608,"nesting":1,"category":"traverse_trees","key":"statistics","value":{"traverse_trees_count":1,"traverse_trees_max_depth":1}}
{"event":"atexit","sid":"20261006T121407.265915Z-Ha9d4ceab-P000153e0","thread":"main","time":"2026-10-06T12:14:07.270013Z","file":"trace2/tr2_tgt_event.c","line":207,"t_abs":0.004614,"code":0}
{"event":"version","sid":"20261006T121407.282143Z-Ha9d4ceab-P000153ed","thread":"main","time":"2026-10-06T12:14:07.282664Z","file":"common-init.c","line":57,"evt":"4","exe":"2.50.1 (Apple Git-155)"}
{"event":"start","sid":"20261006T121407.282143Z-Ha9d4ceab-P000153ed","thread":"main","time":"2026-10-06T12:14:07.282683Z","file":"common-init.c","line":58,"t_abs":0.000984,"argv":["/Library/Developer/CommandLineTools/usr/bin/git","-C","/var/folders/f1/2xjyyqkn5plc19fx4nt4tpt00000gn/T/dperf03-git-tg8ewO/2","branch","--show-current"]}
{"event":"version","sid":"20261006T121407.282142Z-Ha9d4ceab-P000153f9","thread":"main","time":"2026-10-06T12:14:07.282696Z","file":"common-init.c","line":57,"evt":"4","exe":"2.50.1 (Apple Git-155)"}
{"event":"start","sid":"20261006T121407.282142Z-Ha9d4ceab-P000153f9","thread":"main","time":"2026-10-06T12:14:07.282705Z","file":"common-init.c","line":58,"t_abs":0.001023,"argv":["/Library/Developer/CommandLineTools/usr/bin/git","-C","/var/folders/f1/2xjyyqkn5plc19fx4nt4tpt00000gn/T/dperf03-git-tg8ewO/2","status","--porcelain","--untracked-files=normal"]}
{"event":"def_repo","sid":"20261006T121407.282142Z-Ha9d4ceab-P000153f9","thread":"main","time":"2026-10-06T12:14:07.282924Z","file":"repository.c","line":241,"repo":1,"worktree":"/private/var/folders/f1/2xjyyqkn5plc19fx4nt4tpt00000gn/T/dperf03-git-tg8ewO/2"}
{"event":"def_repo","sid":"20261006T121407.282143Z-Ha9d4ceab-P000153ed","thread":"main","time":"2026-10-06T12:14:07.282925Z","file":"repository.c","line":241,"repo":1,"worktree":"/private/var/folders/f1/2xjyyqkn5plc19fx4nt4tpt00000gn/T/dperf03-git-tg8ewO/2"}
{"event":"version","sid":"20261006T121407.282142Z-Ha9d4ceab-P000153f3","thread":"main","time":"2026-10-06T12:14:07.282930Z","file":"common-init.c","line":57,"evt":"4","exe":"2.50.1 (Apple Git-155)"}
{"event":"start","sid":"20261006T121407.282142Z-Ha9d4ceab-P000153f3","thread":"main","time":"2026-10-06T12:14:07.282976Z","file":"common-init.c","line":58,"t_abs":0.001288,"argv":["/Library/Developer/CommandLineTools/usr/bin/git","-C","/var/folders/f1/2xjyyqkn5plc19fx4nt4tpt00000gn/T/dperf03-git-tg8ewO/2","rev-parse","HEAD"]}
{"event":"version","sid":"20261006T121407.282143Z-Ha9d4ceab-P000153e7","thread":"main","time":"2026-10-06T12:14:07.282979Z","file":"common-init.c","line":57,"evt":"4","exe":"2.50.1 (Apple Git-155)"}
{"event":"cmd_name","sid":"20261006T121407.282143Z-Ha9d4ceab-P000153ed","thread":"main","time":"2026-10-06T12:14:07.282989Z","file":"git.c","line":477,"name":"branch","hierarchy":"branch"}
{"event":"start","sid":"20261006T121407.282143Z-Ha9d4ceab-P000153e7","thread":"main","time":"2026-10-06T12:14:07.282991Z","file":"common-init.c","line":58,"t_abs":0.001299,"argv":["/Library/Developer/CommandLineTools/usr/bin/git","-C","/var/folders/f1/2xjyyqkn5plc19fx4nt4tpt00000gn/T/dperf03-git-tg8ewO/2","rev-parse","--show-toplevel"]}
{"event":"cmd_name","sid":"20261006T121407.282142Z-Ha9d4ceab-P000153f3","thread":"main","time":"2026-10-06T12:14:07.283028Z","file":"git.c","line":477,"name":"rev-parse","hierarchy":"rev-parse"}
{"event":"cmd_name","sid":"20261006T121407.282143Z-Ha9d4ceab-P000153e7","thread":"main","time":"2026-10-06T12:14:07.283048Z","file":"git.c","line":477,"name":"rev-parse","hierarchy":"rev-parse"}
{"event":"cmd_name","sid":"20261006T121407.282142Z-Ha9d4ceab-P000153f9","thread":"main","time":"2026-10-06T12:14:07.283134Z","file":"git.c","line":477,"name":"status","hierarchy":"status"}
{"event":"def_repo","sid":"20261006T121407.282142Z-Ha9d4ceab-P000153f3","thread":"main","time":"2026-10-06T12:14:07.283172Z","file":"repository.c","line":241,"repo":1,"worktree":"/private/var/folders/f1/2xjyyqkn5plc19fx4nt4tpt00000gn/T/dperf03-git-tg8ewO/2"}
{"event":"def_repo","sid":"20261006T121407.282143Z-Ha9d4ceab-P000153e7","thread":"main","time":"2026-10-06T12:14:07.283196Z","file":"repository.c","line":241,"repo":1,"worktree":"/private/var/folders/f1/2xjyyqkn5plc19fx4nt4tpt00000gn/T/dperf03-git-tg8ewO/2"}
{"event":"exit","sid":"20261006T121407.282143Z-Ha9d4ceab-P000153ed","thread":"main","time":"2026-10-06T12:14:07.283285Z","file":"git.c","line":747,"t_abs":0.001586,"code":0}
{"event":"atexit","sid":"20261006T121407.282143Z-Ha9d4ceab-P000153ed","thread":"main","time":"2026-10-06T12:14:07.283292Z","file":"trace2/tr2_tgt_event.c","line":207,"t_abs":0.001593,"code":0}
{"event":"region_enter","sid":"20261006T121407.282142Z-Ha9d4ceab-P000153f9","thread":"main","time":"2026-10-06T12:14:07.283361Z","file":"read-cache.c","line":2357,"repo":1,"nesting":1,"category":"index","label":"do_read_index","msg":".git/index"}
{"event":"exit","sid":"20261006T121407.282143Z-Ha9d4ceab-P000153e7","thread":"main","time":"2026-10-06T12:14:07.283389Z","file":"git.c","line":747,"t_abs":0.001698,"code":0}
{"event":"atexit","sid":"20261006T121407.282143Z-Ha9d4ceab-P000153e7","thread":"main","time":"2026-10-06T12:14:07.283396Z","file":"trace2/tr2_tgt_event.c","line":207,"t_abs":0.001705,"code":0}
{"event":"region_enter","sid":"20261006T121407.282142Z-Ha9d4ceab-P000153f9","thread":"main","time":"2026-10-06T12:14:07.283407Z","file":"cache-tree.c","line":643,"repo":1,"nesting":2,"category":"cache_tree","label":"read"}
{"event":"region_leave","sid":"20261006T121407.282142Z-Ha9d4ceab-P000153f9","thread":"main","time":"2026-10-06T12:14:07.283414Z","file":"cache-tree.c","line":645,"repo":1,"t_rel":0.000007,"nesting":2,"category":"cache_tree","label":"read"}
{"event":"exit","sid":"20261006T121407.282142Z-Ha9d4ceab-P000153f3","thread":"main","time":"2026-10-06T12:14:07.283414Z","file":"git.c","line":747,"t_abs":0.001725,"code":0}
{"event":"data","sid":"20261006T121407.282142Z-Ha9d4ceab-P000153f9","thread":"main","time":"2026-10-06T12:14:07.283434Z","file":"read-cache.c","line":2306,"repo":1,"t_abs":0.001753,"t_rel":0.000074,"nesting":2,"category":"index","key":"read/version","value":"2"}
{"event":"atexit","sid":"20261006T121407.282142Z-Ha9d4ceab-P000153f3","thread":"main","time":"2026-10-06T12:14:07.283437Z","file":"trace2/tr2_tgt_event.c","line":207,"t_abs":0.001749,"code":0}
{"event":"data","sid":"20261006T121407.282142Z-Ha9d4ceab-P000153f9","thread":"main","time":"2026-10-06T12:14:07.283441Z","file":"read-cache.c","line":2308,"repo":1,"t_abs":0.001759,"t_rel":0.000080,"nesting":2,"category":"index","key":"read/cache_nr","value":"1"}
{"event":"region_leave","sid":"20261006T121407.282142Z-Ha9d4ceab-P000153f9","thread":"main","time":"2026-10-06T12:14:07.283446Z","file":"read-cache.c","line":2362,"repo":1,"t_rel":0.000086,"nesting":1,"category":"index","label":"do_read_index","msg":".git/index"}
{"event":"region_enter","sid":"20261006T121407.282142Z-Ha9d4ceab-P000153f9","thread":"main","time":"2026-10-06T12:14:07.283457Z","file":"read-cache.c","line":1513,"nesting":1,"category":"index","label":"refresh"}
{"event":"data","sid":"20261006T121407.282142Z-Ha9d4ceab-P000153f9","thread":"main","time":"2026-10-06T12:14:07.284253Z","file":"read-cache.c","line":1595,"t_abs":0.002571,"t_rel":0.000796,"nesting":2,"category":"index","key":"refresh/sum_lstat","value":"1"}
{"event":"data","sid":"20261006T121407.282142Z-Ha9d4ceab-P000153f9","thread":"main","time":"2026-10-06T12:14:07.284265Z","file":"read-cache.c","line":1596,"t_abs":0.002582,"t_rel":0.000807,"nesting":2,"category":"index","key":"refresh/sum_scan","value":"0"}
{"event":"region_leave","sid":"20261006T121407.282142Z-Ha9d4ceab-P000153f9","thread":"main","time":"2026-10-06T12:14:07.284271Z","file":"read-cache.c","line":1597,"t_rel":0.000814,"nesting":1,"category":"index","label":"refresh"}
{"event":"region_enter","sid":"20261006T121407.282142Z-Ha9d4ceab-P000153f9","thread":"main","time":"2026-10-06T12:14:07.284322Z","file":"wt-status.c","line":841,"repo":1,"nesting":1,"category":"status","label":"worktrees"}
{"event":"region_enter","sid":"20261006T121407.282142Z-Ha9d4ceab-P000153f9","thread":"main","time":"2026-10-06T12:14:07.284340Z","file":"diffcore-rename.c","line":1407,"repo":1,"nesting":2,"category":"diff","label":"setup"}
{"event":"region_leave","sid":"20261006T121407.282142Z-Ha9d4ceab-P000153f9","thread":"main","time":"2026-10-06T12:14:07.284346Z","file":"diffcore-rename.c","line":1460,"repo":1,"t_rel":0.000007,"nesting":2,"category":"diff","label":"setup"}
{"event":"region_enter","sid":"20261006T121407.282142Z-Ha9d4ceab-P000153f9","thread":"main","time":"2026-10-06T12:14:07.284350Z","file":"diffcore-rename.c","line":1640,"repo":1,"nesting":2,"category":"diff","label":"write back to queue"}
{"event":"region_leave","sid":"20261006T121407.282142Z-Ha9d4ceab-P000153f9","thread":"main","time":"2026-10-06T12:14:07.284354Z","file":"diffcore-rename.c","line":1717,"repo":1,"t_rel":0.000003,"nesting":2,"category":"diff","label":"write back to queue"}
{"event":"region_leave","sid":"20261006T121407.282142Z-Ha9d4ceab-P000153f9","thread":"main","time":"2026-10-06T12:14:07.284359Z","file":"wt-status.c","line":843,"repo":1,"t_rel":0.000037,"nesting":1,"category":"status","label":"worktrees"}
{"event":"region_enter","sid":"20261006T121407.282142Z-Ha9d4ceab-P000153f9","thread":"main","time":"2026-10-06T12:14:07.284365Z","file":"wt-status.c","line":850,"repo":1,"nesting":1,"category":"status","label":"index"}
{"event":"region_enter","sid":"20261006T121407.282142Z-Ha9d4ceab-P000153f9","thread":"main","time":"2026-10-06T12:14:07.284554Z","file":"unpack-trees.c","line":1905,"repo":1,"nesting":2,"category":"unpack_trees","label":"unpack_trees"}
{"event":"region_leave","sid":"20261006T121407.282142Z-Ha9d4ceab-P000153f9","thread":"main","time":"2026-10-06T12:14:07.284636Z","file":"unpack-trees.c","line":2108,"repo":1,"t_rel":0.000084,"nesting":2,"category":"unpack_trees","label":"unpack_trees"}
{"event":"region_enter","sid":"20261006T121407.282142Z-Ha9d4ceab-P000153f9","thread":"main","time":"2026-10-06T12:14:07.284659Z","file":"diffcore-rename.c","line":1407,"repo":1,"nesting":2,"category":"diff","label":"setup"}
{"event":"region_leave","sid":"20261006T121407.282142Z-Ha9d4ceab-P000153f9","thread":"main","time":"2026-10-06T12:14:07.284663Z","file":"diffcore-rename.c","line":1460,"repo":1,"t_rel":0.000005,"nesting":2,"category":"diff","label":"setup"}
{"event":"region_enter","sid":"20261006T121407.282142Z-Ha9d4ceab-P000153f9","thread":"main","time":"2026-10-06T12:14:07.284669Z","file":"diffcore-rename.c","line":1640,"repo":1,"nesting":2,"category":"diff","label":"write back to queue"}
{"event":"region_leave","sid":"20261006T121407.282142Z-Ha9d4ceab-P000153f9","thread":"main","time":"2026-10-06T12:14:07.284673Z","file":"diffcore-rename.c","line":1717,"repo":1,"t_rel":0.000005,"nesting":2,"category":"diff","label":"write back to queue"}
{"event":"region_leave","sid":"20261006T121407.282142Z-Ha9d4ceab-P000153f9","thread":"main","time":"2026-10-06T12:14:07.284678Z","file":"wt-status.c","line":852,"repo":1,"t_rel":0.000314,"nesting":1,"category":"status","label":"index"}
{"event":"region_enter","sid":"20261006T121407.282142Z-Ha9d4ceab-P000153f9","thread":"main","time":"2026-10-06T12:14:07.284682Z","file":"wt-status.c","line":855,"repo":1,"nesting":1,"category":"status","label":"untracked"}
{"event":"region_enter","sid":"20261006T121407.282142Z-Ha9d4ceab-P000153f9","thread":"main","time":"2026-10-06T12:14:07.284739Z","file":"dir.c","line":3090,"repo":1,"nesting":2,"category":"dir","label":"read_directory"}
{"event":"region_leave","sid":"20261006T121407.282142Z-Ha9d4ceab-P000153f9","thread":"main","time":"2026-10-06T12:14:07.284771Z","file":"dir.c","line":3113,"repo":1,"t_rel":0.000032,"nesting":2,"category":"dir","label":"read_directory"}
{"event":"region_leave","sid":"20261006T121407.282142Z-Ha9d4ceab-P000153f9","thread":"main","time":"2026-10-06T12:14:07.284776Z","file":"wt-status.c","line":857,"repo":1,"t_rel":0.000094,"nesting":1,"category":"status","label":"untracked"}
{"event":"data","sid":"20261006T121407.282142Z-Ha9d4ceab-P000153f9","thread":"main","time":"2026-10-06T12:14:07.284799Z","file":"wt-status.c","line":2569,"repo":1,"t_abs":0.003117,"t_rel":0.003117,"nesting":1,"category":"status","key":"count/changed","value":"0"}
{"event":"data","sid":"20261006T121407.282142Z-Ha9d4ceab-P000153f9","thread":"main","time":"2026-10-06T12:14:07.284804Z","file":"wt-status.c","line":2571,"repo":1,"t_abs":0.003123,"t_rel":0.003123,"nesting":1,"category":"status","key":"count/untracked","value":"0"}
{"event":"data","sid":"20261006T121407.282142Z-Ha9d4ceab-P000153f9","thread":"main","time":"2026-10-06T12:14:07.284809Z","file":"wt-status.c","line":2572,"repo":1,"t_abs":0.003128,"t_rel":0.003128,"nesting":1,"category":"status","key":"count/ignored","value":"0"}
{"event":"region_enter","sid":"20261006T121407.282142Z-Ha9d4ceab-P000153f9","thread":"main","time":"2026-10-06T12:14:07.284814Z","file":"wt-status.c","line":2574,"repo":1,"nesting":1,"category":"status","label":"print"}
{"event":"region_leave","sid":"20261006T121407.282142Z-Ha9d4ceab-P000153f9","thread":"main","time":"2026-10-06T12:14:07.284818Z","file":"wt-status.c","line":2595,"repo":1,"t_rel":0.000004,"nesting":1,"category":"status","label":"print"}
{"event":"exit","sid":"20261006T121407.282142Z-Ha9d4ceab-P000153f9","thread":"main","time":"2026-10-06T12:14:07.284824Z","file":"git.c","line":747,"t_abs":0.003143,"code":0}
{"event":"data_json","sid":"20261006T121407.282142Z-Ha9d4ceab-P000153f9","thread":"main","time":"2026-10-06T12:14:07.284829Z","file":"tree-walk.c","line":186,"repo":1,"t_abs":0.003147,"t_rel":0.003147,"nesting":1,"category":"traverse_trees","key":"statistics","value":{"traverse_trees_count":1,"traverse_trees_max_depth":1}}
{"event":"atexit","sid":"20261006T121407.282142Z-Ha9d4ceab-P000153f9","thread":"main","time":"2026-10-06T12:14:07.284836Z","file":"trace2/tr2_tgt_event.c","line":207,"t_abs":0.003154,"code":0}
{"event":"version","sid":"20261006T121407.298395Z-Ha9d4ceab-P00015405","thread":"main","time":"2026-10-06T12:14:07.298852Z","file":"common-init.c","line":57,"evt":"4","exe":"2.50.1 (Apple Git-155)"}
{"event":"start","sid":"20261006T121407.298395Z-Ha9d4ceab-P00015405","thread":"main","time":"2026-10-06T12:14:07.298878Z","file":"common-init.c","line":58,"t_abs":0.001051,"argv":["/Library/Developer/CommandLineTools/usr/bin/git","-C","/var/folders/f1/2xjyyqkn5plc19fx4nt4tpt00000gn/T/dperf03-git-tg8ewO/3","branch","--show-current"]}
{"event":"version","sid":"20261006T121407.298395Z-Ha9d4ceab-P0001540b","thread":"main","time":"2026-10-06T12:14:07.298997Z","file":"common-init.c","line":57,"evt":"4","exe":"2.50.1 (Apple Git-155)"}
{"event":"start","sid":"20261006T121407.298395Z-Ha9d4ceab-P0001540b","thread":"main","time":"2026-10-06T12:14:07.299008Z","file":"common-init.c","line":58,"t_abs":0.001184,"argv":["/Library/Developer/CommandLineTools/usr/bin/git","-C","/var/folders/f1/2xjyyqkn5plc19fx4nt4tpt00000gn/T/dperf03-git-tg8ewO/3","rev-parse","HEAD"]}
{"event":"version","sid":"20261006T121407.298395Z-Ha9d4ceab-P00015411","thread":"main","time":"2026-10-06T12:14:07.299028Z","file":"common-init.c","line":57,"evt":"4","exe":"2.50.1 (Apple Git-155)"}
{"event":"start","sid":"20261006T121407.298395Z-Ha9d4ceab-P00015411","thread":"main","time":"2026-10-06T12:14:07.299040Z","file":"common-init.c","line":58,"t_abs":0.001210,"argv":["/Library/Developer/CommandLineTools/usr/bin/git","-C","/var/folders/f1/2xjyyqkn5plc19fx4nt4tpt00000gn/T/dperf03-git-tg8ewO/3","status","--porcelain","--untracked-files=normal"]}
{"event":"cmd_name","sid":"20261006T121407.298395Z-Ha9d4ceab-P0001540b","thread":"main","time":"2026-10-06T12:14:07.299055Z","file":"git.c","line":477,"name":"rev-parse","hierarchy":"rev-parse"}
{"event":"version","sid":"20261006T121407.298395Z-Ha9d4ceab-P000153ff","thread":"main","time":"2026-10-06T12:14:07.299060Z","file":"common-init.c","line":57,"evt":"4","exe":"2.50.1 (Apple Git-155)"}
{"event":"start","sid":"20261006T121407.298395Z-Ha9d4ceab-P000153ff","thread":"main","time":"2026-10-06T12:14:07.299071Z","file":"common-init.c","line":58,"t_abs":0.001259,"argv":["/Library/Developer/CommandLineTools/usr/bin/git","-C","/var/folders/f1/2xjyyqkn5plc19fx4nt4tpt00000gn/T/dperf03-git-tg8ewO/3","rev-parse","--show-toplevel"]}
{"event":"def_repo","sid":"20261006T121407.298395Z-Ha9d4ceab-P00015405","thread":"main","time":"2026-10-06T12:14:07.299091Z","file":"repository.c","line":241,"repo":1,"worktree":"/private/var/folders/f1/2xjyyqkn5plc19fx4nt4tpt00000gn/T/dperf03-git-tg8ewO/3"}
{"event":"cmd_name","sid":"20261006T121407.298395Z-Ha9d4ceab-P00015405","thread":"main","time":"2026-10-06T12:14:07.299119Z","file":"git.c","line":477,"name":"branch","hierarchy":"branch"}
{"event":"cmd_name","sid":"20261006T121407.298395Z-Ha9d4ceab-P000153ff","thread":"main","time":"2026-10-06T12:14:07.299122Z","file":"git.c","line":477,"name":"rev-parse","hierarchy":"rev-parse"}
{"event":"def_repo","sid":"20261006T121407.298395Z-Ha9d4ceab-P0001540b","thread":"main","time":"2026-10-06T12:14:07.299181Z","file":"repository.c","line":241,"repo":1,"worktree":"/private/var/folders/f1/2xjyyqkn5plc19fx4nt4tpt00000gn/T/dperf03-git-tg8ewO/3"}
{"event":"def_repo","sid":"20261006T121407.298395Z-Ha9d4ceab-P00015411","thread":"main","time":"2026-10-06T12:14:07.299188Z","file":"repository.c","line":241,"repo":1,"worktree":"/private/var/folders/f1/2xjyyqkn5plc19fx4nt4tpt00000gn/T/dperf03-git-tg8ewO/3"}
{"event":"def_repo","sid":"20261006T121407.298395Z-Ha9d4ceab-P000153ff","thread":"main","time":"2026-10-06T12:14:07.299283Z","file":"repository.c","line":241,"repo":1,"worktree":"/private/var/folders/f1/2xjyyqkn5plc19fx4nt4tpt00000gn/T/dperf03-git-tg8ewO/3"}
{"event":"cmd_name","sid":"20261006T121407.298395Z-Ha9d4ceab-P00015411","thread":"main","time":"2026-10-06T12:14:07.299389Z","file":"git.c","line":477,"name":"status","hierarchy":"status"}
{"event":"exit","sid":"20261006T121407.298395Z-Ha9d4ceab-P00015405","thread":"main","time":"2026-10-06T12:14:07.299435Z","file":"git.c","line":747,"t_abs":0.001608,"code":0}
{"event":"atexit","sid":"20261006T121407.298395Z-Ha9d4ceab-P00015405","thread":"main","time":"2026-10-06T12:14:07.299442Z","file":"trace2/tr2_tgt_event.c","line":207,"t_abs":0.001615,"code":0}
{"event":"exit","sid":"20261006T121407.298395Z-Ha9d4ceab-P0001540b","thread":"main","time":"2026-10-06T12:14:07.299444Z","file":"git.c","line":747,"t_abs":0.001621,"code":0}
{"event":"atexit","sid":"20261006T121407.298395Z-Ha9d4ceab-P0001540b","thread":"main","time":"2026-10-06T12:14:07.299451Z","file":"trace2/tr2_tgt_event.c","line":207,"t_abs":0.001628,"code":0}
{"event":"exit","sid":"20261006T121407.298395Z-Ha9d4ceab-P000153ff","thread":"main","time":"2026-10-06T12:14:07.299469Z","file":"git.c","line":747,"t_abs":0.001658,"code":0}
{"event":"atexit","sid":"20261006T121407.298395Z-Ha9d4ceab-P000153ff","thread":"main","time":"2026-10-06T12:14:07.299477Z","file":"trace2/tr2_tgt_event.c","line":207,"t_abs":0.001665,"code":0}
{"event":"region_enter","sid":"20261006T121407.298395Z-Ha9d4ceab-P00015411","thread":"main","time":"2026-10-06T12:14:07.299614Z","file":"read-cache.c","line":2357,"repo":1,"nesting":1,"category":"index","label":"do_read_index","msg":".git/index"}
{"event":"region_enter","sid":"20261006T121407.298395Z-Ha9d4ceab-P00015411","thread":"main","time":"2026-10-06T12:14:07.299661Z","file":"cache-tree.c","line":643,"repo":1,"nesting":2,"category":"cache_tree","label":"read"}
{"event":"region_leave","sid":"20261006T121407.298395Z-Ha9d4ceab-P00015411","thread":"main","time":"2026-10-06T12:14:07.299669Z","file":"cache-tree.c","line":645,"repo":1,"t_rel":0.000008,"nesting":2,"category":"cache_tree","label":"read"}
{"event":"data","sid":"20261006T121407.298395Z-Ha9d4ceab-P00015411","thread":"main","time":"2026-10-06T12:14:07.299678Z","file":"read-cache.c","line":2306,"repo":1,"t_abs":0.001845,"t_rel":0.000061,"nesting":2,"category":"index","key":"read/version","value":"2"}
{"event":"data","sid":"20261006T121407.298395Z-Ha9d4ceab-P00015411","thread":"main","time":"2026-10-06T12:14:07.299684Z","file":"read-cache.c","line":2308,"repo":1,"t_abs":0.001853,"t_rel":0.000069,"nesting":2,"category":"index","key":"read/cache_nr","value":"1"}
{"event":"region_leave","sid":"20261006T121407.298395Z-Ha9d4ceab-P00015411","thread":"main","time":"2026-10-06T12:14:07.299690Z","file":"read-cache.c","line":2362,"repo":1,"t_rel":0.000075,"nesting":1,"category":"index","label":"do_read_index","msg":".git/index"}
{"event":"region_enter","sid":"20261006T121407.298395Z-Ha9d4ceab-P00015411","thread":"main","time":"2026-10-06T12:14:07.299699Z","file":"read-cache.c","line":1513,"nesting":1,"category":"index","label":"refresh"}
{"event":"data","sid":"20261006T121407.298395Z-Ha9d4ceab-P00015411","thread":"main","time":"2026-10-06T12:14:07.300469Z","file":"read-cache.c","line":1595,"t_abs":0.002638,"t_rel":0.000769,"nesting":2,"category":"index","key":"refresh/sum_lstat","value":"1"}
{"event":"data","sid":"20261006T121407.298395Z-Ha9d4ceab-P00015411","thread":"main","time":"2026-10-06T12:14:07.300484Z","file":"read-cache.c","line":1596,"t_abs":0.002652,"t_rel":0.000783,"nesting":2,"category":"index","key":"refresh/sum_scan","value":"0"}
{"event":"region_leave","sid":"20261006T121407.298395Z-Ha9d4ceab-P00015411","thread":"main","time":"2026-10-06T12:14:07.300492Z","file":"read-cache.c","line":1597,"t_rel":0.000791,"nesting":1,"category":"index","label":"refresh"}
{"event":"region_enter","sid":"20261006T121407.298395Z-Ha9d4ceab-P00015411","thread":"main","time":"2026-10-06T12:14:07.300544Z","file":"wt-status.c","line":841,"repo":1,"nesting":1,"category":"status","label":"worktrees"}
{"event":"region_enter","sid":"20261006T121407.298395Z-Ha9d4ceab-P00015411","thread":"main","time":"2026-10-06T12:14:07.300564Z","file":"diffcore-rename.c","line":1407,"repo":1,"nesting":2,"category":"diff","label":"setup"}
{"event":"region_leave","sid":"20261006T121407.298395Z-Ha9d4ceab-P00015411","thread":"main","time":"2026-10-06T12:14:07.300568Z","file":"diffcore-rename.c","line":1460,"repo":1,"t_rel":0.000005,"nesting":2,"category":"diff","label":"setup"}
{"event":"region_enter","sid":"20261006T121407.298395Z-Ha9d4ceab-P00015411","thread":"main","time":"2026-10-06T12:14:07.300590Z","file":"diffcore-rename.c","line":1640,"repo":1,"nesting":2,"category":"diff","label":"write back to queue"}
{"event":"region_leave","sid":"20261006T121407.298395Z-Ha9d4ceab-P00015411","thread":"main","time":"2026-10-06T12:14:07.300594Z","file":"diffcore-rename.c","line":1717,"repo":1,"t_rel":0.000004,"nesting":2,"category":"diff","label":"write back to queue"}
{"event":"region_leave","sid":"20261006T121407.298395Z-Ha9d4ceab-P00015411","thread":"main","time":"2026-10-06T12:14:07.300602Z","file":"wt-status.c","line":843,"repo":1,"t_rel":0.000057,"nesting":1,"category":"status","label":"worktrees"}
{"event":"region_enter","sid":"20261006T121407.298395Z-Ha9d4ceab-P00015411","thread":"main","time":"2026-10-06T12:14:07.300606Z","file":"wt-status.c","line":850,"repo":1,"nesting":1,"category":"status","label":"index"}
{"event":"region_enter","sid":"20261006T121407.298395Z-Ha9d4ceab-P00015411","thread":"main","time":"2026-10-06T12:14:07.300808Z","file":"unpack-trees.c","line":1905,"repo":1,"nesting":2,"category":"unpack_trees","label":"unpack_trees"}
{"event":"region_leave","sid":"20261006T121407.298395Z-Ha9d4ceab-P00015411","thread":"main","time":"2026-10-06T12:14:07.300921Z","file":"unpack-trees.c","line":2108,"repo":1,"t_rel":0.000114,"nesting":2,"category":"unpack_trees","label":"unpack_trees"}
{"event":"region_enter","sid":"20261006T121407.298395Z-Ha9d4ceab-P00015411","thread":"main","time":"2026-10-06T12:14:07.300927Z","file":"diffcore-rename.c","line":1407,"repo":1,"nesting":2,"category":"diff","label":"setup"}
{"event":"region_leave","sid":"20261006T121407.298395Z-Ha9d4ceab-P00015411","thread":"main","time":"2026-10-06T12:14:07.300931Z","file":"diffcore-rename.c","line":1460,"repo":1,"t_rel":0.000004,"nesting":2,"category":"diff","label":"setup"}
{"event":"region_enter","sid":"20261006T121407.298395Z-Ha9d4ceab-P00015411","thread":"main","time":"2026-10-06T12:14:07.300935Z","file":"diffcore-rename.c","line":1640,"repo":1,"nesting":2,"category":"diff","label":"write back to queue"}
{"event":"region_leave","sid":"20261006T121407.298395Z-Ha9d4ceab-P00015411","thread":"main","time":"2026-10-06T12:14:07.300938Z","file":"diffcore-rename.c","line":1717,"repo":1,"t_rel":0.000003,"nesting":2,"category":"diff","label":"write back to queue"}
{"event":"region_leave","sid":"20261006T121407.298395Z-Ha9d4ceab-P00015411","thread":"main","time":"2026-10-06T12:14:07.300943Z","file":"wt-status.c","line":852,"repo":1,"t_rel":0.000338,"nesting":1,"category":"status","label":"index"}
{"event":"region_enter","sid":"20261006T121407.298395Z-Ha9d4ceab-P00015411","thread":"main","time":"2026-10-06T12:14:07.300948Z","file":"wt-status.c","line":855,"repo":1,"nesting":1,"category":"status","label":"untracked"}
{"event":"region_enter","sid":"20261006T121407.298395Z-Ha9d4ceab-P00015411","thread":"main","time":"2026-10-06T12:14:07.301006Z","file":"dir.c","line":3090,"repo":1,"nesting":2,"category":"dir","label":"read_directory"}
{"event":"region_leave","sid":"20261006T121407.298395Z-Ha9d4ceab-P00015411","thread":"main","time":"2026-10-06T12:14:07.301040Z","file":"dir.c","line":3113,"repo":1,"t_rel":0.000035,"nesting":2,"category":"dir","label":"read_directory"}
{"event":"region_leave","sid":"20261006T121407.298395Z-Ha9d4ceab-P00015411","thread":"main","time":"2026-10-06T12:14:07.301046Z","file":"wt-status.c","line":857,"repo":1,"t_rel":0.000098,"nesting":1,"category":"status","label":"untracked"}
{"event":"data","sid":"20261006T121407.298395Z-Ha9d4ceab-P00015411","thread":"main","time":"2026-10-06T12:14:07.301067Z","file":"wt-status.c","line":2569,"repo":1,"t_abs":0.003237,"t_rel":0.003237,"nesting":1,"category":"status","key":"count/changed","value":"0"}
{"event":"data","sid":"20261006T121407.298395Z-Ha9d4ceab-P00015411","thread":"main","time":"2026-10-06T12:14:07.301072Z","file":"wt-status.c","line":2571,"repo":1,"t_abs":0.003242,"t_rel":0.003242,"nesting":1,"category":"status","key":"count/untracked","value":"0"}
{"event":"data","sid":"20261006T121407.298395Z-Ha9d4ceab-P00015411","thread":"main","time":"2026-10-06T12:14:07.301087Z","file":"wt-status.c","line":2572,"repo":1,"t_abs":0.003257,"t_rel":0.003257,"nesting":1,"category":"status","key":"count/ignored","value":"0"}
{"event":"region_enter","sid":"20261006T121407.298395Z-Ha9d4ceab-P00015411","thread":"main","time":"2026-10-06T12:14:07.301092Z","file":"wt-status.c","line":2574,"repo":1,"nesting":1,"category":"status","label":"print"}
{"event":"region_leave","sid":"20261006T121407.298395Z-Ha9d4ceab-P00015411","thread":"main","time":"2026-10-06T12:14:07.301096Z","file":"wt-status.c","line":2595,"repo":1,"t_rel":0.000004,"nesting":1,"category":"status","label":"print"}
{"event":"exit","sid":"20261006T121407.298395Z-Ha9d4ceab-P00015411","thread":"main","time":"2026-10-06T12:14:07.301103Z","file":"git.c","line":747,"t_abs":0.003272,"code":0}
{"event":"data_json","sid":"20261006T121407.298395Z-Ha9d4ceab-P00015411","thread":"main","time":"2026-10-06T12:14:07.301107Z","file":"tree-walk.c","line":186,"repo":1,"t_abs":0.003277,"t_rel":0.003277,"nesting":1,"category":"traverse_trees","key":"statistics","value":{"traverse_trees_count":1,"traverse_trees_max_depth":1}}
{"event":"atexit","sid":"20261006T121407.298395Z-Ha9d4ceab-P00015411","thread":"main","time":"2026-10-06T12:14:07.301113Z","file":"trace2/tr2_tgt_event.c","line":207,"t_abs":0.003282,"code":0}
{"event":"version","sid":"20261006T121407.313784Z-Ha9d4ceab-P00015429","thread":"main","time":"2026-10-06T12:14:07.314200Z","file":"common-init.c","line":57,"evt":"4","exe":"2.50.1 (Apple Git-155)"}
{"event":"start","sid":"20261006T121407.313784Z-Ha9d4ceab-P00015429","thread":"main","time":"2026-10-06T12:14:07.314213Z","file":"common-init.c","line":58,"t_abs":0.000841,"argv":["/Library/Developer/CommandLineTools/usr/bin/git","-C","/var/folders/f1/2xjyyqkn5plc19fx4nt4tpt00000gn/T/dperf03-git-tg8ewO/4","status","--porcelain","--untracked-files=normal"]}
{"event":"version","sid":"20261006T121407.313788Z-Ha9d4ceab-P00015417","thread":"main","time":"2026-10-06T12:14:07.314336Z","file":"common-init.c","line":57,"evt":"4","exe":"2.50.1 (Apple Git-155)"}
{"event":"start","sid":"20261006T121407.313788Z-Ha9d4ceab-P00015417","thread":"main","time":"2026-10-06T12:14:07.314347Z","file":"common-init.c","line":58,"t_abs":0.000970,"argv":["/Library/Developer/CommandLineTools/usr/bin/git","-C","/var/folders/f1/2xjyyqkn5plc19fx4nt4tpt00000gn/T/dperf03-git-tg8ewO/4","rev-parse","--show-toplevel"]}
{"event":"version","sid":"20261006T121407.313784Z-Ha9d4ceab-P00015423","thread":"main","time":"2026-10-06T12:14:07.314364Z","file":"common-init.c","line":57,"evt":"4","exe":"2.50.1 (Apple Git-155)"}
{"event":"start","sid":"20261006T121407.313784Z-Ha9d4ceab-P00015423","thread":"main","time":"2026-10-06T12:14:07.314377Z","file":"common-init.c","line":58,"t_abs":0.001017,"argv":["/Library/Developer/CommandLineTools/usr/bin/git","-C","/var/folders/f1/2xjyyqkn5plc19fx4nt4tpt00000gn/T/dperf03-git-tg8ewO/4","rev-parse","HEAD"]}
{"event":"cmd_name","sid":"20261006T121407.313788Z-Ha9d4ceab-P00015417","thread":"main","time":"2026-10-06T12:14:07.314387Z","file":"git.c","line":477,"name":"rev-parse","hierarchy":"rev-parse"}
{"event":"def_repo","sid":"20261006T121407.313784Z-Ha9d4ceab-P00015429","thread":"main","time":"2026-10-06T12:14:07.314390Z","file":"repository.c","line":241,"repo":1,"worktree":"/private/var/folders/f1/2xjyyqkn5plc19fx4nt4tpt00000gn/T/dperf03-git-tg8ewO/4"}
{"event":"cmd_name","sid":"20261006T121407.313784Z-Ha9d4ceab-P00015423","thread":"main","time":"2026-10-06T12:14:07.314426Z","file":"git.c","line":477,"name":"rev-parse","hierarchy":"rev-parse"}
{"event":"def_repo","sid":"20261006T121407.313788Z-Ha9d4ceab-P00015417","thread":"main","time":"2026-10-06T12:14:07.314497Z","file":"repository.c","line":241,"repo":1,"worktree":"/private/var/folders/f1/2xjyyqkn5plc19fx4nt4tpt00000gn/T/dperf03-git-tg8ewO/4"}
{"event":"cmd_name","sid":"20261006T121407.313784Z-Ha9d4ceab-P00015429","thread":"main","time":"2026-10-06T12:14:07.314549Z","file":"git.c","line":477,"name":"status","hierarchy":"status"}
{"event":"version","sid":"20261006T121407.313790Z-Ha9d4ceab-P0001541d","thread":"main","time":"2026-10-06T12:14:07.314553Z","file":"common-init.c","line":57,"evt":"4","exe":"2.50.1 (Apple Git-155)"}
{"event":"def_repo","sid":"20261006T121407.313784Z-Ha9d4ceab-P00015423","thread":"main","time":"2026-10-06T12:14:07.314558Z","file":"repository.c","line":241,"repo":1,"worktree":"/private/var/folders/f1/2xjyyqkn5plc19fx4nt4tpt00000gn/T/dperf03-git-tg8ewO/4"}
{"event":"start","sid":"20261006T121407.313790Z-Ha9d4ceab-P0001541d","thread":"main","time":"2026-10-06T12:14:07.314563Z","file":"common-init.c","line":58,"t_abs":0.001200,"argv":["/Library/Developer/CommandLineTools/usr/bin/git","-C","/var/folders/f1/2xjyyqkn5plc19fx4nt4tpt00000gn/T/dperf03-git-tg8ewO/4","branch","--show-current"]}
{"event":"exit","sid":"20261006T121407.313788Z-Ha9d4ceab-P00015417","thread":"main","time":"2026-10-06T12:14:07.314708Z","file":"git.c","line":747,"t_abs":0.001331,"code":0}
{"event":"atexit","sid":"20261006T121407.313788Z-Ha9d4ceab-P00015417","thread":"main","time":"2026-10-06T12:14:07.314716Z","file":"trace2/tr2_tgt_event.c","line":207,"t_abs":0.001339,"code":0}
{"event":"def_repo","sid":"20261006T121407.313790Z-Ha9d4ceab-P0001541d","thread":"main","time":"2026-10-06T12:14:07.314738Z","file":"repository.c","line":241,"repo":1,"worktree":"/private/var/folders/f1/2xjyyqkn5plc19fx4nt4tpt00000gn/T/dperf03-git-tg8ewO/4"}
{"event":"cmd_name","sid":"20261006T121407.313790Z-Ha9d4ceab-P0001541d","thread":"main","time":"2026-10-06T12:14:07.314764Z","file":"git.c","line":477,"name":"branch","hierarchy":"branch"}
{"event":"region_enter","sid":"20261006T121407.313784Z-Ha9d4ceab-P00015429","thread":"main","time":"2026-10-06T12:14:07.314794Z","file":"read-cache.c","line":2357,"repo":1,"nesting":1,"category":"index","label":"do_read_index","msg":".git/index"}
{"event":"exit","sid":"20261006T121407.313784Z-Ha9d4ceab-P00015423","thread":"main","time":"2026-10-06T12:14:07.314810Z","file":"git.c","line":747,"t_abs":0.001450,"code":0}
{"event":"atexit","sid":"20261006T121407.313784Z-Ha9d4ceab-P00015423","thread":"main","time":"2026-10-06T12:14:07.314817Z","file":"trace2/tr2_tgt_event.c","line":207,"t_abs":0.001457,"code":0}
{"event":"region_enter","sid":"20261006T121407.313784Z-Ha9d4ceab-P00015429","thread":"main","time":"2026-10-06T12:14:07.314840Z","file":"cache-tree.c","line":643,"repo":1,"nesting":2,"category":"cache_tree","label":"read"}
{"event":"region_leave","sid":"20261006T121407.313784Z-Ha9d4ceab-P00015429","thread":"main","time":"2026-10-06T12:14:07.314848Z","file":"cache-tree.c","line":645,"repo":1,"t_rel":0.000007,"nesting":2,"category":"cache_tree","label":"read"}
{"event":"data","sid":"20261006T121407.313784Z-Ha9d4ceab-P00015429","thread":"main","time":"2026-10-06T12:14:07.314855Z","file":"read-cache.c","line":2306,"repo":1,"t_abs":0.001483,"t_rel":0.000061,"nesting":2,"category":"index","key":"read/version","value":"2"}
{"event":"data","sid":"20261006T121407.313784Z-Ha9d4ceab-P00015429","thread":"main","time":"2026-10-06T12:14:07.314860Z","file":"read-cache.c","line":2308,"repo":1,"t_abs":0.001489,"t_rel":0.000067,"nesting":2,"category":"index","key":"read/cache_nr","value":"1"}
{"event":"region_leave","sid":"20261006T121407.313784Z-Ha9d4ceab-P00015429","thread":"main","time":"2026-10-06T12:14:07.314866Z","file":"read-cache.c","line":2362,"repo":1,"t_rel":0.000071,"nesting":1,"category":"index","label":"do_read_index","msg":".git/index"}
{"event":"region_enter","sid":"20261006T121407.313784Z-Ha9d4ceab-P00015429","thread":"main","time":"2026-10-06T12:14:07.314875Z","file":"read-cache.c","line":1513,"nesting":1,"category":"index","label":"refresh"}
{"event":"data","sid":"20261006T121407.313784Z-Ha9d4ceab-P00015429","thread":"main","time":"2026-10-06T12:14:07.314885Z","file":"read-cache.c","line":1595,"t_abs":0.001513,"t_rel":0.000009,"nesting":2,"category":"index","key":"refresh/sum_lstat","value":"1"}
{"event":"data","sid":"20261006T121407.313784Z-Ha9d4ceab-P00015429","thread":"main","time":"2026-10-06T12:14:07.314903Z","file":"read-cache.c","line":1596,"t_abs":0.001531,"t_rel":0.000027,"nesting":2,"category":"index","key":"refresh/sum_scan","value":"0"}
{"event":"region_leave","sid":"20261006T121407.313784Z-Ha9d4ceab-P00015429","thread":"main","time":"2026-10-06T12:14:07.314907Z","file":"read-cache.c","line":1597,"t_rel":0.000032,"nesting":1,"category":"index","label":"refresh"}
{"event":"exit","sid":"20261006T121407.313790Z-Ha9d4ceab-P0001541d","thread":"main","time":"2026-10-06T12:14:07.314972Z","file":"git.c","line":747,"t_abs":0.001610,"code":0}
{"event":"region_enter","sid":"20261006T121407.313784Z-Ha9d4ceab-P00015429","thread":"main","time":"2026-10-06T12:14:07.314975Z","file":"wt-status.c","line":841,"repo":1,"nesting":1,"category":"status","label":"worktrees"}
{"event":"atexit","sid":"20261006T121407.313790Z-Ha9d4ceab-P0001541d","thread":"main","time":"2026-10-06T12:14:07.314979Z","file":"trace2/tr2_tgt_event.c","line":207,"t_abs":0.001616,"code":0}
{"event":"region_enter","sid":"20261006T121407.313784Z-Ha9d4ceab-P00015429","thread":"main","time":"2026-10-06T12:14:07.314994Z","file":"diffcore-rename.c","line":1407,"repo":1,"nesting":2,"category":"diff","label":"setup"}
{"event":"region_leave","sid":"20261006T121407.313784Z-Ha9d4ceab-P00015429","thread":"main","time":"2026-10-06T12:14:07.314998Z","file":"diffcore-rename.c","line":1460,"repo":1,"t_rel":0.000005,"nesting":2,"category":"diff","label":"setup"}
{"event":"region_enter","sid":"20261006T121407.313784Z-Ha9d4ceab-P00015429","thread":"main","time":"2026-10-06T12:14:07.315003Z","file":"diffcore-rename.c","line":1640,"repo":1,"nesting":2,"category":"diff","label":"write back to queue"}
{"event":"region_leave","sid":"20261006T121407.313784Z-Ha9d4ceab-P00015429","thread":"main","time":"2026-10-06T12:14:07.315007Z","file":"diffcore-rename.c","line":1717,"repo":1,"t_rel":0.000005,"nesting":2,"category":"diff","label":"write back to queue"}
{"event":"region_leave","sid":"20261006T121407.313784Z-Ha9d4ceab-P00015429","thread":"main","time":"2026-10-06T12:14:07.315014Z","file":"wt-status.c","line":843,"repo":1,"t_rel":0.000039,"nesting":1,"category":"status","label":"worktrees"}
{"event":"region_enter","sid":"20261006T121407.313784Z-Ha9d4ceab-P00015429","thread":"main","time":"2026-10-06T12:14:07.315018Z","file":"wt-status.c","line":850,"repo":1,"nesting":1,"category":"status","label":"index"}
{"event":"region_enter","sid":"20261006T121407.313784Z-Ha9d4ceab-P00015429","thread":"main","time":"2026-10-06T12:14:07.315757Z","file":"unpack-trees.c","line":1905,"repo":1,"nesting":2,"category":"unpack_trees","label":"unpack_trees"}
{"event":"region_leave","sid":"20261006T121407.313784Z-Ha9d4ceab-P00015429","thread":"main","time":"2026-10-06T12:14:07.315843Z","file":"unpack-trees.c","line":2108,"repo":1,"t_rel":0.000086,"nesting":2,"category":"unpack_trees","label":"unpack_trees"}
{"event":"region_enter","sid":"20261006T121407.313784Z-Ha9d4ceab-P00015429","thread":"main","time":"2026-10-06T12:14:07.315849Z","file":"diffcore-rename.c","line":1407,"repo":1,"nesting":2,"category":"diff","label":"setup"}
{"event":"region_leave","sid":"20261006T121407.313784Z-Ha9d4ceab-P00015429","thread":"main","time":"2026-10-06T12:14:07.315852Z","file":"diffcore-rename.c","line":1460,"repo":1,"t_rel":0.000004,"nesting":2,"category":"diff","label":"setup"}
{"event":"region_enter","sid":"20261006T121407.313784Z-Ha9d4ceab-P00015429","thread":"main","time":"2026-10-06T12:14:07.315856Z","file":"diffcore-rename.c","line":1640,"repo":1,"nesting":2,"category":"diff","label":"write back to queue"}
{"event":"region_leave","sid":"20261006T121407.313784Z-Ha9d4ceab-P00015429","thread":"main","time":"2026-10-06T12:14:07.315859Z","file":"diffcore-rename.c","line":1717,"repo":1,"t_rel":0.000004,"nesting":2,"category":"diff","label":"write back to queue"}
{"event":"region_leave","sid":"20261006T121407.313784Z-Ha9d4ceab-P00015429","thread":"main","time":"2026-10-06T12:14:07.315863Z","file":"wt-status.c","line":852,"repo":1,"t_rel":0.000845,"nesting":1,"category":"status","label":"index"}
{"event":"region_enter","sid":"20261006T121407.313784Z-Ha9d4ceab-P00015429","thread":"main","time":"2026-10-06T12:14:07.315881Z","file":"wt-status.c","line":855,"repo":1,"nesting":1,"category":"status","label":"untracked"}
{"event":"region_enter","sid":"20261006T121407.313784Z-Ha9d4ceab-P00015429","thread":"main","time":"2026-10-06T12:14:07.315930Z","file":"dir.c","line":3090,"repo":1,"nesting":2,"category":"dir","label":"read_directory"}
{"event":"region_leave","sid":"20261006T121407.313784Z-Ha9d4ceab-P00015429","thread":"main","time":"2026-10-06T12:14:07.315961Z","file":"dir.c","line":3113,"repo":1,"t_rel":0.000030,"nesting":2,"category":"dir","label":"read_directory"}
{"event":"region_leave","sid":"20261006T121407.313784Z-Ha9d4ceab-P00015429","thread":"main","time":"2026-10-06T12:14:07.315966Z","file":"wt-status.c","line":857,"repo":1,"t_rel":0.000086,"nesting":1,"category":"status","label":"untracked"}
{"event":"data","sid":"20261006T121407.313784Z-Ha9d4ceab-P00015429","thread":"main","time":"2026-10-06T12:14:07.315985Z","file":"wt-status.c","line":2569,"repo":1,"t_abs":0.002614,"t_rel":0.002614,"nesting":1,"category":"status","key":"count/changed","value":"0"}
{"event":"data","sid":"20261006T121407.313784Z-Ha9d4ceab-P00015429","thread":"main","time":"2026-10-06T12:14:07.315990Z","file":"wt-status.c","line":2571,"repo":1,"t_abs":0.002618,"t_rel":0.002618,"nesting":1,"category":"status","key":"count/untracked","value":"0"}
{"event":"data","sid":"20261006T121407.313784Z-Ha9d4ceab-P00015429","thread":"main","time":"2026-10-06T12:14:07.315994Z","file":"wt-status.c","line":2572,"repo":1,"t_abs":0.002622,"t_rel":0.002622,"nesting":1,"category":"status","key":"count/ignored","value":"0"}
{"event":"region_enter","sid":"20261006T121407.313784Z-Ha9d4ceab-P00015429","thread":"main","time":"2026-10-06T12:14:07.315997Z","file":"wt-status.c","line":2574,"repo":1,"nesting":1,"category":"status","label":"print"}
{"event":"region_leave","sid":"20261006T121407.313784Z-Ha9d4ceab-P00015429","thread":"main","time":"2026-10-06T12:14:07.316001Z","file":"wt-status.c","line":2595,"repo":1,"t_rel":0.000004,"nesting":1,"category":"status","label":"print"}
{"event":"exit","sid":"20261006T121407.313784Z-Ha9d4ceab-P00015429","thread":"main","time":"2026-10-06T12:14:07.316009Z","file":"git.c","line":747,"t_abs":0.002637,"code":0}
{"event":"data_json","sid":"20261006T121407.313784Z-Ha9d4ceab-P00015429","thread":"main","time":"2026-10-06T12:14:07.316013Z","file":"tree-walk.c","line":186,"repo":1,"t_abs":0.002642,"t_rel":0.002642,"nesting":1,"category":"traverse_trees","key":"statistics","value":{"traverse_trees_count":1,"traverse_trees_max_depth":1}}
{"event":"atexit","sid":"20261006T121407.313784Z-Ha9d4ceab-P00015429","thread":"main","time":"2026-10-06T12:14:07.316018Z","file":"trace2/tr2_tgt_event.c","line":207,"t_abs":0.002646,"code":0}
{"event":"version","sid":"20261006T121407.328777Z-Ha9d4ceab-P00015441","thread":"main","time":"2026-10-06T12:14:07.329244Z","file":"common-init.c","line":57,"evt":"4","exe":"2.50.1 (Apple Git-155)"}
{"event":"version","sid":"20261006T121407.328777Z-Ha9d4ceab-P0001542f","thread":"main","time":"2026-10-06T12:14:07.329381Z","file":"common-init.c","line":57,"evt":"4","exe":"2.50.1 (Apple Git-155)"}
{"event":"version","sid":"20261006T121407.328777Z-Ha9d4ceab-P00015435","thread":"main","time":"2026-10-06T12:14:07.329510Z","file":"common-init.c","line":57,"evt":"4","exe":"2.50.1 (Apple Git-155)"}
{"event":"start","sid":"20261006T121407.328777Z-Ha9d4ceab-P00015441","thread":"main","time":"2026-10-06T12:14:07.330773Z","file":"common-init.c","line":58,"t_abs":0.002421,"argv":["/Library/Developer/CommandLineTools/usr/bin/git","-C","/var/folders/f1/2xjyyqkn5plc19fx4nt4tpt00000gn/T/dperf03-git-tg8ewO/5","status","--porcelain","--untracked-files=normal"]}
{"event":"start","sid":"20261006T121407.328777Z-Ha9d4ceab-P0001542f","thread":"main","time":"2026-10-06T12:14:07.330776Z","file":"common-init.c","line":58,"t_abs":0.002429,"argv":["/Library/Developer/CommandLineTools/usr/bin/git","-C","/var/folders/f1/2xjyyqkn5plc19fx4nt4tpt00000gn/T/dperf03-git-tg8ewO/5","rev-parse","--show-toplevel"]}
{"event":"version","sid":"20261006T121407.328777Z-Ha9d4ceab-P0001543b","thread":"main","time":"2026-10-06T12:14:07.329413Z","file":"common-init.c","line":57,"evt":"4","exe":"2.50.1 (Apple Git-155)"}
{"event":"start","sid":"20261006T121407.328777Z-Ha9d4ceab-P00015435","thread":"main","time":"2026-10-06T12:14:07.330785Z","file":"common-init.c","line":58,"t_abs":0.002427,"argv":["/Library/Developer/CommandLineTools/usr/bin/git","-C","/var/folders/f1/2xjyyqkn5plc19fx4nt4tpt00000gn/T/dperf03-git-tg8ewO/5","branch","--show-current"]}
{"event":"start","sid":"20261006T121407.328777Z-Ha9d4ceab-P0001543b","thread":"main","time":"2026-10-06T12:14:07.330918Z","file":"common-init.c","line":58,"t_abs":0.002556,"argv":["/Library/Developer/CommandLineTools/usr/bin/git","-C","/var/folders/f1/2xjyyqkn5plc19fx4nt4tpt00000gn/T/dperf03-git-tg8ewO/5","rev-parse","HEAD"]}
{"event":"cmd_name","sid":"20261006T121407.328777Z-Ha9d4ceab-P0001542f","thread":"main","time":"2026-10-06T12:14:07.330949Z","file":"git.c","line":477,"name":"rev-parse","hierarchy":"rev-parse"}
{"event":"cmd_name","sid":"20261006T121407.328777Z-Ha9d4ceab-P0001543b","thread":"main","time":"2026-10-06T12:14:07.330968Z","file":"git.c","line":477,"name":"rev-parse","hierarchy":"rev-parse"}
{"event":"def_repo","sid":"20261006T121407.328777Z-Ha9d4ceab-P00015441","thread":"main","time":"2026-10-06T12:14:07.330970Z","file":"repository.c","line":241,"repo":1,"worktree":"/private/var/folders/f1/2xjyyqkn5plc19fx4nt4tpt00000gn/T/dperf03-git-tg8ewO/5"}
{"event":"def_repo","sid":"20261006T121407.328777Z-Ha9d4ceab-P0001542f","thread":"main","time":"2026-10-06T12:14:07.331079Z","file":"repository.c","line":241,"repo":1,"worktree":"/private/var/folders/f1/2xjyyqkn5plc19fx4nt4tpt00000gn/T/dperf03-git-tg8ewO/5"}
{"event":"def_repo","sid":"20261006T121407.328777Z-Ha9d4ceab-P00015435","thread":"main","time":"2026-10-06T12:14:07.331087Z","file":"repository.c","line":241,"repo":1,"worktree":"/private/var/folders/f1/2xjyyqkn5plc19fx4nt4tpt00000gn/T/dperf03-git-tg8ewO/5"}
{"event":"def_repo","sid":"20261006T121407.328777Z-Ha9d4ceab-P0001543b","thread":"main","time":"2026-10-06T12:14:07.331091Z","file":"repository.c","line":241,"repo":1,"worktree":"/private/var/folders/f1/2xjyyqkn5plc19fx4nt4tpt00000gn/T/dperf03-git-tg8ewO/5"}
{"event":"cmd_name","sid":"20261006T121407.328777Z-Ha9d4ceab-P00015435","thread":"main","time":"2026-10-06T12:14:07.331113Z","file":"git.c","line":477,"name":"branch","hierarchy":"branch"}
{"event":"cmd_name","sid":"20261006T121407.328777Z-Ha9d4ceab-P00015441","thread":"main","time":"2026-10-06T12:14:07.331156Z","file":"git.c","line":477,"name":"status","hierarchy":"status"}
{"event":"exit","sid":"20261006T121407.328777Z-Ha9d4ceab-P0001542f","thread":"main","time":"2026-10-06T12:14:07.331299Z","file":"git.c","line":747,"t_abs":0.002953,"code":0}
{"event":"atexit","sid":"20261006T121407.328777Z-Ha9d4ceab-P0001542f","thread":"main","time":"2026-10-06T12:14:07.331306Z","file":"trace2/tr2_tgt_event.c","line":207,"t_abs":0.002961,"code":0}
{"event":"exit","sid":"20261006T121407.328777Z-Ha9d4ceab-P0001543b","thread":"main","time":"2026-10-06T12:14:07.331393Z","file":"git.c","line":747,"t_abs":0.003032,"code":0}
{"event":"region_enter","sid":"20261006T121407.328777Z-Ha9d4ceab-P00015441","thread":"main","time":"2026-10-06T12:14:07.331396Z","file":"read-cache.c","line":2357,"repo":1,"nesting":1,"category":"index","label":"do_read_index","msg":".git/index"}
{"event":"atexit","sid":"20261006T121407.328777Z-Ha9d4ceab-P0001543b","thread":"main","time":"2026-10-06T12:14:07.331400Z","file":"trace2/tr2_tgt_event.c","line":207,"t_abs":0.003038,"code":0}
{"event":"exit","sid":"20261006T121407.328777Z-Ha9d4ceab-P00015435","thread":"main","time":"2026-10-06T12:14:07.331414Z","file":"git.c","line":747,"t_abs":0.003058,"code":0}
{"event":"atexit","sid":"20261006T121407.328777Z-Ha9d4ceab-P00015435","thread":"main","time":"2026-10-06T12:14:07.331421Z","file":"trace2/tr2_tgt_event.c","line":207,"t_abs":0.003065,"code":0}
{"event":"region_enter","sid":"20261006T121407.328777Z-Ha9d4ceab-P00015441","thread":"main","time":"2026-10-06T12:14:07.331440Z","file":"cache-tree.c","line":643,"repo":1,"nesting":2,"category":"cache_tree","label":"read"}
{"event":"region_leave","sid":"20261006T121407.328777Z-Ha9d4ceab-P00015441","thread":"main","time":"2026-10-06T12:14:07.331447Z","file":"cache-tree.c","line":645,"repo":1,"t_rel":0.000008,"nesting":2,"category":"cache_tree","label":"read"}
{"event":"data","sid":"20261006T121407.328777Z-Ha9d4ceab-P00015441","thread":"main","time":"2026-10-06T12:14:07.331455Z","file":"read-cache.c","line":2306,"repo":1,"t_abs":0.003104,"t_rel":0.000059,"nesting":2,"category":"index","key":"read/version","value":"2"}
{"event":"data","sid":"20261006T121407.328777Z-Ha9d4ceab-P00015441","thread":"main","time":"2026-10-06T12:14:07.331460Z","file":"read-cache.c","line":2308,"repo":1,"t_abs":0.003109,"t_rel":0.000064,"nesting":2,"category":"index","key":"read/cache_nr","value":"1"}
{"event":"region_leave","sid":"20261006T121407.328777Z-Ha9d4ceab-P00015441","thread":"main","time":"2026-10-06T12:14:07.331465Z","file":"read-cache.c","line":2362,"repo":1,"t_rel":0.000069,"nesting":1,"category":"index","label":"do_read_index","msg":".git/index"}
{"event":"region_enter","sid":"20261006T121407.328777Z-Ha9d4ceab-P00015441","thread":"main","time":"2026-10-06T12:14:07.331474Z","file":"read-cache.c","line":1513,"nesting":1,"category":"index","label":"refresh"}
{"event":"data","sid":"20261006T121407.328777Z-Ha9d4ceab-P00015441","thread":"main","time":"2026-10-06T12:14:07.332139Z","file":"read-cache.c","line":1595,"t_abs":0.003788,"t_rel":0.000664,"nesting":2,"category":"index","key":"refresh/sum_lstat","value":"1"}
{"event":"data","sid":"20261006T121407.328777Z-Ha9d4ceab-P00015441","thread":"main","time":"2026-10-06T12:14:07.332146Z","file":"read-cache.c","line":1596,"t_abs":0.003795,"t_rel":0.000671,"nesting":2,"category":"index","key":"refresh/sum_scan","value":"0"}
{"event":"region_leave","sid":"20261006T121407.328777Z-Ha9d4ceab-P00015441","thread":"main","time":"2026-10-06T12:14:07.332152Z","file":"read-cache.c","line":1597,"t_rel":0.000677,"nesting":1,"category":"index","label":"refresh"}
{"event":"region_enter","sid":"20261006T121407.328777Z-Ha9d4ceab-P00015441","thread":"main","time":"2026-10-06T12:14:07.332198Z","file":"wt-status.c","line":841,"repo":1,"nesting":1,"category":"status","label":"worktrees"}
{"event":"region_enter","sid":"20261006T121407.328777Z-Ha9d4ceab-P00015441","thread":"main","time":"2026-10-06T12:14:07.332215Z","file":"diffcore-rename.c","line":1407,"repo":1,"nesting":2,"category":"diff","label":"setup"}
{"event":"region_leave","sid":"20261006T121407.328777Z-Ha9d4ceab-P00015441","thread":"main","time":"2026-10-06T12:14:07.332221Z","file":"diffcore-rename.c","line":1460,"repo":1,"t_rel":0.000005,"nesting":2,"category":"diff","label":"setup"}
{"event":"region_enter","sid":"20261006T121407.328777Z-Ha9d4ceab-P00015441","thread":"main","time":"2026-10-06T12:14:07.332227Z","file":"diffcore-rename.c","line":1640,"repo":1,"nesting":2,"category":"diff","label":"write back to queue"}
{"event":"region_leave","sid":"20261006T121407.328777Z-Ha9d4ceab-P00015441","thread":"main","time":"2026-10-06T12:14:07.332231Z","file":"diffcore-rename.c","line":1717,"repo":1,"t_rel":0.000004,"nesting":2,"category":"diff","label":"write back to queue"}
{"event":"region_leave","sid":"20261006T121407.328777Z-Ha9d4ceab-P00015441","thread":"main","time":"2026-10-06T12:14:07.332239Z","file":"wt-status.c","line":843,"repo":1,"t_rel":0.000041,"nesting":1,"category":"status","label":"worktrees"}
{"event":"region_enter","sid":"20261006T121407.328777Z-Ha9d4ceab-P00015441","thread":"main","time":"2026-10-06T12:14:07.332243Z","file":"wt-status.c","line":850,"repo":1,"nesting":1,"category":"status","label":"index"}
{"event":"region_enter","sid":"20261006T121407.328777Z-Ha9d4ceab-P00015441","thread":"main","time":"2026-10-06T12:14:07.332430Z","file":"unpack-trees.c","line":1905,"repo":1,"nesting":2,"category":"unpack_trees","label":"unpack_trees"}
{"event":"region_leave","sid":"20261006T121407.328777Z-Ha9d4ceab-P00015441","thread":"main","time":"2026-10-06T12:14:07.332584Z","file":"unpack-trees.c","line":2108,"repo":1,"t_rel":0.000152,"nesting":2,"category":"unpack_trees","label":"unpack_trees"}
{"event":"region_enter","sid":"20261006T121407.328777Z-Ha9d4ceab-P00015441","thread":"main","time":"2026-10-06T12:14:07.332611Z","file":"diffcore-rename.c","line":1407,"repo":1,"nesting":2,"category":"diff","label":"setup"}
{"event":"region_leave","sid":"20261006T121407.328777Z-Ha9d4ceab-P00015441","thread":"main","time":"2026-10-06T12:14:07.332619Z","file":"diffcore-rename.c","line":1460,"repo":1,"t_rel":0.000009,"nesting":2,"category":"diff","label":"setup"}
{"event":"region_enter","sid":"20261006T121407.328777Z-Ha9d4ceab-P00015441","thread":"main","time":"2026-10-06T12:14:07.332624Z","file":"diffcore-rename.c","line":1640,"repo":1,"nesting":2,"category":"diff","label":"write back to queue"}
{"event":"region_leave","sid":"20261006T121407.328777Z-Ha9d4ceab-P00015441","thread":"main","time":"2026-10-06T12:14:07.332629Z","file":"diffcore-rename.c","line":1717,"repo":1,"t_rel":0.000004,"nesting":2,"category":"diff","label":"write back to queue"}
{"event":"region_leave","sid":"20261006T121407.328777Z-Ha9d4ceab-P00015441","thread":"main","time":"2026-10-06T12:14:07.332636Z","file":"wt-status.c","line":852,"repo":1,"t_rel":0.000393,"nesting":1,"category":"status","label":"index"}
{"event":"region_enter","sid":"20261006T121407.328777Z-Ha9d4ceab-P00015441","thread":"main","time":"2026-10-06T12:14:07.332641Z","file":"wt-status.c","line":855,"repo":1,"nesting":1,"category":"status","label":"untracked"}
{"event":"region_enter","sid":"20261006T121407.328777Z-Ha9d4ceab-P00015441","thread":"main","time":"2026-10-06T12:14:07.332719Z","file":"dir.c","line":3090,"repo":1,"nesting":2,"category":"dir","label":"read_directory"}
{"event":"region_leave","sid":"20261006T121407.328777Z-Ha9d4ceab-P00015441","thread":"main","time":"2026-10-06T12:14:07.332769Z","file":"dir.c","line":3113,"repo":1,"t_rel":0.000050,"nesting":2,"category":"dir","label":"read_directory"}
{"event":"region_leave","sid":"20261006T121407.328777Z-Ha9d4ceab-P00015441","thread":"main","time":"2026-10-06T12:14:07.332776Z","file":"wt-status.c","line":857,"repo":1,"t_rel":0.000136,"nesting":1,"category":"status","label":"untracked"}
{"event":"data","sid":"20261006T121407.328777Z-Ha9d4ceab-P00015441","thread":"main","time":"2026-10-06T12:14:07.332806Z","file":"wt-status.c","line":2569,"repo":1,"t_abs":0.004456,"t_rel":0.004456,"nesting":1,"category":"status","key":"count/changed","value":"0"}
{"event":"data","sid":"20261006T121407.328777Z-Ha9d4ceab-P00015441","thread":"main","time":"2026-10-06T12:14:07.332812Z","file":"wt-status.c","line":2571,"repo":1,"t_abs":0.004462,"t_rel":0.004462,"nesting":1,"category":"status","key":"count/untracked","value":"0"}
{"event":"data","sid":"20261006T121407.328777Z-Ha9d4ceab-P00015441","thread":"main","time":"2026-10-06T12:14:07.332817Z","file":"wt-status.c","line":2572,"repo":1,"t_abs":0.004466,"t_rel":0.004466,"nesting":1,"category":"status","key":"count/ignored","value":"0"}
{"event":"region_enter","sid":"20261006T121407.328777Z-Ha9d4ceab-P00015441","thread":"main","time":"2026-10-06T12:14:07.332821Z","file":"wt-status.c","line":2574,"repo":1,"nesting":1,"category":"status","label":"print"}
{"event":"region_leave","sid":"20261006T121407.328777Z-Ha9d4ceab-P00015441","thread":"main","time":"2026-10-06T12:14:07.332825Z","file":"wt-status.c","line":2595,"repo":1,"t_rel":0.000004,"nesting":1,"category":"status","label":"print"}
{"event":"exit","sid":"20261006T121407.328777Z-Ha9d4ceab-P00015441","thread":"main","time":"2026-10-06T12:14:07.332831Z","file":"git.c","line":747,"t_abs":0.004481,"code":0}
{"event":"data_json","sid":"20261006T121407.328777Z-Ha9d4ceab-P00015441","thread":"main","time":"2026-10-06T12:14:07.332836Z","file":"tree-walk.c","line":186,"repo":1,"t_abs":0.004486,"t_rel":0.004486,"nesting":1,"category":"traverse_trees","key":"statistics","value":{"traverse_trees_count":1,"traverse_trees_max_depth":1}}
{"event":"atexit","sid":"20261006T121407.328777Z-Ha9d4ceab-P00015441","thread":"main","time":"2026-10-06T12:14:07.332861Z","file":"trace2/tr2_tgt_event.c","line":207,"t_abs":0.004510,"code":0}
{"event":"version","sid":"20261006T121407.345995Z-Ha9d4ceab-P00015459","thread":"main","time":"2026-10-06T12:14:07.346476Z","file":"common-init.c","line":57,"evt":"4","exe":"2.50.1 (Apple Git-155)"}
{"event":"version","sid":"20261006T121407.345995Z-Ha9d4ceab-P00015447","thread":"main","time":"2026-10-06T12:14:07.346620Z","file":"common-init.c","line":57,"evt":"4","exe":"2.50.1 (Apple Git-155)"}
{"event":"version","sid":"20261006T121407.345992Z-Ha9d4ceab-P00015453","thread":"main","time":"2026-10-06T12:14:07.346641Z","file":"common-init.c","line":57,"evt":"4","exe":"2.50.1 (Apple Git-155)"}
{"event":"version","sid":"20261006T121407.345997Z-Ha9d4ceab-P0001544d","thread":"main","time":"2026-10-06T12:14:07.346813Z","file":"common-init.c","line":57,"evt":"4","exe":"2.50.1 (Apple Git-155)"}
{"event":"start","sid":"20261006T121407.345992Z-Ha9d4ceab-P00015453","thread":"main","time":"2026-10-06T12:14:07.349884Z","file":"common-init.c","line":58,"t_abs":0.004303,"argv":["/Library/Developer/CommandLineTools/usr/bin/git","-C","/var/folders/f1/2xjyyqkn5plc19fx4nt4tpt00000gn/T/dperf03-git-tg8ewO/6","rev-parse","HEAD"]}
{"event":"start","sid":"20261006T121407.345995Z-Ha9d4ceab-P00015447","thread":"main","time":"2026-10-06T12:14:07.349821Z","file":"common-init.c","line":58,"t_abs":0.004231,"argv":["/Library/Developer/CommandLineTools/usr/bin/git","-C","/var/folders/f1/2xjyyqkn5plc19fx4nt4tpt00000gn/T/dperf03-git-tg8ewO/6","rev-parse","--show-toplevel"]}
{"event":"start","sid":"20261006T121407.345997Z-Ha9d4ceab-P0001544d","thread":"main","time":"2026-10-06T12:14:07.349895Z","file":"common-init.c","line":58,"t_abs":0.004286,"argv":["/Library/Developer/CommandLineTools/usr/bin/git","-C","/var/folders/f1/2xjyyqkn5plc19fx4nt4tpt00000gn/T/dperf03-git-tg8ewO/6","branch","--show-current"]}
{"event":"start","sid":"20261006T121407.345995Z-Ha9d4ceab-P00015459","thread":"main","time":"2026-10-06T12:14:07.349817Z","file":"common-init.c","line":58,"t_abs":0.004222,"argv":["/Library/Developer/CommandLineTools/usr/bin/git","-C","/var/folders/f1/2xjyyqkn5plc19fx4nt4tpt00000gn/T/dperf03-git-tg8ewO/6","status","--porcelain","--untracked-files=normal"]}
{"event":"cmd_name","sid":"20261006T121407.345992Z-Ha9d4ceab-P00015453","thread":"main","time":"2026-10-06T12:14:07.349947Z","file":"git.c","line":477,"name":"rev-parse","hierarchy":"rev-parse"}
{"event":"cmd_name","sid":"20261006T121407.345995Z-Ha9d4ceab-P00015447","thread":"main","time":"2026-10-06T12:14:07.349951Z","file":"git.c","line":477,"name":"rev-parse","hierarchy":"rev-parse"}
{"event":"def_repo","sid":"20261006T121407.345997Z-Ha9d4ceab-P0001544d","thread":"main","time":"2026-10-06T12:14:07.350156Z","file":"repository.c","line":241,"repo":1,"worktree":"/private/var/folders/f1/2xjyyqkn5plc19fx4nt4tpt00000gn/T/dperf03-git-tg8ewO/6"}
{"event":"def_repo","sid":"20261006T121407.345995Z-Ha9d4ceab-P00015459","thread":"main","time":"2026-10-06T12:14:07.350162Z","file":"repository.c","line":241,"repo":1,"worktree":"/private/var/folders/f1/2xjyyqkn5plc19fx4nt4tpt00000gn/T/dperf03-git-tg8ewO/6"}
{"event":"def_repo","sid":"20261006T121407.345992Z-Ha9d4ceab-P00015453","thread":"main","time":"2026-10-06T12:14:07.350177Z","file":"repository.c","line":241,"repo":1,"worktree":"/private/var/folders/f1/2xjyyqkn5plc19fx4nt4tpt00000gn/T/dperf03-git-tg8ewO/6"}
{"event":"def_repo","sid":"20261006T121407.345995Z-Ha9d4ceab-P00015447","thread":"main","time":"2026-10-06T12:14:07.350180Z","file":"repository.c","line":241,"repo":1,"worktree":"/private/var/folders/f1/2xjyyqkn5plc19fx4nt4tpt00000gn/T/dperf03-git-tg8ewO/6"}
{"event":"cmd_name","sid":"20261006T121407.345997Z-Ha9d4ceab-P0001544d","thread":"main","time":"2026-10-06T12:14:07.350195Z","file":"git.c","line":477,"name":"branch","hierarchy":"branch"}
{"event":"exit","sid":"20261006T121407.345995Z-Ha9d4ceab-P00015447","thread":"main","time":"2026-10-06T12:14:07.350439Z","file":"git.c","line":747,"t_abs":0.004849,"code":0}
{"event":"atexit","sid":"20261006T121407.345995Z-Ha9d4ceab-P00015447","thread":"main","time":"2026-10-06T12:14:07.350449Z","file":"trace2/tr2_tgt_event.c","line":207,"t_abs":0.004859,"code":0}
{"event":"cmd_name","sid":"20261006T121407.345995Z-Ha9d4ceab-P00015459","thread":"main","time":"2026-10-06T12:14:07.350455Z","file":"git.c","line":477,"name":"status","hierarchy":"status"}
{"event":"exit","sid":"20261006T121407.345992Z-Ha9d4ceab-P00015453","thread":"main","time":"2026-10-06T12:14:07.350556Z","file":"git.c","line":747,"t_abs":0.004975,"code":0}
{"event":"atexit","sid":"20261006T121407.345992Z-Ha9d4ceab-P00015453","thread":"main","time":"2026-10-06T12:14:07.350567Z","file":"trace2/tr2_tgt_event.c","line":207,"t_abs":0.004986,"code":0}
{"event":"exit","sid":"20261006T121407.345997Z-Ha9d4ceab-P0001544d","thread":"main","time":"2026-10-06T12:14:07.350627Z","file":"git.c","line":747,"t_abs":0.005018,"code":0}
{"event":"atexit","sid":"20261006T121407.345997Z-Ha9d4ceab-P0001544d","thread":"main","time":"2026-10-06T12:14:07.350646Z","file":"trace2/tr2_tgt_event.c","line":207,"t_abs":0.005037,"code":0}
{"event":"region_enter","sid":"20261006T121407.345995Z-Ha9d4ceab-P00015459","thread":"main","time":"2026-10-06T12:14:07.350723Z","file":"read-cache.c","line":2357,"repo":1,"nesting":1,"category":"index","label":"do_read_index","msg":".git/index"}
{"event":"region_enter","sid":"20261006T121407.345995Z-Ha9d4ceab-P00015459","thread":"main","time":"2026-10-06T12:14:07.350778Z","file":"cache-tree.c","line":643,"repo":1,"nesting":2,"category":"cache_tree","label":"read"}
{"event":"region_leave","sid":"20261006T121407.345995Z-Ha9d4ceab-P00015459","thread":"main","time":"2026-10-06T12:14:07.350788Z","file":"cache-tree.c","line":645,"repo":1,"t_rel":0.000010,"nesting":2,"category":"cache_tree","label":"read"}
{"event":"data","sid":"20261006T121407.345995Z-Ha9d4ceab-P00015459","thread":"main","time":"2026-10-06T12:14:07.350797Z","file":"read-cache.c","line":2306,"repo":1,"t_abs":0.005203,"t_rel":0.000075,"nesting":2,"category":"index","key":"read/version","value":"2"}
{"event":"data","sid":"20261006T121407.345995Z-Ha9d4ceab-P00015459","thread":"main","time":"2026-10-06T12:14:07.350803Z","file":"read-cache.c","line":2308,"repo":1,"t_abs":0.005209,"t_rel":0.000081,"nesting":2,"category":"index","key":"read/cache_nr","value":"1"}
{"event":"region_leave","sid":"20261006T121407.345995Z-Ha9d4ceab-P00015459","thread":"main","time":"2026-10-06T12:14:07.350808Z","file":"read-cache.c","line":2362,"repo":1,"t_rel":0.000086,"nesting":1,"category":"index","label":"do_read_index","msg":".git/index"}
{"event":"region_enter","sid":"20261006T121407.345995Z-Ha9d4ceab-P00015459","thread":"main","time":"2026-10-06T12:14:07.350819Z","file":"read-cache.c","line":1513,"nesting":1,"category":"index","label":"refresh"}
{"event":"data","sid":"20261006T121407.345995Z-Ha9d4ceab-P00015459","thread":"main","time":"2026-10-06T12:14:07.351512Z","file":"read-cache.c","line":1595,"t_abs":0.005917,"t_rel":0.000692,"nesting":2,"category":"index","key":"refresh/sum_lstat","value":"1"}
{"event":"data","sid":"20261006T121407.345995Z-Ha9d4ceab-P00015459","thread":"main","time":"2026-10-06T12:14:07.351524Z","file":"read-cache.c","line":1596,"t_abs":0.005929,"t_rel":0.000704,"nesting":2,"category":"index","key":"refresh/sum_scan","value":"0"}
{"event":"region_leave","sid":"20261006T121407.345995Z-Ha9d4ceab-P00015459","thread":"main","time":"2026-10-06T12:14:07.351532Z","file":"read-cache.c","line":1597,"t_rel":0.000712,"nesting":1,"category":"index","label":"refresh"}
{"event":"region_enter","sid":"20261006T121407.345995Z-Ha9d4ceab-P00015459","thread":"main","time":"2026-10-06T12:14:07.351584Z","file":"wt-status.c","line":841,"repo":1,"nesting":1,"category":"status","label":"worktrees"}
{"event":"region_enter","sid":"20261006T121407.345995Z-Ha9d4ceab-P00015459","thread":"main","time":"2026-10-06T12:14:07.351606Z","file":"diffcore-rename.c","line":1407,"repo":1,"nesting":2,"category":"diff","label":"setup"}
{"event":"region_leave","sid":"20261006T121407.345995Z-Ha9d4ceab-P00015459","thread":"main","time":"2026-10-06T12:14:07.351642Z","file":"diffcore-rename.c","line":1460,"repo":1,"t_rel":0.000038,"nesting":2,"category":"diff","label":"setup"}
{"event":"region_enter","sid":"20261006T121407.345995Z-Ha9d4ceab-P00015459","thread":"main","time":"2026-10-06T12:14:07.351648Z","file":"diffcore-rename.c","line":1640,"repo":1,"nesting":2,"category":"diff","label":"write back to queue"}
{"event":"region_leave","sid":"20261006T121407.345995Z-Ha9d4ceab-P00015459","thread":"main","time":"2026-10-06T12:14:07.351654Z","file":"diffcore-rename.c","line":1717,"repo":1,"t_rel":0.000006,"nesting":2,"category":"diff","label":"write back to queue"}
{"event":"region_leave","sid":"20261006T121407.345995Z-Ha9d4ceab-P00015459","thread":"main","time":"2026-10-06T12:14:07.351664Z","file":"wt-status.c","line":843,"repo":1,"t_rel":0.000080,"nesting":1,"category":"status","label":"worktrees"}
{"event":"region_enter","sid":"20261006T121407.345995Z-Ha9d4ceab-P00015459","thread":"main","time":"2026-10-06T12:14:07.351674Z","file":"wt-status.c","line":850,"repo":1,"nesting":1,"category":"status","label":"index"}
{"event":"region_enter","sid":"20261006T121407.345995Z-Ha9d4ceab-P00015459","thread":"main","time":"2026-10-06T12:14:07.351883Z","file":"unpack-trees.c","line":1905,"repo":1,"nesting":2,"category":"unpack_trees","label":"unpack_trees"}
{"event":"region_leave","sid":"20261006T121407.345995Z-Ha9d4ceab-P00015459","thread":"main","time":"2026-10-06T12:14:07.351980Z","file":"unpack-trees.c","line":2108,"repo":1,"t_rel":0.000097,"nesting":2,"category":"unpack_trees","label":"unpack_trees"}
{"event":"region_enter","sid":"20261006T121407.345995Z-Ha9d4ceab-P00015459","thread":"main","time":"2026-10-06T12:14:07.351986Z","file":"diffcore-rename.c","line":1407,"repo":1,"nesting":2,"category":"diff","label":"setup"}
{"event":"region_leave","sid":"20261006T121407.345995Z-Ha9d4ceab-P00015459","thread":"main","time":"2026-10-06T12:14:07.351991Z","file":"diffcore-rename.c","line":1460,"repo":1,"t_rel":0.000004,"nesting":2,"category":"diff","label":"setup"}
{"event":"region_enter","sid":"20261006T121407.345995Z-Ha9d4ceab-P00015459","thread":"main","time":"2026-10-06T12:14:07.351995Z","file":"diffcore-rename.c","line":1640,"repo":1,"nesting":2,"category":"diff","label":"write back to queue"}
{"event":"region_leave","sid":"20261006T121407.345995Z-Ha9d4ceab-P00015459","thread":"main","time":"2026-10-06T12:14:07.351998Z","file":"diffcore-rename.c","line":1717,"repo":1,"t_rel":0.000003,"nesting":2,"category":"diff","label":"write back to queue"}
{"event":"region_leave","sid":"20261006T121407.345995Z-Ha9d4ceab-P00015459","thread":"main","time":"2026-10-06T12:14:07.352003Z","file":"wt-status.c","line":852,"repo":1,"t_rel":0.000329,"nesting":1,"category":"status","label":"index"}
{"event":"region_enter","sid":"20261006T121407.345995Z-Ha9d4ceab-P00015459","thread":"main","time":"2026-10-06T12:14:07.352007Z","file":"wt-status.c","line":855,"repo":1,"nesting":1,"category":"status","label":"untracked"}
{"event":"region_enter","sid":"20261006T121407.345995Z-Ha9d4ceab-P00015459","thread":"main","time":"2026-10-06T12:14:07.352068Z","file":"dir.c","line":3090,"repo":1,"nesting":2,"category":"dir","label":"read_directory"}
{"event":"region_leave","sid":"20261006T121407.345995Z-Ha9d4ceab-P00015459","thread":"main","time":"2026-10-06T12:14:07.352102Z","file":"dir.c","line":3113,"repo":1,"t_rel":0.000033,"nesting":2,"category":"dir","label":"read_directory"}
{"event":"region_leave","sid":"20261006T121407.345995Z-Ha9d4ceab-P00015459","thread":"main","time":"2026-10-06T12:14:07.352107Z","file":"wt-status.c","line":857,"repo":1,"t_rel":0.000099,"nesting":1,"category":"status","label":"untracked"}
{"event":"data","sid":"20261006T121407.345995Z-Ha9d4ceab-P00015459","thread":"main","time":"2026-10-06T12:14:07.352126Z","file":"wt-status.c","line":2569,"repo":1,"t_abs":0.006531,"t_rel":0.006531,"nesting":1,"category":"status","key":"count/changed","value":"0"}
{"event":"data","sid":"20261006T121407.345995Z-Ha9d4ceab-P00015459","thread":"main","time":"2026-10-06T12:14:07.352139Z","file":"wt-status.c","line":2571,"repo":1,"t_abs":0.006545,"t_rel":0.006545,"nesting":1,"category":"status","key":"count/untracked","value":"0"}
{"event":"data","sid":"20261006T121407.345995Z-Ha9d4ceab-P00015459","thread":"main","time":"2026-10-06T12:14:07.352143Z","file":"wt-status.c","line":2572,"repo":1,"t_abs":0.006549,"t_rel":0.006549,"nesting":1,"category":"status","key":"count/ignored","value":"0"}
{"event":"region_enter","sid":"20261006T121407.345995Z-Ha9d4ceab-P00015459","thread":"main","time":"2026-10-06T12:14:07.352148Z","file":"wt-status.c","line":2574,"repo":1,"nesting":1,"category":"status","label":"print"}
{"event":"region_leave","sid":"20261006T121407.345995Z-Ha9d4ceab-P00015459","thread":"main","time":"2026-10-06T12:14:07.352152Z","file":"wt-status.c","line":2595,"repo":1,"t_rel":0.000005,"nesting":1,"category":"status","label":"print"}
{"event":"exit","sid":"20261006T121407.345995Z-Ha9d4ceab-P00015459","thread":"main","time":"2026-10-06T12:14:07.352157Z","file":"git.c","line":747,"t_abs":0.006563,"code":0}
{"event":"data_json","sid":"20261006T121407.345995Z-Ha9d4ceab-P00015459","thread":"main","time":"2026-10-06T12:14:07.352161Z","file":"tree-walk.c","line":186,"repo":1,"t_abs":0.006567,"t_rel":0.006567,"nesting":1,"category":"traverse_trees","key":"statistics","value":{"traverse_trees_count":1,"traverse_trees_max_depth":1}}
{"event":"atexit","sid":"20261006T121407.345995Z-Ha9d4ceab-P00015459","thread":"main","time":"2026-10-06T12:14:07.352166Z","file":"trace2/tr2_tgt_event.c","line":207,"t_abs":0.006572,"code":0}
{"event":"version","sid":"20261006T121407.365415Z-Ha9d4ceab-P00015465","thread":"main","time":"2026-10-06T12:14:07.365863Z","file":"common-init.c","line":57,"evt":"4","exe":"2.50.1 (Apple Git-155)"}
{"event":"start","sid":"20261006T121407.365415Z-Ha9d4ceab-P00015465","thread":"main","time":"2026-10-06T12:14:07.365886Z","file":"common-init.c","line":58,"t_abs":0.000919,"argv":["/Library/Developer/CommandLineTools/usr/bin/git","-C","/var/folders/f1/2xjyyqkn5plc19fx4nt4tpt00000gn/T/dperf03-git-tg8ewO/7","branch","--show-current"]}
{"event":"version","sid":"20261006T121407.365403Z-Ha9d4ceab-P0001545f","thread":"main","time":"2026-10-06T12:14:07.365988Z","file":"common-init.c","line":57,"evt":"4","exe":"2.50.1 (Apple Git-155)"}
{"event":"start","sid":"20261006T121407.365403Z-Ha9d4ceab-P0001545f","thread":"main","time":"2026-10-06T12:14:07.365998Z","file":"common-init.c","line":58,"t_abs":0.001045,"argv":["/Library/Developer/CommandLineTools/usr/bin/git","-C","/var/folders/f1/2xjyyqkn5plc19fx4nt4tpt00000gn/T/dperf03-git-tg8ewO/7","rev-parse","--show-toplevel"]}
{"event":"version","sid":"20261006T121407.365417Z-Ha9d4ceab-P0001546b","thread":"main","time":"2026-10-06T12:14:07.366013Z","file":"common-init.c","line":57,"evt":"4","exe":"2.50.1 (Apple Git-155)"}
{"event":"start","sid":"20261006T121407.365417Z-Ha9d4ceab-P0001546b","thread":"main","time":"2026-10-06T12:14:07.366023Z","file":"common-init.c","line":58,"t_abs":0.001082,"argv":["/Library/Developer/CommandLineTools/usr/bin/git","-C","/var/folders/f1/2xjyyqkn5plc19fx4nt4tpt00000gn/T/dperf03-git-tg8ewO/7","rev-parse","HEAD"]}
{"event":"cmd_name","sid":"20261006T121407.365403Z-Ha9d4ceab-P0001545f","thread":"main","time":"2026-10-06T12:14:07.366037Z","file":"git.c","line":477,"name":"rev-parse","hierarchy":"rev-parse"}
{"event":"cmd_name","sid":"20261006T121407.365417Z-Ha9d4ceab-P0001546b","thread":"main","time":"2026-10-06T12:14:07.366070Z","file":"git.c","line":477,"name":"rev-parse","hierarchy":"rev-parse"}
{"event":"def_repo","sid":"20261006T121407.365415Z-Ha9d4ceab-P00015465","thread":"main","time":"2026-10-06T12:14:07.366077Z","file":"repository.c","line":241,"repo":1,"worktree":"/private/var/folders/f1/2xjyyqkn5plc19fx4nt4tpt00000gn/T/dperf03-git-tg8ewO/7"}
{"event":"cmd_name","sid":"20261006T121407.365415Z-Ha9d4ceab-P00015465","thread":"main","time":"2026-10-06T12:14:07.366113Z","file":"git.c","line":477,"name":"branch","hierarchy":"branch"}
{"event":"def_repo","sid":"20261006T121407.365403Z-Ha9d4ceab-P0001545f","thread":"main","time":"2026-10-06T12:14:07.366156Z","file":"repository.c","line":241,"repo":1,"worktree":"/private/var/folders/f1/2xjyyqkn5plc19fx4nt4tpt00000gn/T/dperf03-git-tg8ewO/7"}
{"event":"def_repo","sid":"20261006T121407.365417Z-Ha9d4ceab-P0001546b","thread":"main","time":"2026-10-06T12:14:07.366188Z","file":"repository.c","line":241,"repo":1,"worktree":"/private/var/folders/f1/2xjyyqkn5plc19fx4nt4tpt00000gn/T/dperf03-git-tg8ewO/7"}
{"event":"version","sid":"20261006T121407.365417Z-Ha9d4ceab-P00015471","thread":"main","time":"2026-10-06T12:14:07.366225Z","file":"common-init.c","line":57,"evt":"4","exe":"2.50.1 (Apple Git-155)"}
{"event":"start","sid":"20261006T121407.365417Z-Ha9d4ceab-P00015471","thread":"main","time":"2026-10-06T12:14:07.366234Z","file":"common-init.c","line":58,"t_abs":0.001276,"argv":["/Library/Developer/CommandLineTools/usr/bin/git","-C","/var/folders/f1/2xjyyqkn5plc19fx4nt4tpt00000gn/T/dperf03-git-tg8ewO/7","status","--porcelain","--untracked-files=normal"]}
{"event":"exit","sid":"20261006T121407.365403Z-Ha9d4ceab-P0001545f","thread":"main","time":"2026-10-06T12:14:07.366354Z","file":"git.c","line":747,"t_abs":0.001401,"code":0}
{"event":"atexit","sid":"20261006T121407.365403Z-Ha9d4ceab-P0001545f","thread":"main","time":"2026-10-06T12:14:07.366361Z","file":"trace2/tr2_tgt_event.c","line":207,"t_abs":0.001408,"code":0}
{"event":"exit","sid":"20261006T121407.365415Z-Ha9d4ceab-P00015465","thread":"main","time":"2026-10-06T12:14:07.366416Z","file":"git.c","line":747,"t_abs":0.001448,"code":0}
{"event":"def_repo","sid":"20261006T121407.365417Z-Ha9d4ceab-P00015471","thread":"main","time":"2026-10-06T12:14:07.366423Z","file":"repository.c","line":241,"repo":1,"worktree":"/private/var/folders/f1/2xjyyqkn5plc19fx4nt4tpt00000gn/T/dperf03-git-tg8ewO/7"}
{"event":"atexit","sid":"20261006T121407.365415Z-Ha9d4ceab-P00015465","thread":"main","time":"2026-10-06T12:14:07.366424Z","file":"trace2/tr2_tgt_event.c","line":207,"t_abs":0.001456,"code":0}
{"event":"exit","sid":"20261006T121407.365417Z-Ha9d4ceab-P0001546b","thread":"main","time":"2026-10-06T12:14:07.366458Z","file":"git.c","line":747,"t_abs":0.001517,"code":0}
{"event":"atexit","sid":"20261006T121407.365417Z-Ha9d4ceab-P0001546b","thread":"main","time":"2026-10-06T12:14:07.366465Z","file":"trace2/tr2_tgt_event.c","line":207,"t_abs":0.001524,"code":0}
{"event":"cmd_name","sid":"20261006T121407.365417Z-Ha9d4ceab-P00015471","thread":"main","time":"2026-10-06T12:14:07.366584Z","file":"git.c","line":477,"name":"status","hierarchy":"status"}
{"event":"region_enter","sid":"20261006T121407.365417Z-Ha9d4ceab-P00015471","thread":"main","time":"2026-10-06T12:14:07.366758Z","file":"read-cache.c","line":2357,"repo":1,"nesting":1,"category":"index","label":"do_read_index","msg":".git/index"}
{"event":"region_enter","sid":"20261006T121407.365417Z-Ha9d4ceab-P00015471","thread":"main","time":"2026-10-06T12:14:07.366808Z","file":"cache-tree.c","line":643,"repo":1,"nesting":2,"category":"cache_tree","label":"read"}
{"event":"region_leave","sid":"20261006T121407.365417Z-Ha9d4ceab-P00015471","thread":"main","time":"2026-10-06T12:14:07.366815Z","file":"cache-tree.c","line":645,"repo":1,"t_rel":0.000007,"nesting":2,"category":"cache_tree","label":"read"}
{"event":"data","sid":"20261006T121407.365417Z-Ha9d4ceab-P00015471","thread":"main","time":"2026-10-06T12:14:07.366824Z","file":"read-cache.c","line":2306,"repo":1,"t_abs":0.001865,"t_rel":0.000066,"nesting":2,"category":"index","key":"read/version","value":"2"}
{"event":"data","sid":"20261006T121407.365417Z-Ha9d4ceab-P00015471","thread":"main","time":"2026-10-06T12:14:07.366829Z","file":"read-cache.c","line":2308,"repo":1,"t_abs":0.001871,"t_rel":0.000072,"nesting":2,"category":"index","key":"read/cache_nr","value":"1"}
{"event":"region_leave","sid":"20261006T121407.365417Z-Ha9d4ceab-P00015471","thread":"main","time":"2026-10-06T12:14:07.366836Z","file":"read-cache.c","line":2362,"repo":1,"t_rel":0.000078,"nesting":1,"category":"index","label":"do_read_index","msg":".git/index"}
{"event":"region_enter","sid":"20261006T121407.365417Z-Ha9d4ceab-P00015471","thread":"main","time":"2026-10-06T12:14:07.366859Z","file":"read-cache.c","line":1513,"nesting":1,"category":"index","label":"refresh"}
{"event":"data","sid":"20261006T121407.365417Z-Ha9d4ceab-P00015471","thread":"main","time":"2026-10-06T12:14:07.367627Z","file":"read-cache.c","line":1595,"t_abs":0.002662,"t_rel":0.000761,"nesting":2,"category":"index","key":"refresh/sum_lstat","value":"1"}
{"event":"data","sid":"20261006T121407.365417Z-Ha9d4ceab-P00015471","thread":"main","time":"2026-10-06T12:14:07.367637Z","file":"read-cache.c","line":1596,"t_abs":0.002677,"t_rel":0.000776,"nesting":2,"category":"index","key":"refresh/sum_scan","value":"0"}
{"event":"region_leave","sid":"20261006T121407.365417Z-Ha9d4ceab-P00015471","thread":"main","time":"2026-10-06T12:14:07.367642Z","file":"read-cache.c","line":1597,"t_rel":0.000782,"nesting":1,"category":"index","label":"refresh"}
{"event":"region_enter","sid":"20261006T121407.365417Z-Ha9d4ceab-P00015471","thread":"main","time":"2026-10-06T12:14:07.367689Z","file":"wt-status.c","line":841,"repo":1,"nesting":1,"category":"status","label":"worktrees"}
{"event":"region_enter","sid":"20261006T121407.365417Z-Ha9d4ceab-P00015471","thread":"main","time":"2026-10-06T12:14:07.367714Z","file":"diffcore-rename.c","line":1407,"repo":1,"nesting":2,"category":"diff","label":"setup"}
{"event":"region_leave","sid":"20261006T121407.365417Z-Ha9d4ceab-P00015471","thread":"main","time":"2026-10-06T12:14:07.367719Z","file":"diffcore-rename.c","line":1460,"repo":1,"t_rel":0.000005,"nesting":2,"category":"diff","label":"setup"}
{"event":"region_enter","sid":"20261006T121407.365417Z-Ha9d4ceab-P00015471","thread":"main","time":"2026-10-06T12:14:07.367723Z","file":"diffcore-rename.c","line":1640,"repo":1,"nesting":2,"category":"diff","label":"write back to queue"}
{"event":"region_leave","sid":"20261006T121407.365417Z-Ha9d4ceab-P00015471","thread":"main","time":"2026-10-06T12:14:07.367730Z","file":"diffcore-rename.c","line":1717,"repo":1,"t_rel":0.000007,"nesting":2,"category":"diff","label":"write back to queue"}
{"event":"region_leave","sid":"20261006T121407.365417Z-Ha9d4ceab-P00015471","thread":"main","time":"2026-10-06T12:14:07.367737Z","file":"wt-status.c","line":843,"repo":1,"t_rel":0.000048,"nesting":1,"category":"status","label":"worktrees"}
{"event":"region_enter","sid":"20261006T121407.365417Z-Ha9d4ceab-P00015471","thread":"main","time":"2026-10-06T12:14:07.367741Z","file":"wt-status.c","line":850,"repo":1,"nesting":1,"category":"status","label":"index"}
{"event":"region_enter","sid":"20261006T121407.365417Z-Ha9d4ceab-P00015471","thread":"main","time":"2026-10-06T12:14:07.367935Z","file":"unpack-trees.c","line":1905,"repo":1,"nesting":2,"category":"unpack_trees","label":"unpack_trees"}
{"event":"region_leave","sid":"20261006T121407.365417Z-Ha9d4ceab-P00015471","thread":"main","time":"2026-10-06T12:14:07.368038Z","file":"unpack-trees.c","line":2108,"repo":1,"t_rel":0.000103,"nesting":2,"category":"unpack_trees","label":"unpack_trees"}
{"event":"region_enter","sid":"20261006T121407.365417Z-Ha9d4ceab-P00015471","thread":"main","time":"2026-10-06T12:14:07.368043Z","file":"diffcore-rename.c","line":1407,"repo":1,"nesting":2,"category":"diff","label":"setup"}
{"event":"region_leave","sid":"20261006T121407.365417Z-Ha9d4ceab-P00015471","thread":"main","time":"2026-10-06T12:14:07.368047Z","file":"diffcore-rename.c","line":1460,"repo":1,"t_rel":0.000004,"nesting":2,"category":"diff","label":"setup"}
{"event":"region_enter","sid":"20261006T121407.365417Z-Ha9d4ceab-P00015471","thread":"main","time":"2026-10-06T12:14:07.368051Z","file":"diffcore-rename.c","line":1640,"repo":1,"nesting":2,"category":"diff","label":"write back to queue"}
{"event":"region_leave","sid":"20261006T121407.365417Z-Ha9d4ceab-P00015471","thread":"main","time":"2026-10-06T12:14:07.368054Z","file":"diffcore-rename.c","line":1717,"repo":1,"t_rel":0.000004,"nesting":2,"category":"diff","label":"write back to queue"}
{"event":"region_leave","sid":"20261006T121407.365417Z-Ha9d4ceab-P00015471","thread":"main","time":"2026-10-06T12:14:07.368076Z","file":"wt-status.c","line":852,"repo":1,"t_rel":0.000335,"nesting":1,"category":"status","label":"index"}
{"event":"region_enter","sid":"20261006T121407.365417Z-Ha9d4ceab-P00015471","thread":"main","time":"2026-10-06T12:14:07.368080Z","file":"wt-status.c","line":855,"repo":1,"nesting":1,"category":"status","label":"untracked"}
{"event":"region_enter","sid":"20261006T121407.365417Z-Ha9d4ceab-P00015471","thread":"main","time":"2026-10-06T12:14:07.368133Z","file":"dir.c","line":3090,"repo":1,"nesting":2,"category":"dir","label":"read_directory"}
{"event":"region_leave","sid":"20261006T121407.365417Z-Ha9d4ceab-P00015471","thread":"main","time":"2026-10-06T12:14:07.368170Z","file":"dir.c","line":3113,"repo":1,"t_rel":0.000037,"nesting":2,"category":"dir","label":"read_directory"}
{"event":"region_leave","sid":"20261006T121407.365417Z-Ha9d4ceab-P00015471","thread":"main","time":"2026-10-06T12:14:07.368175Z","file":"wt-status.c","line":857,"repo":1,"t_rel":0.000095,"nesting":1,"category":"status","label":"untracked"}
{"event":"data","sid":"20261006T121407.365417Z-Ha9d4ceab-P00015471","thread":"main","time":"2026-10-06T12:14:07.368201Z","file":"wt-status.c","line":2569,"repo":1,"t_abs":0.003243,"t_rel":0.003243,"nesting":1,"category":"status","key":"count/changed","value":"0"}
{"event":"data","sid":"20261006T121407.365417Z-Ha9d4ceab-P00015471","thread":"main","time":"2026-10-06T12:14:07.368206Z","file":"wt-status.c","line":2571,"repo":1,"t_abs":0.003248,"t_rel":0.003248,"nesting":1,"category":"status","key":"count/untracked","value":"0"}
{"event":"data","sid":"20261006T121407.365417Z-Ha9d4ceab-P00015471","thread":"main","time":"2026-10-06T12:14:07.368210Z","file":"wt-status.c","line":2572,"repo":1,"t_abs":0.003252,"t_rel":0.003252,"nesting":1,"category":"status","key":"count/ignored","value":"0"}
{"event":"region_enter","sid":"20261006T121407.365417Z-Ha9d4ceab-P00015471","thread":"main","time":"2026-10-06T12:14:07.368214Z","file":"wt-status.c","line":2574,"repo":1,"nesting":1,"category":"status","label":"print"}
{"event":"region_leave","sid":"20261006T121407.365417Z-Ha9d4ceab-P00015471","thread":"main","time":"2026-10-06T12:14:07.368221Z","file":"wt-status.c","line":2595,"repo":1,"t_rel":0.000007,"nesting":1,"category":"status","label":"print"}
{"event":"exit","sid":"20261006T121407.365417Z-Ha9d4ceab-P00015471","thread":"main","time":"2026-10-06T12:14:07.368228Z","file":"git.c","line":747,"t_abs":0.003270,"code":0}
{"event":"data_json","sid":"20261006T121407.365417Z-Ha9d4ceab-P00015471","thread":"main","time":"2026-10-06T12:14:07.368236Z","file":"tree-walk.c","line":186,"repo":1,"t_abs":0.003277,"t_rel":0.003277,"nesting":1,"category":"traverse_trees","key":"statistics","value":{"traverse_trees_count":1,"traverse_trees_max_depth":1}}
{"event":"atexit","sid":"20261006T121407.365417Z-Ha9d4ceab-P00015471","thread":"main","time":"2026-10-06T12:14:07.368241Z","file":"trace2/tr2_tgt_event.c","line":207,"t_abs":0.003283,"code":0}
