{"event":"version","sid":"20261006T121352.231006Z-Ha9d4ceab-P00011257","thread":"main","time":"2026-10-06T12:13:52.231399Z","file":"common-init.c","line":57,"evt":"4","exe":"2.50.1 (Apple Git-155)"}
{"event":"start","sid":"20261006T121352.231006Z-Ha9d4ceab-P00011257","thread":"main","time":"2026-10-06T12:13:52.231426Z","file":"common-init.c","line":58,"t_abs":0.000805,"argv":["/Library/Developer/CommandLineTools/usr/bin/git","-C","/var/folders/f1/2xjyyqkn5plc19fx4nt4tpt00000gn/T/dperf03-git-yr1peE/0","rev-parse","--show-toplevel"]}
{"event":"cmd_name","sid":"20261006T121352.231006Z-Ha9d4ceab-P00011257","thread":"main","time":"2026-10-06T12:13:52.231472Z","file":"git.c","line":477,"name":"rev-parse","hierarchy":"rev-parse"}
{"event":"version","sid":"20261006T121352.231009Z-Ha9d4ceab-P0001125d","thread":"main","time":"2026-10-06T12:13:52.231543Z","file":"common-init.c","line":57,"evt":"4","exe":"2.50.1 (Apple Git-155)"}
{"event":"start","sid":"20261006T121352.231009Z-Ha9d4ceab-P0001125d","thread":"main","time":"2026-10-06T12:13:52.231556Z","file":"common-init.c","line":58,"t_abs":0.000950,"argv":["/Library/Developer/CommandLineTools/usr/bin/git","-C","/var/folders/f1/2xjyyqkn5plc19fx4nt4tpt00000gn/T/dperf03-git-yr1peE/0","branch","--show-current"]}
{"event":"version","sid":"20261006T121352.231004Z-Ha9d4ceab-P00011263","thread":"main","time":"2026-10-06T12:13:52.231576Z","file":"common-init.c","line":57,"evt":"4","exe":"2.50.1 (Apple Git-155)"}
{"event":"def_repo","sid":"20261006T121352.231006Z-Ha9d4ceab-P00011257","thread":"main","time":"2026-10-06T12:13:52.231585Z","file":"repository.c","line":241,"repo":1,"worktree":"/private/var/folders/f1/2xjyyqkn5plc19fx4nt4tpt00000gn/T/dperf03-git-yr1peE/0"}
{"event":"start","sid":"20261006T121352.231004Z-Ha9d4ceab-P00011263","thread":"main","time":"2026-10-06T12:13:52.231587Z","file":"common-init.c","line":58,"t_abs":0.000973,"argv":["/Library/Developer/CommandLineTools/usr/bin/git","-C","/var/folders/f1/2xjyyqkn5plc19fx4nt4tpt00000gn/T/dperf03-git-yr1peE/0","rev-parse","HEAD"]}
{"event":"cmd_name","sid":"20261006T121352.231004Z-Ha9d4ceab-P00011263","thread":"main","time":"2026-10-06T12:13:52.231636Z","file":"git.c","line":477,"name":"rev-parse","hierarchy":"rev-parse"}
{"event":"def_repo","sid":"20261006T121352.231009Z-Ha9d4ceab-P0001125d","thread":"main","time":"2026-10-06T12:13:52.231708Z","file":"repository.c","line":241,"repo":1,"worktree":"/private/var/folders/f1/2xjyyqkn5plc19fx4nt4tpt00000gn/T/dperf03-git-yr1peE/0"}
{"event":"cmd_name","sid":"20261006T121352.231009Z-Ha9d4ceab-P0001125d","thread":"main","time":"2026-10-06T12:13:52.231737Z","file":"git.c","line":477,"name":"branch","hierarchy":"branch"}
{"event":"def_repo","sid":"20261006T121352.231004Z-Ha9d4ceab-P00011263","thread":"main","time":"2026-10-06T12:13:52.231758Z","file":"repository.c","line":241,"repo":1,"worktree":"/private/var/folders/f1/2xjyyqkn5plc19fx4nt4tpt00000gn/T/dperf03-git-yr1peE/0"}
{"event":"exit","sid":"20261006T121352.231006Z-Ha9d4ceab-P00011257","thread":"main","time":"2026-10-06T12:13:52.231766Z","file":"git.c","line":747,"t_abs":0.001145,"code":0}
{"event":"version","sid":"20261006T121352.231137Z-Ha9d4ceab-P00011269","thread":"main","time":"2026-10-06T12:13:52.231770Z","file":"common-init.c","line":57,"evt":"4","exe":"2.50.1 (Apple Git-155)"}
{"event":"atexit","sid":"20261006T121352.231006Z-Ha9d4ceab-P00011257","thread":"main","time":"2026-10-06T12:13:52.231773Z","file":"trace2/tr2_tgt_event.c","line":207,"t_abs":0.001152,"code":0}
{"event":"start","sid":"20261006T121352.231137Z-Ha9d4ceab-P00011269","thread":"main","time":"2026-10-06T12:13:52.231781Z","file":"common-init.c","line":58,"t_abs":0.000871,"argv":["/Library/Developer/CommandLineTools/usr/bin/git","-C","/var/folders/f1/2xjyyqkn5plc19fx4nt4tpt00000gn/T/dperf03-git-yr1peE/0","status","--porcelain","--untracked-files=normal"]}
{"event":"def_repo","sid":"20261006T121352.231137Z-Ha9d4ceab-P00011269","thread":"main","time":"2026-10-06T12:13:52.231951Z","file":"repository.c","line":241,"repo":1,"worktree":"/private/var/folders/f1/2xjyyqkn5plc19fx4nt4tpt00000gn/T/dperf03-git-yr1peE/0"}
{"event":"exit","sid":"20261006T121352.231009Z-Ha9d4ceab-P0001125d","thread":"main","time":"2026-10-06T12:13:52.231984Z","file":"git.c","line":747,"t_abs":0.001379,"code":0}
{"event":"atexit","sid":"20261006T121352.231009Z-Ha9d4ceab-P0001125d","thread":"main","time":"2026-10-06T12:13:52.231992Z","file":"trace2/tr2_tgt_event.c","line":207,"t_abs":0.001386,"code":0}
{"event":"exit","sid":"20261006T121352.231004Z-Ha9d4ceab-P00011263","thread":"main","time":"2026-10-06T12:13:52.231996Z","file":"git.c","line":747,"t_abs":0.001382,"code":0}
{"event":"atexit","sid":"20261006T121352.231004Z-Ha9d4ceab-P00011263","thread":"main","time":"2026-10-06T12:13:52.232004Z","file":"trace2/tr2_tgt_event.c","line":207,"t_abs":0.001390,"code":0}
{"event":"cmd_name","sid":"20261006T121352.231137Z-Ha9d4ceab-P00011269","thread":"main","time":"2026-10-06T12:13:52.232095Z","file":"git.c","line":477,"name":"status","hierarchy":"status"}
{"event":"region_enter","sid":"20261006T121352.231137Z-Ha9d4ceab-P00011269","thread":"main","time":"2026-10-06T12:13:52.232261Z","file":"read-cache.c","line":2357,"repo":1,"nesting":1,"category":"index","label":"do_read_index","msg":".git/index"}
{"event":"region_enter","sid":"20261006T121352.231137Z-Ha9d4ceab-P00011269","thread":"main","time":"2026-10-06T12:13:52.232292Z","file":"cache-tree.c","line":643,"repo":1,"nesting":2,"category":"cache_tree","label":"read"}
{"event":"region_leave","sid":"20261006T121352.231137Z-Ha9d4ceab-P00011269","thread":"main","time":"2026-10-06T12:13:52.232298Z","file":"cache-tree.c","line":645,"repo":1,"t_rel":0.000006,"nesting":2,"category":"cache_tree","label":"read"}
{"event":"data","sid":"20261006T121352.231137Z-Ha9d4ceab-P00011269","thread":"main","time":"2026-10-06T12:13:52.232305Z","file":"read-cache.c","line":2306,"repo":1,"t_abs":0.001395,"t_rel":0.000045,"nesting":2,"category":"index","key":"read/version","value":"2"}
{"event":"data","sid":"20261006T121352.231137Z-Ha9d4ceab-P00011269","thread":"main","time":"2026-10-06T12:13:52.232310Z","file":"read-cache.c","line":2308,"repo":1,"t_abs":0.001400,"t_rel":0.000050,"nesting":2,"category":"index","key":"read/cache_nr","value":"1"}
{"event":"region_leave","sid":"20261006T121352.231137Z-Ha9d4ceab-P00011269","thread":"main","time":"2026-10-06T12:13:52.232316Z","file":"read-cache.c","line":2362,"repo":1,"t_rel":0.000056,"nesting":1,"category":"index","label":"do_read_index","msg":".git/index"}
{"event":"region_enter","sid":"20261006T121352.231137Z-Ha9d4ceab-P00011269","thread":"main","time":"2026-10-06T12:13:52.232325Z","file":"read-cache.c","line":1513,"nesting":1,"category":"index","label":"refresh"}
{"event":"data","sid":"20261006T121352.231137Z-Ha9d4ceab-P00011269","thread":"main","time":"2026-10-06T12:13:52.232959Z","file":"read-cache.c","line":1595,"t_abs":0.002048,"t_rel":0.000633,"nesting":2,"category":"index","key":"refresh/sum_lstat","value":"1"}
{"event":"data","sid":"20261006T121352.231137Z-Ha9d4ceab-P00011269","thread":"main","time":"2026-10-06T12:13:52.232966Z","file":"read-cache.c","line":1596,"t_abs":0.002055,"t_rel":0.000640,"nesting":2,"category":"index","key":"refresh/sum_scan","value":"0"}
{"event":"region_leave","sid":"20261006T121352.231137Z-Ha9d4ceab-P00011269","thread":"main","time":"2026-10-06T12:13:52.232970Z","file":"read-cache.c","line":1597,"t_rel":0.000645,"nesting":1,"category":"index","label":"refresh"}
{"event":"region_enter","sid":"20261006T121352.231137Z-Ha9d4ceab-P00011269","thread":"main","time":"2026-10-06T12:13:52.233013Z","file":"wt-status.c","line":841,"repo":1,"nesting":1,"category":"status","label":"worktrees"}
{"event":"region_enter","sid":"20261006T121352.231137Z-Ha9d4ceab-P00011269","thread":"main","time":"2026-10-06T12:13:52.233029Z","file":"diffcore-rename.c","line":1407,"repo":1,"nesting":2,"category":"diff","label":"setup"}
{"event":"region_leave","sid":"20261006T121352.231137Z-Ha9d4ceab-P00011269","thread":"main","time":"2026-10-06T12:13:52.233033Z","file":"diffcore-rename.c","line":1460,"repo":1,"t_rel":0.000005,"nesting":2,"category":"diff","label":"setup"}
{"event":"region_enter","sid":"20261006T121352.231137Z-Ha9d4ceab-P00011269","thread":"main","time":"2026-10-06T12:13:52.233047Z","file":"diffcore-rename.c","line":1640,"repo":1,"nesting":2,"category":"diff","label":"write back to queue"}
{"event":"region_leave","sid":"20261006T121352.231137Z-Ha9d4ceab-P00011269","thread":"main","time":"2026-10-06T12:13:52.233051Z","file":"diffcore-rename.c","line":1717,"repo":1,"t_rel":0.000004,"nesting":2,"category":"diff","label":"write back to queue"}
{"event":"region_leave","sid":"20261006T121352.231137Z-Ha9d4ceab-P00011269","thread":"main","time":"2026-10-06T12:13:52.233057Z","file":"wt-status.c","line":843,"repo":1,"t_rel":0.000044,"nesting":1,"category":"status","label":"worktrees"}
{"event":"region_enter","sid":"20261006T121352.231137Z-Ha9d4ceab-P00011269","thread":"main","time":"2026-10-06T12:13:52.233062Z","file":"wt-status.c","line":850,"repo":1,"nesting":1,"category":"status","label":"index"}
{"event":"region_enter","sid":"20261006T121352.231137Z-Ha9d4ceab-P00011269","thread":"main","time":"2026-10-06T12:13:52.233249Z","file":"unpack-trees.c","line":1905,"repo":1,"nesting":2,"category":"unpack_trees","label":"unpack_trees"}
{"event":"region_leave","sid":"20261006T121352.231137Z-Ha9d4ceab-P00011269","thread":"main","time":"2026-10-06T12:13:52.233322Z","file":"unpack-trees.c","line":2108,"repo":1,"t_rel":0.000073,"nesting":2,"category":"unpack_trees","label":"unpack_trees"}
{"event":"region_enter","sid":"20261006T121352.231137Z-Ha9d4ceab-P00011269","thread":"main","time":"2026-10-06T12:13:52.233328Z","file":"diffcore-rename.c","line":1407,"repo":1,"nesting":2,"category":"diff","label":"setup"}
{"event":"region_leave","sid":"20261006T121352.231137Z-Ha9d4ceab-P00011269","thread":"main","time":"2026-10-06T12:13:52.233332Z","file":"diffcore-rename.c","line":1460,"repo":1,"t_rel":0.000005,"nesting":2,"category":"diff","label":"setup"}
{"event":"region_enter","sid":"20261006T121352.231137Z-Ha9d4ceab-P00011269","thread":"main","time":"2026-10-06T12:13:52.233336Z","file":"diffcore-rename.c","line":1640,"repo":1,"nesting":2,"category":"diff","label":"write back to queue"}
{"event":"region_leave","sid":"20261006T121352.231137Z-Ha9d4ceab-P00011269","thread":"main","time":"2026-10-06T12:13:52.233339Z","file":"diffcore-rename.c","line":1717,"repo":1,"t_rel":0.000004,"nesting":2,"category":"diff","label":"write back to queue"}
{"event":"region_leave","sid":"20261006T121352.231137Z-Ha9d4ceab-P00011269","thread":"main","time":"2026-10-06T12:13:52.233343Z","file":"wt-status.c","line":852,"repo":1,"t_rel":0.000282,"nesting":1,"category":"status","label":"index"}
{"event":"region_enter","sid":"20261006T121352.231137Z-Ha9d4ceab-P00011269","thread":"main","time":"2026-10-06T12:13:52.233347Z","file":"wt-status.c","line":855,"repo":1,"nesting":1,"category":"status","label":"untracked"}
{"event":"region_enter","sid":"20261006T121352.231137Z-Ha9d4ceab-P00011269","thread":"main","time":"2026-10-06T12:13:52.233408Z","file":"dir.c","line":3090,"repo":1,"nesting":2,"category":"dir","label":"read_directory"}
{"event":"region_leave","sid":"20261006T121352.231137Z-Ha9d4ceab-P00011269","thread":"main","time":"2026-10-06T12:13:52.233436Z","file":"dir.c","line":3113,"repo":1,"t_rel":0.000029,"nesting":2,"category":"dir","label":"read_directory"}
{"event":"region_leave","sid":"20261006T121352.231137Z-Ha9d4ceab-P00011269","thread":"main","time":"2026-10-06T12:13:52.233441Z","file":"wt-status.c","line":857,"repo":1,"t_rel":0.000095,"nesting":1,"category":"status","label":"untracked"}
{"event":"data","sid":"20261006T121352.231137Z-Ha9d4ceab-P00011269","thread":"main","time":"2026-10-06T12:13:52.233464Z","file":"wt-status.c","line":2569,"repo":1,"t_abs":0.002554,"t_rel":0.002554,"nesting":1,"category":"status","key":"count/changed","value":"0"}
{"event":"data","sid":"20261006T121352.231137Z-Ha9d4ceab-P00011269","thread":"main","time":"2026-10-06T12:13:52.233469Z","file":"wt-status.c","line":2571,"repo":1,"t_abs":0.002559,"t_rel":0.002559,"nesting":1,"category":"status","key":"count/untracked","value":"0"}
{"event":"data","sid":"20261006T121352.231137Z-Ha9d4ceab-P00011269","thread":"main","time":"2026-10-06T12:13:52.233481Z","file":"wt-status.c","line":2572,"repo":1,"t_abs":0.002571,"t_rel":0.002571,"nesting":1,"category":"status","key":"count/ignored","value":"0"}
{"event":"region_enter","sid":"20261006T121352.231137Z-Ha9d4ceab-P00011269","thread":"main","time":"2026-10-06T12:13:52.233485Z","file":"wt-status.c","line":2574,"repo":1,"nesting":1,"category":"status","label":"print"}
{"event":"region_leave","sid":"20261006T121352.231137Z-Ha9d4ceab-P00011269","thread":"main","time":"2026-10-06T12:13:52.233490Z","file":"wt-status.c","line":2595,"repo":1,"t_rel":0.000004,"nesting":1,"category":"status","label":"print"}
{"event":"exit","sid":"20261006T121352.231137Z-Ha9d4ceab-P00011269","thread":"main","time":"2026-10-06T12:13:52.233495Z","file":"git.c","line":747,"t_abs":0.002584,"code":0}
{"event":"data_json","sid":"20261006T121352.231137Z-Ha9d4ceab-P00011269","thread":"main","time":"2026-10-06T12:13:52.233499Z","file":"tree-walk.c","line":186,"repo":1,"t_abs":0.002589,"t_rel":0.002589,"nesting":1,"category":"traverse_trees","key":"statistics","value":{"traverse_trees_count":1,"traverse_trees_max_depth":1}}
{"event":"atexit","sid":"20261006T121352.231137Z-Ha9d4ceab-P00011269","thread":"main","time":"2026-10-06T12:13:52.233504Z","file":"trace2/tr2_tgt_event.c","line":207,"t_abs":0.002593,"code":0}
{"event":"version","sid":"20261006T121352.245575Z-Ha9d4ceab-P0001127b","thread":"main","time":"2026-10-06T12:13:52.245983Z","file":"common-init.c","line":57,"evt":"4","exe":"2.50.1 (Apple Git-155)"}
{"event":"start","sid":"20261006T121352.245575Z-Ha9d4ceab-P0001127b","thread":"main","time":"2026-10-06T12:13:52.246005Z","file":"common-init.c","line":58,"t_abs":0.000766,"argv":["/Library/Developer/CommandLineTools/usr/bin/git","-C","/var/folders/f1/2xjyyqkn5plc19fx4nt4tpt00000gn/T/dperf03-git-yr1peE/1","rev-parse","HEAD"]}
{"event":"cmd_name","sid":"20261006T121352.245575Z-Ha9d4ceab-P0001127b","thread":"main","time":"2026-10-06T12:13:52.246056Z","file":"git.c","line":477,"name":"rev-parse","hierarchy":"rev-parse"}
{"event":"version","sid":"20261006T121352.245577Z-Ha9d4ceab-P00011275","thread":"main","time":"2026-10-06T12:13:52.246136Z","file":"common-init.c","line":57,"evt":"4","exe":"2.50.1 (Apple Git-155)"}
{"event":"start","sid":"20261006T121352.245577Z-Ha9d4ceab-P00011275","thread":"main","time":"2026-10-06T12:13:52.246152Z","file":"common-init.c","line":58,"t_abs":0.000892,"argv":["/Library/Developer/CommandLineTools/usr/bin/git","-C","/var/folders/f1/2xjyyqkn5plc19fx4nt4tpt00000gn/T/dperf03-git-yr1peE/1","branch","--show-current"]}
{"event":"def_repo","sid":"20261006T121352.245575Z-Ha9d4ceab-P0001127b","thread":"main","time":"2026-10-06T12:13:52.246169Z","file":"repository.c","line":241,"repo":1,"worktree":"/private/var/folders/f1/2xjyyqkn5plc19fx4nt4tpt00000gn/T/dperf03-git-yr1peE/1"}
{"event":"version","sid":"20261006T121352.245578Z-Ha9d4ceab-P00011281","thread":"main","time":"2026-10-06T12:13:52.246170Z","file":"common-init.c","line":57,"evt":"4","exe":"2.50.1 (Apple Git-155)"}
{"event":"start","sid":"20261006T121352.245578Z-Ha9d4ceab-P00011281","thread":"main","time":"2026-10-06T12:13:52.246181Z","file":"common-init.c","line":58,"t_abs":0.000925,"argv":["/Library/Developer/CommandLineTools/usr/bin/git","-C","/var/folders/f1/2xjyyqkn5plc19fx4nt4tpt00000gn/T/dperf03-git-yr1peE/1","status","--porcelain","--untracked-files=normal"]}
{"event":"version","sid":"20261006T121352.245574Z-Ha9d4ceab-P0001126f","thread":"main","time":"2026-10-06T12:13:52.246278Z","file":"common-init.c","line":57,"evt":"4","exe":"2.50.1 (Apple Git-155)"}
{"event":"start","sid":"20261006T121352.245574Z-Ha9d4ceab-P0001126f","thread":"main","time":"2026-10-06T12:13:52.246287Z","file":"common-init.c","line":58,"t_abs":0.001043,"argv":["/Library/Developer/CommandLineTools/usr/bin/git","-C","/var/folders/f1/2xjyyqkn5plc19fx4nt4tpt00000gn/T/dperf03-git-yr1peE/1","rev-parse","--show-toplevel"]}
{"event":"def_repo","sid":"20261006T121352.245577Z-Ha9d4ceab-P00011275","thread":"main","time":"2026-10-06T12:13:52.246298Z","file":"repository.c","line":241,"repo":1,"worktree":"/private/var/folders/f1/2xjyyqkn5plc19fx4nt4tpt00000gn/T/dperf03-git-yr1peE/1"}
{"event":"cmd_name","sid":"20261006T121352.245574Z-Ha9d4ceab-P0001126f","thread":"main","time":"2026-10-06T12:13:52.246334Z","file":"git.c","line":477,"name":"rev-parse","hierarchy":"rev-parse"}
{"event":"def_repo","sid":"20261006T121352.245578Z-Ha9d4ceab-P00011281","thread":"main","time":"2026-10-06T12:13:52.246344Z","file":"repository.c","line":241,"repo":1,"worktree":"/private/var/folders/f1/2xjyyqkn5plc19fx4nt4tpt00000gn/T/dperf03-git-yr1peE/1"}
{"event":"cmd_name","sid":"20261006T121352.245577Z-Ha9d4ceab-P00011275","thread":"main","time":"2026-10-06T12:13:52.246346Z","file":"git.c","line":477,"name":"branch","hierarchy":"branch"}
{"event":"exit","sid":"20261006T121352.245575Z-Ha9d4ceab-P0001127b","thread":"main","time":"2026-10-06T12:13:52.246406Z","file":"git.c","line":747,"t_abs":0.001167,"code":0}
{"event":"atexit","sid":"20261006T121352.245575Z-Ha9d4ceab-P0001127b","thread":"main","time":"2026-10-06T12:13:52.246413Z","file":"trace2/tr2_tgt_event.c","line":207,"t_abs":0.001175,"code":0}
{"event":"def_repo","sid":"20261006T121352.245574Z-Ha9d4ceab-P0001126f","thread":"main","time":"2026-10-06T12:13:52.246476Z","file":"repository.c","line":241,"repo":1,"worktree":"/private/var/folders/f1/2xjyyqkn5plc19fx4nt4tpt00000gn/T/dperf03-git-yr1peE/1"}
{"event":"cmd_name","sid":"20261006T121352.245578Z-Ha9d4ceab-P00011281","thread":"main","time":"2026-10-06T12:13:52.246525Z","file":"git.c","line":477,"name":"status","hierarchy":"status"}
{"event":"exit","sid":"20261006T121352.245577Z-Ha9d4ceab-P00011275","thread":"main","time":"2026-10-06T12:13:52.246606Z","file":"git.c","line":747,"t_abs":0.001347,"code":0}
{"event":"atexit","sid":"20261006T121352.245577Z-Ha9d4ceab-P00011275","thread":"main","time":"2026-10-06T12:13:52.246613Z","file":"trace2/tr2_tgt_event.c","line":207,"t_abs":0.001354,"code":0}
{"event":"exit","sid":"20261006T121352.245574Z-Ha9d4ceab-P0001126f","thread":"main","time":"2026-10-06T12:13:52.246661Z","file":"git.c","line":747,"t_abs":0.001416,"code":0}
{"event":"atexit","sid":"20261006T121352.245574Z-Ha9d4ceab-P0001126f","thread":"main","time":"2026-10-06T12:13:52.246669Z","file":"trace2/tr2_tgt_event.c","line":207,"t_abs":0.001424,"code":0}
{"event":"region_enter","sid":"20261006T121352.245578Z-Ha9d4ceab-P00011281","thread":"main","time":"2026-10-06T12:13:52.246718Z","file":"read-cache.c","line":2357,"repo":1,"nesting":1,"category":"index","label":"do_read_index","msg":".git/index"}
{"event":"region_enter","sid":"20261006T121352.245578Z-Ha9d4ceab-P00011281","thread":"main","time":"2026-10-06T12:13:52.246752Z","file":"cache-tree.c","line":643,"repo":1,"nesting":2,"category":"cache_tree","label":"read"}
{"event":"region_leave","sid":"20261006T121352.245578Z-Ha9d4ceab-P00011281","thread":"main","time":"2026-10-06T12:13:52.246759Z","file":"cache-tree.c","line":645,"repo":1,"t_rel":0.000007,"nesting":2,"category":"cache_tree","label":"read"}
{"event":"data","sid":"20261006T121352.245578Z-Ha9d4ceab-P00011281","thread":"main","time":"2026-10-06T12:13:52.246766Z","file":"read-cache.c","line":2306,"repo":1,"t_abs":0.001510,"t_rel":0.000048,"nesting":2,"category":"index","key":"read/version","value":"2"}
{"event":"data","sid":"20261006T121352.245578Z-Ha9d4ceab-P00011281","thread":"main","time":"2026-10-06T12:13:52.246771Z","file":"read-cache.c","line":2308,"repo":1,"t_abs":0.001516,"t_rel":0.000054,"nesting":2,"category":"index","key":"read/cache_nr","value":"1"}
{"event":"region_leave","sid":"20261006T121352.245578Z-Ha9d4ceab-P00011281","thread":"main","time":"2026-10-06T12:13:52.246777Z","file":"read-cache.c","line":2362,"repo":1,"t_rel":0.000058,"nesting":1,"category":"index","label":"do_read_index","msg":".git/index"}
{"event":"region_enter","sid":"20261006T121352.245578Z-Ha9d4ceab-P00011281","thread":"main","time":"2026-10-06T12:13:52.246787Z","file":"read-cache.c","line":1513,"nesting":1,"category":"index","label":"refresh"}
{"event":"data","sid":"20261006T121352.245578Z-Ha9d4ceab-P00011281","thread":"main","time":"2026-10-06T12:13:52.247457Z","file":"read-cache.c","line":1595,"t_abs":0.002201,"t_rel":0.000669,"nesting":2,"category":"index","key":"refresh/sum_lstat","value":"1"}
{"event":"data","sid":"20261006T121352.245578Z-Ha9d4ceab-P00011281","thread":"main","time":"2026-10-06T12:13:52.247463Z","file":"read-cache.c","line":1596,"t_abs":0.002208,"t_rel":0.000676,"nesting":2,"category":"index","key":"refresh/sum_scan","value":"0"}
{"event":"region_leave","sid":"20261006T121352.245578Z-Ha9d4ceab-P00011281","thread":"main","time":"2026-10-06T12:13:52.247468Z","file":"read-cache.c","line":1597,"t_rel":0.000680,"nesting":1,"category":"index","label":"refresh"}
{"event":"region_enter","sid":"20261006T121352.245578Z-Ha9d4ceab-P00011281","thread":"main","time":"2026-10-06T12:13:52.247513Z","file":"wt-status.c","line":841,"repo":1,"nesting":1,"category":"status","label":"worktrees"}
{"event":"region_enter","sid":"20261006T121352.245578Z-Ha9d4ceab-P00011281","thread":"main","time":"2026-10-06T12:13:52.247529Z","file":"diffcore-rename.c","line":1407,"repo":1,"nesting":2,"category":"diff","label":"setup"}
{"event":"region_leave","sid":"20261006T121352.245578Z-Ha9d4ceab-P00011281","thread":"main","time":"2026-10-06T12:13:52.247536Z","file":"diffcore-rename.c","line":1460,"repo":1,"t_rel":0.000005,"nesting":2,"category":"diff","label":"setup"}
{"event":"region_enter","sid":"20261006T121352.245578Z-Ha9d4ceab-P00011281","thread":"main","time":"2026-10-06T12:13:52.247542Z","file":"diffcore-rename.c","line":1640,"repo":1,"nesting":2,"category":"diff","label":"write back to queue"}
{"event":"region_leave","sid":"20261006T121352.245578Z-Ha9d4ceab-P00011281","thread":"main","time":"2026-10-06T12:13:52.247546Z","file":"diffcore-rename.c","line":1717,"repo":1,"t_rel":0.000005,"nesting":2,"category":"diff","label":"write back to queue"}
{"event":"region_leave","sid":"20261006T121352.245578Z-Ha9d4ceab-P00011281","thread":"main","time":"2026-10-06T12:13:52.247553Z","file":"wt-status.c","line":843,"repo":1,"t_rel":0.000040,"nesting":1,"category":"status","label":"worktrees"}
{"event":"region_enter","sid":"20261006T121352.245578Z-Ha9d4ceab-P00011281","thread":"main","time":"2026-10-06T12:13:52.247557Z","file":"wt-status.c","line":850,"repo":1,"nesting":1,"category":"status","label":"index"}
{"event":"region_enter","sid":"20261006T121352.245578Z-Ha9d4ceab-P00011281","thread":"main","time":"2026-10-06T12:13:52.247724Z","file":"unpack-trees.c","line":1905,"repo":1,"nesting":2,"category":"unpack_trees","label":"unpack_trees"}
{"event":"region_leave","sid":"20261006T121352.245578Z-Ha9d4ceab-P00011281","thread":"main","time":"2026-10-06T12:13:52.247804Z","file":"unpack-trees.c","line":2108,"repo":1,"t_rel":0.000080,"nesting":2,"category":"unpack_trees","label":"unpack_trees"}
{"event":"region_enter","sid":"20261006T121352.245578Z-Ha9d4ceab-P00011281","thread":"main","time":"2026-10-06T12:13:52.247809Z","file":"diffcore-rename.c","line":1407,"repo":1,"nesting":2,"category":"diff","label":"setup"}
{"event":"region_leave","sid":"20261006T121352.245578Z-Ha9d4ceab-P00011281","thread":"main","time":"2026-10-06T12:13:52.247813Z","file":"diffcore-rename.c","line":1460,"repo":1,"t_rel":0.000004,"nesting":2,"category":"diff","label":"setup"}
{"event":"region_enter","sid":"20261006T121352.245578Z-Ha9d4ceab-P00011281","thread":"main","time":"2026-10-06T12:13:52.247817Z","file":"diffcore-rename.c","line":1640,"repo":1,"nesting":2,"category":"diff","label":"write back to queue"}
{"event":"region_leave","sid":"20261006T121352.245578Z-Ha9d4ceab-P00011281","thread":"main","time":"2026-10-06T12:13:52.247820Z","file":"diffcore-rename.c","line":1717,"repo":1,"t_rel":0.000004,"nesting":2,"category":"diff","label":"write back to queue"}
{"event":"region_leave","sid":"20261006T121352.245578Z-Ha9d4ceab-P00011281","thread":"main","time":"2026-10-06T12:13:52.247824Z","file":"wt-status.c","line":852,"repo":1,"t_rel":0.000267,"nesting":1,"category":"status","label":"index"}
{"event":"region_enter","sid":"20261006T121352.245578Z-Ha9d4ceab-P00011281","thread":"main","time":"2026-10-06T12:13:52.247828Z","file":"wt-status.c","line":855,"repo":1,"nesting":1,"category":"status","label":"untracked"}
{"event":"region_enter","sid":"20261006T121352.245578Z-Ha9d4ceab-P00011281","thread":"main","time":"2026-10-06T12:13:52.247888Z","file":"dir.c","line":3090,"repo":1,"nesting":2,"category":"dir","label":"read_directory"}
{"event":"region_leave","sid":"20261006T121352.245578Z-Ha9d4ceab-P00011281","thread":"main","time":"2026-10-06T12:13:52.247920Z","file":"dir.c","line":3113,"repo":1,"t_rel":0.000031,"nesting":2,"category":"dir","label":"read_directory"}
{"event":"region_leave","sid":"20261006T121352.245578Z-Ha9d4ceab-P00011281","thread":"main","time":"2026-10-06T12:13:52.247925Z","file":"wt-status.c","line":857,"repo":1,"t_rel":0.000098,"nesting":1,"category":"status","label":"untracked"}
{"event":"data","sid":"20261006T121352.245578Z-Ha9d4ceab-P00011281","thread":"main","time":"2026-10-06T12:13:52.247949Z","file":"wt-status.c","line":2569,"repo":1,"t_abs":0.002693,"t_rel":0.002693,"nesting":1,"category":"status","key":"count/changed","value":"0"}
{"event":"data","sid":"20261006T121352.245578Z-Ha9d4ceab-P00011281","thread":"main","time":"2026-10-06T12:13:52.247997Z","file":"wt-status.c","line":2571,"repo":1,"t_abs":0.002741,"t_rel":0.002741,"nesting":1,"category":"status","key":"count/untracked","value":"0"}
{"event":"data","sid":"20261006T121352.245578Z-Ha9d4ceab-P00011281","thread":"main","time":"2026-10-06T12:13:52.248007Z","file":"wt-status.c","line":2572,"repo":1,"t_abs":0.002751,"t_rel":0.002751,"nesting":1,"category":"status","key":"count/ignored","value":"0"}
{"event":"region_enter","sid":"20261006T121352.245578Z-Ha9d4ceab-P00011281","thread":"main","time":"2026-10-06T12:13:52.248012Z","file":"wt-status.c","line":2574,"repo":1,"nesting":1,"category":"status","label":"print"}
{"event":"region_leave","sid":"20261006T121352.245578Z-Ha9d4ceab-P00011281","thread":"main","time":"2026-10-06T12:13:52.248017Z","file":"wt-status.c","line":2595,"repo":1,"t_rel":0.000005,"nesting":1,"category":"status","label":"print"}
{"event":"exit","sid":"20261006T121352.245578Z-Ha9d4ceab-P00011281","thread":"main","time":"2026-10-06T12:13:52.248023Z","file":"git.c","line":747,"t_abs":0.002768,"code":0}
{"event":"data_json","sid":"20261006T121352.245578Z-Ha9d4ceab-P00011281","thread":"main","time":"2026-10-06T12:13:52.248028Z","file":"tree-walk.c","line":186,"repo":1,"t_abs":0.002772,"t_rel":0.002772,"nesting":1,"category":"traverse_trees","key":"statistics","value":{"traverse_trees_count":1,"traverse_trees_max_depth":1}}
{"event":"atexit","sid":"20261006T121352.245578Z-Ha9d4ceab-P00011281","thread":"main","time":"2026-10-06T12:13:52.248033Z","file":"trace2/tr2_tgt_event.c","line":207,"t_abs":0.002777,"code":0}
{"event":"version","sid":"20261006T121352.259152Z-Ha9d4ceab-P0001128d","thread":"main","time":"2026-10-06T12:13:52.259513Z","file":"common-init.c","line":57,"evt":"4","exe":"2.50.1 (Apple Git-155)"}
{"event":"start","sid":"20261006T121352.259152Z-Ha9d4ceab-P0001128d","thread":"main","time":"2026-10-06T12:13:52.259534Z","file":"common-init.c","line":58,"t_abs":0.000744,"argv":["/Library/Developer/CommandLineTools/usr/bin/git","-C","/var/folders/f1/2xjyyqkn5plc19fx4nt4tpt00000gn/T/dperf03-git-yr1peE/2","branch","--show-current"]}
{"event":"version","sid":"20261006T121352.259152Z-Ha9d4ceab-P00011287","thread":"main","time":"2026-10-06T12:13:52.259671Z","file":"common-init.c","line":57,"evt":"4","exe":"2.50.1 (Apple Git-155)"}
{"event":"start","sid":"20261006T121352.259152Z-Ha9d4ceab-P00011287","thread":"main","time":"2026-10-06T12:13:52.259683Z","file":"common-init.c","line":58,"t_abs":0.000850,"argv":["/Library/Developer/CommandLineTools/usr/bin/git","-C","/var/folders/f1/2xjyyqkn5plc19fx4nt4tpt00000gn/T/dperf03-git-yr1peE/2","rev-parse","--show-toplevel"]}
{"event":"def_repo","sid":"20261006T121352.259152Z-Ha9d4ceab-P0001128d","thread":"main","time":"2026-10-06T12:13:52.259704Z","file":"repository.c","line":241,"repo":1,"worktree":"/private/var/folders/f1/2xjyyqkn5plc19fx4nt4tpt00000gn/T/dperf03-git-yr1peE/2"}
{"event":"cmd_name","sid":"20261006T121352.259152Z-Ha9d4ceab-P00011287","thread":"main","time":"2026-10-06T12:13:52.259733Z","file":"git.c","line":477,"name":"rev-parse","hierarchy":"rev-parse"}
{"event":"cmd_name","sid":"20261006T121352.259152Z-Ha9d4ceab-P0001128d","thread":"main","time":"2026-10-06T12:13:52.259754Z","file":"git.c","line":477,"name":"branch","hierarchy":"branch"}
{"event":"def_repo","sid":"20261006T121352.259152Z-Ha9d4ceab-P00011287","thread":"main","time":"2026-10-06T12:13:52.259847Z","file":"repository.c","line":241,"repo":1,"worktree":"/private/var/folders/f1/2xjyyqkn5plc19fx4nt4tpt00000gn/T/dperf03-git-yr1peE/2"}
{"event":"version","sid":"20261006T121352.259591Z-Ha9d4ceab-P00011293","thread":"main","time":"2026-10-06T12:13:52.259953Z","file":"common-init.c","line":57,"evt":"4","exe":"2.50.1 (Apple Git-155)"}
{"event":"start","sid":"20261006T121352.259591Z-Ha9d4ceab-P00011293","thread":"main","time":"2026-10-06T12:13:52.259962Z","file":"common-init.c","line":58,"t_abs":0.000605,"argv":["/Library/Developer/CommandLineTools/usr/bin/git","-C","/var/folders/f1/2xjyyqkn5plc19fx4nt4tpt00000gn/T/dperf03-git-yr1peE/2","rev-parse","HEAD"]}
{"event":"exit","sid":"20261006T121352.259152Z-Ha9d4ceab-P0001128d","thread":"main","time":"2026-10-06T12:13:52.259978Z","file":"git.c","line":747,"t_abs":0.001188,"code":0}
{"event":"version","sid":"20261006T121352.259608Z-Ha9d4ceab-P00011299","thread":"main","time":"2026-10-06T12:13:52.259977Z","file":"common-init.c","line":57,"evt":"4","exe":"2.50.1 (Apple Git-155)"}
{"event":"atexit","sid":"20261006T121352.259152Z-Ha9d4ceab-P0001128d","thread":"main","time":"2026-10-06T12:13:52.259985Z","file":"trace2/tr2_tgt_event.c","line":207,"t_abs":0.001196,"code":0}
{"event":"start","sid":"20261006T121352.259608Z-Ha9d4ceab-P00011299","thread":"main","time":"2026-10-06T12:13:52.259990Z","file":"common-init.c","line":58,"t_abs":0.000616,"argv":["/Library/Developer/CommandLineTools/usr/bin/git","-C","/var/folders/f1/2xjyyqkn5plc19fx4nt4tpt00000gn/T/dperf03-git-yr1peE/2","status","--porcelain","--untracked-files=normal"]}
{"event":"exit","sid":"20261006T121352.259152Z-Ha9d4ceab-P00011287","thread":"main","time":"2026-10-06T12:13:52.260005Z","file":"git.c","line":747,"t_abs":0.001172,"code":0}
{"event":"cmd_name","sid":"20261006T121352.259591Z-Ha9d4ceab-P00011293","thread":"main","time":"2026-10-06T12:13:52.260006Z","file":"git.c","line":477,"name":"rev-parse","hierarchy":"rev-parse"}
{"event":"atexit","sid":"20261006T121352.259152Z-Ha9d4ceab-P00011287","thread":"main","time":"2026-10-06T12:13:52.260013Z","file":"trace2/tr2_tgt_event.c","line":207,"t_abs":0.001180,"code":0}
{"event":"def_repo","sid":"20261006T121352.259591Z-Ha9d4ceab-P00011293","thread":"main","time":"2026-10-06T12:13:52.260125Z","file":"repository.c","line":241,"repo":1,"worktree":"/private/var/folders/f1/2xjyyqkn5plc19fx4nt4tpt00000gn/T/dperf03-git-yr1peE/2"}
{"event":"def_repo","sid":"20261006T121352.259608Z-Ha9d4ceab-P00011299","thread":"main","time":"2026-10-06T12:13:52.260141Z","file":"repository.c","line":241,"repo":1,"worktree":"/private/var/folders/f1/2xjyyqkn5plc19fx4nt4tpt00000gn/T/dperf03-git-yr1peE/2"}
{"event":"cmd_name","sid":"20261006T121352.259608Z-Ha9d4ceab-P00011299","thread":"main","time":"2026-10-06T12:13:52.260298Z","file":"git.c","line":477,"name":"status","hierarchy":"status"}
{"event":"exit","sid":"20261006T121352.259591Z-Ha9d4ceab-P00011293","thread":"main","time":"2026-10-06T12:13:52.260339Z","file":"git.c","line":747,"t_abs":0.000983,"code":0}
{"event":"atexit","sid":"20261006T121352.259591Z-Ha9d4ceab-P00011293","thread":"main","time":"2026-10-06T12:13:52.260347Z","file":"trace2/tr2_tgt_event.c","line":207,"t_abs":0.000990,"code":0}
{"event":"region_enter","sid":"20261006T121352.259608Z-Ha9d4ceab-P00011299","thread":"main","time":"2026-10-06T12:13:52.260475Z","file":"read-cache.c","line":2357,"repo":1,"nesting":1,"category":"index","label":"do_read_index","msg":".git/index"}
{"event":"region_enter","sid":"20261006T121352.259608Z-Ha9d4ceab-P00011299","thread":"main","time":"2026-10-06T12:13:52.260509Z","file":"cache-tree.c","line":643,"repo":1,"nesting":2,"category":"cache_tree","label":"read"}
{"event":"region_leave","sid":"20261006T121352.259608Z-Ha9d4ceab-P00011299","thread":"main","time":"2026-10-06T12:13:52.260530Z","file":"cache-tree.c","line":645,"repo":1,"t_rel":0.000020,"nesting":2,"category":"cache_tree","label":"read"}
{"event":"data","sid":"20261006T121352.259608Z-Ha9d4ceab-P00011299","thread":"main","time":"2026-10-06T12:13:52.260537Z","file":"read-cache.c","line":2306,"repo":1,"t_abs":0.001164,"t_rel":0.000063,"nesting":2,"category":"index","key":"read/version","value":"2"}
{"event":"data","sid":"20261006T121352.259608Z-Ha9d4ceab-P00011299","thread":"main","time":"2026-10-06T12:13:52.260542Z","file":"read-cache.c","line":2308,"repo":1,"t_abs":0.001169,"t_rel":0.000068,"nesting":2,"category":"index","key":"read/cache_nr","value":"1"}
{"event":"region_leave","sid":"20261006T121352.259608Z-Ha9d4ceab-P00011299","thread":"main","time":"2026-10-06T12:13:52.260549Z","file":"read-cache.c","line":2362,"repo":1,"t_rel":0.000074,"nesting":1,"category":"index","label":"do_read_index","msg":".git/index"}
{"event":"region_enter","sid":"20261006T121352.259608Z-Ha9d4ceab-P00011299","thread":"main","time":"2026-10-06T12:13:52.260557Z","file":"read-cache.c","line":1513,"nesting":1,"category":"index","label":"refresh"}
{"event":"data","sid":"20261006T121352.259608Z-Ha9d4ceab-P00011299","thread":"main","time":"2026-10-06T12:13:52.261215Z","file":"read-cache.c","line":1595,"t_abs":0.001840,"t_rel":0.000656,"nesting":2,"category":"index","key":"refresh/sum_lstat","value":"1"}
{"event":"data","sid":"20261006T121352.259608Z-Ha9d4ceab-P00011299","thread":"main","time":"2026-10-06T12:13:52.261221Z","file":"read-cache.c","line":1596,"t_abs":0.001848,"t_rel":0.000664,"nesting":2,"category":"index","key":"refresh/sum_scan","value":"0"}
{"event":"region_leave","sid":"20261006T121352.259608Z-Ha9d4ceab-P00011299","thread":"main","time":"2026-10-06T12:13:52.261226Z","file":"read-cache.c","line":1597,"t_rel":0.000668,"nesting":1,"category":"index","label":"refresh"}
{"event":"region_enter","sid":"20261006T121352.259608Z-Ha9d4ceab-P00011299","thread":"main","time":"2026-10-06T12:13:52.261269Z","file":"wt-status.c","line":841,"repo":1,"nesting":1,"category":"status","label":"worktrees"}
{"event":"region_enter","sid":"20261006T121352.259608Z-Ha9d4ceab-P00011299","thread":"main","time":"2026-10-06T12:13:52.261285Z","file":"diffcore-rename.c","line":1407,"repo":1,"nesting":2,"category":"diff","label":"setup"}
{"event":"region_leave","sid":"20261006T121352.259608Z-Ha9d4ceab-P00011299","thread":"main","time":"2026-10-06T12:13:52.261289Z","file":"diffcore-rename.c","line":1460,"repo":1,"t_rel":0.000004,"nesting":2,"category":"diff","label":"setup"}
{"event":"region_enter","sid":"20261006T121352.259608Z-Ha9d4ceab-P00011299","thread":"main","time":"2026-10-06T12:13:52.261293Z","file":"diffcore-rename.c","line":1640,"repo":1,"nesting":2,"category":"diff","label":"write back to queue"}
{"event":"region_leave","sid":"20261006T121352.259608Z-Ha9d4ceab-P00011299","thread":"main","time":"2026-10-06T12:13:52.261297Z","file":"diffcore-rename.c","line":1717,"repo":1,"t_rel":0.000004,"nesting":2,"category":"diff","label":"write back to queue"}
{"event":"region_leave","sid":"20261006T121352.259608Z-Ha9d4ceab-P00011299","thread":"main","time":"2026-10-06T12:13:52.261304Z","file":"wt-status.c","line":843,"repo":1,"t_rel":0.000034,"nesting":1,"category":"status","label":"worktrees"}
{"event":"region_enter","sid":"20261006T121352.259608Z-Ha9d4ceab-P00011299","thread":"main","time":"2026-10-06T12:13:52.261308Z","file":"wt-status.c","line":850,"repo":1,"nesting":1,"category":"status","label":"index"}
{"event":"region_enter","sid":"20261006T121352.259608Z-Ha9d4ceab-P00011299","thread":"main","time":"2026-10-06T12:13:52.261468Z","file":"unpack-trees.c","line":1905,"repo":1,"nesting":2,"category":"unpack_trees","label":"unpack_trees"}
{"event":"region_leave","sid":"20261006T121352.259608Z-Ha9d4ceab-P00011299","thread":"main","time":"2026-10-06T12:13:52.261543Z","file":"unpack-trees.c","line":2108,"repo":1,"t_rel":0.000076,"nesting":2,"category":"unpack_trees","label":"unpack_trees"}
{"event":"region_enter","sid":"20261006T121352.259608Z-Ha9d4ceab-P00011299","thread":"main","time":"2026-10-06T12:13:52.261560Z","file":"diffcore-rename.c","line":1407,"repo":1,"nesting":2,"category":"diff","label":"setup"}
{"event":"region_leave","sid":"20261006T121352.259608Z-Ha9d4ceab-P00011299","thread":"main","time":"2026-10-06T12:13:52.261564Z","file":"diffcore-rename.c","line":1460,"repo":1,"t_rel":0.000005,"nesting":2,"category":"diff","label":"setup"}
{"event":"region_enter","sid":"20261006T121352.259608Z-Ha9d4ceab-P00011299","thread":"main","time":"2026-10-06T12:13:52.261568Z","file":"diffcore-rename.c","line":1640,"repo":1,"nesting":2,"category":"diff","label":"write back to queue"}
{"event":"region_leave","sid":"20261006T121352.259608Z-Ha9d4ceab-P00011299","thread":"main","time":"2026-10-06T12:13:52.261571Z","file":"diffcore-rename.c","line":1717,"repo":1,"t_rel":0.000003,"nesting":2,"category":"diff","label":"write back to queue"}
{"event":"region_leave","sid":"20261006T121352.259608Z-Ha9d4ceab-P00011299","thread":"main","time":"2026-10-06T12:13:52.261575Z","file":"wt-status.c","line":852,"repo":1,"t_rel":0.000267,"nesting":1,"category":"status","label":"index"}
{"event":"region_enter","sid":"20261006T121352.259608Z-Ha9d4ceab-P00011299","thread":"main","time":"2026-10-06T12:13:52.261579Z","file":"wt-status.c","line":855,"repo":1,"nesting":1,"category":"status","label":"untracked"}
{"event":"region_enter","sid":"20261006T121352.259608Z-Ha9d4ceab-P00011299","thread":"main","time":"2026-10-06T12:13:52.261637Z","file":"dir.c","line":3090,"repo":1,"nesting":2,"category":"dir","label":"read_directory"}
{"event":"region_leave","sid":"20261006T121352.259608Z-Ha9d4ceab-P00011299","thread":"main","time":"2026-10-06T12:13:52.261666Z","file":"dir.c","line":3113,"repo":1,"t_rel":0.000029,"nesting":2,"category":"dir","label":"read_directory"}
{"event":"region_leave","sid":"20261006T121352.259608Z-Ha9d4ceab-P00011299","thread":"main","time":"2026-10-06T12:13:52.261672Z","file":"wt-status.c","line":857,"repo":1,"t_rel":0.000092,"nesting":1,"category":"status","label":"untracked"}
{"event":"data","sid":"20261006T121352.259608Z-Ha9d4ceab-P00011299","thread":"main","time":"2026-10-06T12:13:52.261690Z","file":"wt-status.c","line":2569,"repo":1,"t_abs":0.002316,"t_rel":0.002316,"nesting":1,"category":"status","key":"count/changed","value":"0"}
{"event":"data","sid":"20261006T121352.259608Z-Ha9d4ceab-P00011299","thread":"main","time":"2026-10-06T12:13:52.261695Z","file":"wt-status.c","line":2571,"repo":1,"t_abs":0.002321,"t_rel":0.002321,"nesting":1,"category":"status","key":"count/untracked","value":"0"}
{"event":"data","sid":"20261006T121352.259608Z-Ha9d4ceab-P00011299","thread":"main","time":"2026-10-06T12:13:52.261699Z","file":"wt-status.c","line":2572,"repo":1,"t_abs":0.002325,"t_rel":0.002325,"nesting":1,"category":"status","key":"count/ignored","value":"0"}
{"event":"region_enter","sid":"20261006T121352.259608Z-Ha9d4ceab-P00011299","thread":"main","time":"2026-10-06T12:13:52.261703Z","file":"wt-status.c","line":2574,"repo":1,"nesting":1,"category":"status","label":"print"}
{"event":"region_leave","sid":"20261006T121352.259608Z-Ha9d4ceab-P00011299","thread":"main","time":"2026-10-06T12:13:52.261706Z","file":"wt-status.c","line":2595,"repo":1,"t_rel":0.000004,"nesting":1,"category":"status","label":"print"}
{"event":"exit","sid":"20261006T121352.259608Z-Ha9d4ceab-P00011299","thread":"main","time":"2026-10-06T12:13:52.261712Z","file":"git.c","line":747,"t_abs":0.002338,"code":0}
{"event":"data_json","sid":"20261006T121352.259608Z-Ha9d4ceab-P00011299","thread":"main","time":"2026-10-06T12:13:52.261716Z","file":"tree-walk.c","line":186,"repo":1,"t_abs":0.002342,"t_rel":0.002342,"nesting":1,"category":"traverse_trees","key":"statistics","value":{"traverse_trees_count":1,"traverse_trees_max_depth":1}}
{"event":"atexit","sid":"20261006T121352.259608Z-Ha9d4ceab-P00011299","thread":"main","time":"2026-10-06T12:13:52.261721Z","file":"trace2/tr2_tgt_event.c","line":207,"t_abs":0.002347,"code":0}
{"event":"version","sid":"20261006T121352.272155Z-Ha9d4ceab-P000112a5","thread":"main","time":"2026-10-06T12:13:52.272486Z","file":"common-init.c","line":57,"evt":"4","exe":"2.50.1 (Apple Git-155)"}
{"event":"start","sid":"20261006T121352.272155Z-Ha9d4ceab-P000112a5","thread":"main","time":"2026-10-06T12:13:52.272505Z","file":"common-init.c","line":58,"t_abs":0.000604,"argv":["/Library/Developer/CommandLineTools/usr/bin/git","-C","/var/folders/f1/2xjyyqkn5plc19fx4nt4tpt00000gn/T/dperf03-git-yr1peE/3","branch","--show-current"]}
{"event":"version","sid":"20261006T121352.272157Z-Ha9d4ceab-P0001129f","thread":"main","time":"2026-10-06T12:13:52.272637Z","file":"common-init.c","line":57,"evt":"4","exe":"2.50.1 (Apple Git-155)"}
{"event":"start","sid":"20261006T121352.272157Z-Ha9d4ceab-P0001129f","thread":"main","time":"2026-10-06T12:13:52.272654Z","file":"common-init.c","line":58,"t_abs":0.000743,"argv":["/Library/Developer/CommandLineTools/usr/bin/git","-C","/var/folders/f1/2xjyyqkn5plc19fx4nt4tpt00000gn/T/dperf03-git-yr1peE/3","rev-parse","--show-toplevel"]}
{"event":"def_repo","sid":"20261006T121352.272155Z-Ha9d4ceab-P000112a5","thread":"main","time":"2026-10-06T12:13:52.272666Z","file":"repository.c","line":241,"repo":1,"worktree":"/private/var/folders/f1/2xjyyqkn5plc19fx4nt4tpt00000gn/T/dperf03-git-yr1peE/3"}
{"event":"version","sid":"20261006T121352.272405Z-Ha9d4ceab-P000112ab","thread":"main","time":"2026-10-06T12:13:52.272678Z","file":"common-init.c","line":57,"evt":"4","exe":"2.50.1 (Apple Git-155)"}
{"event":"start","sid":"20261006T121352.272405Z-Ha9d4ceab-P000112ab","thread":"main","time":"2026-10-06T12:13:52.272691Z","file":"common-init.c","line":58,"t_abs":0.000495,"argv":["/Library/Developer/CommandLineTools/usr/bin/git","-C","/var/folders/f1/2xjyyqkn5plc19fx4nt4tpt00000gn/T/dperf03-git-yr1peE/3","rev-parse","HEAD"]}
{"event":"cmd_name","sid":"20261006T121352.272155Z-Ha9d4ceab-P000112a5","thread":"main","time":"2026-10-06T12:13:52.272699Z","file":"git.c","line":477,"name":"branch","hierarchy":"branch"}
{"event":"cmd_name","sid":"20261006T121352.272157Z-Ha9d4ceab-P0001129f","thread":"main","time":"2026-10-06T12:13:52.272701Z","file":"git.c","line":477,"name":"rev-parse","hierarchy":"rev-parse"}
{"event":"cmd_name","sid":"20261006T121352.272405Z-Ha9d4ceab-P000112ab","thread":"main","time":"2026-10-06T12:13:52.272737Z","file":"git.c","line":477,"name":"rev-parse","hierarchy":"rev-parse"}
{"event":"def_repo","sid":"20261006T121352.272157Z-Ha9d4ceab-P0001129f","thread":"main","time":"2026-10-06T12:13:52.272824Z","file":"repository.c","line":241,"repo":1,"worktree":"/private/var/folders/f1/2xjyyqkn5plc19fx4nt4tpt00000gn/T/dperf03-git-yr1peE/3"}
{"event":"def_repo","sid":"20261006T121352.272405Z-Ha9d4ceab-P000112ab","thread":"main","time":"2026-10-06T12:13:52.272860Z","file":"repository.c","line":241,"repo":1,"worktree":"/private/var/folders/f1/2xjyyqkn5plc19fx4nt4tpt00000gn/T/dperf03-git-yr1peE/3"}
{"event":"exit","sid":"20261006T121352.272155Z-Ha9d4ceab-P000112a5","thread":"main","time":"2026-10-06T12:13:52.272940Z","file":"git.c","line":747,"t_abs":0.001039,"code":0}
{"event":"atexit","sid":"20261006T121352.272155Z-Ha9d4ceab-P000112a5","thread":"main","time":"2026-10-06T12:13:52.272948Z","file":"trace2/tr2_tgt_event.c","line":207,"t_abs":0.001047,"code":0}
{"event":"version","sid":"20261006T121352.272577Z-Ha9d4ceab-P000112b1","thread":"main","time":"2026-10-06T12:13:52.272971Z","file":"common-init.c","line":57,"evt":"4","exe":"2.50.1 (Apple Git-155)"}
{"event":"start","sid":"20261006T121352.272577Z-Ha9d4ceab-P000112b1","thread":"main","time":"2026-10-06T12:13:52.272981Z","file":"common-init.c","line":58,"t_abs":0.000623,"argv":["/Library/Developer/CommandLineTools/usr/bin/git","-C","/var/folders/f1/2xjyyqkn5plc19fx4nt4tpt00000gn/T/dperf03-git-yr1peE/3","status","--porcelain","--untracked-files=normal"]}
{"event":"exit","sid":"20261006T121352.272157Z-Ha9d4ceab-P0001129f","thread":"main","time":"2026-10-06T12:13:52.273015Z","file":"git.c","line":747,"t_abs":0.001105,"code":0}
{"event":"atexit","sid":"20261006T121352.272157Z-Ha9d4ceab-P0001129f","thread":"main","time":"2026-10-06T12:13:52.273042Z","file":"trace2/tr2_tgt_event.c","line":207,"t_abs":0.001131,"code":0}
{"event":"exit","sid":"20261006T121352.272405Z-Ha9d4ceab-P000112ab","thread":"main","time":"2026-10-06T12:13:52.273099Z","file":"git.c","line":747,"t_abs":0.000903,"code":0}
{"event":"atexit","sid":"20261006T121352.272405Z-Ha9d4ceab-P000112ab","thread":"main","time":"2026-10-06T12:13:52.273106Z","file":"trace2/tr2_tgt_event.c","line":207,"t_abs":0.000910,"code":0}
{"event":"def_repo","sid":"20261006T121352.272577Z-Ha9d4ceab-P000112b1","thread":"main","time":"2026-10-06T12:13:52.273138Z","file":"repository.c","line":241,"repo":1,"worktree":"/private/var/folders/f1/2xjyyqkn5plc19fx4nt4tpt00000gn/T/dperf03-git-yr1peE/3"}
{"event":"cmd_name","sid":"20261006T121352.272577Z-Ha9d4ceab-P000112b1","thread":"main","time":"2026-10-06T12:13:52.273268Z","file":"git.c","line":477,"name":"status","hierarchy":"status"}
{"event":"region_enter","sid":"20261006T121352.272577Z-Ha9d4ceab-P000112b1","thread":"main","time":"2026-10-06T12:13:52.273415Z","file":"read-cache.c","line":2357,"repo":1,"nesting":1,"category":"index","label":"do_read_index","msg":".git/index"}
{"event":"region_enter","sid":"20261006T121352.272577Z-Ha9d4ceab-P000112b1","thread":"main","time":"2026-10-06T12:13:52.273444Z","file":"cache-tree.c","line":643,"repo":1,"nesting":2,"category":"cache_tree","label":"read"}
{"event":"region_leave","sid":"20261006T121352.272577Z-Ha9d4ceab-P000112b1","thread":"main","time":"2026-10-06T12:13:52.273450Z","file":"cache-tree.c","line":645,"repo":1,"t_rel":0.000006,"nesting":2,"category":"cache_tree","label":"read"}
{"event":"data","sid":"20261006T121352.272577Z-Ha9d4ceab-P000112b1","thread":"main","time":"2026-10-06T12:13:52.273457Z","file":"read-cache.c","line":2306,"repo":1,"t_abs":0.001100,"t_rel":0.000043,"nesting":2,"category":"index","key":"read/version","value":"2"}
{"event":"data","sid":"20261006T121352.272577Z-Ha9d4ceab-P000112b1","thread":"main","time":"2026-10-06T12:13:52.273463Z","file":"read-cache.c","line":2308,"repo":1,"t_abs":0.001106,"t_rel":0.000049,"nesting":2,"category":"index","key":"read/cache_nr","value":"1"}
{"event":"region_leave","sid":"20261006T121352.272577Z-Ha9d4ceab-P000112b1","thread":"main","time":"2026-10-06T12:13:52.273471Z","file":"read-cache.c","line":2362,"repo":1,"t_rel":0.000056,"nesting":1,"category":"index","label":"do_read_index","msg":".git/index"}
{"event":"region_enter","sid":"20261006T121352.272577Z-Ha9d4ceab-P000112b1","thread":"main","time":"2026-10-06T12:13:52.273480Z","file":"read-cache.c","line":1513,"nesting":1,"category":"index","label":"refresh"}
{"event":"data","sid":"20261006T121352.272577Z-Ha9d4ceab-P000112b1","thread":"main","time":"2026-10-06T12:13:52.274098Z","file":"read-cache.c","line":1595,"t_abs":0.001740,"t_rel":0.000618,"nesting":2,"category":"index","key":"refresh/sum_lstat","value":"1"}
{"event":"data","sid":"20261006T121352.272577Z-Ha9d4ceab-P000112b1","thread":"main","time":"2026-10-06T12:13:52.274104Z","file":"read-cache.c","line":1596,"t_abs":0.001747,"t_rel":0.000625,"nesting":2,"category":"index","key":"refresh/sum_scan","value":"0"}
{"event":"region_leave","sid":"20261006T121352.272577Z-Ha9d4ceab-P000112b1","thread":"main","time":"2026-10-06T12:13:52.274110Z","file":"read-cache.c","line":1597,"t_rel":0.000629,"nesting":1,"category":"index","label":"refresh"}
{"event":"region_enter","sid":"20261006T121352.272577Z-Ha9d4ceab-P000112b1","thread":"main","time":"2026-10-06T12:13:52.274154Z","file":"wt-status.c","line":841,"repo":1,"nesting":1,"category":"status","label":"worktrees"}
{"event":"region_enter","sid":"20261006T121352.272577Z-Ha9d4ceab-P000112b1","thread":"main","time":"2026-10-06T12:13:52.274169Z","file":"diffcore-rename.c","line":1407,"repo":1,"nesting":2,"category":"diff","label":"setup"}
{"event":"region_leave","sid":"20261006T121352.272577Z-Ha9d4ceab-P000112b1","thread":"main","time":"2026-10-06T12:13:52.274173Z","file":"diffcore-rename.c","line":1460,"repo":1,"t_rel":0.000004,"nesting":2,"category":"diff","label":"setup"}
{"event":"region_enter","sid":"20261006T121352.272577Z-Ha9d4ceab-P000112b1","thread":"main","time":"2026-10-06T12:13:52.274192Z","file":"diffcore-rename.c","line":1640,"repo":1,"nesting":2,"category":"diff","label":"write back to queue"}
{"event":"region_leave","sid":"20261006T121352.272577Z-Ha9d4ceab-P000112b1","thread":"main","time":"2026-10-06T12:13:52.274196Z","file":"diffcore-rename.c","line":1717,"repo":1,"t_rel":0.000003,"nesting":2,"category":"diff","label":"write back to queue"}
{"event":"region_leave","sid":"20261006T121352.272577Z-Ha9d4ceab-P000112b1","thread":"main","time":"2026-10-06T12:13:52.274203Z","file":"wt-status.c","line":843,"repo":1,"t_rel":0.000050,"nesting":1,"category":"status","label":"worktrees"}
{"event":"region_enter","sid":"20261006T121352.272577Z-Ha9d4ceab-P000112b1","thread":"main","time":"2026-10-06T12:13:52.274208Z","file":"wt-status.c","line":850,"repo":1,"nesting":1,"category":"status","label":"index"}
{"event":"region_enter","sid":"20261006T121352.272577Z-Ha9d4ceab-P000112b1","thread":"main","time":"2026-10-06T12:13:52.274369Z","file":"unpack-trees.c","line":1905,"repo":1,"nesting":2,"category":"unpack_trees","label":"unpack_trees"}
{"event":"region_leave","sid":"20261006T121352.272577Z-Ha9d4ceab-P000112b1","thread":"main","time":"2026-10-06T12:13:52.274446Z","file":"unpack-trees.c","line":2108,"repo":1,"t_rel":0.000076,"nesting":2,"category":"unpack_trees","label":"unpack_trees"}
{"event":"region_enter","sid":"20261006T121352.272577Z-Ha9d4ceab-P000112b1","thread":"main","time":"2026-10-06T12:13:52.274451Z","file":"diffcore-rename.c","line":1407,"repo":1,"nesting":2,"category":"diff","label":"setup"}
{"event":"region_leave","sid":"20261006T121352.272577Z-Ha9d4ceab-P000112b1","thread":"main","time":"2026-10-06T12:13:52.274454Z","file":"diffcore-rename.c","line":1460,"repo":1,"t_rel":0.000003,"nesting":2,"category":"diff","label":"setup"}
{"event":"region_enter","sid":"20261006T121352.272577Z-Ha9d4ceab-P000112b1","thread":"main","time":"2026-10-06T12:13:52.274458Z","file":"diffcore-rename.c","line":1640,"repo":1,"nesting":2,"category":"diff","label":"write back to queue"}
{"event":"region_leave","sid":"20261006T121352.272577Z-Ha9d4ceab-P000112b1","thread":"main","time":"2026-10-06T12:13:52.274462Z","file":"diffcore-rename.c","line":1717,"repo":1,"t_rel":0.000003,"nesting":2,"category":"diff","label":"write back to queue"}
{"event":"region_leave","sid":"20261006T121352.272577Z-Ha9d4ceab-P000112b1","thread":"main","time":"2026-10-06T12:13:52.274466Z","file":"wt-status.c","line":852,"repo":1,"t_rel":0.000258,"nesting":1,"category":"status","label":"index"}
{"event":"region_enter","sid":"20261006T121352.272577Z-Ha9d4ceab-P000112b1","thread":"main","time":"2026-10-06T12:13:52.274469Z","file":"wt-status.c","line":855,"repo":1,"nesting":1,"category":"status","label":"untracked"}
{"event":"region_enter","sid":"20261006T121352.272577Z-Ha9d4ceab-P000112b1","thread":"main","time":"2026-10-06T12:13:52.274520Z","file":"dir.c","line":3090,"repo":1,"nesting":2,"category":"dir","label":"read_directory"}
{"event":"region_leave","sid":"20261006T121352.272577Z-Ha9d4ceab-P000112b1","thread":"main","time":"2026-10-06T12:13:52.274550Z","file":"dir.c","line":3113,"repo":1,"t_rel":0.000029,"nesting":2,"category":"dir","label":"read_directory"}
{"event":"region_leave","sid":"20261006T121352.272577Z-Ha9d4ceab-P000112b1","thread":"main","time":"2026-10-06T12:13:52.274555Z","file":"wt-status.c","line":857,"repo":1,"t_rel":0.000086,"nesting":1,"category":"status","label":"untracked"}
{"event":"data","sid":"20261006T121352.272577Z-Ha9d4ceab-P000112b1","thread":"main","time":"2026-10-06T12:13:52.274573Z","file":"wt-status.c","line":2569,"repo":1,"t_abs":0.002216,"t_rel":0.002216,"nesting":1,"category":"status","key":"count/changed","value":"0"}
{"event":"data","sid":"20261006T121352.272577Z-Ha9d4ceab-P000112b1","thread":"main","time":"2026-10-06T12:13:52.274578Z","file":"wt-status.c","line":2571,"repo":1,"t_abs":0.002221,"t_rel":0.002221,"nesting":1,"category":"status","key":"count/untracked","value":"0"}
{"event":"data","sid":"20261006T121352.272577Z-Ha9d4ceab-P000112b1","thread":"main","time":"2026-10-06T12:13:52.274592Z","file":"wt-status.c","line":2572,"repo":1,"t_abs":0.002234,"t_rel":0.002234,"nesting":1,"category":"status","key":"count/ignored","value":"0"}
{"event":"region_enter","sid":"20261006T121352.272577Z-Ha9d4ceab-P000112b1","thread":"main","time":"2026-10-06T12:13:52.274596Z","file":"wt-status.c","line":2574,"repo":1,"nesting":1,"category":"status","label":"print"}
{"event":"region_leave","sid":"20261006T121352.272577Z-Ha9d4ceab-P000112b1","thread":"main","time":"2026-10-06T12:13:52.274600Z","file":"wt-status.c","line":2595,"repo":1,"t_rel":0.000003,"nesting":1,"category":"status","label":"print"}
{"event":"exit","sid":"20261006T121352.272577Z-Ha9d4ceab-P000112b1","thread":"main","time":"2026-10-06T12:13:52.274605Z","file":"git.c","line":747,"t_abs":0.002248,"code":0}
{"event":"data_json","sid":"20261006T121352.272577Z-Ha9d4ceab-P000112b1","thread":"main","time":"2026-10-06T12:13:52.274610Z","file":"tree-walk.c","line":186,"repo":1,"t_abs":0.002252,"t_rel":0.002252,"nesting":1,"category":"traverse_trees","key":"statistics","value":{"traverse_trees_count":1,"traverse_trees_max_depth":1}}
{"event":"atexit","sid":"20261006T121352.272577Z-Ha9d4ceab-P000112b1","thread":"main","time":"2026-10-06T12:13:52.274616Z","file":"trace2/tr2_tgt_event.c","line":207,"t_abs":0.002258,"code":0}
{"event":"version","sid":"20261006T121352.285288Z-Ha9d4ceab-P000112b7","thread":"main","time":"2026-10-06T12:13:52.285677Z","file":"common-init.c","line":57,"evt":"4","exe":"2.50.1 (Apple Git-155)"}
{"event":"start","sid":"20261006T121352.285288Z-Ha9d4ceab-P000112b7","thread":"main","time":"2026-10-06T12:13:52.285695Z","file":"common-init.c","line":58,"t_abs":0.000764,"argv":["/Library/Developer/CommandLineTools/usr/bin/git","-C","/var/folders/f1/2xjyyqkn5plc19fx4nt4tpt00000gn/T/dperf03-git-yr1peE/4","rev-parse","--show-toplevel"]}
{"event":"cmd_name","sid":"20261006T121352.285288Z-Ha9d4ceab-P000112b7","thread":"main","time":"2026-10-06T12:13:52.285739Z","file":"git.c","line":477,"name":"rev-parse","hierarchy":"rev-parse"}
{"event":"version","sid":"20261006T121352.285291Z-Ha9d4ceab-P000112bd","thread":"main","time":"2026-10-06T12:13:52.285822Z","file":"common-init.c","line":57,"evt":"4","exe":"2.50.1 (Apple Git-155)"}
{"event":"start","sid":"20261006T121352.285291Z-Ha9d4ceab-P000112bd","thread":"main","time":"2026-10-06T12:13:52.285832Z","file":"common-init.c","line":58,"t_abs":0.000891,"argv":["/Library/Developer/CommandLineTools/usr/bin/git","-C","/var/folders/f1/2xjyyqkn5plc19fx4nt4tpt00000gn/T/dperf03-git-yr1peE/4","branch","--show-current"]}
{"event":"def_repo","sid":"20261006T121352.285288Z-Ha9d4ceab-P000112b7","thread":"main","time":"2026-10-06T12:13:52.285846Z","file":"repository.c","line":241,"repo":1,"worktree":"/private/var/folders/f1/2xjyyqkn5plc19fx4nt4tpt00000gn/T/dperf03-git-yr1peE/4"}
{"event":"version","sid":"20261006T121352.285292Z-Ha9d4ceab-P000112c3","thread":"main","time":"2026-10-06T12:13:52.285854Z","file":"common-init.c","line":57,"evt":"4","exe":"2.50.1 (Apple Git-155)"}
{"event":"start","sid":"20261006T121352.285292Z-Ha9d4ceab-P000112c3","thread":"main","time":"2026-10-06T12:13:52.285865Z","file":"common-init.c","line":58,"t_abs":0.000929,"argv":["/Library/Developer/CommandLineTools/usr/bin/git","-C","/var/folders/f1/2xjyyqkn5plc19fx4nt4tpt00000gn/T/dperf03-git-yr1peE/4","rev-parse","HEAD"]}
{"event":"cmd_name","sid":"20261006T121352.285292Z-Ha9d4ceab-P000112c3","thread":"main","time":"2026-10-06T12:13:52.285917Z","file":"git.c","line":477,"name":"rev-parse","hierarchy":"rev-parse"}
{"event":"def_repo","sid":"20261006T121352.285291Z-Ha9d4ceab-P000112bd","thread":"main","time":"2026-10-06T12:13:52.285985Z","file":"repository.c","line":241,"repo":1,"worktree":"/private/var/folders/f1/2xjyyqkn5plc19fx4nt4tpt00000gn/T/dperf03-git-yr1peE/4"}
{"event":"cmd_name","sid":"20261006T121352.285291Z-Ha9d4ceab-P000112bd","thread":"main","time":"2026-10-06T12:13:52.286008Z","file":"git.c","line":477,"name":"branch","hierarchy":"branch"}
{"event":"exit","sid":"20261006T121352.285288Z-Ha9d4ceab-P000112b7","thread":"main","time":"2026-10-06T12:13:52.286023Z","file":"git.c","line":747,"t_abs":0.001092,"code":0}
{"event":"def_repo","sid":"20261006T121352.285292Z-Ha9d4ceab-P000112c3","thread":"main","time":"2026-10-06T12:13:52.286033Z","file":"repository.c","line":241,"repo":1,"worktree":"/private/var/folders/f1/2xjyyqkn5plc19fx4nt4tpt00000gn/T/dperf03-git-yr1peE/4"}
{"event":"atexit","sid":"20261006T121352.285288Z-Ha9d4ceab-P000112b7","thread":"main","time":"2026-10-06T12:13:52.286038Z","file":"trace2/tr2_tgt_event.c","line":207,"t_abs":0.001107,"code":0}
{"event":"version","sid":"20261006T121352.285295Z-Ha9d4ceab-P000112c9","thread":"main","time":"2026-10-06T12:13:52.286053Z","file":"common-init.c","line":57,"evt":"4","exe":"2.50.1 (Apple Git-155)"}
{"event":"start","sid":"20261006T121352.285295Z-Ha9d4ceab-P000112c9","thread":"main","time":"2026-10-06T12:13:52.286063Z","file":"common-init.c","line":58,"t_abs":0.000993,"argv":["/Library/Developer/CommandLineTools/usr/bin/git","-C","/var/folders/f1/2xjyyqkn5plc19fx4nt4tpt00000gn/T/dperf03-git-yr1peE/4","status","--porcelain","--untracked-files=normal"]}
{"event":"def_repo","sid":"20261006T121352.285295Z-Ha9d4ceab-P000112c9","thread":"main","time":"2026-10-06T12:13:52.286207Z","file":"repository.c","line":241,"repo":1,"worktree":"/private/var/folders/f1/2xjyyqkn5plc19fx4nt4tpt00000gn/T/dperf03-git-yr1peE/4"}
{"event":"exit","sid":"20261006T121352.285291Z-Ha9d4ceab-P000112bd","thread":"main","time":"2026-10-06T12:13:52.286246Z","file":"git.c","line":747,"t_abs":0.001305,"code":0}
{"event":"exit","sid":"20261006T121352.285292Z-Ha9d4ceab-P000112c3","thread":"main","time":"2026-10-06T12:13:52.286248Z","file":"git.c","line":747,"t_abs":0.001312,"code":0}
{"event":"atexit","sid":"20261006T121352.285291Z-Ha9d4ceab-P000112bd","thread":"main","time":"2026-10-06T12:13:52.286253Z","file":"trace2/tr2_tgt_event.c","line":207,"t_abs":0.001311,"code":0}
{"event":"atexit","sid":"20261006T121352.285292Z-Ha9d4ceab-P000112c3","thread":"main","time":"2026-10-06T12:13:52.286257Z","file":"trace2/tr2_tgt_event.c","line":207,"t_abs":0.001321,"code":0}
{"event":"cmd_name","sid":"20261006T121352.285295Z-Ha9d4ceab-P000112c9","thread":"main","time":"2026-10-06T12:13:52.286353Z","file":"git.c","line":477,"name":"status","hierarchy":"status"}
{"event":"region_enter","sid":"20261006T121352.285295Z-Ha9d4ceab-P000112c9","thread":"main","time":"2026-10-06T12:13:52.286517Z","file":"read-cache.c","line":2357,"repo":1,"nesting":1,"category":"index","label":"do_read_index","msg":".git/index"}
{"event":"region_enter","sid":"20261006T121352.285295Z-Ha9d4ceab-P000112c9","thread":"main","time":"2026-10-06T12:13:52.286550Z","file":"cache-tree.c","line":643,"repo":1,"nesting":2,"category":"cache_tree","label":"read"}
{"event":"region_leave","sid":"20261006T121352.285295Z-Ha9d4ceab-P000112c9","thread":"main","time":"2026-10-06T12:13:52.286556Z","file":"cache-tree.c","line":645,"repo":1,"t_rel":0.000007,"nesting":2,"category":"cache_tree","label":"read"}
{"event":"data","sid":"20261006T121352.285295Z-Ha9d4ceab-P000112c9","thread":"main","time":"2026-10-06T12:13:52.286564Z","file":"read-cache.c","line":2306,"repo":1,"t_abs":0.001494,"t_rel":0.000047,"nesting":2,"category":"index","key":"read/version","value":"2"}
{"event":"data","sid":"20261006T121352.285295Z-Ha9d4ceab-P000112c9","thread":"main","time":"2026-10-06T12:13:52.286571Z","file":"read-cache.c","line":2308,"repo":1,"t_abs":0.001501,"t_rel":0.000054,"nesting":2,"category":"index","key":"read/cache_nr","value":"1"}
{"event":"region_leave","sid":"20261006T121352.285295Z-Ha9d4ceab-P000112c9","thread":"main","time":"2026-10-06T12:13:52.286575Z","file":"read-cache.c","line":2362,"repo":1,"t_rel":0.000059,"nesting":1,"category":"index","label":"do_read_index","msg":".git/index"}
{"event":"region_enter","sid":"20261006T121352.285295Z-Ha9d4ceab-P000112c9","thread":"main","time":"2026-10-06T12:13:52.286584Z","file":"read-cache.c","line":1513,"nesting":1,"category":"index","label":"refresh"}
{"event":"data","sid":"20261006T121352.285295Z-Ha9d4ceab-P000112c9","thread":"main","time":"2026-10-06T12:13:52.286607Z","file":"read-cache.c","line":1595,"t_abs":0.001537,"t_rel":0.000022,"nesting":2,"category":"index","key":"refresh/sum_lstat","value":"1"}
{"event":"data","sid":"20261006T121352.285295Z-Ha9d4ceab-P000112c9","thread":"main","time":"2026-10-06T12:13:52.286613Z","file":"read-cache.c","line":1596,"t_abs":0.001542,"t_rel":0.000027,"nesting":2,"category":"index","key":"refresh/sum_scan","value":"0"}
{"event":"region_leave","sid":"20261006T121352.285295Z-Ha9d4ceab-P000112c9","thread":"main","time":"2026-10-06T12:13:52.286617Z","file":"read-cache.c","line":1597,"t_rel":0.000033,"nesting":1,"category":"index","label":"refresh"}
{"event":"region_enter","sid":"20261006T121352.285295Z-Ha9d4ceab-P000112c9","thread":"main","time":"2026-10-06T12:13:52.286668Z","file":"wt-status.c","line":841,"repo":1,"nesting":1,"category":"status","label":"worktrees"}
{"event":"region_enter","sid":"20261006T121352.285295Z-Ha9d4ceab-P000112c9","thread":"main","time":"2026-10-06T12:13:52.286684Z","file":"diffcore-rename.c","line":1407,"repo":1,"nesting":2,"category":"diff","label":"setup"}
{"event":"region_leave","sid":"20261006T121352.285295Z-Ha9d4ceab-P000112c9","thread":"main","time":"2026-10-06T12:13:52.286689Z","file":"diffcore-rename.c","line":1460,"repo":1,"t_rel":0.000005,"nesting":2,"category":"diff","label":"setup"}
{"event":"region_enter","sid":"20261006T121352.285295Z-Ha9d4ceab-P000112c9","thread":"main","time":"2026-10-06T12:13:52.286695Z","file":"diffcore-rename.c","line":1640,"repo":1,"nesting":2,"category":"diff","label":"write back to queue"}
{"event":"region_leave","sid":"20261006T121352.285295Z-Ha9d4ceab-P000112c9","thread":"main","time":"2026-10-06T12:13:52.286701Z","file":"diffcore-rename.c","line":1717,"repo":1,"t_rel":0.000007,"nesting":2,"category":"diff","label":"write back to queue"}
{"event":"region_leave","sid":"20261006T121352.285295Z-Ha9d4ceab-P000112c9","thread":"main","time":"2026-10-06T12:13:52.286712Z","file":"wt-status.c","line":843,"repo":1,"t_rel":0.000043,"nesting":1,"category":"status","label":"worktrees"}
{"event":"region_enter","sid":"20261006T121352.285295Z-Ha9d4ceab-P000112c9","thread":"main","time":"2026-10-06T12:13:52.286718Z","file":"wt-status.c","line":850,"repo":1,"nesting":1,"category":"status","label":"index"}
{"event":"region_enter","sid":"20261006T121352.285295Z-Ha9d4ceab-P000112c9","thread":"main","time":"2026-10-06T12:13:52.287424Z","file":"unpack-trees.c","line":1905,"repo":1,"nesting":2,"category":"unpack_trees","label":"unpack_trees"}
{"event":"region_leave","sid":"20261006T121352.285295Z-Ha9d4ceab-P000112c9","thread":"main","time":"2026-10-06T12:13:52.287511Z","file":"unpack-trees.c","line":2108,"repo":1,"t_rel":0.000087,"nesting":2,"category":"unpack_trees","label":"unpack_trees"}
{"event":"region_enter","sid":"20261006T121352.285295Z-Ha9d4ceab-P000112c9","thread":"main","time":"2026-10-06T12:13:52.287517Z","file":"diffcore-rename.c","line":1407,"repo":1,"nesting":2,"category":"diff","label":"setup"}
{"event":"region_leave","sid":"20261006T121352.285295Z-Ha9d4ceab-P000112c9","thread":"main","time":"2026-10-06T12:13:52.287521Z","file":"diffcore-rename.c","line":1460,"repo":1,"t_rel":0.000004,"nesting":2,"category":"diff","label":"setup"}
{"event":"region_enter","sid":"20261006T121352.285295Z-Ha9d4ceab-P000112c9","thread":"main","time":"2026-10-06T12:13:52.287525Z","file":"diffcore-rename.c","line":1640,"repo":1,"nesting":2,"category":"diff","label":"write back to queue"}
{"event":"region_leave","sid":"20261006T121352.285295Z-Ha9d4ceab-P000112c9","thread":"main","time":"2026-10-06T12:13:52.287528Z","file":"diffcore-rename.c","line":1717,"repo":1,"t_rel":0.000004,"nesting":2,"category":"diff","label":"write back to queue"}
{"event":"region_leave","sid":"20261006T121352.285295Z-Ha9d4ceab-P000112c9","thread":"main","time":"2026-10-06T12:13:52.287532Z","file":"wt-status.c","line":852,"repo":1,"t_rel":0.000815,"nesting":1,"category":"status","label":"index"}
{"event":"region_enter","sid":"20261006T121352.285295Z-Ha9d4ceab-P000112c9","thread":"main","time":"2026-10-06T12:13:52.287548Z","file":"wt-status.c","line":855,"repo":1,"nesting":1,"category":"status","label":"untracked"}
{"event":"region_enter","sid":"20261006T121352.285295Z-Ha9d4ceab-P000112c9","thread":"main","time":"2026-10-06T12:13:52.287618Z","file":"dir.c","line":3090,"repo":1,"nesting":2,"category":"dir","label":"read_directory"}
{"event":"region_leave","sid":"20261006T121352.285295Z-Ha9d4ceab-P000112c9","thread":"main","time":"2026-10-06T12:13:52.287653Z","file":"dir.c","line":3113,"repo":1,"t_rel":0.000036,"nesting":2,"category":"dir","label":"read_directory"}
{"event":"region_leave","sid":"20261006T121352.285295Z-Ha9d4ceab-P000112c9","thread":"main","time":"2026-10-06T12:13:52.287659Z","file":"wt-status.c","line":857,"repo":1,"t_rel":0.000111,"nesting":1,"category":"status","label":"untracked"}
{"event":"data","sid":"20261006T121352.285295Z-Ha9d4ceab-P000112c9","thread":"main","time":"2026-10-06T12:13:52.287681Z","file":"wt-status.c","line":2569,"repo":1,"t_abs":0.002611,"t_rel":0.002611,"nesting":1,"category":"status","key":"count/changed","value":"0"}
{"event":"data","sid":"20261006T121352.285295Z-Ha9d4ceab-P000112c9","thread":"main","time":"2026-10-06T12:13:52.287687Z","file":"wt-status.c","line":2571,"repo":1,"t_abs":0.002617,"t_rel":0.002617,"nesting":1,"category":"status","key":"count/untracked","value":"0"}
{"event":"data","sid":"20261006T121352.285295Z-Ha9d4ceab-P000112c9","thread":"main","time":"2026-10-06T12:13:52.287692Z","file":"wt-status.c","line":2572,"repo":1,"t_abs":0.002622,"t_rel":0.002622,"nesting":1,"category":"status","key":"count/ignored","value":"0"}
{"event":"region_enter","sid":"20261006T121352.285295Z-Ha9d4ceab-P000112c9","thread":"main","time":"2026-10-06T12:13:52.287698Z","file":"wt-status.c","line":2574,"repo":1,"nesting":1,"category":"status","label":"print"}
{"event":"region_leave","sid":"20261006T121352.285295Z-Ha9d4ceab-P000112c9","thread":"main","time":"2026-10-06T12:13:52.287707Z","file":"wt-status.c","line":2595,"repo":1,"t_rel":0.000009,"nesting":1,"category":"status","label":"print"}
{"event":"exit","sid":"20261006T121352.285295Z-Ha9d4ceab-P000112c9","thread":"main","time":"2026-10-06T12:13:52.287714Z","file":"git.c","line":747,"t_abs":0.002645,"code":0}
{"event":"data_json","sid":"20261006T121352.285295Z-Ha9d4ceab-P000112c9","thread":"main","time":"2026-10-06T12:13:52.287721Z","file":"tree-walk.c","line":186,"repo":1,"t_abs":0.002652,"t_rel":0.002652,"nesting":1,"category":"traverse_trees","key":"statistics","value":{"traverse_trees_count":1,"traverse_trees_max_depth":1}}
{"event":"atexit","sid":"20261006T121352.285295Z-Ha9d4ceab-P000112c9","thread":"main","time":"2026-10-06T12:13:52.287727Z","file":"trace2/tr2_tgt_event.c","line":207,"t_abs":0.002657,"code":0}
{"event":"version","sid":"20261006T121352.298455Z-Ha9d4ceab-P000112cf","thread":"main","time":"2026-10-06T12:13:52.298813Z","file":"common-init.c","line":57,"evt":"4","exe":"2.50.1 (Apple Git-155)"}
{"event":"start","sid":"20261006T121352.298455Z-Ha9d4ceab-P000112cf","thread":"main","time":"2026-10-06T12:13:52.298833Z","file":"common-init.c","line":58,"t_abs":0.000705,"argv":["/Library/Developer/CommandLineTools/usr/bin/git","-C","/var/folders/f1/2xjyyqkn5plc19fx4nt4tpt00000gn/T/dperf03-git-yr1peE/5","rev-parse","--show-toplevel"]}
{"event":"cmd_name","sid":"20261006T121352.298455Z-Ha9d4ceab-P000112cf","thread":"main","time":"2026-10-06T12:13:52.298877Z","file":"git.c","line":477,"name":"rev-parse","hierarchy":"rev-parse"}
{"event":"version","sid":"20261006T121352.298457Z-Ha9d4ceab-P000112db","thread":"main","time":"2026-10-06T12:13:52.298949Z","file":"common-init.c","line":57,"evt":"4","exe":"2.50.1 (Apple Git-155)"}
{"event":"start","sid":"20261006T121352.298457Z-Ha9d4ceab-P000112db","thread":"main","time":"2026-10-06T12:13:52.298961Z","file":"common-init.c","line":58,"t_abs":0.000827,"argv":["/Library/Developer/CommandLineTools/usr/bin/git","-C","/var/folders/f1/2xjyyqkn5plc19fx4nt4tpt00000gn/T/dperf03-git-yr1peE/5","rev-parse","HEAD"]}
{"event":"version","sid":"20261006T121352.298457Z-Ha9d4ceab-P000112d5","thread":"main","time":"2026-10-06T12:13:52.298980Z","file":"common-init.c","line":57,"evt":"4","exe":"2.50.1 (Apple Git-155)"}
{"event":"def_repo","sid":"20261006T121352.298455Z-Ha9d4ceab-P000112cf","thread":"main","time":"2026-10-06T12:13:52.298982Z","file":"repository.c","line":241,"repo":1,"worktree":"/private/var/folders/f1/2xjyyqkn5plc19fx4nt4tpt00000gn/T/dperf03-git-yr1peE/5"}
{"event":"start","sid":"20261006T121352.298457Z-Ha9d4ceab-P000112d5","thread":"main","time":"2026-10-06T12:13:52.298990Z","file":"common-init.c","line":58,"t_abs":0.000846,"argv":["/Library/Developer/CommandLineTools/usr/bin/git","-C","/var/folders/f1/2xjyyqkn5plc19fx4nt4tpt00000gn/T/dperf03-git-yr1peE/5","branch","--show-current"]}
{"event":"cmd_name","sid":"20261006T121352.298457Z-Ha9d4ceab-P000112db","thread":"main","time":"2026-10-06T12:13:52.299023Z","file":"git.c","line":477,"name":"rev-parse","hierarchy":"rev-parse"}
{"event":"exit","sid":"20261006T121352.298455Z-Ha9d4ceab-P000112cf","thread":"main","time":"2026-10-06T12:13:52.299151Z","file":"git.c","line":747,"t_abs":0.001022,"code":0}
{"event":"def_repo","sid":"20261006T121352.298457Z-Ha9d4ceab-P000112d5","thread":"main","time":"2026-10-06T12:13:52.299159Z","file":"repository.c","line":241,"repo":1,"worktree":"/private/var/folders/f1/2xjyyqkn5plc19fx4nt4tpt00000gn/T/dperf03-git-yr1peE/5"}
{"event":"def_repo","sid":"20261006T121352.298457Z-Ha9d4ceab-P000112db","thread":"main","time":"2026-10-06T12:13:52.299160Z","file":"repository.c","line":241,"repo":1,"worktree":"/private/var/folders/f1/2xjyyqkn5plc19fx4nt4tpt00000gn/T/dperf03-git-yr1peE/5"}
{"event":"atexit","sid":"20261006T121352.298455Z-Ha9d4ceab-P000112cf","thread":"main","time":"2026-10-06T12:13:52.299160Z","file":"trace2/tr2_tgt_event.c","line":207,"t_abs":0.001031,"code":0}
{"event":"cmd_name","sid":"20261006T121352.298457Z-Ha9d4ceab-P000112d5","thread":"main","time":"2026-10-06T12:13:52.299184Z","file":"git.c","line":477,"name":"branch","hierarchy":"branch"}
{"event":"version","sid":"20261006T121352.298754Z-Ha9d4ceab-P000112e1","thread":"main","time":"2026-10-06T12:13:52.299184Z","file":"common-init.c","line":57,"evt":"4","exe":"2.50.1 (Apple Git-155)"}
{"event":"start","sid":"20261006T121352.298754Z-Ha9d4ceab-P000112e1","thread":"main","time":"2026-10-06T12:13:52.299194Z","file":"common-init.c","line":58,"t_abs":0.000662,"argv":["/Library/Developer/CommandLineTools/usr/bin/git","-C","/var/folders/f1/2xjyyqkn5plc19fx4nt4tpt00000gn/T/dperf03-git-yr1peE/5","status","--porcelain","--untracked-files=normal"]}
{"event":"def_repo","sid":"20261006T121352.298754Z-Ha9d4ceab-P000112e1","thread":"main","time":"2026-10-06T12:13:52.299358Z","file":"repository.c","line":241,"repo":1,"worktree":"/private/var/folders/f1/2xjyyqkn5plc19fx4nt4tpt00000gn/T/dperf03-git-yr1peE/5"}
{"event":"exit","sid":"20261006T121352.298457Z-Ha9d4ceab-P000112db","thread":"main","time":"2026-10-06T12:13:52.299389Z","file":"git.c","line":747,"t_abs":0.001255,"code":0}
{"event":"atexit","sid":"20261006T121352.298457Z-Ha9d4ceab-P000112db","thread":"main","time":"2026-10-06T12:13:52.299397Z","file":"trace2/tr2_tgt_event.c","line":207,"t_abs":0.001263,"code":0}
{"event":"exit","sid":"20261006T121352.298457Z-Ha9d4ceab-P000112d5","thread":"main","time":"2026-10-06T12:13:52.299427Z","file":"git.c","line":747,"t_abs":0.001283,"code":0}
{"event":"atexit","sid":"20261006T121352.298457Z-Ha9d4ceab-P000112d5","thread":"main","time":"2026-10-06T12:13:52.299433Z","file":"trace2/tr2_tgt_event.c","line":207,"t_abs":0.001290,"code":0}
{"event":"cmd_name","sid":"20261006T121352.298754Z-Ha9d4ceab-P000112e1","thread":"main","time":"2026-10-06T12:13:52.299494Z","file":"git.c","line":477,"name":"status","hierarchy":"status"}
{"event":"region_enter","sid":"20261006T121352.298754Z-Ha9d4ceab-P000112e1","thread":"main","time":"2026-10-06T12:13:52.299644Z","file":"read-cache.c","line":2357,"repo":1,"nesting":1,"category":"index","label":"do_read_index","msg":".git/index"}
{"event":"region_enter","sid":"20261006T121352.298754Z-Ha9d4ceab-P000112e1","thread":"main","time":"2026-10-06T12:13:52.299699Z","file":"cache-tree.c","line":643,"repo":1,"nesting":2,"category":"cache_tree","label":"read"}
{"event":"region_leave","sid":"20261006T121352.298754Z-Ha9d4ceab-P000112e1","thread":"main","time":"2026-10-06T12:13:52.299705Z","file":"cache-tree.c","line":645,"repo":1,"t_rel":0.000007,"nesting":2,"category":"cache_tree","label":"read"}
{"event":"data","sid":"20261006T121352.298754Z-Ha9d4ceab-P000112e1","thread":"main","time":"2026-10-06T12:13:52.299712Z","file":"read-cache.c","line":2306,"repo":1,"t_abs":0.001180,"t_rel":0.000067,"nesting":2,"category":"index","key":"read/version","value":"2"}
{"event":"data","sid":"20261006T121352.298754Z-Ha9d4ceab-P000112e1","thread":"main","time":"2026-10-06T12:13:52.299716Z","file":"read-cache.c","line":2308,"repo":1,"t_abs":0.001185,"t_rel":0.000072,"nesting":2,"category":"index","key":"read/cache_nr","value":"1"}
{"event":"region_leave","sid":"20261006T121352.298754Z-Ha9d4ceab-P000112e1","thread":"main","time":"2026-10-06T12:13:52.299722Z","file":"read-cache.c","line":2362,"repo":1,"t_rel":0.000078,"nesting":1,"category":"index","label":"do_read_index","msg":".git/index"}
{"event":"region_enter","sid":"20261006T121352.298754Z-Ha9d4ceab-P000112e1","thread":"main","time":"2026-10-06T12:13:52.299729Z","file":"read-cache.c","line":1513,"nesting":1,"category":"index","label":"refresh"}
{"event":"data","sid":"20261006T121352.298754Z-Ha9d4ceab-P000112e1","thread":"main","time":"2026-10-06T12:13:52.300359Z","file":"read-cache.c","line":1595,"t_abs":0.001826,"t_rel":0.000628,"nesting":2,"category":"index","key":"refresh/sum_lstat","value":"1"}
{"event":"data","sid":"20261006T121352.298754Z-Ha9d4ceab-P000112e1","thread":"main","time":"2026-10-06T12:13:52.300366Z","file":"read-cache.c","line":1596,"t_abs":0.001834,"t_rel":0.000636,"nesting":2,"category":"index","key":"refresh/sum_scan","value":"0"}
{"event":"region_leave","sid":"20261006T121352.298754Z-Ha9d4ceab-P000112e1","thread":"main","time":"2026-10-06T12:13:52.300371Z","file":"read-cache.c","line":1597,"t_rel":0.000642,"nesting":1,"category":"index","label":"refresh"}
{"event":"region_enter","sid":"20261006T121352.298754Z-Ha9d4ceab-P000112e1","thread":"main","time":"2026-10-06T12:13:52.300416Z","file":"wt-status.c","line":841,"repo":1,"nesting":1,"category":"status","label":"worktrees"}
{"event":"region_enter","sid":"20261006T121352.298754Z-Ha9d4ceab-P000112e1","thread":"main","time":"2026-10-06T12:13:52.300431Z","file":"diffcore-rename.c","line":1407,"repo":1,"nesting":2,"category":"diff","label":"setup"}
{"event":"region_leave","sid":"20261006T121352.298754Z-Ha9d4ceab-P000112e1","thread":"main","time":"2026-10-06T12:13:52.300435Z","file":"diffcore-rename.c","line":1460,"repo":1,"t_rel":0.000005,"nesting":2,"category":"diff","label":"setup"}
{"event":"region_enter","sid":"20261006T121352.298754Z-Ha9d4ceab-P000112e1","thread":"main","time":"2026-10-06T12:13:52.300439Z","file":"diffcore-rename.c","line":1640,"repo":1,"nesting":2,"category":"diff","label":"write back to queue"}
{"event":"region_leave","sid":"20261006T121352.298754Z-Ha9d4ceab-P000112e1","thread":"main","time":"2026-10-06T12:13:52.300442Z","file":"diffcore-rename.c","line":1717,"repo":1,"t_rel":0.000003,"nesting":2,"category":"diff","label":"write back to queue"}
{"event":"region_leave","sid":"20261006T121352.298754Z-Ha9d4ceab-P000112e1","thread":"main","time":"2026-10-06T12:13:52.300449Z","file":"wt-status.c","line":843,"repo":1,"t_rel":0.000034,"nesting":1,"category":"status","label":"worktrees"}
{"event":"region_enter","sid":"20261006T121352.298754Z-Ha9d4ceab-P000112e1","thread":"main","time":"2026-10-06T12:13:52.300458Z","file":"wt-status.c","line":850,"repo":1,"nesting":1,"category":"status","label":"index"}
{"event":"region_enter","sid":"20261006T121352.298754Z-Ha9d4ceab-P000112e1","thread":"main","time":"2026-10-06T12:13:52.300643Z","file":"unpack-trees.c","line":1905,"repo":1,"nesting":2,"category":"unpack_trees","label":"unpack_trees"}
{"event":"region_leave","sid":"20261006T121352.298754Z-Ha9d4ceab-P000112e1","thread":"main","time":"2026-10-06T12:13:52.300746Z","file":"unpack-trees.c","line":2108,"repo":1,"t_rel":0.000103,"nesting":2,"category":"unpack_trees","label":"unpack_trees"}
{"event":"region_enter","sid":"20261006T121352.298754Z-Ha9d4ceab-P000112e1","thread":"main","time":"2026-10-06T12:13:52.300752Z","file":"diffcore-rename.c","line":1407,"repo":1,"nesting":2,"category":"diff","label":"setup"}
{"event":"region_leave","sid":"20261006T121352.298754Z-Ha9d4ceab-P000112e1","thread":"main","time":"2026-10-06T12:13:52.300755Z","file":"diffcore-rename.c","line":1460,"repo":1,"t_rel":0.000004,"nesting":2,"category":"diff","label":"setup"}
{"event":"region_enter","sid":"20261006T121352.298754Z-Ha9d4ceab-P000112e1","thread":"main","time":"2026-10-06T12:13:52.300759Z","file":"diffcore-rename.c","line":1640,"repo":1,"nesting":2,"category":"diff","label":"write back to queue"}
{"event":"region_leave","sid":"20261006T121352.298754Z-Ha9d4ceab-P000112e1","thread":"main","time":"2026-10-06T12:13:52.300763Z","file":"diffcore-rename.c","line":1717,"repo":1,"t_rel":0.000004,"nesting":2,"category":"diff","label":"write back to queue"}
{"event":"region_leave","sid":"20261006T121352.298754Z-Ha9d4ceab-P000112e1","thread":"main","time":"2026-10-06T12:13:52.300768Z","file":"wt-status.c","line":852,"repo":1,"t_rel":0.000309,"nesting":1,"category":"status","label":"index"}
{"event":"region_enter","sid":"20261006T121352.298754Z-Ha9d4ceab-P000112e1","thread":"main","time":"2026-10-06T12:13:52.300773Z","file":"wt-status.c","line":855,"repo":1,"nesting":1,"category":"status","label":"untracked"}
{"event":"region_enter","sid":"20261006T121352.298754Z-Ha9d4ceab-P000112e1","thread":"main","time":"2026-10-06T12:13:52.300852Z","file":"dir.c","line":3090,"repo":1,"nesting":2,"category":"dir","label":"read_directory"}
{"event":"region_leave","sid":"20261006T121352.298754Z-Ha9d4ceab-P000112e1","thread":"main","time":"2026-10-06T12:13:52.300891Z","file":"dir.c","line":3113,"repo":1,"t_rel":0.000039,"nesting":2,"category":"dir","label":"read_directory"}
{"event":"region_leave","sid":"20261006T121352.298754Z-Ha9d4ceab-P000112e1","thread":"main","time":"2026-10-06T12:13:52.300897Z","file":"wt-status.c","line":857,"repo":1,"t_rel":0.000124,"nesting":1,"category":"status","label":"untracked"}
{"event":"data","sid":"20261006T121352.298754Z-Ha9d4ceab-P000112e1","thread":"main","time":"2026-10-06T12:13:52.300919Z","file":"wt-status.c","line":2569,"repo":1,"t_abs":0.002387,"t_rel":0.002387,"nesting":1,"category":"status","key":"count/changed","value":"0"}
{"event":"data","sid":"20261006T121352.298754Z-Ha9d4ceab-P000112e1","thread":"main","time":"2026-10-06T12:13:52.300924Z","file":"wt-status.c","line":2571,"repo":1,"t_abs":0.002393,"t_rel":0.002393,"nesting":1,"category":"status","key":"count/untracked","value":"0"}
{"event":"data","sid":"20261006T121352.298754Z-Ha9d4ceab-P000112e1","thread":"main","time":"2026-10-06T12:13:52.300929Z","file":"wt-status.c","line":2572,"repo":1,"t_abs":0.002398,"t_rel":0.002398,"nesting":1,"category":"status","key":"count/ignored","value":"0"}
{"event":"region_enter","sid":"20261006T121352.298754Z-Ha9d4ceab-P000112e1","thread":"main","time":"2026-10-06T12:13:52.300935Z","file":"wt-status.c","line":2574,"repo":1,"nesting":1,"category":"status","label":"print"}
{"event":"region_leave","sid":"20261006T121352.298754Z-Ha9d4ceab-P000112e1","thread":"main","time":"2026-10-06T12:13:52.300939Z","file":"wt-status.c","line":2595,"repo":1,"t_rel":0.000005,"nesting":1,"category":"status","label":"print"}
{"event":"exit","sid":"20261006T121352.298754Z-Ha9d4ceab-P000112e1","thread":"main","time":"2026-10-06T12:13:52.300946Z","file":"git.c","line":747,"t_abs":0.002414,"code":0}
{"event":"data_json","sid":"20261006T121352.298754Z-Ha9d4ceab-P000112e1","thread":"main","time":"2026-10-06T12:13:52.300951Z","file":"tree-walk.c","line":186,"repo":1,"t_abs":0.002420,"t_rel":0.002420,"nesting":1,"category":"traverse_trees","key":"statistics","value":{"traverse_trees_count":1,"traverse_trees_max_depth":1}}
{"event":"atexit","sid":"20261006T121352.298754Z-Ha9d4ceab-P000112e1","thread":"main","time":"2026-10-06T12:13:52.300971Z","file":"trace2/tr2_tgt_event.c","line":207,"t_abs":0.002439,"code":0}
{"event":"version","sid":"20261006T121352.311200Z-Ha9d4ceab-P000112e7","thread":"main","time":"2026-10-06T12:13:52.311536Z","file":"common-init.c","line":57,"evt":"4","exe":"2.50.1 (Apple Git-155)"}
{"event":"start","sid":"20261006T121352.311200Z-Ha9d4ceab-P000112e7","thread":"main","time":"2026-10-06T12:13:52.311555Z","file":"common-init.c","line":58,"t_abs":0.000599,"argv":["/Library/Developer/CommandLineTools/usr/bin/git","-C","/var/folders/f1/2xjyyqkn5plc19fx4nt4tpt00000gn/T/dperf03-git-yr1peE/6","rev-parse","--show-toplevel"]}
{"event":"cmd_name","sid":"20261006T121352.311200Z-Ha9d4ceab-P000112e7","thread":"main","time":"2026-10-06T12:13:52.311611Z","file":"git.c","line":477,"name":"rev-parse","hierarchy":"rev-parse"}
{"event":"def_repo","sid":"20261006T121352.311200Z-Ha9d4ceab-P000112e7","thread":"main","time":"2026-10-06T12:13:52.311739Z","file":"repository.c","line":241,"repo":1,"worktree":"/private/var/folders/f1/2xjyyqkn5plc19fx4nt4tpt00000gn/T/dperf03-git-yr1peE/6"}
{"event":"version","sid":"20261006T121352.311445Z-Ha9d4ceab-P000112ed","thread":"main","time":"2026-10-06T12:13:52.311820Z","file":"common-init.c","line":57,"evt":"4","exe":"2.50.1 (Apple Git-155)"}
{"event":"start","sid":"20261006T121352.311445Z-Ha9d4ceab-P000112ed","thread":"main","time":"2026-10-06T12:13:52.311831Z","file":"common-init.c","line":58,"t_abs":0.000618,"argv":["/Library/Developer/CommandLineTools/usr/bin/git","-C","/var/folders/f1/2xjyyqkn5plc19fx4nt4tpt00000gn/T/dperf03-git-yr1peE/6","branch","--show-current"]}
{"event":"version","sid":"20261006T121352.311614Z-Ha9d4ceab-P000112f3","thread":"main","time":"2026-10-06T12:13:52.311861Z","file":"common-init.c","line":57,"evt":"4","exe":"2.50.1 (Apple Git-155)"}
{"event":"start","sid":"20261006T121352.311614Z-Ha9d4ceab-P000112f3","thread":"main","time":"2026-10-06T12:13:52.311871Z","file":"common-init.c","line":58,"t_abs":0.000499,"argv":["/Library/Developer/CommandLineTools/usr/bin/git","-C","/var/folders/f1/2xjyyqkn5plc19fx4nt4tpt00000gn/T/dperf03-git-yr1peE/6","rev-parse","HEAD"]}
{"event":"exit","sid":"20261006T121352.311200Z-Ha9d4ceab-P000112e7","thread":"main","time":"2026-10-06T12:13:52.311920Z","file":"git.c","line":747,"t_abs":0.000964,"code":0}
{"event":"cmd_name","sid":"20261006T121352.311614Z-Ha9d4ceab-P000112f3","thread":"main","time":"2026-10-06T12:13:52.311922Z","file":"git.c","line":477,"name":"rev-parse","hierarchy":"rev-parse"}
{"event":"atexit","sid":"20261006T121352.311200Z-Ha9d4ceab-P000112e7","thread":"main","time":"2026-10-06T12:13:52.311929Z","file":"trace2/tr2_tgt_event.c","line":207,"t_abs":0.000973,"code":0}
{"event":"def_repo","sid":"20261006T121352.311445Z-Ha9d4ceab-P000112ed","thread":"main","time":"2026-10-06T12:13:52.311985Z","file":"repository.c","line":241,"repo":1,"worktree":"/private/var/folders/f1/2xjyyqkn5plc19fx4nt4tpt00000gn/T/dperf03-git-yr1peE/6"}
{"event":"cmd_name","sid":"20261006T121352.311445Z-Ha9d4ceab-P000112ed","thread":"main","time":"2026-10-06T12:13:52.312007Z","file":"git.c","line":477,"name":"branch","hierarchy":"branch"}
{"event":"def_repo","sid":"20261006T121352.311614Z-Ha9d4ceab-P000112f3","thread":"main","time":"2026-10-06T12:13:52.312039Z","file":"repository.c","line":241,"repo":1,"worktree":"/private/var/folders/f1/2xjyyqkn5plc19fx4nt4tpt00000gn/T/dperf03-git-yr1peE/6"}
{"event":"version","sid":"20261006T121352.311770Z-Ha9d4ceab-P000112f9","thread":"main","time":"2026-10-06T12:13:52.312177Z","file":"common-init.c","line":57,"evt":"4","exe":"2.50.1 (Apple Git-155)"}
{"event":"start","sid":"20261006T121352.311770Z-Ha9d4ceab-P000112f9","thread":"main","time":"2026-10-06T12:13:52.312188Z","file":"common-init.c","line":58,"t_abs":0.000645,"argv":["/Library/Developer/CommandLineTools/usr/bin/git","-C","/var/folders/f1/2xjyyqkn5plc19fx4nt4tpt00000gn/T/dperf03-git-yr1peE/6","status","--porcelain","--untracked-files=normal"]}
{"event":"exit","sid":"20261006T121352.311445Z-Ha9d4ceab-P000112ed","thread":"main","time":"2026-10-06T12:13:52.312233Z","file":"git.c","line":747,"t_abs":0.001020,"code":0}
{"event":"atexit","sid":"20261006T121352.311445Z-Ha9d4ceab-P000112ed","thread":"main","time":"2026-10-06T12:13:52.312240Z","file":"trace2/tr2_tgt_event.c","line":207,"t_abs":0.001027,"code":0}
{"event":"exit","sid":"20261006T121352.311614Z-Ha9d4ceab-P000112f3","thread":"main","time":"2026-10-06T12:13:52.312263Z","file":"git.c","line":747,"t_abs":0.000890,"code":0}
{"event":"atexit","sid":"20261006T121352.311614Z-Ha9d4ceab-P000112f3","thread":"main","time":"2026-10-06T12:13:52.312269Z","file":"trace2/tr2_tgt_event.c","line":207,"t_abs":0.000897,"code":0}
{"event":"def_repo","sid":"20261006T121352.311770Z-Ha9d4ceab-P000112f9","thread":"main","time":"2026-10-06T12:13:52.312337Z","file":"repository.c","line":241,"repo":1,"worktree":"/private/var/folders/f1/2xjyyqkn5plc19fx4nt4tpt00000gn/T/dperf03-git-yr1peE/6"}
{"event":"cmd_name","sid":"20261006T121352.311770Z-Ha9d4ceab-P000112f9","thread":"main","time":"2026-10-06T12:13:52.312456Z","file":"git.c","line":477,"name":"status","hierarchy":"status"}
{"event":"region_enter","sid":"20261006T121352.311770Z-Ha9d4ceab-P000112f9","thread":"main","time":"2026-10-06T12:13:52.312618Z","file":"read-cache.c","line":2357,"repo":1,"nesting":1,"category":"index","label":"do_read_index","msg":".git/index"}
{"event":"region_enter","sid":"20261006T121352.311770Z-Ha9d4ceab-P000112f9","thread":"main","time":"2026-10-06T12:13:52.312651Z","file":"cache-tree.c","line":643,"repo":1,"nesting":2,"category":"cache_tree","label":"read"}
{"event":"region_leave","sid":"20261006T121352.311770Z-Ha9d4ceab-P000112f9","thread":"main","time":"2026-10-06T12:13:52.312658Z","file":"cache-tree.c","line":645,"repo":1,"t_rel":0.000007,"nesting":2,"category":"cache_tree","label":"read"}
{"event":"data","sid":"20261006T121352.311770Z-Ha9d4ceab-P000112f9","thread":"main","time":"2026-10-06T12:13:52.312665Z","file":"read-cache.c","line":2306,"repo":1,"t_abs":0.001122,"t_rel":0.000047,"nesting":2,"category":"index","key":"read/version","value":"2"}
{"event":"data","sid":"20261006T121352.311770Z-Ha9d4ceab-P000112f9","thread":"main","time":"2026-10-06T12:13:52.312670Z","file":"read-cache.c","line":2308,"repo":1,"t_abs":0.001127,"t_rel":0.000052,"nesting":2,"category":"index","key":"read/cache_nr","value":"1"}
{"event":"region_leave","sid":"20261006T121352.311770Z-Ha9d4ceab-P000112f9","thread":"main","time":"2026-10-06T12:13:52.312676Z","file":"read-cache.c","line":2362,"repo":1,"t_rel":0.000059,"nesting":1,"category":"index","label":"do_read_index","msg":".git/index"}
{"event":"region_enter","sid":"20261006T121352.311770Z-Ha9d4ceab-P000112f9","thread":"main","time":"2026-10-06T12:13:52.312683Z","file":"read-cache.c","line":1513,"nesting":1,"category":"index","label":"refresh"}
{"event":"data","sid":"20261006T121352.311770Z-Ha9d4ceab-P000112f9","thread":"main","time":"2026-10-06T12:13:52.313291Z","file":"read-cache.c","line":1595,"t_abs":0.001749,"t_rel":0.000608,"nesting":2,"category":"index","key":"refresh/sum_lstat","value":"1"}
{"event":"data","sid":"20261006T121352.311770Z-Ha9d4ceab-P000112f9","thread":"main","time":"2026-10-06T12:13:52.313298Z","file":"read-cache.c","line":1596,"t_abs":0.001756,"t_rel":0.000615,"nesting":2,"category":"index","key":"refresh/sum_scan","value":"0"}
{"event":"region_leave","sid":"20261006T121352.311770Z-Ha9d4ceab-P000112f9","thread":"main","time":"2026-10-06T12:13:52.313304Z","file":"read-cache.c","line":1597,"t_rel":0.000620,"nesting":1,"category":"index","label":"refresh"}
{"event":"region_enter","sid":"20261006T121352.311770Z-Ha9d4ceab-P000112f9","thread":"main","time":"2026-10-06T12:13:52.313352Z","file":"wt-status.c","line":841,"repo":1,"nesting":1,"category":"status","label":"worktrees"}
{"event":"region_enter","sid":"20261006T121352.311770Z-Ha9d4ceab-P000112f9","thread":"main","time":"2026-10-06T12:13:52.313368Z","file":"diffcore-rename.c","line":1407,"repo":1,"nesting":2,"category":"diff","label":"setup"}
{"event":"region_leave","sid":"20261006T121352.311770Z-Ha9d4ceab-P000112f9","thread":"main","time":"2026-10-06T12:13:52.313385Z","file":"diffcore-rename.c","line":1460,"repo":1,"t_rel":0.000017,"nesting":2,"category":"diff","label":"setup"}
{"event":"region_enter","sid":"20261006T121352.311770Z-Ha9d4ceab-P000112f9","thread":"main","time":"2026-10-06T12:13:52.313390Z","file":"diffcore-rename.c","line":1640,"repo":1,"nesting":2,"category":"diff","label":"write back to queue"}
{"event":"region_leave","sid":"20261006T121352.311770Z-Ha9d4ceab-P000112f9","thread":"main","time":"2026-10-06T12:13:52.313394Z","file":"diffcore-rename.c","line":1717,"repo":1,"t_rel":0.000004,"nesting":2,"category":"diff","label":"write back to queue"}
{"event":"region_leave","sid":"20261006T121352.311770Z-Ha9d4ceab-P000112f9","thread":"main","time":"2026-10-06T12:13:52.313402Z","file":"wt-status.c","line":843,"repo":1,"t_rel":0.000050,"nesting":1,"category":"status","label":"worktrees"}
{"event":"region_enter","sid":"20261006T121352.311770Z-Ha9d4ceab-P000112f9","thread":"main","time":"2026-10-06T12:13:52.313408Z","file":"wt-status.c","line":850,"repo":1,"nesting":1,"category":"status","label":"index"}
{"event":"region_enter","sid":"20261006T121352.311770Z-Ha9d4ceab-P000112f9","thread":"main","time":"2026-10-06T12:13:52.313613Z","file":"unpack-trees.c","line":1905,"repo":1,"nesting":2,"category":"unpack_trees","label":"unpack_trees"}
{"event":"region_leave","sid":"20261006T121352.311770Z-Ha9d4ceab-P000112f9","thread":"main","time":"2026-10-06T12:13:52.313697Z","file":"unpack-trees.c","line":2108,"repo":1,"t_rel":0.000085,"nesting":2,"category":"unpack_trees","label":"unpack_trees"}
{"event":"region_enter","sid":"20261006T121352.311770Z-Ha9d4ceab-P000112f9","thread":"main","time":"2026-10-06T12:13:52.313703Z","file":"diffcore-rename.c","line":1407,"repo":1,"nesting":2,"category":"diff","label":"setup"}
{"event":"region_leave","sid":"20261006T121352.311770Z-Ha9d4ceab-P000112f9","thread":"main","time":"2026-10-06T12:13:52.313708Z","file":"diffcore-rename.c","line":1460,"repo":1,"t_rel":0.000005,"nesting":2,"category":"diff","label":"setup"}
{"event":"region_enter","sid":"20261006T121352.311770Z-Ha9d4ceab-P000112f9","thread":"main","time":"2026-10-06T12:13:52.313714Z","file":"diffcore-rename.c","line":1640,"repo":1,"nesting":2,"category":"diff","label":"write back to queue"}
{"event":"region_leave","sid":"20261006T121352.311770Z-Ha9d4ceab-P000112f9","thread":"main","time":"2026-10-06T12:13:52.313718Z","file":"diffcore-rename.c","line":1717,"repo":1,"t_rel":0.000005,"nesting":2,"category":"diff","label":"write back to queue"}
{"event":"region_leave","sid":"20261006T121352.311770Z-Ha9d4ceab-P000112f9","thread":"main","time":"2026-10-06T12:13:52.313726Z","file":"wt-status.c","line":852,"repo":1,"t_rel":0.000318,"nesting":1,"category":"status","label":"index"}
{"event":"region_enter","sid":"20261006T121352.311770Z-Ha9d4ceab-P000112f9","thread":"main","time":"2026-10-06T12:13:52.313731Z","file":"wt-status.c","line":855,"repo":1,"nesting":1,"category":"status","label":"untracked"}
{"event":"region_enter","sid":"20261006T121352.311770Z-Ha9d4ceab-P000112f9","thread":"main","time":"2026-10-06T12:13:52.313797Z","file":"dir.c","line":3090,"repo":1,"nesting":2,"category":"dir","label":"read_directory"}
{"event":"region_leave","sid":"20261006T121352.311770Z-Ha9d4ceab-P000112f9","thread":"main","time":"2026-10-06T12:13:52.313828Z","file":"dir.c","line":3113,"repo":1,"t_rel":0.000031,"nesting":2,"category":"dir","label":"read_directory"}
{"event":"region_leave","sid":"20261006T121352.311770Z-Ha9d4ceab-P000112f9","thread":"main","time":"2026-10-06T12:13:52.313833Z","file":"wt-status.c","line":857,"repo":1,"t_rel":0.000102,"nesting":1,"category":"status","label":"untracked"}
{"event":"data","sid":"20261006T121352.311770Z-Ha9d4ceab-P000112f9","thread":"main","time":"2026-10-06T12:13:52.313852Z","file":"wt-status.c","line":2569,"repo":1,"t_abs":0.002310,"t_rel":0.002310,"nesting":1,"category":"status","key":"count/changed","value":"0"}
{"event":"data","sid":"20261006T121352.311770Z-Ha9d4ceab-P000112f9","thread":"main","time":"2026-10-06T12:13:52.313867Z","file":"wt-status.c","line":2571,"repo":1,"t_abs":0.002324,"t_rel":0.002324,"nesting":1,"category":"status","key":"count/untracked","value":"0"}
{"event":"data","sid":"20261006T121352.311770Z-Ha9d4ceab-P000112f9","thread":"main","time":"2026-10-06T12:13:52.313871Z","file":"wt-status.c","line":2572,"repo":1,"t_abs":0.002329,"t_rel":0.002329,"nesting":1,"category":"status","key":"count/ignored","value":"0"}
{"event":"region_enter","sid":"20261006T121352.311770Z-Ha9d4ceab-P000112f9","thread":"main","time":"2026-10-06T12:13:52.313876Z","file":"wt-status.c","line":2574,"repo":1,"nesting":1,"category":"status","label":"print"}
{"event":"region_leave","sid":"20261006T121352.311770Z-Ha9d4ceab-P000112f9","thread":"main","time":"2026-10-06T12:13:52.313881Z","file":"wt-status.c","line":2595,"repo":1,"t_rel":0.000005,"nesting":1,"category":"status","label":"print"}
{"event":"exit","sid":"20261006T121352.311770Z-Ha9d4ceab-P000112f9","thread":"main","time":"2026-10-06T12:13:52.313888Z","file":"git.c","line":747,"t_abs":0.002345,"code":0}
{"event":"data_json","sid":"20261006T121352.311770Z-Ha9d4ceab-P000112f9","thread":"main","time":"2026-10-06T12:13:52.313893Z","file":"tree-walk.c","line":186,"repo":1,"t_abs":0.002350,"t_rel":0.002350,"nesting":1,"category":"traverse_trees","key":"statistics","value":{"traverse_trees_count":1,"traverse_trees_max_depth":1}}
{"event":"atexit","sid":"20261006T121352.311770Z-Ha9d4ceab-P000112f9","thread":"main","time":"2026-10-06T12:13:52.313899Z","file":"trace2/tr2_tgt_event.c","line":207,"t_abs":0.002356,"code":0}
{"event":"version","sid":"20261006T121352.324289Z-Ha9d4ceab-P000112ff","thread":"main","time":"2026-10-06T12:13:52.324656Z","file":"common-init.c","line":57,"evt":"4","exe":"2.50.1 (Apple Git-155)"}
{"event":"start","sid":"20261006T121352.324289Z-Ha9d4ceab-P000112ff","thread":"main","time":"2026-10-06T12:13:52.324679Z","file":"common-init.c","line":58,"t_abs":0.000644,"argv":["/Library/Developer/CommandLineTools/usr/bin/git","-C","/var/folders/f1/2xjyyqkn5plc19fx4nt4tpt00000gn/T/dperf03-git-yr1peE/7","rev-parse","--show-toplevel"]}
{"event":"cmd_name","sid":"20261006T121352.324289Z-Ha9d4ceab-P000112ff","thread":"main","time":"2026-10-06T12:13:52.324726Z","file":"git.c","line":477,"name":"rev-parse","hierarchy":"rev-parse"}
{"event":"version","sid":"20261006T121352.324289Z-Ha9d4ceab-P00011305","thread":"main","time":"2026-10-06T12:13:52.324823Z","file":"common-init.c","line":57,"evt":"4","exe":"2.50.1 (Apple Git-155)"}
{"event":"start","sid":"20261006T121352.324289Z-Ha9d4ceab-P00011305","thread":"main","time":"2026-10-06T12:13:52.324835Z","file":"common-init.c","line":58,"t_abs":0.000819,"argv":["/Library/Developer/CommandLineTools/usr/bin/git","-C","/var/folders/f1/2xjyyqkn5plc19fx4nt4tpt00000gn/T/dperf03-git-yr1peE/7","branch","--show-current"]}
{"event":"def_repo","sid":"20261006T121352.324289Z-Ha9d4ceab-P000112ff","thread":"main","time":"2026-10-06T12:13:52.324843Z","file":"repository.c","line":241,"repo":1,"worktree":"/private/var/folders/f1/2xjyyqkn5plc19fx4nt4tpt00000gn/T/dperf03-git-yr1peE/7"}
{"event":"version","sid":"20261006T121352.324289Z-Ha9d4ceab-P0001130b","thread":"main","time":"2026-10-06T12:13:52.324856Z","file":"common-init.c","line":57,"evt":"4","exe":"2.50.1 (Apple Git-155)"}
{"event":"start","sid":"20261006T121352.324289Z-Ha9d4ceab-P0001130b","thread":"main","time":"2026-10-06T12:13:52.324865Z","file":"common-init.c","line":58,"t_abs":0.000839,"argv":["/Library/Developer/CommandLineTools/usr/bin/git","-C","/var/folders/f1/2xjyyqkn5plc19fx4nt4tpt00000gn/T/dperf03-git-yr1peE/7","rev-parse","HEAD"]}
{"event":"cmd_name","sid":"20261006T121352.324289Z-Ha9d4ceab-P0001130b","thread":"main","time":"2026-10-06T12:13:52.324908Z","file":"git.c","line":477,"name":"rev-parse","hierarchy":"rev-parse"}
{"event":"def_repo","sid":"20261006T121352.324289Z-Ha9d4ceab-P00011305","thread":"main","time":"2026-10-06T12:13:52.324981Z","file":"repository.c","line":241,"repo":1,"worktree":"/private/var/folders/f1/2xjyyqkn5plc19fx4nt4tpt00000gn/T/dperf03-git-yr1peE/7"}
{"event":"exit","sid":"20261006T121352.324289Z-Ha9d4ceab-P000112ff","thread":"main","time":"2026-10-06T12:13:52.325018Z","file":"git.c","line":747,"t_abs":0.000983,"code":0}
{"event":"def_repo","sid":"20261006T121352.324289Z-Ha9d4ceab-P0001130b","thread":"main","time":"2026-10-06T12:13:52.325019Z","file":"repository.c","line":241,"repo":1,"worktree":"/private/var/folders/f1/2xjyyqkn5plc19fx4nt4tpt00000gn/T/dperf03-git-yr1peE/7"}
{"event":"cmd_name","sid":"20261006T121352.324289Z-Ha9d4ceab-P00011305","thread":"main","time":"2026-10-06T12:13:52.325027Z","file":"git.c","line":477,"name":"branch","hierarchy":"branch"}
{"event":"atexit","sid":"20261006T121352.324289Z-Ha9d4ceab-P000112ff","thread":"main","time":"2026-10-06T12:13:52.325027Z","file":"trace2/tr2_tgt_event.c","line":207,"t_abs":0.000992,"code":0}
{"event":"version","sid":"20261006T121352.324507Z-Ha9d4ceab-P00011311","thread":"main","time":"2026-10-06T12:13:52.325047Z","file":"common-init.c","line":57,"evt":"4","exe":"2.50.1 (Apple Git-155)"}
{"event":"start","sid":"20261006T121352.324507Z-Ha9d4ceab-P00011311","thread":"main","time":"2026-10-06T12:13:52.325056Z","file":"common-init.c","line":58,"t_abs":0.000764,"argv":["/Library/Developer/CommandLineTools/usr/bin/git","-C","/var/folders/f1/2xjyyqkn5plc19fx4nt4tpt00000gn/T/dperf03-git-yr1peE/7","status","--porcelain","--untracked-files=normal"]}
{"event":"def_repo","sid":"20261006T121352.324507Z-Ha9d4ceab-P00011311","thread":"main","time":"2026-10-06T12:13:52.325219Z","file":"repository.c","line":241,"repo":1,"worktree":"/private/var/folders/f1/2xjyyqkn5plc19fx4nt4tpt00000gn/T/dperf03-git-yr1peE/7"}
{"event":"exit","sid":"20261006T121352.324289Z-Ha9d4ceab-P0001130b","thread":"main","time":"2026-10-06T12:13:52.325249Z","file":"git.c","line":747,"t_abs":0.001224,"code":0}
{"event":"exit","sid":"20261006T121352.324289Z-Ha9d4ceab-P00011305","thread":"main","time":"2026-10-06T12:13:52.325253Z","file":"git.c","line":747,"t_abs":0.001237,"code":0}
{"event":"atexit","sid":"20261006T121352.324289Z-Ha9d4ceab-P0001130b","thread":"main","time":"2026-10-06T12:13:52.325257Z","file":"trace2/tr2_tgt_event.c","line":207,"t_abs":0.001231,"code":0}
{"event":"atexit","sid":"20261006T121352.324289Z-Ha9d4ceab-P00011305","thread":"main","time":"2026-10-06T12:13:52.325260Z","file":"trace2/tr2_tgt_event.c","line":207,"t_abs":0.001244,"code":0}
{"event":"cmd_name","sid":"20261006T121352.324507Z-Ha9d4ceab-P00011311","thread":"main","time":"2026-10-06T12:13:52.325350Z","file":"git.c","line":477,"name":"status","hierarchy":"status"}
{"event":"region_enter","sid":"20261006T121352.324507Z-Ha9d4ceab-P00011311","thread":"main","time":"2026-10-06T12:13:52.325509Z","file":"read-cache.c","line":2357,"repo":1,"nesting":1,"category":"index","label":"do_read_index","msg":".git/index"}
{"event":"region_enter","sid":"20261006T121352.324507Z-Ha9d4ceab-P00011311","thread":"main","time":"2026-10-06T12:13:52.325544Z","file":"cache-tree.c","line":643,"repo":1,"nesting":2,"category":"cache_tree","label":"read"}
{"event":"region_leave","sid":"20261006T121352.324507Z-Ha9d4ceab-P00011311","thread":"main","time":"2026-10-06T12:13:52.325550Z","file":"cache-tree.c","line":645,"repo":1,"t_rel":0.000007,"nesting":2,"category":"cache_tree","label":"read"}
{"event":"data","sid":"20261006T121352.324507Z-Ha9d4ceab-P00011311","thread":"main","time":"2026-10-06T12:13:52.325558Z","file":"read-cache.c","line":2306,"repo":1,"t_abs":0.001265,"t_rel":0.000049,"nesting":2,"category":"index","key":"read/version","value":"2"}
{"event":"data","sid":"20261006T121352.324507Z-Ha9d4ceab-P00011311","thread":"main","time":"2026-10-06T12:13:52.325563Z","file":"read-cache.c","line":2308,"repo":1,"t_abs":0.001271,"t_rel":0.000055,"nesting":2,"category":"index","key":"read/cache_nr","value":"1"}
{"event":"region_leave","sid":"20261006T121352.324507Z-Ha9d4ceab-P00011311","thread":"main","time":"2026-10-06T12:13:52.325570Z","file":"read-cache.c","line":2362,"repo":1,"t_rel":0.000061,"nesting":1,"category":"index","label":"do_read_index","msg":".git/index"}
{"event":"region_enter","sid":"20261006T121352.324507Z-Ha9d4ceab-P00011311","thread":"main","time":"2026-10-06T12:13:52.325594Z","file":"read-cache.c","line":1513,"nesting":1,"category":"index","label":"refresh"}
{"event":"data","sid":"20261006T121352.324507Z-Ha9d4ceab-P00011311","thread":"main","time":"2026-10-06T12:13:52.326265Z","file":"read-cache.c","line":1595,"t_abs":0.001971,"t_rel":0.000670,"nesting":2,"category":"index","key":"refresh/sum_lstat","value":"1"}
{"event":"data","sid":"20261006T121352.324507Z-Ha9d4ceab-P00011311","thread":"main","time":"2026-10-06T12:13:52.326273Z","file":"read-cache.c","line":1596,"t_abs":0.001980,"t_rel":0.000679,"nesting":2,"category":"index","key":"refresh/sum_scan","value":"0"}
{"event":"region_leave","sid":"20261006T121352.324507Z-Ha9d4ceab-P00011311","thread":"main","time":"2026-10-06T12:13:52.326278Z","file":"read-cache.c","line":1597,"t_rel":0.000685,"nesting":1,"category":"index","label":"refresh"}
{"event":"region_enter","sid":"20261006T121352.324507Z-Ha9d4ceab-P00011311","thread":"main","time":"2026-10-06T12:13:52.326323Z","file":"wt-status.c","line":841,"repo":1,"nesting":1,"category":"status","label":"worktrees"}
{"event":"region_enter","sid":"20261006T121352.324507Z-Ha9d4ceab-P00011311","thread":"main","time":"2026-10-06T12:13:52.326337Z","file":"diffcore-rename.c","line":1407,"repo":1,"nesting":2,"category":"diff","label":"setup"}
{"event":"region_leave","sid":"20261006T121352.324507Z-Ha9d4ceab-P00011311","thread":"main","time":"2026-10-06T12:13:52.326341Z","file":"diffcore-rename.c","line":1460,"repo":1,"t_rel":0.000004,"nesting":2,"category":"diff","label":"setup"}
{"event":"region_enter","sid":"20261006T121352.324507Z-Ha9d4ceab-P00011311","thread":"main","time":"2026-10-06T12:13:52.326345Z","file":"diffcore-rename.c","line":1640,"repo":1,"nesting":2,"category":"diff","label":"write back to queue"}
{"event":"region_leave","sid":"20261006T121352.324507Z-Ha9d4ceab-P00011311","thread":"main","time":"2026-10-06T12:13:52.326348Z","file":"diffcore-rename.c","line":1717,"repo":1,"t_rel":0.000003,"nesting":2,"category":"diff","label":"write back to queue"}
{"event":"region_leave","sid":"20261006T121352.324507Z-Ha9d4ceab-P00011311","thread":"main","time":"2026-10-06T12:13:52.326354Z","file":"wt-status.c","line":843,"repo":1,"t_rel":0.000031,"nesting":1,"category":"status","label":"worktrees"}
{"event":"region_enter","sid":"20261006T121352.324507Z-Ha9d4ceab-P00011311","thread":"main","time":"2026-10-06T12:13:52.326358Z","file":"wt-status.c","line":850,"repo":1,"nesting":1,"category":"status","label":"index"}
{"event":"region_enter","sid":"20261006T121352.324507Z-Ha9d4ceab-P00011311","thread":"main","time":"2026-10-06T12:13:52.326516Z","file":"unpack-trees.c","line":1905,"repo":1,"nesting":2,"category":"unpack_trees","label":"unpack_trees"}
{"event":"region_leave","sid":"20261006T121352.324507Z-Ha9d4ceab-P00011311","thread":"main","time":"2026-10-06T12:13:52.326600Z","file":"unpack-trees.c","line":2108,"repo":1,"t_rel":0.000084,"nesting":2,"category":"unpack_trees","label":"unpack_trees"}
{"event":"region_enter","sid":"20261006T121352.324507Z-Ha9d4ceab-P00011311","thread":"main","time":"2026-10-06T12:13:52.326607Z","file":"diffcore-rename.c","line":1407,"repo":1,"nesting":2,"category":"diff","label":"setup"}
{"event":"region_leave","sid":"20261006T121352.324507Z-Ha9d4ceab-P00011311","thread":"main","time":"2026-10-06T12:13:52.326612Z","file":"diffcore-rename.c","line":1460,"repo":1,"t_rel":0.000005,"nesting":2,"category":"diff","label":"setup"}
{"event":"region_enter","sid":"20261006T121352.324507Z-Ha9d4ceab-P00011311","thread":"main","time":"2026-10-06T12:13:52.326616Z","file":"diffcore-rename.c","line":1640,"repo":1,"nesting":2,"category":"diff","label":"write back to queue"}
{"event":"region_leave","sid":"20261006T121352.324507Z-Ha9d4ceab-P00011311","thread":"main","time":"2026-10-06T12:13:52.326620Z","file":"diffcore-rename.c","line":1717,"repo":1,"t_rel":0.000004,"nesting":2,"category":"diff","label":"write back to queue"}
{"event":"region_leave","sid":"20261006T121352.324507Z-Ha9d4ceab-P00011311","thread":"main","time":"2026-10-06T12:13:52.326634Z","file":"wt-status.c","line":852,"repo":1,"t_rel":0.000275,"nesting":1,"category":"status","label":"index"}
{"event":"region_enter","sid":"20261006T121352.324507Z-Ha9d4ceab-P00011311","thread":"main","time":"2026-10-06T12:13:52.326637Z","file":"wt-status.c","line":855,"repo":1,"nesting":1,"category":"status","label":"untracked"}
{"event":"region_enter","sid":"20261006T121352.324507Z-Ha9d4ceab-P00011311","thread":"main","time":"2026-10-06T12:13:52.326691Z","file":"dir.c","line":3090,"repo":1,"nesting":2,"category":"dir","label":"read_directory"}
{"event":"region_leave","sid":"20261006T121352.324507Z-Ha9d4ceab-P00011311","thread":"main","time":"2026-10-06T12:13:52.326722Z","file":"dir.c","line":3113,"repo":1,"t_rel":0.000032,"nesting":2,"category":"dir","label":"read_directory"}
{"event":"region_leave","sid":"20261006T121352.324507Z-Ha9d4ceab-P00011311","thread":"main","time":"2026-10-06T12:13:52.326727Z","file":"wt-status.c","line":857,"repo":1,"t_rel":0.000089,"nesting":1,"category":"status","label":"untracked"}
{"event":"data","sid":"20261006T121352.324507Z-Ha9d4ceab-P00011311","thread":"main","time":"2026-10-06T12:13:52.326746Z","file":"wt-status.c","line":2569,"repo":1,"t_abs":0.002454,"t_rel":0.002454,"nesting":1,"category":"status","key":"count/changed","value":"0"}
{"event":"data","sid":"20261006T121352.324507Z-Ha9d4ceab-P00011311","thread":"main","time":"2026-10-06T12:13:52.326751Z","file":"wt-status.c","line":2571,"repo":1,"t_abs":0.002459,"t_rel":0.002459,"nesting":1,"category":"status","key":"count/untracked","value":"0"}
{"event":"data","sid":"20261006T121352.324507Z-Ha9d4ceab-P00011311","thread":"main","time":"2026-10-06T12:13:52.326755Z","file":"wt-status.c","line":2572,"repo":1,"t_abs":0.002462,"t_rel":0.002462,"nesting":1,"category":"status","key":"count/ignored","value":"0"}
{"event":"region_enter","sid":"20261006T121352.324507Z-Ha9d4ceab-P00011311","thread":"main","time":"2026-10-06T12:13:52.326758Z","file":"wt-status.c","line":2574,"repo":1,"nesting":1,"category":"status","label":"print"}
{"event":"region_leave","sid":"20261006T121352.324507Z-Ha9d4ceab-P00011311","thread":"main","time":"2026-10-06T12:13:52.326762Z","file":"wt-status.c","line":2595,"repo":1,"t_rel":0.000004,"nesting":1,"category":"status","label":"print"}
{"event":"exit","sid":"20261006T121352.324507Z-Ha9d4ceab-P00011311","thread":"main","time":"2026-10-06T12:13:52.326770Z","file":"git.c","line":747,"t_abs":0.002478,"code":0}
{"event":"data_json","sid":"20261006T121352.324507Z-Ha9d4ceab-P00011311","thread":"main","time":"2026-10-06T12:13:52.326774Z","file":"tree-walk.c","line":186,"repo":1,"t_abs":0.002482,"t_rel":0.002482,"nesting":1,"category":"traverse_trees","key":"statistics","value":{"traverse_trees_count":1,"traverse_trees_max_depth":1}}
{"event":"atexit","sid":"20261006T121352.324507Z-Ha9d4ceab-P00011311","thread":"main","time":"2026-10-06T12:13:52.326779Z","file":"trace2/tr2_tgt_event.c","line":207,"t_abs":0.002486,"code":0}
